// 4.24.0 0x78ba1cb0 D2 R0 FRGB565 U565 N0 SExtFlashSection
// Generated by imageconverter. Please, do not edit!

#include <touchgfx/hal/Config.hpp>

LOCATION_PRAGMA("ExtFlashSection")
KEEP extern const unsigned char image_tetrissen[] LOCATION_ATTRIBUTE("ExtFlashSection") = { // 211x62 RGB565 pixels.
    0x06, 0x21, 0x06, 0x21, 0x05, 0x21, 0x06, 0x21, 0x06, 0x21, 0x05, 0x21,
    0x06, 0x21, 0x06, 0x21, 0x05, 0x21, 0x06, 0x21, 0x06, 0x21, 0x05, 0x21,
    0x06, 0x21, 0x06, 0x21, 0x05, 0x21, 0x06, 0x21, 0x06, 0x21, 0x05, 0x21,
    0x06, 0x21, 0x06, 0x21, 0x05, 0x21, 0x06, 0x21, 0x06, 0x21, 0x05, 0x21,
    0x06, 0x21, 0x06, 0x21, 0x05, 0x21, 0x06, 0x21, 0x06, 0x21, 0x05, 0x21,
    0x06, 0x21, 0x06, 0x21, 0x05, 0x21, 0x06, 0x21, 0x06, 0x21, 0x05, 0x21,
    0x06, 0x21, 0x06, 0x21, 0x05, 0x21, 0x06, 0x21, 0x06, 0x21, 0x05, 0x21,
    0x06, 0x21, 0x06, 0x21, 0x05, 0x21, 0x06, 0x21, 0x06, 0x21, 0x05, 0x21,
    0x06, 0x21, 0x06, 0x21, 0x05, 0x21, 0x06, 0x21, 0x06, 0x21, 0x05, 0x21,
    0x06, 0x21, 0x06, 0x21, 0x05, 0x21, 0x06, 0x21, 0x06, 0x21, 0x05, 0x21,
    0x06, 0x21, 0x06, 0x21, 0x05, 0x21, 0x06, 0x21, 0x06, 0x21, 0x05, 0x21,
    0x06, 0x21, 0x06, 0x21, 0x05, 0x21, 0x06, 0x21, 0x06, 0x21, 0x05, 0x21,
    0x06, 0x21, 0x06, 0x21, 0x05, 0x21, 0x06, 0x21, 0x06, 0x21, 0x05, 0x21,
    0x06, 0x21, 0x06, 0x21, 0x05, 0x21, 0x06, 0x21, 0x06, 0x21, 0x05, 0x21,
    0x06, 0x21, 0x06, 0x21, 0x05, 0x21, 0x06, 0x21, 0x06, 0x21, 0x05, 0x21,
    0x06, 0x21, 0x06, 0x21, 0x05, 0x21, 0x06, 0x21, 0x06, 0x21, 0x05, 0x21,
    0x06, 0x21, 0x06, 0x21, 0x05, 0x21, 0x06, 0x21, 0x06, 0x21, 0x05, 0x21,
    0x06, 0x21, 0x06, 0x21, 0x05, 0x21, 0x06, 0x21, 0x06, 0x21, 0x05, 0x21,
    0x06, 0x21, 0x06, 0x21, 0x05, 0x21, 0x06, 0x21, 0x06, 0x21, 0x05, 0x21,
    0x06, 0x21, 0x06, 0x21, 0x05, 0x21, 0x06, 0x21, 0x06, 0x21, 0x05, 0x21,
    0x06, 0x21, 0x06, 0x21, 0x05, 0x21, 0x06, 0x21, 0x06, 0x21, 0x05, 0x21,
    0x06, 0x21, 0x06, 0x21, 0x05, 0x21, 0x06, 0x21, 0x06, 0x21, 0x05, 0x21,
    0x06, 0x21, 0x06, 0x21, 0x05, 0x21, 0x06, 0x21, 0x06, 0x21, 0x05, 0x21,
    0x06, 0x21, 0x06, 0x21, 0x05, 0x21, 0x06, 0x21, 0x06, 0x21, 0x05, 0x21,
    0x06, 0x21, 0x06, 0x21, 0x05, 0x21, 0x06, 0x21, 0x06, 0x21, 0x05, 0x21,
    0x06, 0x21, 0x06, 0x21, 0x05, 0x21, 0x06, 0x21, 0x06, 0x21, 0x05, 0x21,
    0x06, 0x21, 0x06, 0x21, 0x05, 0x21, 0x06, 0x21, 0x06, 0x21, 0x05, 0x21,
    0x06, 0x21, 0x06, 0x21, 0x05, 0x21, 0x06, 0x21, 0x06, 0x21, 0x05, 0x21,
    0x06, 0x21, 0x06, 0x21, 0x05, 0x21, 0x06, 0x21, 0x06, 0x21, 0x05, 0x21,
    0x06, 0x21, 0x06, 0x21, 0x05, 0x21, 0x06, 0x21, 0x06, 0x21, 0x05, 0x21,
    0x06, 0x21, 0x06, 0x21, 0x05, 0x21, 0x06, 0x21, 0x06, 0x21, 0x05, 0x21,
    0x06, 0x21, 0x06, 0x21, 0x05, 0x21, 0x06, 0x21, 0x06, 0x21, 0x05, 0x21,
    0x06, 0x21, 0x06, 0x21, 0x05, 0x21, 0x06, 0x21, 0x06, 0x21, 0x05, 0x21,
    0x06, 0x21, 0x06, 0x21, 0x05, 0x21, 0x06, 0x21, 0x06, 0x21, 0x05, 0x21,
    0x06, 0x21, 0x06, 0x21, 0x05, 0x21, 0x06, 0x21, 0x06, 0x21, 0x05, 0x21,
    0x06, 0x21, 0x05, 0x21, 0x06, 0x21, 0x06, 0x19, 0x05, 0x21, 0x06, 0x21,
    0x06, 0x19, 0x05, 0x21, 0x06, 0x21, 0x06, 0x19, 0x05, 0x21, 0x06, 0x21,
    0x06, 0x19, 0x05, 0x21, 0x06, 0x21, 0x06, 0x19, 0x05, 0x21, 0x06, 0x21,
    0x06, 0x19, 0x05, 0x21, 0x06, 0x21, 0x06, 0x19, 0x05, 0x21, 0x06, 0x21,
    0x06, 0x19, 0x05, 0x21, 0x06, 0x21, 0x06, 0x19, 0x05, 0x21, 0x06, 0x21,
    0x06, 0x19, 0x05, 0x21, 0x06, 0x21, 0x06, 0x19, 0x05, 0x21, 0x06, 0x21,
    0x06, 0x19, 0x05, 0x21, 0x06, 0x21, 0x06, 0x19, 0x05, 0x21, 0x06, 0x21,
    0x06, 0x19, 0x05, 0x21, 0x06, 0x21, 0x06, 0x19, 0x05, 0x21, 0x06, 0x21,
    0x06, 0x19, 0x05, 0x21, 0x06, 0x21, 0x06, 0x19, 0x05, 0x21, 0x06, 0x21,
    0x06, 0x19, 0x05, 0x21, 0x06, 0x21, 0x06, 0x19, 0x05, 0x21, 0x06, 0x21,
    0x06, 0x19, 0x05, 0x21, 0x06, 0x21, 0x06, 0x19, 0x05, 0x21, 0x06, 0x21,
    0x06, 0x19, 0x05, 0x21, 0x06, 0x21, 0x06, 0x19, 0x05, 0x21, 0x06, 0x21,
    0x06, 0x19, 0x05, 0x21, 0x06, 0x21, 0x06, 0x19, 0x05, 0x21, 0x06, 0x21,
    0x06, 0x19, 0x05, 0x21, 0x06, 0x21, 0x06, 0x19, 0x05, 0x21, 0x06, 0x21,
    0x06, 0x19, 0x05, 0x21, 0x06, 0x21, 0x06, 0x19, 0x05, 0x21, 0x06, 0x21,
    0x06, 0x19, 0x05, 0x21, 0x06, 0x21, 0x06, 0x19, 0x05, 0x21, 0x06, 0x21,
    0x06, 0x19, 0x05, 0x21, 0x06, 0x21, 0x06, 0x19, 0x05, 0x21, 0x06, 0x21,
    0x06, 0x19, 0x05, 0x21, 0x06, 0x21, 0x06, 0x19, 0x05, 0x21, 0x06, 0x21,
    0x06, 0x19, 0x05, 0x21, 0x06, 0x21, 0x06, 0x19, 0x05, 0x21, 0x06, 0x21,
    0x06, 0x19, 0x05, 0x21, 0x06, 0x21, 0x06, 0x19, 0x05, 0x21, 0x06, 0x21,
    0x06, 0x19, 0x05, 0x21, 0x06, 0x21, 0x06, 0x19, 0x05, 0x21, 0x06, 0x21,
    0x06, 0x19, 0x05, 0x21, 0x06, 0x21, 0x06, 0x19, 0x05, 0x21, 0x06, 0x21,
    0x06, 0x19, 0x05, 0x21, 0x06, 0x21, 0x06, 0x19, 0x05, 0x21, 0x06, 0x21,
    0x06, 0x19, 0x05, 0x21, 0x06, 0x21, 0x06, 0x19, 0x05, 0x21, 0x06, 0x21,
    0x06, 0x19, 0x05, 0x21, 0x06, 0x21, 0x06, 0x19, 0x05, 0x21, 0x06, 0x21,
    0x06, 0x19, 0x05, 0x21, 0x06, 0x21, 0x06, 0x19, 0x05, 0x21, 0x06, 0x21,
    0x06, 0x19, 0x05, 0x21, 0x06, 0x21, 0x06, 0x19, 0x05, 0x21, 0x06, 0x21,
    0x06, 0x19, 0x05, 0x21, 0x06, 0x21, 0x06, 0x19, 0x05, 0x21, 0x06, 0x21,
    0x06, 0x19, 0x05, 0x21, 0x06, 0x21, 0x06, 0x19, 0x05, 0x21, 0x06, 0x21,
    0x06, 0x19, 0x05, 0x21, 0x06, 0x21, 0x06, 0x19, 0x05, 0x21, 0x06, 0x21,
    0x06, 0x19, 0x05, 0x21, 0x06, 0x21, 0x06, 0x19, 0x05, 0x21, 0x06, 0x21,
    0x06, 0x19, 0x05, 0x21, 0x06, 0x21, 0x06, 0x19, 0x05, 0x21, 0x06, 0x21,
    0x06, 0x19, 0x05, 0x21, 0x06, 0x21, 0x06, 0x19, 0x05, 0x21, 0x06, 0x21,
    0x06, 0x19, 0x05, 0x21, 0x06, 0x21, 0x06, 0x19, 0x05, 0x21, 0x06, 0x21,
    0x06, 0x19, 0x05, 0x21, 0x06, 0x21, 0x06, 0x19, 0x05, 0x21, 0x06, 0x21,
    0x06, 0x19, 0x05, 0x21, 0x06, 0x21, 0x05, 0x19, 0x06, 0x21, 0x05, 0x21,
    0x06, 0x19, 0x06, 0x21, 0x05, 0x21, 0x06, 0x19, 0x06, 0x21, 0x05, 0x21,
    0x06, 0x19, 0x06, 0x21, 0x05, 0x21, 0x06, 0x19, 0x06, 0x21, 0x05, 0x21,
    0x06, 0x19, 0x06, 0x21, 0x05, 0x21, 0x06, 0x19, 0x06, 0x21, 0x05, 0x21,
    0x06, 0x19, 0x06, 0x21, 0x05, 0x21, 0x06, 0x19, 0x06, 0x21, 0x05, 0x21,
    0x06, 0x19, 0x06, 0x21, 0x05, 0x21, 0x06, 0x19, 0x06, 0x21, 0x05, 0x21,
    0x06, 0x19, 0x06, 0x21, 0x05, 0x21, 0x06, 0x19, 0x06, 0x21, 0x05, 0x21,
    0x06, 0x19, 0x06, 0x21, 0x05, 0x21, 0x06, 0x19, 0x06, 0x21, 0x05, 0x21,
    0x06, 0x19, 0x06, 0x21, 0x05, 0x21, 0x06, 0x19, 0x06, 0x21, 0x05, 0x21,
    0x06, 0x19, 0x06, 0x21, 0x05, 0x21, 0x06, 0x19, 0x06, 0x21, 0x05, 0x21,
    0x06, 0x19, 0x06, 0x21, 0x05, 0x21, 0x06, 0x19, 0x06, 0x21, 0x05, 0x21,
    0x06, 0x19, 0x06, 0x21, 0x05, 0x21, 0x06, 0x19, 0x06, 0x21, 0x05, 0x21,
    0x06, 0x19, 0x06, 0x21, 0x05, 0x21, 0x06, 0x19, 0x06, 0x21, 0x05, 0x21,
    0x06, 0x19, 0x06, 0x21, 0x05, 0x21, 0x06, 0x19, 0x06, 0x21, 0x05, 0x21,
    0x06, 0x19, 0x06, 0x21, 0x05, 0x21, 0x06, 0x19, 0x06, 0x21, 0x05, 0x21,
    0x06, 0x19, 0x06, 0x21, 0x05, 0x21, 0x06, 0x19, 0x06, 0x21, 0x05, 0x21,
    0x06, 0x19, 0x06, 0x21, 0x05, 0x21, 0x06, 0x19, 0x06, 0x21, 0x05, 0x21,
    0x06, 0x19, 0x06, 0x21, 0x05, 0x21, 0x06, 0x19, 0x06, 0x21, 0x05, 0x21,
    0x06, 0x19, 0x06, 0x21, 0x05, 0x21, 0x06, 0x19, 0x06, 0x21, 0x05, 0x21,
    0x06, 0x19, 0x06, 0x21, 0x05, 0x21, 0x06, 0x19, 0x06, 0x21, 0x05, 0x21,
    0x06, 0x19, 0x06, 0x21, 0x05, 0x21, 0x06, 0x19, 0x06, 0x21, 0x05, 0x21,
    0x06, 0x19, 0x06, 0x21, 0x05, 0x21, 0x06, 0x19, 0x06, 0x21, 0x05, 0x21,
    0x06, 0x19, 0x06, 0x21, 0x05, 0x21, 0x06, 0x19, 0x06, 0x21, 0x05, 0x21,
    0x06, 0x19, 0x06, 0x21, 0x05, 0x21, 0x06, 0x19, 0x06, 0x21, 0x05, 0x21,
    0x06, 0x19, 0x06, 0x21, 0x05, 0x21, 0x06, 0x19, 0x06, 0x21, 0x05, 0x21,
    0x06, 0x19, 0x06, 0x21, 0x05, 0x21, 0x06, 0x19, 0x06, 0x21, 0x05, 0x21,
    0x06, 0x19, 0x06, 0x21, 0x05, 0x21, 0x06, 0x19, 0x06, 0x21, 0x05, 0x21,
    0x06, 0x19, 0x06, 0x21, 0x05, 0x21, 0x06, 0x19, 0x06, 0x21, 0x05, 0x21,
    0x06, 0x19, 0x06, 0x21, 0x05, 0x21, 0x06, 0x19, 0x06, 0x21, 0x05, 0x21,
    0x06, 0x19, 0x06, 0x21, 0x05, 0x21, 0x06, 0x19, 0x06, 0x21, 0x05, 0x21,
    0x06, 0x19, 0x06, 0x21, 0x05, 0x21, 0x06, 0x19, 0x06, 0x21, 0x05, 0x21,
    0x06, 0x19, 0x06, 0x21, 0x05, 0x21, 0x06, 0x19, 0x06, 0x21, 0x05, 0x21,
    0x06, 0x19, 0x06, 0x21, 0x05, 0x21, 0x06, 0x19, 0x06, 0x21, 0x05, 0x21,
    0x06, 0x19, 0x06, 0x21, 0x05, 0x21, 0x06, 0x19, 0x06, 0x21, 0x05, 0x21,
    0x06, 0x19, 0x06, 0x21, 0x05, 0x21, 0x06, 0x19, 0x06, 0x21, 0x05, 0x21,
    0x06, 0x19, 0x06, 0x21, 0x05, 0x21, 0x06, 0x21, 0x06, 0x21, 0x05, 0x21,
    0x06, 0x21, 0x05, 0x21, 0x06, 0x21, 0x05, 0x21, 0x06, 0x21, 0x05, 0x21,
    0x06, 0x21, 0x05, 0x21, 0x06, 0x21, 0x05, 0x21, 0x06, 0x21, 0x05, 0x21,
    0x06, 0x21, 0x05, 0x21, 0x06, 0x21, 0x05, 0x21, 0x06, 0x21, 0x05, 0x21,
    0x06, 0x21, 0x05, 0x21, 0x06, 0x21, 0x05, 0x21, 0x06, 0x21, 0x05, 0x21,
    0x06, 0x21, 0x05, 0x21, 0x06, 0x21, 0x05, 0x21, 0x06, 0x21, 0x05, 0x21,
    0x06, 0x21, 0x05, 0x21, 0x06, 0x21, 0x05, 0x21, 0x06, 0x21, 0x05, 0x21,
    0x06, 0x21, 0x05, 0x21, 0x06, 0x21, 0x05, 0x21, 0x06, 0x21, 0x05, 0x21,
    0x06, 0x21, 0x05, 0x21, 0x06, 0x21, 0x05, 0x21, 0x06, 0x21, 0x05, 0x21,
    0x06, 0x21, 0x05, 0x21, 0x06, 0x21, 0x05, 0x21, 0x06, 0x21, 0x05, 0x21,
    0x06, 0x21, 0x05, 0x21, 0x06, 0x21, 0x05, 0x21, 0x06, 0x21, 0x05, 0x21,
    0x06, 0x21, 0x05, 0x21, 0x06, 0x21, 0x05, 0x21, 0x06, 0x21, 0x05, 0x21,
    0x06, 0x21, 0x05, 0x21, 0x06, 0x21, 0x05, 0x21, 0x06, 0x21, 0x05, 0x21,
    0x06, 0x21, 0x05, 0x21, 0x06, 0x21, 0x05, 0x21, 0x06, 0x21, 0x05, 0x21,
    0x06, 0x21, 0x05, 0x21, 0x06, 0x21, 0x05, 0x21, 0x06, 0x21, 0x05, 0x21,
    0x06, 0x21, 0x05, 0x21, 0x06, 0x21, 0x05, 0x21, 0x06, 0x21, 0x05, 0x21,
    0x06, 0x21, 0x05, 0x21, 0x06, 0x21, 0x05, 0x21, 0x06, 0x21, 0x05, 0x21,
    0x06, 0x21, 0x05, 0x21, 0x06, 0x21, 0x05, 0x21, 0x06, 0x21, 0x05, 0x21,
    0x06, 0x21, 0x05, 0x21, 0x06, 0x21, 0x05, 0x21, 0x06, 0x21, 0x05, 0x21,
    0x06, 0x21, 0x05, 0x21, 0x06, 0x21, 0x05, 0x21, 0x06, 0x21, 0x05, 0x21,
    0x06, 0x21, 0x05, 0x21, 0x06, 0x21, 0x05, 0x21, 0x06, 0x21, 0x05, 0x21,
    0x06, 0x21, 0x05, 0x21, 0x06, 0x21, 0x05, 0x21, 0x06, 0x21, 0x05, 0x21,
    0x06, 0x21, 0x05, 0x21, 0x06, 0x21, 0x05, 0x21, 0x06, 0x21, 0x05, 0x21,
    0x06, 0x21, 0x05, 0x21, 0x06, 0x21, 0x05, 0x21, 0x06, 0x21, 0x05, 0x21,
    0x06, 0x21, 0x05, 0x21, 0x06, 0x21, 0x05, 0x21, 0x06, 0x21, 0x05, 0x21,
    0x06, 0x21, 0x05, 0x21, 0x06, 0x21, 0x05, 0x21, 0x06, 0x21, 0x05, 0x21,
    0x06, 0x21, 0x05, 0x21, 0x06, 0x21, 0x05, 0x21, 0x06, 0x21, 0x05, 0x21,
    0x06, 0x21, 0x05, 0x21, 0x06, 0x21, 0x05, 0x21, 0x06, 0x21, 0x05, 0x21,
    0x06, 0x21, 0x05, 0x21, 0x06, 0x21, 0x05, 0x21, 0x06, 0x21, 0x05, 0x21,
    0x06, 0x21, 0x05, 0x21, 0x06, 0x21, 0x05, 0x21, 0x06, 0x21, 0x05, 0x21,
    0x06, 0x21, 0x05, 0x21, 0x06, 0x21, 0x05, 0x21, 0x06, 0x21, 0x05, 0x21,
    0x06, 0x21, 0x05, 0x21, 0x06, 0x21, 0x05, 0x21, 0x06, 0x21, 0x05, 0x21,
    0x06, 0x21, 0x05, 0x21, 0x06, 0x21, 0x05, 0x21, 0x06, 0x21, 0x05, 0x21,
    0x06, 0x21, 0x05, 0x21, 0x06, 0x21, 0x05, 0x21, 0x06, 0x21, 0x05, 0x21,
    0x06, 0x21, 0x05, 0x21, 0x06, 0x21, 0x05, 0x21, 0x06, 0x21, 0x05, 0x21,
    0x06, 0x21, 0x05, 0x21, 0x06, 0x21, 0x06, 0x21, 0x05, 0x21, 0x06, 0x19,
    0x06, 0x21, 0x05, 0x19, 0x06, 0x21, 0x06, 0x19, 0x06, 0x19, 0x05, 0x21,
    0x06, 0x19, 0x06, 0x21, 0x05, 0x19, 0x06, 0x19, 0x06, 0x21, 0x05, 0x19,
    0x06, 0x21, 0x06, 0x19, 0x05, 0x21, 0x06, 0x19, 0x06, 0x19, 0x05, 0x21,
    0x06, 0x19, 0x06, 0x21, 0x05, 0x19, 0x06, 0x19, 0x06, 0x21, 0x05, 0x19,
    0x06, 0x21, 0x06, 0x19, 0x05, 0x21, 0x06, 0x19, 0x06, 0x19, 0x05, 0x21,
    0x06, 0x19, 0x06, 0x21, 0x05, 0x19, 0x06, 0x19, 0x06, 0x21, 0x05, 0x19,
    0x06, 0x21, 0x06, 0x19, 0x05, 0x21, 0x06, 0x19, 0x06, 0x19, 0x05, 0x21,
    0x06, 0x19, 0x06, 0x21, 0x05, 0x19, 0x06, 0x19, 0x06, 0x21, 0x05, 0x19,
    0x06, 0x21, 0x06, 0x19, 0x05, 0x21, 0x06, 0x19, 0x06, 0x19, 0x05, 0x21,
    0x06, 0x19, 0x06, 0x21, 0x05, 0x19, 0x06, 0x19, 0x06, 0x21, 0x05, 0x19,
    0x06, 0x21, 0x06, 0x19, 0x05, 0x21, 0x06, 0x19, 0x06, 0x19, 0x05, 0x21,
    0x06, 0x19, 0x06, 0x21, 0x05, 0x19, 0x06, 0x19, 0x06, 0x21, 0x05, 0x19,
    0x06, 0x21, 0x06, 0x19, 0x05, 0x21, 0x06, 0x19, 0x06, 0x19, 0x05, 0x21,
    0x06, 0x19, 0x06, 0x21, 0x05, 0x19, 0x06, 0x19, 0x06, 0x21, 0x05, 0x19,
    0x06, 0x21, 0x06, 0x19, 0x05, 0x21, 0x06, 0x19, 0x06, 0x19, 0x05, 0x21,
    0x06, 0x19, 0x06, 0x21, 0x05, 0x19, 0x06, 0x19, 0x06, 0x21, 0x05, 0x19,
    0x06, 0x21, 0x06, 0x19, 0x05, 0x21, 0x06, 0x19, 0x06, 0x19, 0x05, 0x21,
    0x06, 0x19, 0x06, 0x21, 0x05, 0x19, 0x06, 0x19, 0x06, 0x21, 0x05, 0x19,
    0x06, 0x21, 0x06, 0x19, 0x05, 0x21, 0x06, 0x19, 0x06, 0x19, 0x05, 0x21,
    0x06, 0x19, 0x06, 0x21, 0x05, 0x19, 0x06, 0x19, 0x06, 0x21, 0x05, 0x19,
    0x06, 0x21, 0x06, 0x19, 0x05, 0x21, 0x06, 0x19, 0x06, 0x19, 0x05, 0x21,
    0x06, 0x19, 0x06, 0x21, 0x05, 0x19, 0x06, 0x19, 0x06, 0x21, 0x05, 0x19,
    0x06, 0x21, 0x06, 0x19, 0x05, 0x21, 0x06, 0x19, 0x06, 0x19, 0x05, 0x21,
    0x06, 0x19, 0x06, 0x21, 0x05, 0x19, 0x06, 0x19, 0x06, 0x21, 0x05, 0x19,
    0x06, 0x21, 0x06, 0x19, 0x05, 0x21, 0x06, 0x19, 0x06, 0x19, 0x05, 0x21,
    0x06, 0x19, 0x06, 0x21, 0x05, 0x19, 0x06, 0x19, 0x06, 0x21, 0x05, 0x19,
    0x06, 0x21, 0x06, 0x19, 0x05, 0x21, 0x06, 0x19, 0x06, 0x19, 0x05, 0x21,
    0x06, 0x19, 0x06, 0x21, 0x05, 0x19, 0x06, 0x19, 0x06, 0x21, 0x05, 0x19,
    0x06, 0x21, 0x06, 0x19, 0x05, 0x21, 0x06, 0x19, 0x06, 0x19, 0x05, 0x21,
    0x06, 0x19, 0x06, 0x21, 0x05, 0x19, 0x06, 0x19, 0x06, 0x21, 0x05, 0x19,
    0x06, 0x21, 0x06, 0x19, 0x05, 0x21, 0x06, 0x19, 0x06, 0x19, 0x05, 0x21,
    0x06, 0x19, 0x06, 0x21, 0x05, 0x19, 0x06, 0x19, 0x06, 0x21, 0x05, 0x19,
    0x06, 0x21, 0x06, 0x19, 0x05, 0x21, 0x06, 0x19, 0x06, 0x19, 0x05, 0x21,
    0x06, 0x19, 0x06, 0x21, 0x05, 0x19, 0x06, 0x19, 0x06, 0x21, 0x05, 0x19,
    0x06, 0x21, 0x06, 0x19, 0x05, 0x21, 0x06, 0x19, 0x06, 0x21, 0x06, 0x21,
    0x05, 0x21, 0x06, 0x21, 0x06, 0x21, 0x05, 0x21, 0x06, 0x21, 0x05, 0x21,
    0x06, 0x21, 0x06, 0x21, 0x05, 0x21, 0x06, 0x21, 0x06, 0x21, 0x05, 0x21,
    0x06, 0x21, 0x06, 0x19, 0x05, 0x21, 0x06, 0x21, 0x06, 0x21, 0x05, 0x21,
    0x06, 0x21, 0x06, 0x21, 0x05, 0x21, 0x06, 0x21, 0x06, 0x21, 0x05, 0x21,
    0x06, 0x21, 0x06, 0x19, 0x05, 0x21, 0x06, 0x21, 0x06, 0x21, 0x05, 0x21,
    0x06, 0x21, 0x06, 0x21, 0x05, 0x21, 0x06, 0x21, 0x06, 0x21, 0x05, 0x21,
    0x06, 0x21, 0x06, 0x19, 0x05, 0x21, 0x06, 0x21, 0x06, 0x21, 0x05, 0x21,
    0x06, 0x21, 0x06, 0x21, 0x05, 0x21, 0x06, 0x21, 0x06, 0x21, 0x05, 0x21,
    0x06, 0x21, 0x06, 0x19, 0x05, 0x21, 0x06, 0x21, 0x06, 0x21, 0x05, 0x21,
    0x06, 0x21, 0x06, 0x21, 0x05, 0x21, 0x06, 0x21, 0x06, 0x21, 0x05, 0x21,
    0x06, 0x21, 0x06, 0x19, 0x05, 0x21, 0x06, 0x21, 0x06, 0x21, 0x05, 0x21,
    0x06, 0x21, 0x06, 0x21, 0x05, 0x21, 0x06, 0x21, 0x06, 0x21, 0x05, 0x21,
    0x06, 0x21, 0x06, 0x19, 0x05, 0x21, 0x06, 0x21, 0x06, 0x21, 0x05, 0x21,
    0x06, 0x21, 0x06, 0x21, 0x05, 0x21, 0x06, 0x21, 0x06, 0x21, 0x05, 0x21,
    0x06, 0x21, 0x06, 0x19, 0x05, 0x21, 0x06, 0x21, 0x06, 0x21, 0x05, 0x21,
    0x06, 0x21, 0x06, 0x21, 0x05, 0x21, 0x06, 0x21, 0x06, 0x21, 0x05, 0x21,
    0x06, 0x21, 0x06, 0x19, 0x05, 0x21, 0x06, 0x21, 0x06, 0x21, 0x05, 0x21,
    0x06, 0x21, 0x06, 0x21, 0x05, 0x21, 0x06, 0x21, 0x06, 0x21, 0x05, 0x21,
    0x06, 0x21, 0x06, 0x19, 0x05, 0x21, 0x06, 0x21, 0x06, 0x21, 0x05, 0x21,
    0x06, 0x21, 0x06, 0x21, 0x05, 0x21, 0x06, 0x21, 0x06, 0x21, 0x05, 0x21,
    0x06, 0x21, 0x06, 0x19, 0x05, 0x21, 0x06, 0x21, 0x06, 0x21, 0x05, 0x21,
    0x06, 0x21, 0x06, 0x21, 0x05, 0x21, 0x06, 0x21, 0x06, 0x21, 0x05, 0x21,
    0x06, 0x21, 0x06, 0x19, 0x05, 0x21, 0x06, 0x21, 0x06, 0x21, 0x05, 0x21,
    0x06, 0x21, 0x06, 0x21, 0x05, 0x21, 0x06, 0x21, 0x06, 0x21, 0x05, 0x21,
    0x06, 0x21, 0x06, 0x19, 0x05, 0x21, 0x06, 0x21, 0x06, 0x21, 0x05, 0x21,
    0x06, 0x21, 0x06, 0x21, 0x05, 0x21, 0x06, 0x21, 0x06, 0x21, 0x05, 0x21,
    0x06, 0x21, 0x06, 0x19, 0x05, 0x21, 0x06, 0x21, 0x06, 0x21, 0x05, 0x21,
    0x06, 0x21, 0x06, 0x21, 0x05, 0x21, 0x06, 0x21, 0x06, 0x21, 0x05, 0x21,
    0x06, 0x21, 0x06, 0x19, 0x05, 0x21, 0x06, 0x21, 0x06, 0x21, 0x05, 0x21,
    0x06, 0x21, 0x06, 0x21, 0x05, 0x21, 0x06, 0x21, 0x06, 0x21, 0x05, 0x21,
    0x06, 0x21, 0x06, 0x19, 0x05, 0x21, 0x06, 0x21, 0x06, 0x21, 0x05, 0x21,
    0x06, 0x21, 0x06, 0x21, 0x05, 0x21, 0x06, 0x21, 0x06, 0x21, 0x05, 0x21,
    0x06, 0x21, 0x06, 0x19, 0x05, 0x21, 0x06, 0x21, 0x06, 0x21, 0x05, 0x21,
    0x06, 0x21, 0x06, 0x21, 0x05, 0x21, 0x06, 0x21, 0x06, 0x21, 0x05, 0x21,
    0x06, 0x21, 0x06, 0x19, 0x05, 0x21, 0x06, 0x21, 0x05, 0x21, 0x05, 0x19,
    0x06, 0x21, 0x05, 0x19, 0x06, 0x21, 0x06, 0x21, 0x05, 0x19, 0x06, 0x21,
    0x06, 0x21, 0x05, 0x19, 0x06, 0x21, 0x05, 0x21, 0x06, 0x19, 0x05, 0x21,
    0x06, 0x21, 0x06, 0x21, 0x05, 0x21, 0x06, 0x21, 0x06, 0x21, 0x05, 0x19,
    0x06, 0x21, 0x06, 0x21, 0x05, 0x19, 0x06, 0x21, 0x06, 0x21, 0x05, 0x19,
    0x06, 0x21, 0x06, 0x21, 0x05, 0x21, 0x06, 0x21, 0x06, 0x21, 0x05, 0x21,
    0x06, 0x19, 0x06, 0x21, 0x05, 0x21, 0x06, 0x19, 0x06, 0x21, 0x05, 0x21,
    0x06, 0x21, 0x06, 0x21, 0x05, 0x21, 0x06, 0x21, 0x06, 0x21, 0x05, 0x19,
    0x06, 0x21, 0x06, 0x21, 0x05, 0x19, 0x06, 0x21, 0x06, 0x21, 0x05, 0x19,
    0x06, 0x21, 0x06, 0x21, 0x05, 0x21, 0x06, 0x21, 0x06, 0x21, 0x05, 0x21,
    0x06, 0x19, 0x06, 0x21, 0x05, 0x21, 0x06, 0x19, 0x06, 0x21, 0x05, 0x21,
    0x06, 0x21, 0x06, 0x21, 0x05, 0x21, 0x06, 0x21, 0x06, 0x21, 0x05, 0x19,
    0x06, 0x21, 0x06, 0x21, 0x05, 0x19, 0x06, 0x21, 0x06, 0x21, 0x05, 0x19,
    0x06, 0x21, 0x06, 0x21, 0x05, 0x21, 0x06, 0x21, 0x06, 0x21, 0x05, 0x21,
    0x06, 0x19, 0x06, 0x21, 0x05, 0x21, 0x06, 0x19, 0x06, 0x21, 0x05, 0x21,
    0x06, 0x21, 0x06, 0x21, 0x05, 0x21, 0x06, 0x21, 0x06, 0x21, 0x05, 0x19,
    0x06, 0x21, 0x06, 0x21, 0x05, 0x19, 0x06, 0x21, 0x06, 0x21, 0x05, 0x19,
    0x06, 0x21, 0x06, 0x21, 0x05, 0x21, 0x06, 0x21, 0x06, 0x21, 0x05, 0x21,
    0x06, 0x19, 0x06, 0x21, 0x05, 0x21, 0x06, 0x19, 0x06, 0x21, 0x05, 0x21,
    0x06, 0x21, 0x06, 0x21, 0x05, 0x21, 0x06, 0x21, 0x06, 0x21, 0x05, 0x19,
    0x06, 0x21, 0x06, 0x21, 0x05, 0x19, 0x06, 0x21, 0x06, 0x21, 0x05, 0x19,
    0x06, 0x21, 0x06, 0x21, 0x05, 0x21, 0x06, 0x21, 0x06, 0x21, 0x05, 0x21,
    0x06, 0x19, 0x06, 0x21, 0x05, 0x21, 0x06, 0x19, 0x06, 0x21, 0x05, 0x21,
    0x06, 0x21, 0x06, 0x21, 0x05, 0x21, 0x06, 0x21, 0x06, 0x21, 0x05, 0x19,
    0x06, 0x21, 0x06, 0x21, 0x05, 0x19, 0x06, 0x21, 0x06, 0x21, 0x05, 0x19,
    0x06, 0x21, 0x06, 0x21, 0x05, 0x21, 0x06, 0x21, 0x06, 0x21, 0x05, 0x21,
    0x06, 0x19, 0x06, 0x21, 0x05, 0x21, 0x06, 0x19, 0x06, 0x21, 0x05, 0x21,
    0x06, 0x21, 0x06, 0x21, 0x05, 0x21, 0x06, 0x21, 0x06, 0x21, 0x05, 0x19,
    0x06, 0x21, 0x06, 0x21, 0x05, 0x19, 0x06, 0x21, 0x06, 0x21, 0x05, 0x19,
    0x06, 0x21, 0x06, 0x21, 0x05, 0x21, 0x06, 0x21, 0x06, 0x21, 0x05, 0x21,
    0x06, 0x19, 0x06, 0x21, 0x05, 0x21, 0x06, 0x19, 0x06, 0x21, 0x05, 0x21,
    0x06, 0x21, 0x06, 0x21, 0x05, 0x21, 0x06, 0x21, 0x06, 0x21, 0x05, 0x19,
    0x06, 0x21, 0x06, 0x21, 0x05, 0x19, 0x06, 0x21, 0x06, 0x21, 0x05, 0x19,
    0x06, 0x21, 0x06, 0x21, 0x05, 0x21, 0x06, 0x21, 0x06, 0x21, 0x05, 0x21,
    0x06, 0x19, 0x06, 0x21, 0x05, 0x21, 0x06, 0x19, 0x06, 0x21, 0x05, 0x21,
    0x06, 0x21, 0x06, 0x21, 0x05, 0x21, 0x06, 0x21, 0x06, 0x21, 0x06, 0x21,
    0x06, 0x21, 0x06, 0x21, 0x05, 0x21, 0x06, 0x19, 0x05, 0x21, 0x06, 0x21,
    0x06, 0x19, 0x05, 0x21, 0x06, 0x21, 0x06, 0x19, 0x06, 0x21, 0x05, 0x21,
    0x06, 0x19, 0x06, 0x21, 0x05, 0x19, 0x05, 0x21, 0x06, 0x21, 0x05, 0x19,
    0x06, 0x21, 0x05, 0x21, 0x06, 0x19, 0x05, 0x21, 0x06, 0x21, 0x05, 0x19,
    0x05, 0x21, 0x06, 0x21, 0x05, 0x19, 0x06, 0x21, 0x05, 0x19, 0x06, 0x21,
    0x05, 0x21, 0x06, 0x19, 0x05, 0x21, 0x05, 0x21, 0x06, 0x19, 0x05, 0x21,
    0x06, 0x19, 0x05, 0x19, 0x06, 0x21, 0x05, 0x21, 0x06, 0x19, 0x05, 0x21,
    0x05, 0x21, 0x06, 0x19, 0x05, 0x21, 0x06, 0x21, 0x05, 0x19, 0x06, 0x21,
    0x05, 0x21, 0x06, 0x19, 0x05, 0x21, 0x05, 0x21, 0x06, 0x19, 0x05, 0x21,
    0x06, 0x19, 0x05, 0x21, 0x06, 0x21, 0x05, 0x19, 0x06, 0x21, 0x05, 0x21,
    0x05, 0x19, 0x06, 0x19, 0x05, 0x21, 0x06, 0x21, 0x05, 0x19, 0x06, 0x21,
    0x05, 0x21, 0x06, 0x19, 0x05, 0x21, 0x05, 0x21, 0x06, 0x19, 0x05, 0x21,
    0x06, 0x21, 0x05, 0x19, 0x06, 0x21, 0x05, 0x21, 0x06, 0x19, 0x05, 0x21,
    0x05, 0x19, 0x06, 0x21, 0x05, 0x21, 0x06, 0x19, 0x05, 0x21, 0x06, 0x21,
    0x05, 0x19, 0x06, 0x19, 0x05, 0x21, 0x05, 0x21, 0x06, 0x19, 0x05, 0x21,
    0x06, 0x21, 0x05, 0x19, 0x06, 0x21, 0x05, 0x21, 0x06, 0x19, 0x05, 0x21,
    0x05, 0x21, 0x06, 0x19, 0x05, 0x21, 0x06, 0x21, 0x05, 0x19, 0x06, 0x21,
    0x05, 0x19, 0x06, 0x21, 0x05, 0x21, 0x05, 0x19, 0x06, 0x21, 0x05, 0x21,
    0x06, 0x19, 0x05, 0x19, 0x06, 0x21, 0x05, 0x21, 0x06, 0x19, 0x05, 0x21,
    0x05, 0x21, 0x06, 0x19, 0x05, 0x21, 0x06, 0x21, 0x05, 0x19, 0x06, 0x21,
    0x05, 0x21, 0x06, 0x19, 0x05, 0x21, 0x05, 0x21, 0x06, 0x19, 0x05, 0x21,
    0x06, 0x19, 0x05, 0x21, 0x06, 0x21, 0x05, 0x19, 0x06, 0x21, 0x05, 0x21,
    0x05, 0x19, 0x06, 0x19, 0x05, 0x21, 0x06, 0x21, 0x05, 0x19, 0x06, 0x21,
    0x05, 0x21, 0x06, 0x19, 0x05, 0x21, 0x05, 0x21, 0x06, 0x19, 0x05, 0x21,
    0x06, 0x21, 0x05, 0x19, 0x06, 0x21, 0x05, 0x21, 0x06, 0x19, 0x05, 0x21,
    0x05, 0x19, 0x06, 0x21, 0x05, 0x21, 0x06, 0x19, 0x05, 0x21, 0x06, 0x21,
    0x05, 0x19, 0x06, 0x19, 0x05, 0x21, 0x05, 0x21, 0x06, 0x19, 0x05, 0x21,
    0x06, 0x21, 0x05, 0x19, 0x06, 0x21, 0x05, 0x21, 0x06, 0x19, 0x05, 0x21,
    0x05, 0x21, 0x06, 0x19, 0x05, 0x21, 0x06, 0x21, 0x05, 0x19, 0x06, 0x21,
    0x05, 0x19, 0x06, 0x21, 0x05, 0x21, 0x05, 0x19, 0x06, 0x21, 0x05, 0x21,
    0x06, 0x19, 0x05, 0x19, 0x06, 0x21, 0x05, 0x21, 0x06, 0x19, 0x05, 0x21,
    0x05, 0x21, 0x06, 0x19, 0x05, 0x21, 0x06, 0x21, 0x05, 0x19, 0x06, 0x21,
    0x05, 0x21, 0x06, 0x19, 0x05, 0x21, 0x05, 0x21, 0x06, 0x19, 0x05, 0x21,
    0x06, 0x19, 0x05, 0x21, 0x06, 0x21, 0x05, 0x19, 0x06, 0x21, 0x05, 0x21,
    0x05, 0x19, 0x06, 0x19, 0x05, 0x21, 0x06, 0x21, 0x05, 0x19, 0x05, 0x19,
    0x06, 0x21, 0x06, 0x21, 0x06, 0x21, 0x06, 0x21, 0x05, 0x21, 0x06, 0x21,
    0x05, 0x21, 0x06, 0x21, 0x05, 0x21, 0x05, 0x21, 0x06, 0x21, 0x05, 0x21,
    0x06, 0x21, 0x06, 0x21, 0x05, 0x21, 0x06, 0x19, 0x06, 0x21, 0x06, 0x21,
    0x05, 0x21, 0x06, 0x21, 0x06, 0x21, 0x05, 0x21, 0x06, 0x21, 0x06, 0x21,
    0x06, 0x21, 0x06, 0x21, 0x05, 0x21, 0x06, 0x21, 0x06, 0x21, 0x05, 0x19,
    0x06, 0x21, 0x06, 0x21, 0x05, 0x21, 0x06, 0x21, 0x06, 0x21, 0x06, 0x21,
    0x06, 0x21, 0x05, 0x21, 0x06, 0x21, 0x06, 0x21, 0x05, 0x19, 0x06, 0x21,
    0x06, 0x21, 0x06, 0x21, 0x06, 0x21, 0x05, 0x21, 0x06, 0x21, 0x06, 0x21,
    0x05, 0x21, 0x06, 0x21, 0x06, 0x21, 0x06, 0x19, 0x06, 0x21, 0x05, 0x21,
    0x06, 0x21, 0x06, 0x21, 0x05, 0x21, 0x06, 0x21, 0x06, 0x21, 0x05, 0x21,
    0x06, 0x21, 0x06, 0x21, 0x06, 0x21, 0x06, 0x19, 0x05, 0x21, 0x06, 0x21,
    0x06, 0x21, 0x05, 0x21, 0x06, 0x21, 0x06, 0x21, 0x06, 0x21, 0x06, 0x21,
    0x05, 0x21, 0x06, 0x21, 0x06, 0x21, 0x05, 0x19, 0x06, 0x21, 0x06, 0x21,
    0x06, 0x21, 0x06, 0x21, 0x05, 0x21, 0x06, 0x21, 0x06, 0x21, 0x05, 0x21,
    0x06, 0x21, 0x06, 0x21, 0x05, 0x21, 0x06, 0x19, 0x06, 0x21, 0x06, 0x21,
    0x06, 0x21, 0x05, 0x21, 0x06, 0x21, 0x06, 0x21, 0x05, 0x21, 0x06, 0x21,
    0x06, 0x21, 0x06, 0x21, 0x06, 0x21, 0x05, 0x19, 0x06, 0x21, 0x06, 0x21,
    0x05, 0x21, 0x06, 0x21, 0x06, 0x21, 0x06, 0x21, 0x06, 0x21, 0x05, 0x21,
    0x06, 0x21, 0x06, 0x21, 0x05, 0x21, 0x06, 0x19, 0x06, 0x21, 0x05, 0x21,
    0x06, 0x21, 0x06, 0x21, 0x06, 0x21, 0x06, 0x21, 0x05, 0x21, 0x06, 0x21,
    0x06, 0x21, 0x05, 0x21, 0x06, 0x21, 0x06, 0x19, 0x06, 0x21, 0x06, 0x21,
    0x05, 0x21, 0x06, 0x21, 0x06, 0x21, 0x05, 0x21, 0x06, 0x21, 0x06, 0x21,
    0x06, 0x21, 0x06, 0x21, 0x05, 0x21, 0x06, 0x19, 0x06, 0x21, 0x05, 0x21,
    0x06, 0x21, 0x06, 0x21, 0x05, 0x21, 0x06, 0x21, 0x06, 0x21, 0x06, 0x21,
    0x06, 0x21, 0x05, 0x21, 0x06, 0x21, 0x06, 0x19, 0x05, 0x21, 0x06, 0x21,
    0x06, 0x21, 0x06, 0x21, 0x06, 0x21, 0x05, 0x21, 0x06, 0x21, 0x06, 0x21,
    0x05, 0x21, 0x06, 0x21, 0x06, 0x21, 0x06, 0x19, 0x06, 0x21, 0x05, 0x21,
    0x06, 0x21, 0x06, 0x21, 0x05, 0x21, 0x06, 0x21, 0x06, 0x21, 0x05, 0x21,
    0x06, 0x21, 0x06, 0x21, 0x06, 0x21, 0x06, 0x19, 0x05, 0x21, 0x06, 0x21,
    0x06, 0x21, 0x05, 0x21, 0x06, 0x21, 0x06, 0x21, 0x06, 0x21, 0x06, 0x21,
    0x05, 0x21, 0x06, 0x21, 0x06, 0x21, 0x05, 0x19, 0x06, 0x21, 0x06, 0x21,
    0x06, 0x21, 0x06, 0x21, 0x05, 0x21, 0x06, 0x21, 0x06, 0x21, 0x05, 0x21,
    0x06, 0x21, 0x06, 0x21, 0x05, 0x21, 0x06, 0x19, 0x06, 0x21, 0x06, 0x21,
    0x06, 0x21, 0x05, 0x21, 0x06, 0x21, 0x06, 0x21, 0x05, 0x21, 0x06, 0x21,
    0x06, 0x21, 0x06, 0x21, 0x06, 0x21, 0x05, 0x19, 0x06, 0x21, 0x06, 0x21,
    0x05, 0x21, 0x06, 0x21, 0x05, 0x19, 0x05, 0x21, 0x06, 0x19, 0x06, 0x21,
    0x05, 0x21, 0xe6, 0x18, 0xa5, 0x08, 0xa5, 0x10, 0xa5, 0x08, 0xa5, 0x10,
    0xa5, 0x08, 0xa5, 0x10, 0xa5, 0x10, 0xa5, 0x10, 0xa5, 0x10, 0xa5, 0x08,
    0xa5, 0x10, 0xa5, 0x08, 0xa5, 0x10, 0xa5, 0x08, 0xa5, 0x10, 0xa5, 0x08,
    0xa5, 0x10, 0xa5, 0x08, 0xe5, 0x18, 0x06, 0x21, 0x06, 0x21, 0xe4, 0x10,
    0xc4, 0x10, 0xc4, 0x10, 0xe4, 0x08, 0xc4, 0x10, 0xc4, 0x08, 0xe4, 0x10,
    0xc4, 0x10, 0xc4, 0x08, 0xe4, 0x10, 0xc4, 0x10, 0xc4, 0x10, 0xe4, 0x10,
    0xc4, 0x08, 0xc4, 0x10, 0xe4, 0x08, 0xc4, 0x10, 0xe4, 0x10, 0x06, 0x19,
    0x06, 0x21, 0xe5, 0x18, 0x84, 0x18, 0x84, 0x18, 0xa4, 0x18, 0x84, 0x18,
    0x84, 0x18, 0xa4, 0x18, 0x84, 0x18, 0x84, 0x10, 0xa4, 0x18, 0x84, 0x18,
    0x84, 0x18, 0xa4, 0x18, 0x84, 0x18, 0x84, 0x18, 0xa4, 0x18, 0x84, 0x18,
    0x84, 0x18, 0x84, 0x18, 0xe5, 0x18, 0x06, 0x21, 0x06, 0x19, 0xa4, 0x18,
    0x84, 0x18, 0x84, 0x18, 0xa4, 0x18, 0x84, 0x18, 0x84, 0x18, 0xa4, 0x18,
    0x83, 0x18, 0x84, 0x18, 0xa4, 0x18, 0x84, 0x10, 0x84, 0x18, 0xa4, 0x18,
    0xa4, 0x18, 0x05, 0x19, 0x06, 0x21, 0x06, 0x21, 0x05, 0x21, 0x06, 0x19,
    0x05, 0x21, 0x06, 0x21, 0xe5, 0x18, 0xa5, 0x08, 0xa5, 0x10, 0xa5, 0x08,
    0xa5, 0x10, 0xa5, 0x08, 0xa5, 0x10, 0xa5, 0x10, 0xa5, 0x10, 0xa5, 0x08,
    0xa5, 0x10, 0xe5, 0x18, 0x06, 0x21, 0x05, 0x19, 0x06, 0x19, 0x06, 0x21,
    0x05, 0x19, 0x06, 0x21, 0x06, 0x21, 0x05, 0x21, 0x06, 0x21, 0x06, 0x19,
    0x05, 0x21, 0x06, 0x19, 0xa5, 0x18, 0x84, 0x18, 0x85, 0x18, 0x85, 0x18,
    0x84, 0x18, 0x85, 0x18, 0x85, 0x18, 0x84, 0x18, 0x85, 0x18, 0x85, 0x18,
    0x84, 0x18, 0x85, 0x18, 0x85, 0x18, 0x84, 0x18, 0xa5, 0x18, 0x06, 0x21,
    0x05, 0x19, 0x06, 0x21, 0x06, 0x21, 0x05, 0x21, 0x06, 0x21, 0xe5, 0x18,
    0xa4, 0x10, 0xc4, 0x10, 0xc4, 0x10, 0xc4, 0x10, 0xc4, 0x10, 0xc4, 0x10,
    0xc4, 0x10, 0xc4, 0x10, 0xc4, 0x10, 0xc4, 0x10, 0xc4, 0x10, 0xc4, 0x10,
    0xa4, 0x10, 0xe5, 0x18, 0x06, 0x21, 0x06, 0x21, 0x06, 0x21, 0xc4, 0x10,
    0xa4, 0x10, 0xc4, 0x10, 0xc4, 0x10, 0xc4, 0x10, 0xc4, 0x10, 0xc4, 0x10,
    0xc4, 0x10, 0xc4, 0x10, 0xc4, 0x10, 0xc4, 0x10, 0xc4, 0x10, 0xc4, 0x10,
    0xc4, 0x10, 0xc4, 0x10, 0xc4, 0x10, 0xa4, 0x10, 0xc4, 0x10, 0x05, 0x21,
    0x06, 0x21, 0x05, 0x19, 0xe5, 0x08, 0xe5, 0x10, 0xe5, 0x08, 0xe5, 0x10,
    0x06, 0x21, 0x06, 0x19, 0x05, 0x21, 0x06, 0x21, 0x06, 0x21, 0x05, 0x19,
    0x05, 0x21, 0x06, 0x19, 0x06, 0x21, 0x05, 0x21, 0xe5, 0x10, 0xe5, 0x08,
    0xe5, 0x10, 0x05, 0x19, 0x06, 0x21, 0x06, 0x21, 0x05, 0x21, 0x06, 0x19,
    0x05, 0x21, 0x06, 0x21, 0x06, 0x19, 0x05, 0x19, 0x06, 0x21, 0x06, 0x19,
    0x05, 0x21, 0x06, 0x19, 0x06, 0x21, 0x05, 0x21, 0x06, 0x21, 0x06, 0x21,
    0xa4, 0x10, 0xa4, 0x10, 0x83, 0x10, 0x06, 0x21, 0x06, 0x21, 0x05, 0x21,
    0x06, 0x19, 0xe5, 0x18, 0xa6, 0x39, 0x09, 0xac, 0x09, 0xb4, 0x0a, 0xb4,
    0x09, 0xac, 0x09, 0xac, 0xe9, 0xab, 0x09, 0xac, 0x09, 0xb4, 0xe9, 0xab,
    0x09, 0xb4, 0x09, 0xac, 0xe9, 0xb3, 0x09, 0xac, 0x09, 0xb4, 0xe9, 0xab,
    0x09, 0xb4, 0x09, 0xac, 0x29, 0xb4, 0x27, 0x52, 0xc5, 0x10, 0xe5, 0x18,
    0x2e, 0x82, 0xb3, 0xaa, 0xb2, 0xb2, 0x92, 0xaa, 0xb2, 0xaa, 0x92, 0xb2,
    0xb2, 0xaa, 0x92, 0xaa, 0xb2, 0xb2, 0xb2, 0xaa, 0x92, 0xaa, 0xb2, 0xaa,
    0x92, 0xb2, 0xb2, 0xb2, 0x92, 0xaa, 0xb2, 0xb2, 0xb2, 0xaa, 0x50, 0x92,
    0x05, 0x21, 0xc4, 0x18, 0xe9, 0x29, 0xf6, 0x5c, 0xd6, 0x5c, 0xd6, 0x5c,
    0xd6, 0x5c, 0xd6, 0x54, 0xd6, 0x5c, 0xd6, 0x5c, 0xd6, 0x5c, 0xd6, 0x5c,
    0xd6, 0x54, 0xd6, 0x5c, 0xd6, 0x5c, 0xd6, 0x54, 0xd6, 0x5c, 0xd6, 0x5c,
    0xd6, 0x5c, 0x16, 0x5d, 0x16, 0x5d, 0x6b, 0x32, 0xa4, 0x18, 0xe5, 0x18,
    0xd2, 0x4b, 0x16, 0x5d, 0xd6, 0x5c, 0xd6, 0x5c, 0xd6, 0x5c, 0xd6, 0x5c,
    0xd6, 0x5c, 0xd6, 0x54, 0xd6, 0x5c, 0xd6, 0x5c, 0xd6, 0x5c, 0xd6, 0x5c,
    0xf6, 0x5c, 0x54, 0x54, 0x26, 0x21, 0xe5, 0x18, 0x06, 0x21, 0x06, 0x21,
    0x05, 0x21, 0xc5, 0x10, 0xe5, 0x18, 0xc7, 0x41, 0x09, 0xac, 0x09, 0xb4,
    0x09, 0xb4, 0xe9, 0xab, 0x09, 0xac, 0x09, 0xb4, 0xe9, 0xab, 0x09, 0xb4,
    0xe9, 0xab, 0x2a, 0xac, 0x88, 0x6a, 0xc5, 0x10, 0x05, 0x21, 0x06, 0x21,
    0x05, 0x21, 0x06, 0x21, 0x06, 0x19, 0x05, 0x19, 0x06, 0x21, 0x06, 0x21,
    0x05, 0x21, 0x05, 0x21, 0xe6, 0x18, 0xac, 0x3c, 0x6e, 0x45, 0x6e, 0x45,
    0x6e, 0x45, 0x8e, 0x45, 0x6e, 0x45, 0x6e, 0x45, 0x8e, 0x45, 0x6e, 0x45,
    0x6e, 0x45, 0x8e, 0x45, 0x6e, 0x45, 0x6e, 0x45, 0x6e, 0x45, 0x8c, 0x3c,
    0xe5, 0x18, 0x05, 0x21, 0x05, 0x19, 0x06, 0x21, 0x06, 0x19, 0xc4, 0x18,
    0xeb, 0x41, 0xd6, 0x93, 0x96, 0x8b, 0x96, 0x8b, 0x96, 0x8b, 0x96, 0x8b,
    0x96, 0x8b, 0x96, 0x8b, 0x96, 0x8b, 0x96, 0x8b, 0x96, 0x8b, 0x96, 0x8b,
    0x96, 0x8b, 0xb6, 0x93, 0xeb, 0x41, 0xe4, 0x10, 0xe5, 0x18, 0xe5, 0x18,
    0x12, 0x73, 0xb6, 0x93, 0x96, 0x8b, 0x96, 0x8b, 0x96, 0x8b, 0x96, 0x8b,
    0x96, 0x8b, 0x96, 0x8b, 0x96, 0x8b, 0x96, 0x8b, 0x96, 0x8b, 0x96, 0x8b,
    0x96, 0x8b, 0x96, 0x8b, 0x96, 0x8b, 0x96, 0x8b, 0xb6, 0x93, 0x13, 0x7b,
    0xe5, 0x18, 0xe5, 0x10, 0x47, 0x49, 0x49, 0xb2, 0x49, 0xaa, 0x4a, 0xb2,
    0xc8, 0x79, 0xe5, 0x10, 0x06, 0x21, 0x05, 0x21, 0x06, 0x21, 0x06, 0x21,
    0x05, 0x21, 0x06, 0x21, 0x06, 0x19, 0x05, 0x21, 0xe5, 0x10, 0xc8, 0x79,
    0x4a, 0xaa, 0x49, 0xaa, 0x67, 0x49, 0xe5, 0x10, 0x06, 0x21, 0x06, 0x21,
    0x05, 0x21, 0x06, 0x19, 0x05, 0x21, 0x06, 0x21, 0x05, 0x21, 0x06, 0x21,
    0x06, 0x21, 0x05, 0x19, 0x05, 0x21, 0x06, 0x21, 0x05, 0x19, 0x06, 0x21,
    0x05, 0x21, 0x83, 0x10, 0x83, 0x10, 0x00, 0x00, 0x05, 0x21, 0x06, 0x21,
    0x06, 0x21, 0x05, 0x21, 0xe6, 0x18, 0xa7, 0x39, 0x09, 0xb4, 0x09, 0xb4,
    0x09, 0xb4, 0x0a, 0xb4, 0xe9, 0xb3, 0x0a, 0xb4, 0xe9, 0xb3, 0x0a, 0xac,
    0xe9, 0xb3, 0x0a, 0xb4, 0xe9, 0xb3, 0xea, 0xb3, 0x0a, 0xb4, 0xe9, 0xab,
    0x0a, 0xb4, 0xe9, 0xb3, 0xe9, 0xb3, 0x2a, 0xb4, 0x27, 0x5a, 0xc5, 0x10,
    0xe5, 0x18, 0x2e, 0x82, 0xb3, 0xb2, 0xb2, 0xb2, 0xb2, 0xb2, 0x92, 0xb2,
    0xb2, 0xb2, 0x92, 0xb2, 0xb2, 0xb2, 0x92, 0xb2, 0x92, 0xb2, 0xb2, 0xb2,
    0x92, 0xaa, 0xb2, 0xb2, 0x92, 0xb2, 0xb2, 0xaa, 0x92, 0xb2, 0xb3, 0xb2,
    0x50, 0x9a, 0x06, 0x21, 0xc5, 0x18, 0xe9, 0x29, 0xf6, 0x5c, 0xd6, 0x5c,
    0xd6, 0x5c, 0xd6, 0x5c, 0xd6, 0x5c, 0xd6, 0x5c, 0xd6, 0x5c, 0xd6, 0x5c,
    0xb6, 0x5c, 0xd6, 0x5c, 0xd6, 0x5c, 0xd6, 0x5c, 0xd6, 0x5c, 0xd6, 0x5c,
    0xd6, 0x5c, 0xd6, 0x5c, 0x16, 0x5d, 0x16, 0x5d, 0x6c, 0x32, 0xa4, 0x18,
    0xc5, 0x20, 0xd2, 0x4b, 0x16, 0x5d, 0xd6, 0x5c, 0xd6, 0x5c, 0xd6, 0x54,
    0xd6, 0x5c, 0xb6, 0x5c, 0xd6, 0x5c, 0xd6, 0x5c, 0xd6, 0x5c, 0xd6, 0x5c,
    0xd6, 0x5c, 0xf6, 0x5c, 0x54, 0x54, 0x26, 0x21, 0xe5, 0x20, 0x06, 0x19,
    0x06, 0x21, 0x06, 0x21, 0xe5, 0x18, 0xc5, 0x18, 0xc7, 0x41, 0x2a, 0xb4,
    0x09, 0xb4, 0xea, 0xb3, 0x09, 0xac, 0xea, 0xb3, 0x09, 0xb4, 0x0a, 0xac,
    0xe9, 0xb3, 0x09, 0xb4, 0x4a, 0xb4, 0x87, 0x6a, 0xc5, 0x10, 0x06, 0x21,
    0x06, 0x21, 0x05, 0x21, 0x06, 0x21, 0x06, 0x21, 0x05, 0x21, 0x06, 0x19,
    0x06, 0x21, 0x05, 0x21, 0x06, 0x21, 0xe6, 0x20, 0xac, 0x3c, 0x6e, 0x45,
    0x8e, 0x45, 0x8e, 0x3d, 0x6e, 0x45, 0x8e, 0x45, 0x6e, 0x3d, 0x8e, 0x45,
    0x6e, 0x45, 0x8e, 0x45, 0x8e, 0x3d, 0x6e, 0x45, 0x8e, 0x45, 0x8e, 0x45,
    0x8c, 0x3c, 0xe6, 0x20, 0x06, 0x21, 0x05, 0x21, 0x06, 0x21, 0x06, 0x21,
    0xe4, 0x18, 0xeb, 0x41, 0xd6, 0x93, 0x96, 0x8b, 0x96, 0x8b, 0x96, 0x8b,
    0x96, 0x8b, 0x96, 0x8b, 0x96, 0x8b, 0x96, 0x8b, 0x96, 0x8b, 0x96, 0x93,
    0x96, 0x8b, 0x96, 0x8b, 0xd6, 0x93, 0xcb, 0x41, 0xc4, 0x18, 0xe5, 0x18,
    0xe5, 0x18, 0x12, 0x73, 0xd6, 0x93, 0x96, 0x8b, 0x96, 0x8b, 0x96, 0x8b,
    0x96, 0x93, 0x96, 0x8b, 0x96, 0x8b, 0x96, 0x8b, 0x96, 0x8b, 0x96, 0x8b,
    0x96, 0x8b, 0x96, 0x8b, 0x96, 0x8b, 0x96, 0x8b, 0x96, 0x8b, 0xd6, 0x93,
    0x13, 0x7b, 0xe5, 0x18, 0xe5, 0x10, 0x67, 0x49, 0x49, 0xb2, 0x2a, 0xb2,
    0x4a, 0xb2, 0xc8, 0x79, 0xe5, 0x10, 0x06, 0x21, 0x06, 0x21, 0x05, 0x19,
    0x06, 0x19, 0x06, 0x21, 0x05, 0x21, 0x06, 0x21, 0x06, 0x21, 0xe5, 0x10,
    0xc8, 0x79, 0x4a, 0xb2, 0x29, 0xb2, 0x67, 0x49, 0xe5, 0x10, 0x06, 0x21,
    0x06, 0x21, 0x05, 0x21, 0x06, 0x21, 0x06, 0x19, 0x05, 0x21, 0x06, 0x21,
    0x05, 0x21, 0x06, 0x21, 0x06, 0x21, 0x06, 0x21, 0x05, 0x21, 0x06, 0x19,
    0x06, 0x21, 0x05, 0x21, 0x83, 0x10, 0x83, 0x10, 0x00, 0x00, 0x06, 0x21,
    0x05, 0x21, 0x06, 0x19, 0x06, 0x21, 0xc5, 0x10, 0x07, 0x52, 0x2c, 0xfe,
    0x0c, 0xfe, 0x0c, 0xfe, 0x0c, 0xfe, 0x0c, 0xfe, 0x0c, 0xfe, 0x0c, 0xfe,
    0x0c, 0xfe, 0x0c, 0xfe, 0x0c, 0xfe, 0x0c, 0xfe, 0x0c, 0xfe, 0x0c, 0xfe,
    0x0c, 0xfe, 0x0c, 0xfe, 0x0c, 0xfe, 0x0c, 0xfe, 0x6c, 0xfe, 0xe8, 0x7a,
    0xa5, 0x08, 0xe4, 0x10, 0xf4, 0xca, 0xdc, 0xfb, 0xba, 0xfb, 0xba, 0xfb,
    0xbb, 0xfb, 0xba, 0xfb, 0xba, 0xfb, 0xbb, 0xfb, 0xba, 0xfb, 0xba, 0xfb,
    0xbb, 0xfb, 0xba, 0xfb, 0xba, 0xfb, 0xbb, 0xfb, 0xba, 0xfb, 0xba, 0xfb,
    0xdb, 0xfb, 0x57, 0xeb, 0x06, 0x19, 0xa4, 0x18, 0x6c, 0x3a, 0x9f, 0x87,
    0x7f, 0x87, 0x5f, 0x87, 0x5f, 0x87, 0x5f, 0x87, 0x5f, 0x87, 0x5f, 0x7f,
    0x5f, 0x87, 0x5f, 0x87, 0x5f, 0x87, 0x5f, 0x87, 0x5f, 0x87, 0x5f, 0x87,
    0x5f, 0x87, 0x5f, 0x87, 0x5f, 0x87, 0xdf, 0x87, 0xdf, 0x8f, 0x50, 0x43,
    0x83, 0x18, 0xa4, 0x18, 0x9a, 0x65, 0xdf, 0x8f, 0x5f, 0x87, 0x5f, 0x87,
    0x5f, 0x87, 0x5f, 0x87, 0x5f, 0x87, 0x5f, 0x87, 0x5f, 0x87, 0x5f, 0x7f,
    0x5f, 0x87, 0x5f, 0x87, 0x9f, 0x87, 0xbf, 0x76, 0x27, 0x21, 0xe5, 0x18,
    0x05, 0x21, 0x06, 0x21, 0x06, 0x19, 0xa5, 0x10, 0xc5, 0x10, 0x47, 0x5a,
    0x4c, 0xfe, 0x0c, 0xfe, 0x0c, 0xfe, 0x0c, 0xfe, 0x0c, 0xfe, 0x0c, 0xfe,
    0x0c, 0xfe, 0x0c, 0xfe, 0x0c, 0xfe, 0x6c, 0xfe, 0x89, 0x9b, 0xa5, 0x08,
    0x06, 0x19, 0x06, 0x21, 0x05, 0x19, 0x06, 0x19, 0x05, 0x21, 0x06, 0x21,
    0x05, 0x21, 0x06, 0x19, 0x06, 0x21, 0xe5, 0x18, 0xe5, 0x18, 0x31, 0x4f,
    0xf4, 0x5f, 0xf4, 0x57, 0xf4, 0x57, 0xf4, 0x57, 0xf4, 0x57, 0xf4, 0x57,
    0xf4, 0x57, 0xf4, 0x57, 0xf3, 0x57, 0xf4, 0x57, 0xf4, 0x57, 0xf4, 0x57,
    0xf4, 0x5f, 0x11, 0x4f, 0xe6, 0x18, 0xe5, 0x20, 0xe6, 0x20, 0x06, 0x19,
    0x05, 0x21, 0xa4, 0x10, 0x90, 0x62, 0xbf, 0xe5, 0x7f, 0xdd, 0x7f, 0xdd,
    0x7f, 0xdd, 0x5f, 0xdd, 0x7f, 0xdd, 0x7f, 0xdd, 0x5f, 0xdd, 0x7f, 0xdd,
    0x7f, 0xdd, 0x5f, 0xdd, 0x7f, 0xdd, 0xbf, 0xe5, 0x6f, 0x5a, 0xa3, 0x10,
    0xe4, 0x18, 0xe4, 0x18, 0x5b, 0xac, 0x9f, 0xe5, 0x7f, 0xdd, 0x7f, 0xdd,
    0x7f, 0xdd, 0x7f, 0xdd, 0x5f, 0xdd, 0x7f, 0xdd, 0x7f, 0xdd, 0x5f, 0xdd,
    0x7f, 0xdd, 0x7f, 0xdd, 0x5f, 0xdd, 0x7f, 0xdd, 0x7f, 0xdd, 0x7f, 0xdd,
    0x9f, 0xe5, 0x7c, 0xb4, 0xe5, 0x18, 0xe5, 0x10, 0x87, 0x61, 0x0c, 0xfb,
    0x0c, 0xfb, 0x2c, 0xfb, 0x49, 0xba, 0xe5, 0x10, 0x06, 0x21, 0x05, 0x21,
    0x06, 0x21, 0x05, 0x21, 0x06, 0x19, 0x06, 0x21, 0x05, 0x21, 0x06, 0x21,
    0xe5, 0x08, 0x49, 0xb2, 0x2c, 0xfb, 0x0c, 0xfb, 0x87, 0x69, 0xe5, 0x10,
    0x06, 0x21, 0x05, 0x19, 0x06, 0x21, 0x06, 0x21, 0x05, 0x21, 0x06, 0x19,
    0x06, 0x21, 0x05, 0x19, 0x06, 0x19, 0x06, 0x21, 0x05, 0x21, 0x06, 0x19,
    0x06, 0x21, 0x05, 0x21, 0x06, 0x19, 0x06, 0x21, 0x05, 0x21, 0x05, 0x21,
    0x06, 0x21, 0x06, 0x21, 0x05, 0x21, 0x06, 0x21, 0xc5, 0x10, 0x07, 0x52,
    0xcb, 0xfd, 0xab, 0xfd, 0xab, 0xfd, 0xab, 0xfd, 0xab, 0xfd, 0xab, 0xfd,
    0xab, 0xfd, 0xab, 0xfd, 0xab, 0xfd, 0xab, 0xfd, 0xab, 0xfd, 0xab, 0xfd,
    0xab, 0xfd, 0xab, 0xfd, 0xab, 0xfd, 0xab, 0xfd, 0xab, 0xfd, 0x0c, 0xfe,
    0xc8, 0x72, 0xa5, 0x10, 0xe5, 0x10, 0xd3, 0xba, 0xba, 0xfb, 0x79, 0xfb,
    0x79, 0xfb, 0x99, 0xfb, 0x79, 0xfb, 0x99, 0xfb, 0x79, 0xfb, 0x99, 0xfb,
    0x99, 0xfb, 0x79, 0xfb, 0x99, 0xfb, 0x79, 0xfb, 0x99, 0xfb, 0x79, 0xfb,
    0x99, 0xfb, 0x9a, 0xfb, 0x16, 0xdb, 0x05, 0x21, 0xa4, 0x18, 0x6c, 0x32,
    0x3f, 0x7f, 0xff, 0x7e, 0xff, 0x7e, 0xff, 0x7e, 0xff, 0x7e, 0xff, 0x7e,
    0xff, 0x7e, 0xff, 0x7e, 0xff, 0x7e, 0xff, 0x7e, 0xff, 0x7e, 0xff, 0x7e,
    0xff, 0x7e, 0xff, 0x7e, 0xff, 0x7e, 0xff, 0x7e, 0x7f, 0x87, 0x5f, 0x87,
    0x2f, 0x43, 0x84, 0x18, 0xc4, 0x18, 0x59, 0x65, 0x5f, 0x87, 0xff, 0x7e,
    0xff, 0x7e, 0xff, 0x7e, 0xff, 0x7e, 0xff, 0x7e, 0xff, 0x7e, 0xff, 0x7e,
    0xff, 0x7e, 0xff, 0x7e, 0xff, 0x7e, 0x3f, 0x7f, 0x5d, 0x76, 0x26, 0x21,
    0xe5, 0x20, 0x06, 0x21, 0x05, 0x21, 0x06, 0x21, 0xc5, 0x10, 0xc5, 0x10,
    0x27, 0x5a, 0xec, 0xfd, 0xab, 0xfd, 0xab, 0xfd, 0xab, 0xfd, 0xab, 0xfd,
    0xab, 0xfd, 0xab, 0xfd, 0xab, 0xfd, 0xab, 0xfd, 0x0c, 0xfe, 0x68, 0x93,
    0xa5, 0x08, 0x06, 0x21, 0x05, 0x21, 0x06, 0x21, 0x06, 0x21, 0x05, 0x21,
    0x06, 0x21, 0x06, 0x21, 0x05, 0x21, 0x06, 0x21, 0xe5, 0x20, 0xe5, 0x20,
    0xb0, 0x4e, 0xf4, 0x57, 0xf3, 0x57, 0xf3, 0x57, 0xf2, 0x57, 0xf3, 0x57,
    0xf2, 0x57, 0xf3, 0x57, 0xf3, 0x57, 0xf3, 0x57, 0xf3, 0x57, 0xf3, 0x57,
    0xf3, 0x57, 0xf3, 0x57, 0xb0, 0x4e, 0xe5, 0x18, 0x05, 0x21, 0xe6, 0x20,
    0x05, 0x19, 0x06, 0x21, 0xc4, 0x10, 0x6f, 0x5a, 0x5f, 0xdd, 0x1f, 0xcd,
    0x1f, 0xcd, 0x1f, 0xcd, 0x1f, 0xcd, 0x1f, 0xcd, 0x1f, 0xcd, 0x1f, 0xcd,
    0x1f, 0xcd, 0x1f, 0xcd, 0x1f, 0xcd, 0x1f, 0xcd, 0x5f, 0xd5, 0x4e, 0x5a,
    0xc4, 0x10, 0xe5, 0x18, 0xe4, 0x18, 0x1a, 0xa4, 0x5f, 0xd5, 0x1f, 0xcd,
    0x1f, 0xcd, 0x1f, 0xcd, 0x1f, 0xcd, 0x1f, 0xcd, 0x1f, 0xcd, 0x1f, 0xcd,
    0x1f, 0xcd, 0x1f, 0xcd, 0x1f, 0xcd, 0x1f, 0xcd, 0x1f, 0xcd, 0x1f, 0xcd,
    0x1f, 0xcd, 0x5f, 0xd5, 0x3a, 0xac, 0xe5, 0x18, 0xe5, 0x10, 0x87, 0x61,
    0xec, 0xfa, 0xeb, 0xfa, 0x0c, 0xfb, 0x29, 0xaa, 0xe5, 0x10, 0x06, 0x21,
    0x06, 0x19, 0x05, 0x21, 0x06, 0x21, 0x05, 0x21, 0x06, 0x19, 0x06, 0x21,
    0x06, 0x21, 0xe5, 0x08, 0x29, 0xaa, 0x0c, 0xfb, 0xec, 0xfa, 0x87, 0x61,
    0xe5, 0x10, 0x06, 0x21, 0x06, 0x19, 0x05, 0x21, 0x06, 0x21, 0x05, 0x19,
    0x06, 0x21, 0x06, 0x21, 0x05, 0x21, 0x06, 0x21, 0x05, 0x21, 0x05, 0x19,
    0x06, 0x21, 0x06, 0x21, 0x05, 0x21, 0x06, 0x21, 0x06, 0x19, 0x05, 0x21,
    0x06, 0x19, 0x06, 0x21, 0x06, 0x21, 0x06, 0x21, 0x05, 0x19, 0xc5, 0x10,
    0x07, 0x52, 0xcc, 0xfd, 0xab, 0xfd, 0xab, 0xfd, 0xab, 0xfd, 0xab, 0xfd,
    0xab, 0xfd, 0xab, 0xfd, 0xab, 0xfd, 0xab, 0xfd, 0xab, 0xfd, 0xab, 0xfd,
    0xab, 0xfd, 0xab, 0xfd, 0xab, 0xfd, 0xab, 0xfd, 0xab, 0xfd, 0xab, 0xfd,
    0x0c, 0xfe, 0xc8, 0x72, 0xa5, 0x10, 0xe5, 0x10, 0xd3, 0xba, 0xba, 0xfb,
    0x79, 0xfb, 0x99, 0xfb, 0x79, 0xfb, 0x99, 0xfb, 0x79, 0xfb, 0x99, 0xfb,
    0x79, 0xfb, 0x79, 0xfb, 0x99, 0xfb, 0x79, 0xfb, 0x99, 0xfb, 0x79, 0xfb,
    0x99, 0xfb, 0x99, 0xfb, 0x9a, 0xfb, 0x16, 0xdb, 0x05, 0x21, 0xa4, 0x18,
    0x6c, 0x32, 0x3f, 0x7f, 0xff, 0x7e, 0xff, 0x7e, 0xff, 0x7e, 0xff, 0x7e,
    0xff, 0x7e, 0xff, 0x7e, 0xff, 0x7e, 0xff, 0x7e, 0xff, 0x7e, 0xff, 0x7e,
    0xff, 0x7e, 0xff, 0x7e, 0xff, 0x7e, 0xff, 0x7e, 0xff, 0x7e, 0x7f, 0x87,
    0x7f, 0x7f, 0x2f, 0x43, 0x84, 0x18, 0xc4, 0x18, 0x59, 0x65, 0x5f, 0x87,
    0xff, 0x7e, 0xff, 0x7e, 0xff, 0x7e, 0xff, 0x7e, 0xff, 0x7e, 0xff, 0x7e,
    0xff, 0x7e, 0xff, 0x7e, 0xff, 0x7e, 0xff, 0x7e, 0x3f, 0x7f, 0x5d, 0x76,
    0x26, 0x21, 0x05, 0x19, 0x06, 0x21, 0x06, 0x21, 0x06, 0x21, 0xc5, 0x10,
    0xc5, 0x10, 0x27, 0x5a, 0xec, 0xfd, 0xab, 0xfd, 0xab, 0xfd, 0xab, 0xfd,
    0xab, 0xfd, 0xab, 0xfd, 0xab, 0xfd, 0xab, 0xfd, 0xab, 0xfd, 0x0c, 0xfe,
    0x69, 0x93, 0xa5, 0x08, 0x06, 0x21, 0x05, 0x21, 0x06, 0x21, 0x06, 0x19,
    0x05, 0x21, 0x06, 0x19, 0x06, 0x19, 0x05, 0x21, 0x06, 0x21, 0x06, 0x21,
    0xe5, 0x18, 0xb0, 0x4e, 0xf4, 0x57, 0xf3, 0x57, 0xf3, 0x57, 0xf3, 0x57,
    0xf3, 0x57, 0xf2, 0x57, 0xf3, 0x57, 0xf3, 0x57, 0xf2, 0x57, 0xf2, 0x57,
    0xf3, 0x57, 0xf3, 0x57, 0xf3, 0x57, 0xb0, 0x4e, 0xe6, 0x20, 0xe6, 0x20,
    0x05, 0x21, 0x06, 0x21, 0x05, 0x21, 0xc3, 0x10, 0x6f, 0x5a, 0x5f, 0xd5,
    0x1f, 0xcd, 0x1f, 0xcd, 0x1f, 0xcd, 0x1f, 0xcd, 0x1f, 0xcd, 0x1f, 0xcd,
    0x1f, 0xcd, 0x1f, 0xcd, 0x1f, 0xcd, 0x1f, 0xcd, 0x1f, 0xcd, 0x5f, 0xd5,
    0x4e, 0x5a, 0xa4, 0x10, 0xe4, 0x18, 0xe5, 0x18, 0x19, 0xa4, 0x5f, 0xd5,
    0x1f, 0xcd, 0x1f, 0xcd, 0x1f, 0xcd, 0x1f, 0xcd, 0x1f, 0xcd, 0x1f, 0xcd,
    0x1f, 0xcd, 0x1f, 0xcd, 0x1f, 0xcd, 0x1f, 0xcd, 0x1f, 0xcd, 0x1f, 0xcd,
    0x1f, 0xcd, 0x1f, 0xcd, 0x5f, 0xd5, 0x3a, 0xac, 0xe5, 0x18, 0xe5, 0x10,
    0x87, 0x61, 0xec, 0xfa, 0x0c, 0xfb, 0x0c, 0xfb, 0x29, 0xb2, 0xe5, 0x10,
    0x06, 0x19, 0x06, 0x21, 0x05, 0x21, 0x06, 0x19, 0x06, 0x21, 0x05, 0x21,
    0x06, 0x21, 0x05, 0x21, 0xe5, 0x10, 0x29, 0xaa, 0x0c, 0xfb, 0xec, 0xfa,
    0x87, 0x61, 0xe5, 0x10, 0x06, 0x21, 0x06, 0x21, 0x05, 0x21, 0x06, 0x21,
    0x06, 0x21, 0x05, 0x21, 0x06, 0x21, 0x06, 0x21, 0x05, 0x21, 0x06, 0x21,
    0x06, 0x21, 0x05, 0x21, 0x06, 0x19, 0x06, 0x21, 0x05, 0x21, 0x06, 0x21,
    0x06, 0x21, 0x05, 0x21, 0x06, 0x19, 0x05, 0x21, 0x06, 0x21, 0x06, 0x21,
    0xc5, 0x10, 0x07, 0x52, 0xcb, 0xfd, 0xcb, 0xfd, 0xac, 0xfd, 0xab, 0xfd,
    0xab, 0xfd, 0xac, 0xfd, 0xab, 0xfd, 0xab, 0xfd, 0xac, 0xfd, 0xab, 0xfd,
    0xab, 0xfd, 0xab, 0xfd, 0xab, 0xfd, 0xac, 0xfd, 0xab, 0xfd, 0xab, 0xfd,
    0xab, 0xfd, 0x0c, 0xfe, 0xc8, 0x72, 0xa5, 0x10, 0xc4, 0x10, 0xd3, 0xc2,
    0xbb, 0xfb, 0x79, 0xfb, 0x99, 0xfb, 0x99, 0xfb, 0x79, 0xfb, 0x99, 0xfb,
    0x79, 0xfb, 0x99, 0xfb, 0x99, 0xfb, 0x79, 0xfb, 0x99, 0xfb, 0x79, 0xfb,
    0x79, 0xfb, 0x99, 0xfb, 0x79, 0xfb, 0xba, 0xfb, 0x16, 0xdb, 0x06, 0x19,
    0xa4, 0x18, 0x6b, 0x32, 0x3f, 0x87, 0xff, 0x7e, 0xff, 0x7e, 0xff, 0x7e,
    0xff, 0x7e, 0xff, 0x7e, 0xff, 0x7e, 0xff, 0x7e, 0xff, 0x7e, 0xff, 0x7e,
    0xff, 0x7e, 0xff, 0x7e, 0xff, 0x7e, 0xff, 0x7e, 0xff, 0x7e, 0xff, 0x7e,
    0x5f, 0x7f, 0x5f, 0x87, 0x2f, 0x43, 0x84, 0x18, 0xa4, 0x18, 0x58, 0x65,
    0x5f, 0x7f, 0xff, 0x7e, 0xff, 0x7e, 0xff, 0x7e, 0xff, 0x7e, 0xff, 0x7e,
    0xff, 0x7e, 0xff, 0x7e, 0xff, 0x7e, 0xff, 0x7e, 0xff, 0x7e, 0x3f, 0x7f,
    0x5d, 0x76, 0x27, 0x21, 0xe5, 0x18, 0x06, 0x21, 0x05, 0x21, 0x06, 0x19,
    0xc5, 0x10, 0xc5, 0x10, 0x27, 0x5a, 0xec, 0xfd, 0xab, 0xfd, 0xab, 0xfd,
    0xab, 0xfd, 0xab, 0xfd, 0xac, 0xfd, 0xab, 0xfd, 0xab, 0xfd, 0xab, 0xfd,
    0x0c, 0xfe, 0x48, 0x93, 0xa5, 0x08, 0x06, 0x21, 0x06, 0x21, 0x05, 0x19,
    0x06, 0x21, 0x05, 0x21, 0x06, 0x21, 0x05, 0x21, 0x06, 0x19, 0x06, 0x21,
    0xe5, 0x20, 0xe6, 0x18, 0xb0, 0x4e, 0xf3, 0x57, 0xf3, 0x57, 0xf2, 0x57,
    0xf3, 0x57, 0xf3, 0x57, 0xf3, 0x57, 0xf3, 0x57, 0xf3, 0x57, 0xf3, 0x57,
    0xf3, 0x57, 0xf3, 0x57, 0xf3, 0x57, 0xf3, 0x5f, 0xb0, 0x4e, 0xe5, 0x18,
    0xe6, 0x20, 0x05, 0x19, 0x06, 0x21, 0x06, 0x21, 0xc3, 0x10, 0x6f, 0x5a,
    0x5f, 0xd5, 0x1f, 0xcd, 0x1f, 0xcd, 0x1f, 0xcd, 0x1f, 0xcd, 0x1f, 0xcd,
    0x1f, 0xcd, 0x1f, 0xcd, 0x1f, 0xcd, 0x1f, 0xcd, 0x1f, 0xcd, 0x1f, 0xcd,
    0x5f, 0xd5, 0x4e, 0x5a, 0xc4, 0x10, 0xe4, 0x18, 0xe5, 0x18, 0x1a, 0xa4,
    0x5f, 0xd5, 0x1f, 0xcd, 0x1f, 0xcd, 0x1f, 0xcd, 0x1f, 0xcd, 0x1f, 0xcd,
    0x1f, 0xcd, 0x1f, 0xcd, 0x1f, 0xcd, 0x1f, 0xcd, 0x1f, 0xcd, 0x1f, 0xcd,
    0x1f, 0xcd, 0x1f, 0xcd, 0x1f, 0xcd, 0x5f, 0xd5, 0x3b, 0xa4, 0xe5, 0x18,
    0xe5, 0x10, 0x87, 0x59, 0xeb, 0xfa, 0xec, 0xfa, 0x0c, 0xfb, 0x29, 0xaa,
    0xe5, 0x10, 0x06, 0x21, 0x05, 0x21, 0x06, 0x21, 0x06, 0x21, 0x05, 0x19,
    0x06, 0x21, 0x06, 0x19, 0x06, 0x21, 0xe5, 0x10, 0x29, 0xaa, 0x0c, 0xfb,
    0xec, 0xfa, 0x87, 0x61, 0xe5, 0x10, 0x06, 0x21, 0x05, 0x19, 0x06, 0x21,
    0x06, 0x19, 0x05, 0x21, 0x06, 0x19, 0x05, 0x19, 0x06, 0x21, 0x06, 0x19,
    0x06, 0x19, 0x06, 0x21, 0x05, 0x21, 0x06, 0x21, 0x05, 0x19, 0x06, 0x21,
    0x05, 0x21, 0x06, 0x19, 0x05, 0x21, 0x06, 0x21, 0x06, 0x21, 0x05, 0x19,
    0x06, 0x21, 0xc5, 0x10, 0x07, 0x52, 0x0c, 0xfe, 0xec, 0xfd, 0xec, 0xfd,
    0xec, 0xfd, 0xec, 0xfd, 0xec, 0xfd, 0xec, 0xfd, 0xcb, 0xfd, 0xab, 0xfd,
    0x8c, 0xfd, 0xcc, 0xfd, 0xec, 0xfd, 0xcc, 0xfd, 0xec, 0xfd, 0xec, 0xfd,
    0xcc, 0xfd, 0xeb, 0xfd, 0x2c, 0xfe, 0xe8, 0x7a, 0xa5, 0x08, 0xc5, 0x10,
    0xd3, 0xc2, 0xba, 0xfb, 0x79, 0xfb, 0x9a, 0xfb, 0x9a, 0xfb, 0x9a, 0xfb,
    0xba, 0xfb, 0x9a, 0xfb, 0x9a, 0xfb, 0xba, 0xfb, 0x9a, 0xfb, 0xba, 0xfb,
    0xba, 0xfb, 0x9a, 0xfb, 0xba, 0xfb, 0x9a, 0xfb, 0xdb, 0xfb, 0x37, 0xe3,
    0x05, 0x21, 0xa4, 0x18, 0x6c, 0x32, 0x7f, 0x87, 0x5f, 0x87, 0x3f, 0x7f,
    0x3f, 0x7f, 0x3f, 0x7f, 0x3f, 0x7f, 0x3f, 0x7f, 0x3f, 0x7f, 0x3f, 0x7f,
    0xff, 0x7e, 0xff, 0x7e, 0x1f, 0x7f, 0x3f, 0x7f, 0x3f, 0x7f, 0x3f, 0x7f,
    0x3f, 0x7f, 0xbf, 0x87, 0xbf, 0x87, 0x2f, 0x43, 0x83, 0x18, 0xc4, 0x18,
    0x59, 0x65, 0x5f, 0x87, 0xff, 0x7e, 0x3f, 0x7f, 0x3f, 0x7f, 0x3f, 0x7f,
    0x3f, 0x7f, 0x3f, 0x7f, 0x5f, 0x7f, 0x3f, 0x7f, 0x3f, 0x7f, 0x3f, 0x87,
    0x7f, 0x87, 0x9e, 0x76, 0xe5, 0x20, 0xa4, 0x18, 0xc5, 0x18, 0xc4, 0x18,
    0x06, 0x21, 0xc5, 0x10, 0xc5, 0x10, 0x27, 0x5a, 0x0c, 0xfe, 0xec, 0xfd,
    0xcb, 0xfd, 0xab, 0xfd, 0xac, 0xfd, 0x8b, 0xfd, 0xcc, 0xfd, 0xcc, 0xfd,
    0xcc, 0xfd, 0x4c, 0xfe, 0x69, 0x93, 0xa5, 0x08, 0x06, 0x21, 0x05, 0x21,
    0x06, 0x21, 0x06, 0x21, 0x06, 0x21, 0x05, 0x21, 0x06, 0x21, 0x06, 0x21,
    0xc5, 0x18, 0xa5, 0x18, 0xa5, 0x18, 0xf1, 0x4e, 0xf4, 0x5f, 0xf3, 0x57,
    0xf3, 0x57, 0xf3, 0x57, 0xf3, 0x5f, 0xf3, 0x57, 0xf3, 0x57, 0xf3, 0x5f,
    0xf3, 0x57, 0xf3, 0x57, 0xf3, 0x57, 0xf3, 0x57, 0xf4, 0x5f, 0xf1, 0x4e,
    0xe5, 0x20, 0xe6, 0x20, 0xe6, 0x20, 0x05, 0x19, 0xc4, 0x18, 0x82, 0x08,
    0x6e, 0x5a, 0x9f, 0xe5, 0x5f, 0xd5, 0x3f, 0xd5, 0x5f, 0xd5, 0x3f, 0xd5,
    0x3f, 0xd5, 0x5f, 0xd5, 0x3f, 0xd5, 0x5f, 0xd5, 0x3f, 0xd5, 0x3f, 0xd5,
    0x5f, 0xd5, 0x9f, 0xdd, 0x6e, 0x5a, 0xa3, 0x10, 0xe5, 0x18, 0xe4, 0x18,
    0x19, 0xa4, 0x5f, 0xd5, 0x1f, 0xcd, 0x3f, 0xd5, 0x3f, 0xd5, 0x3f, 0xd5,
    0x5f, 0xd5, 0x3f, 0xd5, 0x3f, 0xd5, 0x5f, 0xd5, 0x3f, 0xd5, 0x3f, 0xd5,
    0x5f, 0xd5, 0x3f, 0xd5, 0x3f, 0xd5, 0x5f, 0xd5, 0x7f, 0xdd, 0x5b, 0xac,
    0xe5, 0x18, 0xe5, 0x10, 0x87, 0x61, 0xec, 0xfa, 0xeb, 0xfa, 0x0c, 0xfb,
    0x29, 0xaa, 0xc5, 0x00, 0xe5, 0x10, 0x05, 0x19, 0x06, 0x21, 0x06, 0x21,
    0x05, 0x21, 0x05, 0x21, 0x06, 0x21, 0x06, 0x19, 0xe5, 0x08, 0x29, 0xaa,
    0x0c, 0xfb, 0xec, 0xfa, 0x87, 0x61, 0xe5, 0x10, 0x06, 0x21, 0x06, 0x21,
    0x05, 0x19, 0x06, 0x21, 0x06, 0x21, 0x05, 0x21, 0x06, 0x21, 0x05, 0x21,
    0x05, 0x21, 0x06, 0x21, 0x05, 0x19, 0x06, 0x21, 0x06, 0x21, 0x05, 0x21,
    0x06, 0x19, 0x06, 0x21, 0x05, 0x21, 0x06, 0x21, 0x06, 0x21, 0x06, 0x21,
    0x06, 0x21, 0x05, 0x19, 0xc5, 0x10, 0x07, 0x52, 0x0c, 0xfe, 0xeb, 0xfd,
    0xeb, 0xfd, 0xeb, 0xfd, 0xeb, 0xfd, 0xeb, 0xfd, 0xec, 0xfd, 0xcb, 0xfd,
    0xab, 0xfd, 0xab, 0xfd, 0xcb, 0xfd, 0xeb, 0xfd, 0xeb, 0xfd, 0xeb, 0xfd,
    0xec, 0xfd, 0xeb, 0xfd, 0xec, 0xfd, 0x2c, 0xfe, 0xe8, 0x7a, 0xa5, 0x08,
    0xe5, 0x10, 0xd3, 0xba, 0xba, 0xfb, 0x79, 0xfb, 0x9a, 0xfb, 0x9a, 0xfb,
    0x9a, 0xfb, 0xba, 0xfb, 0xba, 0xfb, 0x9a, 0xfb, 0x9a, 0xfb, 0xba, 0xfb,
    0x9a, 0xfb, 0xba, 0xfb, 0x9a, 0xfb, 0xba, 0xfb, 0x9a, 0xfb, 0xbb, 0xfb,
    0x36, 0xe3, 0x05, 0x21, 0xa4, 0x18, 0x6c, 0x32, 0x7f, 0x87, 0x3f, 0x87,
    0x3f, 0x87, 0x5f, 0x87, 0x3f, 0x87, 0x5f, 0x87, 0x3f, 0x87, 0x3f, 0x7f,
    0x1f, 0x7f, 0xff, 0x7e, 0xff, 0x7e, 0x1f, 0x7f, 0x3f, 0x7f, 0x3f, 0x87,
    0x5f, 0x87, 0x3f, 0x7f, 0xbf, 0x87, 0xbf, 0x87, 0x50, 0x43, 0x84, 0x18,
    0xa4, 0x18, 0x59, 0x65, 0x5f, 0x87, 0xff, 0x7e, 0x3f, 0x7f, 0x3f, 0x87,
    0x3f, 0x87, 0x5f, 0x7f, 0x3f, 0x87, 0x3f, 0x87, 0x3f, 0x7f, 0x3f, 0x87,
    0x3f, 0x7f, 0x7f, 0x87, 0x9e, 0x76, 0xe5, 0x20, 0xa4, 0x18, 0xc5, 0x18,
    0xc5, 0x18, 0x06, 0x21, 0xc5, 0x10, 0xc5, 0x10, 0x47, 0x5a, 0x0c, 0xfe,
    0xec, 0xfd, 0xcb, 0xfd, 0xab, 0xfd, 0xab, 0xfd, 0xab, 0xfd, 0xcb, 0xfd,
    0xab, 0xfd, 0xec, 0xfd, 0x4c, 0xfe, 0x69, 0x93, 0xa5, 0x08, 0x05, 0x21,
    0x06, 0x21, 0x05, 0x19, 0x06, 0x19, 0x05, 0x21, 0x06, 0x19, 0x06, 0x21,
    0x05, 0x21, 0xc5, 0x18, 0xa5, 0x20, 0x85, 0x18, 0xf0, 0x4e, 0xf4, 0x5f,
    0xf3, 0x57, 0xf4, 0x57, 0xf3, 0x5f, 0xf3, 0x57, 0xf3, 0x57, 0xf3, 0x57,
    0xf3, 0x57, 0xf3, 0x5f, 0xf3, 0x57, 0xf3, 0x57, 0xf3, 0x57, 0xf4, 0x5f,
    0xf1, 0x4e, 0xe5, 0x18, 0xe6, 0x20, 0x06, 0x21, 0xe5, 0x18, 0xe4, 0x18,
    0x83, 0x08, 0x6f, 0x5a, 0x9f, 0xe5, 0x3f, 0xd5, 0x5f, 0xd5, 0x5f, 0xd5,
    0x3f, 0xd5, 0x5f, 0xd5, 0x5f, 0xd5, 0x3f, 0xd5, 0x5f, 0xd5, 0x5f, 0xd5,
    0x3f, 0xd5, 0x3f, 0xd5, 0x9f, 0xdd, 0x6e, 0x5a, 0xa4, 0x10, 0xe5, 0x18,
    0xe4, 0x18, 0x1a, 0xa4, 0x5f, 0xd5, 0x1f, 0xcd, 0x3f, 0xd5, 0x5f, 0xd5,
    0x5f, 0xd5, 0x3f, 0xd5, 0x5f, 0xd5, 0x5f, 0xd5, 0x3f, 0xd5, 0x5f, 0xd5,
    0x5f, 0xd5, 0x3f, 0xd5, 0x5f, 0xd5, 0x3f, 0xd5, 0x5f, 0xd5, 0x7f, 0xdd,
    0x7b, 0xb4, 0xe5, 0x18, 0xe5, 0x10, 0x87, 0x61, 0xec, 0xfa, 0xeb, 0xfa,
    0x0c, 0xfb, 0x29, 0xaa, 0xc5, 0x00, 0xe5, 0x18, 0x06, 0x19, 0x06, 0x21,
    0x05, 0x21, 0x06, 0x19, 0x06, 0x21, 0x05, 0x21, 0x06, 0x21, 0xe5, 0x10,
    0x29, 0xaa, 0x0c, 0xfb, 0xec, 0xfa, 0x87, 0x61, 0xe5, 0x10, 0x06, 0x21,
    0x06, 0x21, 0x05, 0x21, 0x06, 0x21, 0x06, 0x21, 0x05, 0x19, 0x06, 0x21,
    0x06, 0x21, 0x06, 0x21, 0x05, 0x21, 0x06, 0x21, 0x06, 0x19, 0x05, 0x21,
    0x06, 0x21, 0x06, 0x21, 0x05, 0x19, 0x06, 0x21, 0x06, 0x21, 0x05, 0x19,
    0x05, 0x21, 0x06, 0x21, 0x06, 0x21, 0xc5, 0x10, 0xe7, 0x49, 0x0a, 0xdd,
    0xea, 0xdc, 0xea, 0xdc, 0xea, 0xdc, 0xea, 0xdc, 0xea, 0xdc, 0xca, 0xdc,
    0x2b, 0xed, 0xab, 0xfd, 0xac, 0xfd, 0x4b, 0xed, 0xca, 0xdc, 0xca, 0xd4,
    0xca, 0xdc, 0xea, 0xdc, 0xea, 0xdc, 0xca, 0xdc, 0x2b, 0xdd, 0x67, 0x6a,
    0xa5, 0x10, 0xe5, 0x10, 0xd3, 0xc2, 0xba, 0xfb, 0x99, 0xfb, 0x36, 0xe3,
    0x36, 0xe3, 0x36, 0xe3, 0x15, 0xdb, 0x16, 0xdb, 0x16, 0xdb, 0x16, 0xdb,
    0x16, 0xdb, 0x15, 0xdb, 0x16, 0xdb, 0x16, 0xdb, 0x15, 0xdb, 0x16, 0xdb,
    0x36, 0xdb, 0xd3, 0xba, 0x06, 0x21, 0xa4, 0x18, 0x2b, 0x32, 0x3b, 0x6e,
    0xfb, 0x6d, 0xfb, 0x6d, 0xfc, 0x6d, 0xfb, 0x6d, 0xfb, 0x6d, 0xfc, 0x6d,
    0xdb, 0x6d, 0x5d, 0x76, 0x1f, 0x7f, 0x1f, 0x7f, 0x7e, 0x76, 0xdb, 0x6d,
    0xfb, 0x6d, 0xfc, 0x6d, 0xfb, 0x6d, 0x5b, 0x76, 0x5b, 0x76, 0xcd, 0x3a,
    0xa4, 0x18, 0xa4, 0x18, 0x59, 0x65, 0x5f, 0x87, 0xff, 0x7e, 0x3c, 0x6e,
    0xfb, 0x6d, 0xfb, 0x6d, 0xfc, 0x6d, 0xfb, 0x6d, 0xfc, 0x6d, 0xfb, 0x6d,
    0xfc, 0x6d, 0xfb, 0x6d, 0x1b, 0x6e, 0x99, 0x65, 0x2b, 0x32, 0x0a, 0x32,
    0xe9, 0x29, 0xe9, 0x29, 0x05, 0x21, 0xc5, 0x10, 0xc5, 0x10, 0x07, 0x52,
    0x0b, 0xdd, 0xea, 0xdc, 0x2b, 0xe5, 0xac, 0xfd, 0xab, 0xfd, 0xac, 0xfd,
    0x4b, 0xf5, 0x6b, 0xf5, 0xca, 0xdc, 0x2b, 0xdd, 0x08, 0x83, 0xa5, 0x10,
    0x06, 0x21, 0x06, 0x21, 0x05, 0x21, 0x06, 0x21, 0x06, 0x21, 0x05, 0x19,
    0x06, 0x21, 0x05, 0x21, 0xe7, 0x21, 0x28, 0x2a, 0x28, 0x2a, 0xef, 0x45,
    0xd1, 0x4e, 0xd1, 0x4e, 0xd1, 0x4e, 0xd1, 0x4e, 0xd1, 0x4e, 0xd1, 0x4e,
    0xd1, 0x4e, 0xd1, 0x4e, 0xd1, 0x4e, 0xd1, 0x4e, 0xd1, 0x4e, 0xd1, 0x4e,
    0xd1, 0x4e, 0xae, 0x45, 0xe5, 0x20, 0xe5, 0x18, 0xe5, 0x18, 0x47, 0x29,
    0xca, 0x41, 0x89, 0x31, 0xb0, 0x62, 0x9b, 0xb4, 0x5b, 0xac, 0x7b, 0xac,
    0x5c, 0xac, 0x5b, 0xac, 0x7b, 0xac, 0x5c, 0xac, 0x5b, 0xac, 0x7b, 0xac,
    0x7c, 0xac, 0x5b, 0xb4, 0x5b, 0xac, 0x9c, 0xbc, 0x0d, 0x4a, 0xc4, 0x10,
    0xe4, 0x18, 0xe5, 0x18, 0x19, 0xa4, 0x5f, 0xd5, 0x1f, 0xcd, 0x9c, 0xb4,
    0x5b, 0xac, 0x5b, 0xac, 0x7c, 0xac, 0x5b, 0xac, 0x7b, 0xac, 0x5c, 0xac,
    0x7b, 0xac, 0x5c, 0xac, 0x7b, 0xac, 0x7b, 0xac, 0x5c, 0xb4, 0x5b, 0xac,
    0x9c, 0xb4, 0xb7, 0x93, 0xe5, 0x18, 0xe5, 0x10, 0x87, 0x61, 0xec, 0xfa,
    0xec, 0xfa, 0x0b, 0xfb, 0x4a, 0xba, 0x46, 0x39, 0x67, 0x49, 0x26, 0x31,
    0x05, 0x19, 0x05, 0x19, 0x06, 0x21, 0x06, 0x21, 0x05, 0x19, 0x06, 0x21,
    0xe5, 0x10, 0x29, 0xaa, 0x0c, 0xfb, 0xeb, 0xfa, 0x87, 0x61, 0xe5, 0x10,
    0x06, 0x19, 0x05, 0x21, 0x06, 0x21, 0x05, 0x19, 0x06, 0x21, 0x06, 0x21,
    0x05, 0x19, 0x06, 0x21, 0x06, 0x19, 0x05, 0x21, 0x06, 0x21, 0x05, 0x21,
    0x06, 0x19, 0x06, 0x21, 0x05, 0x21, 0x06, 0x21, 0x06, 0x19, 0x05, 0x21,
    0x06, 0x21, 0x06, 0x21, 0x06, 0x21, 0x06, 0x21, 0x06, 0x21, 0x06, 0x21,
    0x06, 0x19, 0x06, 0x19, 0x06, 0x21, 0x06, 0x19, 0x06, 0x19, 0xe6, 0x18,
    0xa5, 0x08, 0xa8, 0x72, 0x0c, 0xfe, 0x0c, 0xfe, 0x89, 0x9b, 0xa5, 0x08,
    0xa5, 0x08, 0x06, 0x19, 0xe6, 0x20, 0x06, 0x19, 0x06, 0x21, 0x05, 0x19,
    0x06, 0x21, 0x06, 0x21, 0xc4, 0x10, 0xd3, 0xc2, 0xbb, 0xfb, 0x9a, 0xfb,
    0x8a, 0x51, 0x8a, 0x51, 0x8a, 0x51, 0xe4, 0x10, 0x05, 0x19, 0x05, 0x19,
    0x05, 0x21, 0x05, 0x19, 0x05, 0x19, 0x06, 0x21, 0x05, 0x19, 0x05, 0x21,
    0x06, 0x21, 0x05, 0x19, 0x06, 0x21, 0x06, 0x21, 0x05, 0x21, 0x06, 0x21,
    0x05, 0x21, 0x05, 0x21, 0xe6, 0x18, 0x05, 0x21, 0x05, 0x21, 0xe6, 0x18,
    0x05, 0x21, 0x83, 0x18, 0x50, 0x43, 0x5f, 0x87, 0x7f, 0x87, 0x33, 0x54,
    0x83, 0x18, 0x06, 0x21, 0x05, 0x21, 0xe6, 0x20, 0x06, 0x21, 0xe5, 0x20,
    0x06, 0x21, 0x06, 0x21, 0xc4, 0x18, 0x59, 0x65, 0x5f, 0x87, 0x1f, 0x7f,
    0x2b, 0x32, 0xa4, 0x18, 0xa4, 0x18, 0xe5, 0x20, 0x05, 0x21, 0x06, 0x21,
    0x05, 0x21, 0x05, 0x21, 0x06, 0x21, 0xc5, 0x18, 0xa8, 0x29, 0xdf, 0x7e,
    0x5f, 0x87, 0xfb, 0x6d, 0xfb, 0x6d, 0xe5, 0x20, 0xe6, 0x20, 0xe6, 0x20,
    0x06, 0x19, 0x05, 0x19, 0xa5, 0x10, 0x88, 0x6a, 0x0c, 0xfe, 0x0c, 0xfe,
    0x0c, 0xfe, 0xc9, 0xa3, 0xa9, 0xa3, 0xa5, 0x08, 0x05, 0x19, 0x06, 0x21,
    0x06, 0x21, 0x05, 0x19, 0x06, 0x21, 0x06, 0x21, 0x05, 0x21, 0x06, 0x21,
    0x06, 0x21, 0x05, 0x21, 0xa5, 0x18, 0x2f, 0x46, 0xf4, 0x5f, 0xf3, 0x57,
    0x48, 0x2a, 0xa5, 0x20, 0x05, 0x21, 0x05, 0x21, 0x05, 0x21, 0x06, 0x21,
    0x05, 0x21, 0x05, 0x21, 0x06, 0x21, 0x05, 0x21, 0x05, 0x21, 0xe6, 0x20,
    0x06, 0x21, 0xe5, 0x20, 0xe6, 0x20, 0x06, 0x21, 0xc4, 0x10, 0xc4, 0x10,
    0x2d, 0x52, 0x5f, 0xd5, 0x7f, 0xdd, 0xb7, 0x93, 0xa3, 0x10, 0x06, 0x21,
    0x05, 0x21, 0x05, 0x21, 0x06, 0x21, 0x05, 0x21, 0x06, 0x21, 0x05, 0x21,
    0x06, 0x21, 0x05, 0x21, 0x05, 0x19, 0x06, 0x21, 0x05, 0x21, 0x05, 0x21,
    0x06, 0x19, 0xe4, 0x18, 0xc5, 0x18, 0x19, 0xa4, 0x5f, 0xd5, 0x1f, 0xcd,
    0xaa, 0x39, 0xc4, 0x18, 0x06, 0x21, 0x05, 0x21, 0x05, 0x21, 0x06, 0x21,
    0x05, 0x21, 0x05, 0x21, 0x06, 0x21, 0x05, 0x21, 0x06, 0x21, 0x05, 0x19,
    0x05, 0x21, 0x06, 0x21, 0x05, 0x21, 0x06, 0x21, 0xe5, 0x10, 0x87, 0x59,
    0xec, 0xfa, 0x0b, 0xfb, 0xeb, 0xfa, 0xcb, 0xfa, 0xeb, 0xfa, 0x0c, 0xfb,
    0x09, 0x9a, 0xe5, 0x08, 0xe5, 0x10, 0x06, 0x21, 0x06, 0x21, 0x05, 0x21,
    0x06, 0x19, 0xe5, 0x10, 0x29, 0xaa, 0x0c, 0xfb, 0xec, 0xfa, 0x87, 0x61,
    0xe5, 0x10, 0x06, 0x21, 0x06, 0x21, 0x05, 0x19, 0x06, 0x21, 0x05, 0x21,
    0x06, 0x21, 0x05, 0x21, 0x06, 0x21, 0x05, 0x19, 0x06, 0x21, 0x06, 0x21,
    0x05, 0x19, 0x06, 0x21, 0x05, 0x21, 0x06, 0x19, 0x05, 0x21, 0x06, 0x21,
    0x05, 0x21, 0x06, 0x21, 0x05, 0x21, 0x05, 0x19, 0x05, 0x19, 0x06, 0x21,
    0x05, 0x21, 0xe5, 0x18, 0x06, 0x21, 0xe6, 0x20, 0xe6, 0x18, 0xe6, 0x20,
    0x06, 0x21, 0xa5, 0x08, 0xa8, 0x72, 0x0c, 0xfe, 0x0c, 0xfe, 0x88, 0x9b,
    0x85, 0x08, 0x85, 0x08, 0xe6, 0x20, 0x06, 0x19, 0xe5, 0x20, 0xe6, 0x18,
    0xe5, 0x20, 0x06, 0x21, 0x06, 0x19, 0xe4, 0x10, 0xd3, 0xba, 0xbb, 0xfb,
    0x9a, 0xfb, 0x8a, 0x51, 0x8a, 0x51, 0x8a, 0x51, 0xe4, 0x10, 0x06, 0x19,
    0x05, 0x21, 0x05, 0x21, 0x06, 0x19, 0x05, 0x21, 0x05, 0x19, 0x06, 0x19,
    0x05, 0x21, 0x05, 0x19, 0x05, 0x19, 0x06, 0x21, 0x05, 0x21, 0x06, 0x19,
    0x05, 0x21, 0xe5, 0x18, 0xe6, 0x20, 0x06, 0x21, 0xe5, 0x18, 0x06, 0x21,
    0xe5, 0x20, 0x05, 0x19, 0x84, 0x18, 0x50, 0x43, 0x5f, 0x87, 0x7f, 0x87,
    0x14, 0x54, 0x63, 0x18, 0x05, 0x19, 0xe5, 0x20, 0x05, 0x19, 0xe6, 0x18,
    0xe5, 0x20, 0x06, 0x21, 0x05, 0x19, 0xa4, 0x18, 0x59, 0x65, 0x7f, 0x87,
    0x1f, 0x7f, 0x2b, 0x32, 0xa4, 0x18, 0xa4, 0x18, 0xe5, 0x20, 0x06, 0x19,
    0xe5, 0x20, 0xe5, 0x18, 0x06, 0x21, 0xe5, 0x20, 0xc5, 0x18, 0xa8, 0x29,
    0xdf, 0x7e, 0x7f, 0x87, 0xfc, 0x6d, 0xfc, 0x6d, 0x05, 0x21, 0x05, 0x21,
    0xe5, 0x20, 0x06, 0x21, 0x05, 0x19, 0xa5, 0x08, 0x87, 0x6a, 0xeb, 0xfd,
    0x0c, 0xfe, 0x0c, 0xfe, 0xc9, 0xa3, 0xa9, 0xa3, 0x85, 0x08, 0x05, 0x21,
    0x06, 0x21, 0x06, 0x21, 0x05, 0x19, 0x06, 0x21, 0x06, 0x19, 0x05, 0x19,
    0x06, 0x21, 0x06, 0x21, 0x06, 0x21, 0xa5, 0x18, 0x2f, 0x46, 0xf4, 0x5f,
    0xf3, 0x57, 0x48, 0x2a, 0x85, 0x18, 0xe5, 0x20, 0xe6, 0x18, 0xe5, 0x20,
    0xe5, 0x18, 0xe6, 0x20, 0xe5, 0x20, 0xe6, 0x18, 0x05, 0x21, 0xe5, 0x20,
    0x06, 0x19, 0x05, 0x21, 0x05, 0x21, 0xe6, 0x20, 0x06, 0x21, 0xc4, 0x10,
    0xc4, 0x10, 0x2d, 0x52, 0x5f, 0xd5, 0x7f, 0xdd, 0xb7, 0x93, 0xa4, 0x10,
    0x05, 0x19, 0x06, 0x19, 0x05, 0x21, 0x05, 0x19, 0x06, 0x19, 0x05, 0x21,
    0xe5, 0x18, 0x06, 0x19, 0x05, 0x21, 0x06, 0x19, 0x05, 0x19, 0x05, 0x19,
    0x06, 0x21, 0x05, 0x21, 0xe5, 0x18, 0xe4, 0x18, 0x1a, 0xa4, 0x5f, 0xd5,
    0x1f, 0xcd, 0xaa, 0x39, 0xc4, 0x18, 0x05, 0x19, 0x06, 0x19, 0x05, 0x21,
    0xe6, 0x18, 0x05, 0x19, 0x05, 0x21, 0xe6, 0x18, 0x05, 0x19, 0x05, 0x21,
    0x06, 0x19, 0x05, 0x19, 0x05, 0x19, 0x05, 0x21, 0x06, 0x21, 0xe5, 0x10,
    0x87, 0x61, 0xec, 0xfa, 0xec, 0xfa, 0xeb, 0xfa, 0xcb, 0xfa, 0xec, 0xfa,
    0x0c, 0xfb, 0x09, 0x9a, 0xe5, 0x10, 0xe5, 0x08, 0x06, 0x21, 0x05, 0x21,
    0x06, 0x21, 0x06, 0x21, 0xe5, 0x08, 0x29, 0xaa, 0x0c, 0xfb, 0xec, 0xfa,
    0x87, 0x61, 0xe5, 0x10, 0x06, 0x21, 0x06, 0x21, 0x06, 0x21, 0x05, 0x19,
    0x06, 0x21, 0x06, 0x19, 0x06, 0x21, 0x05, 0x21, 0x06, 0x21, 0x06, 0x21,
    0x05, 0x19, 0x06, 0x21, 0x06, 0x21, 0x05, 0x21, 0x06, 0x21, 0x06, 0x19,
    0x05, 0x21, 0x06, 0x21, 0x06, 0x19, 0x06, 0x21, 0x06, 0x21, 0x06, 0x21,
    0x05, 0x21, 0x06, 0x19, 0x05, 0x19, 0xe5, 0x20, 0x06, 0x19, 0x05, 0x21,
    0xe5, 0x20, 0x06, 0x19, 0xa5, 0x08, 0xa8, 0x72, 0x0b, 0xfe, 0x0c, 0xfe,
    0x89, 0x9b, 0x85, 0x08, 0x85, 0x08, 0x06, 0x19, 0x05, 0x21, 0xe6, 0x18,
    0x06, 0x19, 0x05, 0x21, 0x06, 0x21, 0x06, 0x19, 0xe4, 0x10, 0xd3, 0xc2,
    0xba, 0xfb, 0x9a, 0xfb, 0x89, 0x51, 0x8a, 0x49, 0x8a, 0x51, 0xe4, 0x10,
    0x05, 0x19, 0xe6, 0x18, 0x06, 0x21, 0x05, 0x19, 0xe6, 0x20, 0x05, 0x21,
    0x05, 0x19, 0xe6, 0x20, 0x05, 0x19, 0x06, 0x21, 0xe5, 0x18, 0x06, 0x21,
    0x06, 0x21, 0x06, 0x21, 0xe5, 0x18, 0x05, 0x21, 0xe5, 0x18, 0x05, 0x21,
    0xe6, 0x20, 0x05, 0x19, 0xe5, 0x20, 0x84, 0x18, 0x50, 0x43, 0x7f, 0x87,
    0x7f, 0x87, 0x33, 0x4c, 0x63, 0x18, 0xe6, 0x18, 0x06, 0x21, 0xe5, 0x20,
    0x05, 0x19, 0x05, 0x21, 0x06, 0x21, 0x05, 0x21, 0xa4, 0x18, 0x59, 0x65,
    0x7f, 0x87, 0x1f, 0x7f, 0x2a, 0x32, 0xa4, 0x18, 0xa4, 0x18, 0x05, 0x19,
    0xe6, 0x20, 0xe5, 0x18, 0x05, 0x21, 0xe6, 0x18, 0xe5, 0x20, 0xc4, 0x18,
    0xa9, 0x29, 0xdf, 0x7e, 0x7f, 0x87, 0xfb, 0x6d, 0xfc, 0x6d, 0x05, 0x21,
    0x05, 0x19, 0xe5, 0x18, 0x06, 0x21, 0xe6, 0x20, 0xa5, 0x08, 0x88, 0x6a,
    0xec, 0xfd, 0x0c, 0xfe, 0x0b, 0xfe, 0xa9, 0xa3, 0xc9, 0xa3, 0x85, 0x08,
    0xe5, 0x18, 0x06, 0x21, 0x05, 0x21, 0x06, 0x21, 0x05, 0x21, 0x06, 0x21,
    0x05, 0x21, 0x05, 0x19, 0x06, 0x21, 0x05, 0x21, 0xa5, 0x18, 0x4f, 0x46,
    0xf4, 0x5f, 0xf3, 0x57, 0x48, 0x2a, 0xa5, 0x18, 0x06, 0x21, 0xe6, 0x20,
    0x05, 0x19, 0x06, 0x21, 0x06, 0x19, 0xe5, 0x20, 0x06, 0x19, 0xe6, 0x20,
    0xe6, 0x18, 0xe5, 0x20, 0x06, 0x19, 0xe5, 0x18, 0x05, 0x21, 0x06, 0x21,
    0xc4, 0x10, 0xc4, 0x10, 0x2d, 0x52, 0x5f, 0xd5, 0x7f, 0xdd, 0xb7, 0x93,
    0xa3, 0x10, 0x05, 0x19, 0xe6, 0x20, 0x05, 0x19, 0xe5, 0x18, 0x06, 0x21,
    0x05, 0x19, 0xe5, 0x18, 0x06, 0x21, 0xe5, 0x18, 0xe5, 0x20, 0x06, 0x21,
    0x05, 0x19, 0x06, 0x21, 0xe6, 0x18, 0xe4, 0x18, 0xe5, 0x18, 0x19, 0xa4,
    0x5f, 0xdd, 0x3f, 0xcd, 0xaa, 0x39, 0xc4, 0x18, 0x05, 0x19, 0x06, 0x19,
    0x05, 0x21, 0xe5, 0x18, 0x06, 0x19, 0x05, 0x21, 0xe5, 0x18, 0x06, 0x19,
    0xe5, 0x20, 0xe6, 0x20, 0x06, 0x19, 0xe5, 0x18, 0x06, 0x21, 0x06, 0x19,
    0xe5, 0x10, 0x87, 0x61, 0xec, 0xfa, 0xeb, 0xfa, 0xeb, 0xfa, 0xeb, 0xfa,
    0xeb, 0xfa, 0x0c, 0xfb, 0x09, 0x9a, 0xe5, 0x10, 0xc5, 0x08, 0x06, 0x21,
    0x06, 0x19, 0x05, 0x21, 0x06, 0x21, 0xe5, 0x08, 0x29, 0xaa, 0x0c, 0xfb,
    0xec, 0xfa, 0x87, 0x61, 0xe5, 0x10, 0x06, 0x21, 0x05, 0x19, 0x06, 0x21,
    0x06, 0x21, 0x05, 0x21, 0x06, 0x21, 0x05, 0x19, 0x06, 0x21, 0x06, 0x21,
    0x05, 0x19, 0x06, 0x21, 0x06, 0x21, 0x05, 0x21, 0x06, 0x19, 0x06, 0x21,
    0x05, 0x21, 0x06, 0x21, 0x06, 0x19, 0x05, 0x21, 0x06, 0x21, 0x06, 0x21,
    0x05, 0x21, 0x06, 0x21, 0x06, 0x21, 0x06, 0x21, 0x06, 0x21, 0x05, 0x21,
    0x06, 0x21, 0x06, 0x21, 0x05, 0x21, 0xa5, 0x10, 0xc8, 0x72, 0x0b, 0xfe,
    0x0c, 0xfe, 0x89, 0x9b, 0xa5, 0x08, 0xa5, 0x08, 0x06, 0x21, 0x05, 0x21,
    0x06, 0x21, 0x06, 0x21, 0x05, 0x21, 0x06, 0x21, 0x06, 0x21, 0xc4, 0x10,
    0xd3, 0xba, 0xba, 0xfb, 0x9a, 0xfb, 0x8a, 0x51, 0x8a, 0x51, 0x8a, 0x51,
    0xe4, 0x10, 0x06, 0x21, 0x06, 0x21, 0x06, 0x21, 0x06, 0x21, 0x06, 0x21,
    0x06, 0x21, 0x06, 0x21, 0x06, 0x21, 0x06, 0x21, 0x06, 0x21, 0x06, 0x21,
    0x05, 0x19, 0x06, 0x21, 0x06, 0x21, 0x06, 0x21, 0x06, 0x21, 0x06, 0x21,
    0x06, 0x21, 0x06, 0x21, 0x06, 0x21, 0x06, 0x21, 0x83, 0x18, 0x50, 0x43,
    0x7f, 0x87, 0x7f, 0x87, 0x34, 0x54, 0x84, 0x18, 0x06, 0x21, 0x06, 0x21,
    0x06, 0x21, 0x06, 0x21, 0x06, 0x21, 0x06, 0x19, 0x05, 0x21, 0xa4, 0x18,
    0x59, 0x65, 0x7f, 0x87, 0x1f, 0x7f, 0x4b, 0x32, 0xa4, 0x18, 0xc4, 0x18,
    0x06, 0x21, 0x06, 0x21, 0x06, 0x21, 0x06, 0x21, 0x06, 0x21, 0x06, 0x21,
    0xc5, 0x18, 0xa9, 0x29, 0xdf, 0x76, 0x5f, 0x87, 0xfb, 0x6d, 0xfb, 0x6d,
    0xe5, 0x20, 0xe6, 0x18, 0x06, 0x21, 0x06, 0x21, 0x05, 0x21, 0xa5, 0x10,
    0x88, 0x6a, 0xec, 0xfd, 0x0c, 0xfe, 0x0c, 0xfe, 0xc9, 0xa3, 0xc9, 0xab,
    0xa5, 0x10, 0x06, 0x21, 0x06, 0x19, 0x06, 0x21, 0x05, 0x21, 0x06, 0x19,
    0x06, 0x21, 0x06, 0x21, 0x06, 0x21, 0xe5, 0x20, 0x06, 0x21, 0xa5, 0x18,
    0x2f, 0x4e, 0xf4, 0x5f, 0xf3, 0x57, 0x68, 0x2a, 0xa5, 0x18, 0x06, 0x21,
    0x05, 0x21, 0x06, 0x21, 0x06, 0x21, 0x05, 0x21, 0x06, 0x21, 0x06, 0x21,
    0x05, 0x21, 0x06, 0x21, 0x06, 0x21, 0x06, 0x21, 0x06, 0x21, 0x06, 0x21,
    0x05, 0x21, 0xc4, 0x10, 0xc4, 0x10, 0x2d, 0x52, 0x3f, 0xd5, 0x5f, 0xdd,
    0xb7, 0x8b, 0xc4, 0x10, 0x06, 0x21, 0x06, 0x21, 0x06, 0x21, 0x06, 0x21,
    0x06, 0x21, 0x06, 0x21, 0x06, 0x21, 0x06, 0x21, 0x06, 0x21, 0x06, 0x21,
    0x06, 0x21, 0x06, 0x21, 0x05, 0x21, 0x05, 0x19, 0xe5, 0x18, 0xe5, 0x18,
    0x19, 0xa4, 0x5f, 0xd5, 0x3f, 0xcd, 0xca, 0x41, 0xe5, 0x18, 0x06, 0x21,
    0x06, 0x21, 0x06, 0x21, 0x06, 0x21, 0x06, 0x21, 0x06, 0x21, 0x06, 0x21,
    0x06, 0x21, 0x06, 0x21, 0x05, 0x21, 0x06, 0x21, 0x06, 0x21, 0x06, 0x21,
    0x06, 0x21, 0xe5, 0x10, 0x87, 0x59, 0xec, 0xfa, 0xec, 0xfa, 0xeb, 0xfa,
    0xcb, 0xfa, 0xcb, 0xfa, 0x0c, 0xfb, 0x09, 0x9a, 0xe5, 0x10, 0xe5, 0x10,
    0x06, 0x21, 0x05, 0x21, 0x06, 0x19, 0x06, 0x21, 0xe5, 0x10, 0x29, 0xaa,
    0x0c, 0xfb, 0xeb, 0xfa, 0x87, 0x61, 0xe5, 0x10, 0x06, 0x21, 0x05, 0x21,
    0x06, 0x19, 0x06, 0x21, 0x05, 0x21, 0x06, 0x21, 0x06, 0x19, 0x05, 0x21,
    0x06, 0x21, 0x05, 0x21, 0x06, 0x21, 0x05, 0x21, 0x06, 0x19, 0x06, 0x21,
    0x05, 0x21, 0x06, 0x21, 0x06, 0x19, 0x05, 0x21, 0x06, 0x21, 0x05, 0x21,
    0x06, 0x19, 0x05, 0x19, 0x06, 0x21, 0x06, 0x21, 0x05, 0x21, 0x06, 0x19,
    0x06, 0x21, 0x05, 0x19, 0x06, 0x21, 0x06, 0x21, 0xa5, 0x08, 0xc8, 0x72,
    0x0c, 0xfe, 0x0c, 0xfe, 0x88, 0x9b, 0xa5, 0x08, 0xa5, 0x10, 0x06, 0x21,
    0x05, 0x21, 0x06, 0x21, 0x05, 0x21, 0x06, 0x19, 0x05, 0x21, 0x06, 0x21,
    0xe5, 0x10, 0xd3, 0xba, 0xba, 0xfb, 0x9a, 0xfb, 0x8a, 0x51, 0x8a, 0x51,
    0x8a, 0x51, 0xe4, 0x10, 0x06, 0x21, 0x05, 0x21, 0x05, 0x21, 0x06, 0x19,
    0x05, 0x21, 0x05, 0x21, 0x06, 0x19, 0x05, 0x21, 0x05, 0x21, 0x06, 0x21,
    0x05, 0x21, 0x06, 0x21, 0x05, 0x19, 0x05, 0x21, 0x06, 0x21, 0x06, 0x19,
    0x05, 0x21, 0x06, 0x19, 0x05, 0x19, 0x06, 0x21, 0x06, 0x21, 0x83, 0x18,
    0x50, 0x43, 0x5f, 0x87, 0x7f, 0x87, 0x33, 0x4c, 0x83, 0x18, 0x05, 0x21,
    0x06, 0x19, 0x05, 0x21, 0x06, 0x21, 0x06, 0x19, 0x05, 0x21, 0x06, 0x21,
    0xa4, 0x18, 0x59, 0x65, 0x5f, 0x87, 0x1f, 0x7f, 0x4b, 0x32, 0xa4, 0x18,
    0xa4, 0x18, 0x06, 0x21, 0x06, 0x21, 0x05, 0x21, 0x06, 0x19, 0x05, 0x21,
    0x06, 0x21, 0xc5, 0x18, 0xa8, 0x29, 0xdf, 0x7e, 0x5f, 0x87, 0xfb, 0x6d,
    0xfb, 0x6d, 0xe5, 0x20, 0x06, 0x21, 0x05, 0x19, 0x06, 0x21, 0x06, 0x21,
    0xa5, 0x08, 0x87, 0x6a, 0x0b, 0xfe, 0x0c, 0xfe, 0x0c, 0xfe, 0xc9, 0xa3,
    0xc9, 0xa3, 0xa5, 0x10, 0x06, 0x21, 0x05, 0x21, 0x06, 0x21, 0x06, 0x19,
    0x05, 0x21, 0x05, 0x21, 0x06, 0x19, 0x06, 0x21, 0x05, 0x21, 0x06, 0x19,
    0xa5, 0x18, 0x2f, 0x46, 0xf4, 0x5f, 0xf3, 0x57, 0x48, 0x2a, 0xa5, 0x20,
    0x05, 0x21, 0x06, 0x19, 0x06, 0x21, 0x05, 0x21, 0x06, 0x19, 0x06, 0x21,
    0x05, 0x21, 0x05, 0x19, 0x06, 0x21, 0x05, 0x21, 0x05, 0x21, 0x06, 0x19,
    0x06, 0x21, 0x05, 0x21, 0xc4, 0x10, 0xc4, 0x10, 0x2d, 0x52, 0x5f, 0xd5,
    0x5f, 0xdd, 0xb7, 0x93, 0xc4, 0x10, 0x05, 0x21, 0x05, 0x21, 0x06, 0x21,
    0x06, 0x21, 0x05, 0x21, 0x06, 0x21, 0x05, 0x21, 0x05, 0x21, 0x06, 0x21,
    0x05, 0x19, 0x06, 0x21, 0x06, 0x21, 0x06, 0x21, 0x05, 0x19, 0xc4, 0x18,
    0xe5, 0x18, 0x1a, 0xa4, 0x5f, 0xd5, 0x1f, 0xcd, 0xaa, 0x39, 0xc4, 0x18,
    0x06, 0x21, 0x05, 0x21, 0x06, 0x21, 0x05, 0x21, 0x06, 0x21, 0x05, 0x21,
    0x06, 0x21, 0x05, 0x21, 0x06, 0x21, 0x05, 0x21, 0x05, 0x21, 0x06, 0x21,
    0x05, 0x21, 0x05, 0x21, 0xe5, 0x10, 0x87, 0x61, 0xec, 0xfa, 0xeb, 0xfa,
    0xeb, 0xfa, 0xcc, 0xfa, 0xcb, 0xfa, 0x0c, 0xfb, 0x09, 0x9a, 0xe5, 0x08,
    0xe5, 0x08, 0x06, 0x21, 0x05, 0x21, 0x06, 0x21, 0x06, 0x21, 0xe5, 0x10,
    0x29, 0xaa, 0x0c, 0xfb, 0xec, 0xfa, 0xa7, 0x61, 0xe5, 0x10, 0x06, 0x21,
    0x06, 0x21, 0x05, 0x21, 0x06, 0x19, 0x05, 0x21, 0x06, 0x21, 0x06, 0x21,
    0x05, 0x19, 0x06, 0x21, 0x06, 0x21, 0x05, 0x19, 0x06, 0x21, 0x06, 0x21,
    0x05, 0x21, 0x05, 0x19, 0x06, 0x21, 0x05, 0x21, 0x06, 0x21, 0x06, 0x21,
    0x06, 0x21, 0x05, 0x21, 0x06, 0x21, 0x06, 0x19, 0x05, 0x21, 0x05, 0x21,
    0x06, 0x21, 0x06, 0x21, 0x05, 0x21, 0x06, 0x19, 0x06, 0x21, 0xa5, 0x10,
    0xc8, 0x72, 0x0b, 0xfe, 0x0c, 0xfe, 0x89, 0x9b, 0xa5, 0x08, 0xa5, 0x08,
    0x06, 0x21, 0x06, 0x21, 0x05, 0x19, 0x06, 0x21, 0x06, 0x21, 0x05, 0x19,
    0x06, 0x21, 0xe4, 0x10, 0xb3, 0xc2, 0xbb, 0xfb, 0x9a, 0xfb, 0x68, 0x41,
    0x89, 0x41, 0x69, 0x49, 0xc3, 0x00, 0xc4, 0x10, 0xc4, 0x10, 0xe4, 0x08,
    0xe4, 0x10, 0x06, 0x19, 0x06, 0x21, 0x06, 0x21, 0x05, 0x19, 0x06, 0x21,
    0x06, 0x19, 0x05, 0x21, 0x06, 0x21, 0x06, 0x21, 0x05, 0x19, 0x06, 0x21,
    0x05, 0x21, 0x06, 0x21, 0x05, 0x21, 0x06, 0x21, 0x05, 0x19, 0x06, 0x21,
    0x84, 0x18, 0x50, 0x43, 0x7f, 0x87, 0x7f, 0x87, 0x33, 0x4c, 0x84, 0x18,
    0x06, 0x21, 0x05, 0x21, 0x06, 0x19, 0x05, 0x21, 0x05, 0x21, 0x06, 0x21,
    0x05, 0x21, 0xa4, 0x18, 0x59, 0x65, 0x7f, 0x87, 0x1f, 0x7f, 0xe9, 0x29,
    0x42, 0x10, 0x42, 0x10, 0xa4, 0x18, 0xa4, 0x18, 0xa4, 0x18, 0xa4, 0x18,
    0xa4, 0x18, 0xa3, 0x18, 0x63, 0x10, 0x67, 0x21, 0x3f, 0x7f, 0xbf, 0x8f,
    0x3d, 0x6e, 0x3d, 0x6e, 0x05, 0x21, 0xe5, 0x18, 0xe5, 0x20, 0x06, 0x21,
    0x06, 0x19, 0xa5, 0x10, 0x87, 0x6a, 0x0c, 0xfe, 0x0c, 0xfe, 0x0b, 0xfe,
    0xc9, 0xa3, 0xc9, 0xa3, 0xa5, 0x10, 0x06, 0x21, 0x05, 0x19, 0x06, 0x21,
    0x06, 0x21, 0x05, 0x21, 0x06, 0x21, 0x06, 0x19, 0x05, 0x21, 0x06, 0x21,
    0x06, 0x21, 0xa5, 0x18, 0x90, 0x4e, 0xf5, 0x5f, 0xf4, 0x5f, 0x07, 0x22,
    0x24, 0x18, 0x85, 0x18, 0x85, 0x18, 0x85, 0x18, 0x85, 0x18, 0x85, 0x18,
    0x85, 0x18, 0x85, 0x18, 0x85, 0x18, 0xa5, 0x18, 0xa5, 0x18, 0x05, 0x21,
    0x06, 0x21, 0x06, 0x19, 0x06, 0x21, 0xc4, 0x10, 0xc4, 0x10, 0x2d, 0x52,
    0x9f, 0xe5, 0xbf, 0xe5, 0xb7, 0x93, 0x62, 0x00, 0xc4, 0x10, 0xc4, 0x10,
    0xc4, 0x10, 0xa3, 0x10, 0xc4, 0x10, 0xc4, 0x10, 0xc4, 0x10, 0xc4, 0x10,
    0xa4, 0x10, 0xe5, 0x18, 0x05, 0x21, 0x06, 0x21, 0x06, 0x21, 0x05, 0x19,
    0xe4, 0x18, 0xe5, 0x18, 0x19, 0xa4, 0x5f, 0xdd, 0x1f, 0xcd, 0x89, 0x31,
    0x82, 0x08, 0xc4, 0x10, 0xc4, 0x10, 0xc4, 0x10, 0xc4, 0x10, 0xc4, 0x10,
    0xc4, 0x10, 0x05, 0x19, 0x05, 0x19, 0x06, 0x21, 0x06, 0x19, 0x06, 0x19,
    0x06, 0x21, 0x06, 0x19, 0x06, 0x19, 0xe5, 0x10, 0x87, 0x61, 0xec, 0xfa,
    0xeb, 0xfa, 0xeb, 0xfa, 0xec, 0xfa, 0x0c, 0xfb, 0x2c, 0xfb, 0x09, 0xa2,
    0xa5, 0x00, 0xa4, 0x00, 0xe5, 0x10, 0xe6, 0x18, 0x05, 0x21, 0x06, 0x21,
    0xe5, 0x08, 0x29, 0xaa, 0x0c, 0xfb, 0xec, 0xfa, 0x87, 0x61, 0xe5, 0x10,
    0x06, 0x19, 0x06, 0x21, 0x05, 0x21, 0x06, 0x21, 0x06, 0x19, 0x05, 0x21,
    0x06, 0x21, 0x05, 0x21, 0x06, 0x19, 0x06, 0x21, 0x05, 0x21, 0x06, 0x19,
    0x06, 0x21, 0x05, 0x21, 0x06, 0x21, 0x06, 0x19, 0x05, 0x21, 0x06, 0x21,
    0x05, 0x19, 0x06, 0x21, 0x06, 0x21, 0x05, 0x21, 0x06, 0x21, 0x06, 0x19,
    0x05, 0x21, 0x06, 0x19, 0x06, 0x21, 0x05, 0x21, 0x05, 0x21, 0x06, 0x21,
    0xa5, 0x10, 0xc8, 0x72, 0xeb, 0xfd, 0x0c, 0xfe, 0x89, 0x9b, 0xa5, 0x10,
    0xa5, 0x08, 0x06, 0x21, 0x05, 0x21, 0x06, 0x21, 0x06, 0x21, 0x05, 0x21,
    0x06, 0x21, 0x06, 0x19, 0xe4, 0x10, 0xd3, 0xc2, 0xba, 0xfb, 0x9a, 0xfb,
    0x69, 0x49, 0x69, 0x41, 0x69, 0x41, 0xc3, 0x00, 0xe4, 0x10, 0xc4, 0x10,
    0xc4, 0x10, 0xe5, 0x10, 0x05, 0x21, 0x06, 0x21, 0x06, 0x21, 0x05, 0x21,
    0x06, 0x21, 0x06, 0x21, 0x05, 0x19, 0x06, 0x21, 0x06, 0x21, 0x06, 0x21,
    0x05, 0x19, 0x06, 0x21, 0x06, 0x21, 0x06, 0x21, 0x05, 0x21, 0x06, 0x21,
    0x05, 0x19, 0x83, 0x18, 0x50, 0x43, 0x7f, 0x87, 0x7f, 0x87, 0x34, 0x54,
    0x83, 0x18, 0x06, 0x21, 0x06, 0x21, 0x06, 0x21, 0x06, 0x19, 0x06, 0x21,
    0x06, 0x21, 0x05, 0x19, 0xa4, 0x18, 0x59, 0x65, 0x7f, 0x87, 0x1f, 0x7f,
    0xe9, 0x29, 0x42, 0x10, 0x42, 0x10, 0xa4, 0x18, 0xa4, 0x18, 0xa3, 0x18,
    0xa4, 0x18, 0xa4, 0x18, 0xa4, 0x18, 0x63, 0x18, 0x67, 0x21, 0x3f, 0x7f,
    0xbf, 0x8f, 0x5d, 0x76, 0x5d, 0x76, 0xe5, 0x18, 0x06, 0x21, 0xe5, 0x20,
    0x06, 0x21, 0x05, 0x21, 0xa5, 0x10, 0x88, 0x6a, 0xec, 0xfd, 0x0c, 0xfe,
    0x0c, 0xfe, 0xc9, 0xab, 0xc9, 0xa3, 0xa5, 0x08, 0x06, 0x21, 0x05, 0x21,
    0x06, 0x19, 0x06, 0x21, 0x05, 0x21, 0x06, 0x19, 0x06, 0x21, 0x05, 0x21,
    0x06, 0x21, 0xe5, 0x20, 0xa5, 0x18, 0x90, 0x4e, 0xf4, 0x5f, 0xf4, 0x5f,
    0x08, 0x2a, 0x24, 0x18, 0x85, 0x18, 0x85, 0x18, 0x84, 0x18, 0x85, 0x18,
    0x84, 0x18, 0x85, 0x18, 0x85, 0x18, 0x84, 0x18, 0x85, 0x18, 0x85, 0x18,
    0x06, 0x21, 0x05, 0x21, 0x05, 0x21, 0x06, 0x21, 0xc4, 0x10, 0xc4, 0x10,
    0x2d, 0x52, 0x9f, 0xe5, 0xbf, 0xe5, 0xd7, 0x93, 0x62, 0x08, 0xc4, 0x10,
    0xc4, 0x10, 0xa3, 0x10, 0xc4, 0x10, 0xc4, 0x10, 0xa4, 0x10, 0xc4, 0x10,
    0xc4, 0x10, 0xa4, 0x10, 0xe5, 0x18, 0x06, 0x21, 0x05, 0x21, 0x06, 0x19,
    0x06, 0x21, 0xe4, 0x18, 0xe5, 0x18, 0x19, 0xa4, 0x5f, 0xd5, 0x3f, 0xcd,
    0x89, 0x31, 0x82, 0x08, 0xc4, 0x10, 0xc4, 0x10, 0xa3, 0x10, 0xc4, 0x10,
    0xc4, 0x10, 0xc4, 0x10, 0x05, 0x21, 0x06, 0x21, 0x06, 0x21, 0x05, 0x21,
    0x06, 0x21, 0x05, 0x21, 0x06, 0x21, 0x06, 0x21, 0xe5, 0x10, 0x87, 0x59,
    0xec, 0xfa, 0xec, 0xfa, 0xeb, 0xfa, 0xeb, 0xfa, 0xec, 0xfa, 0x2c, 0xfb,
    0x09, 0xa2, 0xa5, 0x00, 0xa4, 0x00, 0xe5, 0x10, 0x06, 0x19, 0x06, 0x19,
    0x05, 0x21, 0xe5, 0x10, 0x29, 0xaa, 0x0c, 0xfb, 0xec, 0xfa, 0x87, 0x61,
    0xe5, 0x10, 0x06, 0x21, 0x05, 0x19, 0x06, 0x21, 0x06, 0x21, 0x05, 0x21,
    0x06, 0x19, 0x06, 0x21, 0x05, 0x21, 0x06, 0x21, 0x05, 0x21, 0x06, 0x21,
    0x05, 0x19, 0x06, 0x21, 0x06, 0x21, 0x06, 0x21, 0x05, 0x21, 0x06, 0x19,
    0x06, 0x21, 0x05, 0x21, 0x05, 0x21, 0x06, 0x19, 0x05, 0x21, 0x06, 0x21,
    0x06, 0x21, 0x05, 0x21, 0x06, 0x19, 0x06, 0x21, 0x05, 0x21, 0x06, 0x19,
    0x06, 0x21, 0xa5, 0x08, 0xc8, 0x72, 0x0c, 0xfe, 0x0b, 0xfe, 0x88, 0x9b,
    0xa5, 0x08, 0xa5, 0x08, 0x06, 0x21, 0x05, 0x21, 0x06, 0x19, 0x06, 0x21,
    0x05, 0x21, 0x06, 0x21, 0x06, 0x19, 0xe4, 0x10, 0xd3, 0xba, 0xbb, 0xfb,
    0x99, 0xfb, 0x89, 0x49, 0x69, 0x49, 0x68, 0x41, 0xc3, 0x00, 0xe4, 0x10,
    0xc4, 0x10, 0xe5, 0x08, 0xe4, 0x10, 0x05, 0x19, 0x06, 0x21, 0x05, 0x19,
    0x06, 0x21, 0x06, 0x21, 0x05, 0x21, 0x06, 0x19, 0x05, 0x21, 0x06, 0x21,
    0x05, 0x21, 0x06, 0x21, 0x06, 0x19, 0x05, 0x19, 0x06, 0x21, 0x06, 0x21,
    0x06, 0x19, 0x06, 0x21, 0x83, 0x18, 0x50, 0x43, 0x7f, 0x87, 0x7f, 0x87,
    0x33, 0x4c, 0x83, 0x18, 0x06, 0x19, 0x05, 0x21, 0x05, 0x21, 0x06, 0x21,
    0x06, 0x19, 0x05, 0x21, 0x06, 0x21, 0xa4, 0x18, 0x59, 0x65, 0x7f, 0x87,
    0x1f, 0x7f, 0xea, 0x31, 0x42, 0x10, 0x42, 0x10, 0xa4, 0x18, 0xa4, 0x18,
    0x84, 0x18, 0xa3, 0x18, 0x84, 0x18, 0xa4, 0x18, 0x63, 0x18, 0x47, 0x21,
    0x3f, 0x7f, 0xdf, 0x8f, 0x3d, 0x76, 0x5d, 0x6e, 0xe5, 0x20, 0x05, 0x19,
    0x05, 0x19, 0x06, 0x21, 0x06, 0x21, 0xa5, 0x08, 0x87, 0x6a, 0x0c, 0xfe,
    0x0b, 0xfe, 0x0c, 0xfe, 0xc9, 0xa3, 0xa9, 0xab, 0xa5, 0x08, 0x06, 0x21,
    0x05, 0x21, 0x06, 0x21, 0x05, 0x21, 0x06, 0x21, 0x05, 0x21, 0x06, 0x21,
    0x06, 0x19, 0x05, 0x21, 0x06, 0x21, 0xa5, 0x18, 0x90, 0x4e, 0xf5, 0x5f,
    0xf4, 0x57, 0x07, 0x2a, 0x24, 0x18, 0x85, 0x18, 0x84, 0x18, 0x85, 0x20,
    0x85, 0x18, 0x84, 0x18, 0x85, 0x20, 0x85, 0x18, 0x84, 0x18, 0xa5, 0x20,
    0x85, 0x18, 0x06, 0x21, 0x06, 0x21, 0x05, 0x21, 0x05, 0x21, 0xc4, 0x10,
    0xc4, 0x10, 0x2d, 0x52, 0x9f, 0xe5, 0xbf, 0xe5, 0xb7, 0x93, 0x62, 0x08,
    0xc4, 0x10, 0xc3, 0x10, 0xc4, 0x10, 0xc4, 0x10, 0xc3, 0x10, 0xc3, 0x10,
    0xa4, 0x10, 0xc3, 0x10, 0xc3, 0x10, 0xe5, 0x18, 0x06, 0x21, 0x05, 0x21,
    0x06, 0x21, 0xe5, 0x18, 0xe5, 0x18, 0xe4, 0x18, 0x1a, 0xa4, 0x5f, 0xd5,
    0x1f, 0xcd, 0x89, 0x31, 0x82, 0x08, 0xc4, 0x10, 0xc4, 0x10, 0xa3, 0x10,
    0xc4, 0x10, 0xc4, 0x10, 0xc4, 0x18, 0x05, 0x21, 0x05, 0x19, 0x06, 0x21,
    0x06, 0x21, 0x05, 0x21, 0x05, 0x19, 0x06, 0x21, 0x05, 0x21, 0xe5, 0x10,
    0x87, 0x61, 0xec, 0xfa, 0xeb, 0xfa, 0xeb, 0xfa, 0xeb, 0xfa, 0xec, 0xfa,
    0x2c, 0xfb, 0x09, 0x9a, 0xc5, 0x00, 0xc5, 0x00, 0xe5, 0x10, 0xe5, 0x18,
    0x06, 0x21, 0x06, 0x21, 0xe5, 0x08, 0x29, 0xaa, 0x0c, 0xfb, 0xeb, 0xfa,
    0x87, 0x61, 0xe5, 0x10, 0x06, 0x21, 0x06, 0x21, 0x05, 0x19, 0x06, 0x21,
    0x05, 0x21, 0x06, 0x21, 0x06, 0x19, 0x05, 0x21, 0x06, 0x19, 0x06, 0x21,
    0x05, 0x21, 0x06, 0x21, 0x05, 0x19, 0x06, 0x21, 0x05, 0x21, 0x06, 0x19,
    0x06, 0x21, 0x05, 0x21, 0x06, 0x21, 0x06, 0x21, 0x06, 0x21, 0x05, 0x19,
    0x06, 0x21, 0x06, 0x21, 0x05, 0x21, 0x06, 0x21, 0x06, 0x21, 0x05, 0x19,
    0x06, 0x21, 0x06, 0x21, 0xa5, 0x10, 0xc8, 0x72, 0x0c, 0xfe, 0x0c, 0xfe,
    0x89, 0x9b, 0xa5, 0x10, 0xa5, 0x08, 0x06, 0x21, 0x05, 0x21, 0x06, 0x19,
    0x05, 0x21, 0x06, 0x21, 0x06, 0x19, 0x05, 0x21, 0xc5, 0x10, 0xd3, 0xc2,
    0xba, 0xfb, 0x99, 0xfb, 0xd4, 0xc2, 0xd4, 0xc2, 0xd4, 0xc2, 0x92, 0xb2,
    0xb2, 0xb2, 0xb2, 0xb2, 0xb3, 0xb2, 0x92, 0xaa, 0x27, 0x29, 0x05, 0x19,
    0x06, 0x21, 0x05, 0x19, 0x06, 0x21, 0x06, 0x21, 0x05, 0x21, 0x06, 0x19,
    0x06, 0x21, 0x05, 0x21, 0x06, 0x21, 0x05, 0x21, 0x05, 0x21, 0x06, 0x21,
    0x05, 0x19, 0x05, 0x21, 0x06, 0x21, 0x84, 0x18, 0x50, 0x43, 0x7f, 0x87,
    0x7f, 0x87, 0x13, 0x4c, 0x84, 0x18, 0x06, 0x21, 0x06, 0x19, 0x05, 0x21,
    0x06, 0x21, 0x05, 0x21, 0x06, 0x21, 0x05, 0x21, 0xa4, 0x18, 0x59, 0x65,
    0x5f, 0x87, 0xff, 0x7e, 0x59, 0x65, 0xd6, 0x5c, 0xd6, 0x5c, 0xd7, 0x5c,
    0xd7, 0x5c, 0xd7, 0x5c, 0xd7, 0x5c, 0xd6, 0x5c, 0xd7, 0x5c, 0xf6, 0x5c,
    0xb6, 0x5c, 0x2f, 0x43, 0x2e, 0x43, 0xad, 0x3a, 0xcd, 0x3a, 0x06, 0x21,
    0x06, 0x21, 0x05, 0x21, 0x06, 0x21, 0x06, 0x19, 0xa5, 0x10, 0x87, 0x6a,
    0x0c, 0xfe, 0x0c, 0xfe, 0x0b, 0xfe, 0xc9, 0xa3, 0xc9, 0xa3, 0xa5, 0x10,
    0x06, 0x21, 0x06, 0x21, 0x05, 0x19, 0x06, 0x21, 0x06, 0x19, 0x05, 0x21,
    0x06, 0x21, 0x06, 0x19, 0x05, 0x21, 0x06, 0x21, 0xe5, 0x18, 0xc9, 0x2a,
    0x6a, 0x33, 0x6a, 0x33, 0x2d, 0x3d, 0x6e, 0x45, 0x8e, 0x45, 0x8e, 0x45,
    0x8e, 0x45, 0x8e, 0x45, 0x8e, 0x45, 0x8e, 0x45, 0x8e, 0x45, 0x8e, 0x45,
    0x0d, 0x45, 0x0d, 0x3d, 0x26, 0x21, 0xe5, 0x18, 0x06, 0x21, 0x06, 0x21,
    0xe5, 0x18, 0xe5, 0x18, 0x68, 0x31, 0x8f, 0x62, 0x6d, 0x5a, 0xd1, 0x6a,
    0xb6, 0x93, 0xb7, 0x93, 0xb7, 0x93, 0x97, 0x93, 0xb7, 0x93, 0xb7, 0x93,
    0xb7, 0x93, 0xb7, 0x93, 0xb7, 0x93, 0xd7, 0x9b, 0x0c, 0x4a, 0xc4, 0x18,
    0x06, 0x21, 0x05, 0x21, 0x06, 0x19, 0xe4, 0x18, 0xe5, 0x18, 0x19, 0xa4,
    0x5f, 0xd5, 0x1f, 0xcd, 0xf8, 0x9b, 0x96, 0x93, 0xb7, 0x93, 0xb7, 0x93,
    0xb7, 0x93, 0x96, 0x93, 0xb7, 0x93, 0x75, 0x83, 0x26, 0x21, 0x27, 0x21,
    0xe5, 0x18, 0x06, 0x21, 0x06, 0x21, 0x06, 0x19, 0x06, 0x21, 0x06, 0x21,
    0xe5, 0x10, 0x87, 0x59, 0xec, 0xfa, 0xec, 0xfa, 0xec, 0xfa, 0x6a, 0xca,
    0xa7, 0x61, 0xa7, 0x61, 0xe8, 0x89, 0x49, 0xaa, 0x49, 0xaa, 0x4a, 0xb2,
    0x87, 0x61, 0xe5, 0x10, 0xe5, 0x10, 0xe5, 0x10, 0x29, 0xaa, 0x0c, 0xfb,
    0xec, 0xfa, 0x87, 0x61, 0xe5, 0x10, 0x06, 0x21, 0x06, 0x21, 0x05, 0x21,
    0x06, 0x19, 0x06, 0x21, 0x05, 0x21, 0x06, 0x21, 0x06, 0x21, 0x05, 0x19,
    0x06, 0x21, 0x06, 0x21, 0x06, 0x21, 0x05, 0x19, 0x06, 0x21, 0x06, 0x21,
    0x05, 0x21, 0x06, 0x21, 0x06, 0x19, 0x05, 0x21, 0x06, 0x21, 0x05, 0x21,
    0x06, 0x19, 0x05, 0x21, 0x06, 0x19, 0x05, 0x19, 0x06, 0x21, 0x05, 0x21,
    0x06, 0x21, 0x05, 0x21, 0x05, 0x21, 0xa5, 0x08, 0xc8, 0x72, 0x0b, 0xfe,
    0x0c, 0xfe, 0x89, 0x9b, 0xa5, 0x08, 0xa5, 0x08, 0x06, 0x21, 0x06, 0x21,
    0x05, 0x21, 0x06, 0x21, 0x06, 0x19, 0x05, 0x21, 0x06, 0x21, 0xe5, 0x10,
    0xd3, 0xba, 0xba, 0xfb, 0x79, 0xfb, 0xba, 0xfb, 0xba, 0xfb, 0xba, 0xfb,
    0xba, 0xfb, 0xbb, 0xfb, 0xba, 0xfb, 0xbb, 0xfb, 0x99, 0xfb, 0x47, 0x31,
    0xe5, 0x18, 0x06, 0x21, 0x06, 0x21, 0x05, 0x19, 0x06, 0x21, 0x06, 0x21,
    0x05, 0x19, 0x06, 0x21, 0x06, 0x19, 0x06, 0x19, 0x06, 0x21, 0x06, 0x21,
    0x06, 0x21, 0x05, 0x21, 0x06, 0x21, 0x06, 0x19, 0x83, 0x18, 0x50, 0x43,
    0x7f, 0x87, 0x7f, 0x87, 0x34, 0x54, 0x83, 0x18, 0x06, 0x21, 0x06, 0x21,
    0x06, 0x19, 0x05, 0x21, 0x06, 0x21, 0x06, 0x19, 0x05, 0x19, 0xc4, 0x18,
    0x59, 0x65, 0x5f, 0x87, 0xff, 0x7e, 0x5f, 0x87, 0x7f, 0x87, 0x7f, 0x87,
    0x5f, 0x87, 0x7f, 0x87, 0x7f, 0x87, 0x7f, 0x87, 0x7f, 0x87, 0x5f, 0x87,
    0xbf, 0x87, 0x9e, 0x76, 0xc5, 0x18, 0x83, 0x18, 0xa4, 0x18, 0xa4, 0x18,
    0x06, 0x21, 0x06, 0x21, 0x06, 0x21, 0x05, 0x21, 0x06, 0x21, 0xa5, 0x10,
    0x88, 0x6a, 0xec, 0xfd, 0x0c, 0xfe, 0x0c, 0xfe, 0xc9, 0xab, 0xc9, 0xa3,
    0xa5, 0x08, 0x05, 0x21, 0x06, 0x21, 0x06, 0x21, 0x05, 0x19, 0x06, 0x21,
    0x06, 0x21, 0x05, 0x21, 0x06, 0x21, 0x06, 0x21, 0x05, 0x21, 0x06, 0x21,
    0xa5, 0x18, 0x64, 0x18, 0x65, 0x18, 0x11, 0x4f, 0xf5, 0x5f, 0xf4, 0x5f,
    0xf4, 0x57, 0xf4, 0x5f, 0xf4, 0x5f, 0xf4, 0x57, 0xf4, 0x5f, 0xf4, 0x5f,
    0xf4, 0x5f, 0x92, 0x57, 0x92, 0x57, 0x26, 0x21, 0xe5, 0x18, 0x06, 0x21,
    0x06, 0x21, 0x06, 0x21, 0x06, 0x21, 0xe5, 0x18, 0xc4, 0x10, 0x61, 0x00,
    0x6e, 0x5a, 0xbf, 0xe5, 0x5f, 0xdd, 0x5f, 0xdd, 0x5f, 0xdd, 0x5f, 0xdd,
    0x5f, 0xdd, 0x5f, 0xdd, 0x5f, 0xdd, 0x5f, 0xdd, 0xbf, 0xe5, 0xd1, 0x6a,
    0xa3, 0x10, 0x06, 0x21, 0x06, 0x21, 0x05, 0x19, 0xe5, 0x18, 0xc4, 0x18,
    0x1a, 0xa4, 0x5f, 0xd5, 0x1f, 0xcd, 0x5f, 0xdd, 0x5f, 0xdd, 0x5f, 0xdd,
    0x5f, 0xdd, 0x5f, 0xdd, 0x5f, 0xdd, 0x9f, 0xdd, 0xff, 0xcc, 0x47, 0x29,
    0x47, 0x29, 0xe5, 0x18, 0x05, 0x21, 0x06, 0x21, 0x05, 0x21, 0x05, 0x19,
    0x06, 0x21, 0xe5, 0x10, 0x87, 0x61, 0xeb, 0xfa, 0x0c, 0xfb, 0x0c, 0xfb,
    0x29, 0xaa, 0xc5, 0x00, 0xa5, 0x00, 0xc8, 0x81, 0x2c, 0xfb, 0x2c, 0xfb,
    0x2c, 0xfb, 0xe9, 0x91, 0xe5, 0x08, 0xe5, 0x08, 0xe5, 0x10, 0x29, 0xaa,
    0x0c, 0xfb, 0xec, 0xfa, 0x87, 0x61, 0xe5, 0x10, 0x06, 0x21, 0x06, 0x21,
    0x05, 0x21, 0x06, 0x21, 0x06, 0x19, 0x05, 0x21, 0x06, 0x21, 0x05, 0x21,
    0x06, 0x21, 0x05, 0x19, 0x06, 0x21, 0x05, 0x21, 0x06, 0x21, 0x06, 0x19,
    0x05, 0x21, 0x05, 0x21, 0x06, 0x19, 0x06, 0x21, 0x05, 0x21, 0x05, 0x21,
    0x06, 0x21, 0x06, 0x21, 0x06, 0x21, 0x05, 0x21, 0x06, 0x21, 0x06, 0x19,
    0x06, 0x21, 0x06, 0x19, 0x06, 0x21, 0x06, 0x21, 0xa5, 0x08, 0xc8, 0x72,
    0x0b, 0xfe, 0x0c, 0xfe, 0x88, 0x9b, 0xa5, 0x10, 0xa5, 0x08, 0x06, 0x21,
    0x05, 0x21, 0x06, 0x21, 0x06, 0x19, 0x05, 0x21, 0x05, 0x21, 0x06, 0x19,
    0xe4, 0x10, 0xb3, 0xc2, 0xba, 0xfb, 0x79, 0xfb, 0x99, 0xfb, 0x99, 0xfb,
    0x79, 0xfb, 0x99, 0xfb, 0x79, 0xfb, 0x79, 0xfb, 0x99, 0xfb, 0x58, 0xfb,
    0x48, 0x31, 0xe5, 0x18, 0x06, 0x21, 0x05, 0x21, 0x06, 0x21, 0x05, 0x21,
    0x06, 0x21, 0x05, 0x21, 0x05, 0x21, 0x06, 0x21, 0x05, 0x21, 0x05, 0x19,
    0x06, 0x21, 0x06, 0x19, 0x05, 0x21, 0x06, 0x21, 0x06, 0x21, 0x83, 0x18,
    0x50, 0x43, 0x7f, 0x87, 0x7f, 0x87, 0x33, 0x4c, 0x83, 0x18, 0x06, 0x21,
    0x05, 0x21, 0x05, 0x21, 0x06, 0x19, 0x06, 0x21, 0x06, 0x21, 0x05, 0x21,
    0xa4, 0x18, 0x59, 0x65, 0x5f, 0x7f, 0xff, 0x7e, 0xff, 0x7e, 0xff, 0x7e,
    0xff, 0x7e, 0xff, 0x7e, 0xff, 0x7e, 0xff, 0x7e, 0xff, 0x7e, 0xff, 0x7e,
    0xff, 0x7e, 0x3f, 0x7f, 0x5d, 0x76, 0x26, 0x21, 0xe5, 0x18, 0x06, 0x21,
    0x06, 0x21, 0x05, 0x19, 0x05, 0x21, 0x06, 0x19, 0x06, 0x19, 0x05, 0x21,
    0xa5, 0x10, 0x87, 0x6a, 0x0c, 0xfe, 0x0c, 0xfe, 0x0b, 0xfe, 0xa9, 0xa3,
    0xc9, 0xab, 0xa5, 0x08, 0x06, 0x21, 0x05, 0x21, 0x06, 0x21, 0x05, 0x21,
    0x06, 0x21, 0x06, 0x19, 0x05, 0x21, 0x05, 0x19, 0x06, 0x21, 0x06, 0x21,
    0x06, 0x21, 0x06, 0x21, 0x05, 0x21, 0xe5, 0x20, 0xb0, 0x4e, 0xf3, 0x57,
    0xf3, 0x57, 0xf3, 0x57, 0xf3, 0x57, 0xf3, 0x57, 0xf3, 0x57, 0xf3, 0x57,
    0xf3, 0x57, 0xf3, 0x57, 0x31, 0x4f, 0x11, 0x4f, 0x26, 0x21, 0xe5, 0x20,
    0x05, 0x21, 0x05, 0x19, 0x06, 0x21, 0x05, 0x21, 0x06, 0x21, 0x06, 0x21,
    0xc4, 0x10, 0x6f, 0x5a, 0x5f, 0xdd, 0x1f, 0xcd, 0x1f, 0xcd, 0x1f, 0xcd,
    0x1f, 0xcd, 0x1f, 0xcd, 0x1f, 0xcd, 0x1f, 0xcd, 0x1f, 0xcd, 0x7f, 0xd5,
    0xb0, 0x62, 0xc4, 0x10, 0x06, 0x21, 0x05, 0x21, 0x05, 0x19, 0xe5, 0x18,
    0xe4, 0x18, 0x1a, 0xa4, 0x5f, 0xd5, 0x1f, 0xcd, 0x1f, 0xcd, 0x1f, 0xcd,
    0x1f, 0xcd, 0x1f, 0xcd, 0x1f, 0xcd, 0x1f, 0xcd, 0x3f, 0xd5, 0xbe, 0xbc,
    0x47, 0x29, 0x47, 0x29, 0xe5, 0x18, 0x06, 0x21, 0x06, 0x21, 0x05, 0x21,
    0x06, 0x21, 0x06, 0x19, 0xe5, 0x10, 0x87, 0x61, 0xec, 0xfa, 0xeb, 0xfa,
    0x0c, 0xfb, 0x29, 0xb2, 0xe5, 0x10, 0xe5, 0x08, 0xc8, 0x89, 0x0c, 0xfb,
    0x0c, 0xfb, 0x0c, 0xfb, 0xe8, 0x89, 0xe5, 0x08, 0xe5, 0x08, 0xe5, 0x10,
    0x29, 0xaa, 0x0c, 0xfb, 0xec, 0xfa, 0x87, 0x61, 0xe5, 0x10, 0x06, 0x19,
    0x05, 0x19, 0x06, 0x21, 0x05, 0x21, 0x06, 0x21, 0x06, 0x19, 0x05, 0x21,
    0x06, 0x19, 0x06, 0x21, 0x05, 0x21, 0x06, 0x19, 0x06, 0x21, 0x05, 0x21,
    0x06, 0x21, 0x06, 0x19, 0x06, 0x21, 0x05, 0x21, 0x06, 0x21, 0x06, 0x21,
    0x06, 0x21, 0x05, 0x19, 0x06, 0x21, 0x06, 0x21, 0x05, 0x21, 0x06, 0x21,
    0x05, 0x21, 0x05, 0x21, 0x06, 0x21, 0x05, 0x19, 0x06, 0x21, 0xa5, 0x10,
    0xc8, 0x72, 0xec, 0xfd, 0x0c, 0xfe, 0x89, 0x9b, 0xa5, 0x08, 0xa5, 0x08,
    0x06, 0x21, 0x05, 0x21, 0x06, 0x19, 0x06, 0x21, 0x05, 0x21, 0x06, 0x21,
    0x06, 0x21, 0xe4, 0x10, 0xd3, 0xba, 0xbb, 0xfb, 0x79, 0xfb, 0x79, 0xfb,
    0x79, 0xfb, 0x99, 0xfb, 0x79, 0xfb, 0x99, 0xfb, 0x99, 0xfb, 0x9a, 0xfb,
    0x78, 0xfb, 0x47, 0x31, 0xe5, 0x18, 0x06, 0x21, 0x05, 0x19, 0x06, 0x21,
    0x06, 0x19, 0x06, 0x21, 0x06, 0x21, 0x06, 0x19, 0x06, 0x21, 0x05, 0x21,
    0x06, 0x21, 0x05, 0x21, 0x06, 0x21, 0x06, 0x19, 0x05, 0x21, 0x06, 0x21,
    0xa3, 0x18, 0x50, 0x43, 0x5f, 0x87, 0x7f, 0x87, 0x33, 0x4c, 0x84, 0x18,
    0x06, 0x21, 0x06, 0x21, 0x05, 0x21, 0x06, 0x21, 0x05, 0x21, 0x06, 0x21,
    0x06, 0x21, 0xa4, 0x18, 0x59, 0x65, 0x5f, 0x87, 0xff, 0x7e, 0xff, 0x7e,
    0xff, 0x7e, 0xff, 0x7e, 0xff, 0x7e, 0xff, 0x7e, 0xff, 0x7e, 0xff, 0x7e,
    0xff, 0x7e, 0xff, 0x7e, 0x3f, 0x7f, 0x5d, 0x76, 0x26, 0x21, 0xe5, 0x20,
    0x06, 0x21, 0x06, 0x21, 0x05, 0x21, 0x06, 0x21, 0x06, 0x21, 0x05, 0x21,
    0x06, 0x21, 0xa5, 0x08, 0x87, 0x6a, 0x0c, 0xfe, 0x0c, 0xfe, 0x0c, 0xfe,
    0xc9, 0xa3, 0xa9, 0xa3, 0xa5, 0x10, 0x06, 0x21, 0x06, 0x19, 0x05, 0x21,
    0x06, 0x21, 0x05, 0x19, 0x06, 0x21, 0x06, 0x21, 0x05, 0x21, 0x06, 0x19,
    0x05, 0x21, 0x05, 0x21, 0x06, 0x21, 0xe6, 0x20, 0xe5, 0x20, 0xb0, 0x4e,
    0xf3, 0x57, 0xf3, 0x57, 0xf3, 0x57, 0xf2, 0x57, 0xf2, 0x57, 0xf3, 0x57,
    0xf2, 0x57, 0xf3, 0x57, 0xf3, 0x57, 0x31, 0x4f, 0x11, 0x4f, 0x26, 0x21,
    0xe5, 0x20, 0x06, 0x21, 0x06, 0x21, 0x05, 0x19, 0x06, 0x21, 0x05, 0x21,
    0x05, 0x21, 0xc4, 0x10, 0x6f, 0x5a, 0x5f, 0xd5, 0x1f, 0xcd, 0x1f, 0xcd,
    0x1f, 0xcd, 0x1f, 0xcd, 0x1f, 0xcd, 0x1f, 0xcd, 0x1f, 0xcd, 0x1f, 0xcd,
    0x5f, 0xdd, 0xb0, 0x62, 0xc3, 0x10, 0x06, 0x21, 0x06, 0x21, 0x05, 0x19,
    0xc5, 0x18, 0xe4, 0x18, 0x19, 0xa4, 0x5f, 0xd5, 0x1f, 0xcd, 0x1f, 0xcd,
    0x1f, 0xcd, 0x1f, 0xcd, 0x1f, 0xcd, 0x1f, 0xcd, 0x1f, 0xcd, 0x3f, 0xcd,
    0xbe, 0xbc, 0x47, 0x29, 0x47, 0x29, 0xe5, 0x18, 0x06, 0x21, 0x05, 0x21,
    0x06, 0x19, 0x06, 0x21, 0x06, 0x21, 0xe5, 0x10, 0x87, 0x59, 0xec, 0xfa,
    0xeb, 0xfa, 0x0c, 0xfb, 0x29, 0xaa, 0xe5, 0x10, 0xe5, 0x08, 0xc8, 0x81,
    0x0c, 0xfb, 0x0c, 0xfb, 0x0c, 0xfb, 0xe8, 0x89, 0xe5, 0x08, 0xe5, 0x08,
    0xe6, 0x10, 0x29, 0xaa, 0x0c, 0xfb, 0xec, 0xfa, 0x87, 0x61, 0xe5, 0x10,
    0x06, 0x21, 0x06, 0x21, 0x05, 0x21, 0x06, 0x19, 0x05, 0x21, 0x06, 0x21,
    0x06, 0x21, 0x05, 0x21, 0x06, 0x21, 0x06, 0x21, 0x05, 0x21, 0x06, 0x19,
    0x05, 0x21, 0x05, 0x21, 0x06, 0x21, 0x06, 0x19, 0x05, 0x21, 0x06, 0x21,
    0x06, 0x19, 0x06, 0x21, 0x05, 0x21, 0x05, 0x19, 0x06, 0x19, 0x06, 0x21,
    0x05, 0x19, 0x06, 0x21, 0x06, 0x21, 0x05, 0x21, 0x06, 0x21, 0x05, 0x21,
    0xa5, 0x10, 0xc8, 0x72, 0x0b, 0xfe, 0x0c, 0xfe, 0x89, 0x9b, 0xa5, 0x10,
    0xa5, 0x08, 0x06, 0x21, 0x05, 0x21, 0x06, 0x21, 0x06, 0x21, 0x05, 0x19,
    0x06, 0x21, 0x06, 0x21, 0xe5, 0x10, 0xd3, 0xba, 0xba, 0xfb, 0x79, 0xfb,
    0x99, 0xfb, 0x99, 0xfb, 0x79, 0xfb, 0x79, 0xfb, 0x99, 0xfb, 0x79, 0xfb,
    0x99, 0xfb, 0x78, 0xfb, 0x47, 0x31, 0xe5, 0x18, 0x06, 0x21, 0x06, 0x21,
    0x05, 0x21, 0x05, 0x19, 0x06, 0x21, 0x05, 0x21, 0x06, 0x19, 0x06, 0x21,
    0x06, 0x21, 0x06, 0x19, 0x05, 0x21, 0x06, 0x21, 0x05, 0x19, 0x06, 0x21,
    0x06, 0x19, 0x83, 0x18, 0x50, 0x43, 0x7f, 0x87, 0x7f, 0x87, 0x34, 0x54,
    0x83, 0x18, 0x06, 0x19, 0x06, 0x19, 0x06, 0x21, 0x05, 0x19, 0x06, 0x21,
    0x05, 0x19, 0x05, 0x21, 0xa4, 0x18, 0x59, 0x65, 0x5f, 0x87, 0xff, 0x7e,
    0xff, 0x7e, 0xff, 0x7e, 0xff, 0x7e, 0xff, 0x7e, 0xff, 0x7e, 0xff, 0x7e,
    0xff, 0x7e, 0xff, 0x7e, 0xff, 0x7e, 0x3f, 0x7f, 0x5d, 0x76, 0x26, 0x21,
    0xe5, 0x18, 0x06, 0x21, 0x06, 0x21, 0x05, 0x19, 0x06, 0x21, 0x06, 0x21,
    0x05, 0x21, 0x06, 0x21, 0xa5, 0x10, 0x88, 0x6a, 0xeb, 0xfd, 0x0c, 0xfe,
    0x0c, 0xfe, 0xc9, 0xa3, 0xc9, 0xa3, 0xa5, 0x10, 0x06, 0x21, 0x05, 0x19,
    0x06, 0x21, 0x06, 0x21, 0x05, 0x21, 0x06, 0x21, 0x06, 0x21, 0x06, 0x19,
    0x06, 0x21, 0x05, 0x21, 0x06, 0x19, 0x06, 0x19, 0xe5, 0x20, 0xe6, 0x18,
    0xb0, 0x4e, 0xf4, 0x57, 0xf3, 0x57, 0xf3, 0x57, 0xf3, 0x57, 0xf3, 0x57,
    0xf3, 0x57, 0xf3, 0x57, 0xf3, 0x57, 0xf3, 0x57, 0x31, 0x4f, 0x11, 0x4f,
    0x26, 0x21, 0xe5, 0x18, 0x06, 0x21, 0x06, 0x21, 0x06, 0x21, 0x06, 0x19,
    0x06, 0x21, 0x05, 0x21, 0xc4, 0x10, 0x6f, 0x5a, 0x5f, 0xdd, 0x1f, 0xcd,
    0x1f, 0xcd, 0x1f, 0xcd, 0x1f, 0xcd, 0x1f, 0xcd, 0x1f, 0xcd, 0x1f, 0xcd,
    0x1f, 0xcd, 0x5f, 0xdd, 0xb0, 0x62, 0xa3, 0x10, 0x06, 0x21, 0x06, 0x21,
    0x05, 0x21, 0xe5, 0x18, 0xe5, 0x18, 0x19, 0xa4, 0x5f, 0xd5, 0x1f, 0xcd,
    0x1f, 0xcd, 0x1f, 0xcd, 0x1f, 0xcd, 0x1f, 0xcd, 0x1f, 0xcd, 0x1f, 0xcd,
    0x3f, 0xd5, 0xbd, 0xbc, 0x47, 0x29, 0x47, 0x29, 0xe5, 0x18, 0x05, 0x21,
    0x06, 0x21, 0x05, 0x19, 0x06, 0x21, 0x05, 0x21, 0xe5, 0x10, 0x87, 0x61,
    0xec, 0xfa, 0xeb, 0xfa, 0x0c, 0xfb, 0x29, 0xb2, 0xe5, 0x10, 0xe5, 0x08,
    0xc8, 0x81, 0x0c, 0xfb, 0x0c, 0xfb, 0xec, 0xfa, 0xe8, 0x89, 0xc5, 0x10,
    0xe5, 0x08, 0xe5, 0x10, 0x29, 0xaa, 0x0c, 0xfb, 0xec, 0xfa, 0x87, 0x61,
    0xe5, 0x10, 0x06, 0x21, 0x06, 0x21, 0x06, 0x21, 0x05, 0x19, 0x06, 0x21,
    0x05, 0x21, 0x06, 0x19, 0x05, 0x21, 0x06, 0x19, 0x06, 0x21, 0x05, 0x21,
    0x06, 0x21, 0x06, 0x19, 0x06, 0x21, 0x05, 0x21, 0x06, 0x21, 0x05, 0x19,
    0x05, 0x21, 0x06, 0x21, 0x06, 0x21, 0x06, 0x21, 0x05, 0x21, 0x06, 0x21,
    0x06, 0x21, 0x05, 0x21, 0x06, 0x19, 0x06, 0x19, 0x06, 0x21, 0x06, 0x21,
    0x06, 0x19, 0xa5, 0x10, 0xc8, 0x72, 0x0b, 0xfe, 0x0c, 0xfe, 0x88, 0x9b,
    0xa5, 0x08, 0xa5, 0x08, 0x06, 0x21, 0x06, 0x21, 0x05, 0x21, 0x06, 0x21,
    0x06, 0x19, 0x05, 0x21, 0x06, 0x21, 0xc4, 0x10, 0xd3, 0xc2, 0xba, 0xfb,
    0x79, 0xfb, 0x9a, 0xfb, 0x9a, 0xfb, 0x9a, 0xfb, 0xba, 0xfb, 0xba, 0xfb,
    0x9a, 0xfb, 0xba, 0xfb, 0x79, 0xfb, 0x48, 0x31, 0x05, 0x19, 0x06, 0x21,
    0x06, 0x21, 0x05, 0x21, 0x06, 0x21, 0x06, 0x21, 0x05, 0x21, 0x05, 0x21,
    0x05, 0x21, 0x06, 0x21, 0x05, 0x19, 0x06, 0x21, 0x06, 0x21, 0x05, 0x21,
    0x06, 0x21, 0x06, 0x21, 0x83, 0x18, 0x50, 0x43, 0x7f, 0x87, 0x7f, 0x87,
    0x33, 0x4c, 0x83, 0x18, 0x06, 0x21, 0x05, 0x21, 0x06, 0x21, 0x06, 0x21,
    0x06, 0x19, 0x06, 0x21, 0x05, 0x21, 0xa4, 0x18, 0x59, 0x65, 0x5f, 0x7f,
    0xff, 0x7e, 0x3f, 0x7f, 0x3f, 0x7f, 0x3f, 0x87, 0x3f, 0x7f, 0x3f, 0x7f,
    0x3f, 0x87, 0x3f, 0x7f, 0x3f, 0x87, 0xff, 0x7e, 0x3f, 0x7f, 0x5d, 0x76,
    0x26, 0x21, 0xe5, 0x18, 0x06, 0x21, 0x05, 0x21, 0x06, 0x19, 0x06, 0x21,
    0x05, 0x19, 0x06, 0x19, 0x06, 0x21, 0xa5, 0x10, 0x88, 0x6a, 0x0c, 0xfe,
    0x0b, 0xfe, 0x0c, 0xfe, 0xc9, 0xab, 0xc9, 0xa3, 0xa5, 0x10, 0x05, 0x21,
    0x06, 0x21, 0x06, 0x21, 0x05, 0x19, 0x06, 0x21, 0x05, 0x19, 0x05, 0x21,
    0x06, 0x21, 0x05, 0x21, 0x06, 0x21, 0x06, 0x21, 0x05, 0x21, 0x05, 0x21,
    0xe5, 0x18, 0x11, 0x4f, 0xf4, 0x5f, 0xf3, 0x57, 0xf3, 0x57, 0xf3, 0x57,
    0xf3, 0x57, 0xf3, 0x57, 0xf3, 0x57, 0xf3, 0x57, 0xf4, 0x5f, 0x71, 0x57,
    0x52, 0x57, 0xe5, 0x20, 0x85, 0x18, 0xc5, 0x18, 0x05, 0x21, 0x05, 0x21,
    0x06, 0x21, 0x06, 0x21, 0x05, 0x21, 0xc3, 0x10, 0x8f, 0x5a, 0x9f, 0xe5,
    0x5f, 0xd5, 0x5f, 0xd5, 0x3f, 0xd5, 0x5f, 0xd5, 0x3f, 0xd5, 0x3f, 0xd5,
    0x5f, 0xd5, 0x5f, 0xd5, 0x9f, 0xe5, 0xb0, 0x62, 0x82, 0x08, 0xc4, 0x10,
    0xe5, 0x18, 0x06, 0x21, 0xe4, 0x18, 0xe5, 0x18, 0x1a, 0xa4, 0x5f, 0xd5,
    0x1f, 0xcd, 0x3f, 0xd5, 0x5f, 0xd5, 0x5f, 0xd5, 0x3f, 0xd5, 0x5f, 0xd5,
    0x5f, 0xd5, 0x5f, 0xdd, 0xff, 0xc4, 0x47, 0x29, 0x47, 0x29, 0xe5, 0x18,
    0x06, 0x21, 0x06, 0x21, 0x06, 0x21, 0x05, 0x21, 0x06, 0x19, 0xe5, 0x10,
    0x87, 0x61, 0xec, 0xfa, 0x0c, 0xfb, 0x0c, 0xfb, 0x29, 0xb2, 0xe5, 0x10,
    0xe5, 0x08, 0xe8, 0x89, 0x0c, 0xfb, 0x0c, 0xfb, 0x0c, 0xfb, 0xe8, 0x89,
    0xc5, 0x00, 0xc5, 0x00, 0xc5, 0x00, 0x29, 0xaa, 0x0c, 0xfb, 0xeb, 0xfa,
    0x87, 0x61, 0xe5, 0x10, 0x06, 0x21, 0x05, 0x19, 0x06, 0x21, 0x06, 0x21,
    0x05, 0x21, 0x06, 0x21, 0x06, 0x19, 0x05, 0x21, 0x06, 0x21, 0x05, 0x19,
    0x06, 0x21, 0x06, 0x21, 0x05, 0x21, 0x06, 0x19, 0x06, 0x21, 0x06, 0x21,
    0x06, 0x21, 0x05, 0x21, 0x06, 0x21, 0x06, 0x21, 0x06, 0x19, 0x05, 0x21,
    0x06, 0x21, 0x06, 0x21, 0x05, 0x21, 0x05, 0x21, 0x06, 0x21, 0x05, 0x21,
    0x05, 0x19, 0x06, 0x21, 0xa5, 0x10, 0xc8, 0x72, 0x0c, 0xfe, 0x0c, 0xfe,
    0x89, 0x9b, 0xa5, 0x10, 0xa5, 0x08, 0x06, 0x21, 0x05, 0x21, 0x05, 0x19,
    0x06, 0x21, 0x06, 0x21, 0x05, 0x21, 0x06, 0x19, 0xe5, 0x10, 0xd3, 0xba,
    0xba, 0xfb, 0x79, 0xfb, 0x9a, 0xfb, 0x9a, 0xfb, 0x9a, 0xfb, 0xba, 0xfb,
    0x9a, 0xfb, 0xba, 0xfb, 0xba, 0xfb, 0x79, 0xfb, 0x48, 0x31, 0xe5, 0x18,
    0x05, 0x19, 0x06, 0x19, 0x06, 0x21, 0x05, 0x19, 0x06, 0x21, 0x06, 0x19,
    0x06, 0x21, 0x06, 0x21, 0x05, 0x19, 0x06, 0x21, 0x06, 0x21, 0x05, 0x19,
    0x06, 0x21, 0x05, 0x21, 0x06, 0x19, 0x84, 0x18, 0x50, 0x43, 0x7f, 0x87,
    0x7f, 0x87, 0x14, 0x54, 0x83, 0x18, 0x06, 0x21, 0x05, 0x21, 0x05, 0x21,
    0x06, 0x21, 0x05, 0x21, 0x06, 0x21, 0x06, 0x19, 0xc4, 0x18, 0x59, 0x65,
    0x5f, 0x87, 0xff, 0x7e, 0x3f, 0x7f, 0x3f, 0x87, 0x3f, 0x87, 0x3f, 0x7f,
    0x3f, 0x87, 0x3f, 0x87, 0x3f, 0x7f, 0x3f, 0x87, 0xff, 0x7e, 0x3f, 0x7f,
    0x5d, 0x76, 0x26, 0x21, 0xe5, 0x20, 0x06, 0x21, 0x06, 0x21, 0x05, 0x21,
    0x06, 0x21, 0x05, 0x21, 0x06, 0x21, 0x06, 0x19, 0xa5, 0x10, 0x87, 0x6a,
    0x0c, 0xfe, 0x0c, 0xfe, 0x0c, 0xfe, 0xa9, 0xa3, 0xc9, 0xa3, 0xa5, 0x08,
    0x06, 0x21, 0x06, 0x21, 0x05, 0x19, 0x06, 0x21, 0x06, 0x21, 0x06, 0x21,
    0x05, 0x19, 0x06, 0x21, 0x06, 0x19, 0x05, 0x21, 0x06, 0x21, 0x06, 0x21,
    0xe6, 0x20, 0xe5, 0x20, 0x11, 0x4f, 0xf4, 0x57, 0xf3, 0x57, 0xf3, 0x57,
    0xf3, 0x57, 0xf3, 0x57, 0xf4, 0x57, 0xf3, 0x57, 0xf3, 0x57, 0xf4, 0x5f,
    0x52, 0x4f, 0x71, 0x4f, 0xe5, 0x20, 0x85, 0x18, 0xc5, 0x18, 0x06, 0x21,
    0x06, 0x21, 0x05, 0x19, 0x06, 0x21, 0x06, 0x21, 0xc3, 0x10, 0x8f, 0x5a,
    0x9f, 0xe5, 0x3f, 0xd5, 0x3f, 0xd5, 0x5f, 0xd5, 0x5f, 0xd5, 0x3f, 0xd5,
    0x5f, 0xd5, 0x3f, 0xd5, 0x3f, 0xd5, 0x9f, 0xdd, 0xb0, 0x62, 0x82, 0x08,
    0xe4, 0x18, 0xe5, 0x18, 0x06, 0x21, 0xe4, 0x18, 0xc4, 0x18, 0x1a, 0xa4,
    0x5f, 0xd5, 0x1f, 0xcd, 0x3f, 0xd5, 0x5f, 0xd5, 0x3f, 0xd5, 0x3f, 0xd5,
    0x5f, 0xd5, 0x5f, 0xd5, 0x5f, 0xd5, 0xff, 0xc4, 0x47, 0x29, 0x47, 0x29,
    0xe5, 0x18, 0x06, 0x21, 0x05, 0x21, 0x06, 0x19, 0x06, 0x21, 0x06, 0x21,
    0xe5, 0x10, 0x87, 0x59, 0xec, 0xfa, 0xeb, 0xfa, 0x0c, 0xfb, 0x29, 0xaa,
    0xe6, 0x10, 0xe5, 0x08, 0xe8, 0x89, 0x0c, 0xfb, 0x2c, 0xfb, 0x2c, 0xfb,
    0xe8, 0x89, 0xc5, 0x00, 0xc5, 0x00, 0xc5, 0x00, 0x29, 0xaa, 0x0c, 0xfb,
    0xec, 0xfa, 0x87, 0x61, 0xe5, 0x10, 0x06, 0x21, 0x05, 0x21, 0x06, 0x19,
    0x06, 0x21, 0x05, 0x21, 0x06, 0x19, 0x06, 0x21, 0x05, 0x21, 0x06, 0x21,
    0x06, 0x21, 0x05, 0x19, 0x06, 0x21, 0x05, 0x21, 0x05, 0x21, 0x06, 0x19,
    0x05, 0x21, 0x06, 0x21, 0x06, 0x19, 0x05, 0x21, 0x05, 0x21, 0x06, 0x21,
    0x05, 0x19, 0x06, 0x19, 0x06, 0x21, 0x05, 0x19, 0x06, 0x21, 0x06, 0x21,
    0x05, 0x19, 0x06, 0x21, 0x06, 0x21, 0xa5, 0x08, 0xc8, 0x72, 0x0b, 0xfe,
    0x0c, 0xfe, 0x89, 0x9b, 0xa5, 0x08, 0xa5, 0x08, 0x06, 0x21, 0x06, 0x21,
    0x05, 0x21, 0x06, 0x19, 0x05, 0x21, 0x06, 0x21, 0x06, 0x19, 0xe4, 0x10,
    0xb3, 0xc2, 0xbb, 0xfb, 0x99, 0xfb, 0x36, 0xe3, 0x36, 0xe3, 0x36, 0xe3,
    0x15, 0xdb, 0x16, 0xdb, 0x16, 0xdb, 0x16, 0xdb, 0xf5, 0xd2, 0x47, 0x31,
    0xe5, 0x18, 0x06, 0x21, 0x05, 0x21, 0x06, 0x21, 0x05, 0x21, 0x06, 0x19,
    0x06, 0x21, 0x05, 0x21, 0x06, 0x19, 0x06, 0x21, 0x05, 0x21, 0x06, 0x21,
    0x06, 0x21, 0x05, 0x19, 0x06, 0x21, 0x05, 0x21, 0x84, 0x18, 0x50, 0x43,
    0x7f, 0x87, 0x7f, 0x87, 0x33, 0x4c, 0x84, 0x18, 0x06, 0x21, 0x06, 0x19,
    0x06, 0x19, 0x05, 0x21, 0x06, 0x21, 0x05, 0x21, 0x05, 0x21, 0xa4, 0x18,
    0x59, 0x65, 0x5f, 0x87, 0xff, 0x7e, 0x1c, 0x6e, 0xdb, 0x6d, 0xdb, 0x6d,
    0xfb, 0x6d, 0xfb, 0x6d, 0xfb, 0x6d, 0xfb, 0x6d, 0xfb, 0x6d, 0xdf, 0x7e,
    0x3f, 0x87, 0x5d, 0x76, 0x26, 0x21, 0xe5, 0x18, 0x06, 0x21, 0x06, 0x21,
    0x05, 0x19, 0x06, 0x21, 0x06, 0x21, 0x05, 0x21, 0x06, 0x21, 0xa5, 0x08,
    0x87, 0x6a, 0xec, 0xfd, 0x0c, 0xfe, 0x0b, 0xfe, 0xc9, 0xa3, 0xc9, 0xab,
    0xa5, 0x08, 0x06, 0x21, 0x05, 0x21, 0x06, 0x21, 0x05, 0x21, 0x06, 0x21,
    0x06, 0x21, 0x05, 0x21, 0x06, 0x21, 0x06, 0x19, 0x05, 0x21, 0x06, 0x19,
    0x06, 0x19, 0x05, 0x21, 0xe5, 0x20, 0xaf, 0x45, 0xd1, 0x4e, 0xd0, 0x4e,
    0xd1, 0x4e, 0xd1, 0x4e, 0xd0, 0x4e, 0xd1, 0x4e, 0xd0, 0x4e, 0xd0, 0x4e,
    0xd1, 0x4e, 0x2f, 0x46, 0x2f, 0x46, 0x48, 0x2a, 0x28, 0x2a, 0x07, 0x2a,
    0x06, 0x21, 0x06, 0x19, 0x05, 0x21, 0x06, 0x19, 0x06, 0x21, 0xc4, 0x10,
    0x2d, 0x52, 0x9b, 0xb4, 0x5b, 0xac, 0x5b, 0xac, 0x5b, 0xac, 0x5b, 0xac,
    0x5b, 0xac, 0x5b, 0xac, 0x5b, 0xac, 0x5b, 0xac, 0x9b, 0xb4, 0xd1, 0x6a,
    0x89, 0x39, 0xca, 0x41, 0x47, 0x29, 0xe5, 0x18, 0xe5, 0x18, 0xe4, 0x18,
    0x19, 0xa4, 0x5f, 0xd5, 0x1f, 0xcd, 0x7c, 0xb4, 0x5b, 0xac, 0x5b, 0xac,
    0x5b, 0xac, 0x5b, 0xac, 0x5b, 0xac, 0x7b, 0xb4, 0x19, 0xa4, 0x27, 0x29,
    0x27, 0x21, 0x05, 0x19, 0x05, 0x21, 0x06, 0x21, 0x05, 0x19, 0x06, 0x21,
    0x06, 0x21, 0xe5, 0x10, 0x87, 0x61, 0xec, 0xfa, 0xeb, 0xfa, 0x0c, 0xfb,
    0x29, 0xb2, 0xe5, 0x10, 0xe6, 0x10, 0xa8, 0x71, 0xab, 0xda, 0xab, 0xda,
    0xab, 0xda, 0xe8, 0x89, 0x46, 0x39, 0x46, 0x39, 0x26, 0x39, 0x4a, 0xba,
    0xec, 0xfa, 0xec, 0xfa, 0xa7, 0x61, 0xe5, 0x10, 0x06, 0x21, 0x06, 0x21,
    0x05, 0x21, 0x06, 0x21, 0x06, 0x19, 0x05, 0x21, 0x06, 0x21, 0x06, 0x21,
    0x05, 0x19, 0x06, 0x21, 0x06, 0x21, 0x05, 0x19, 0x06, 0x21, 0x06, 0x21,
    0x05, 0x21, 0x06, 0x19, 0x05, 0x21, 0x06, 0x21, 0x06, 0x19, 0x06, 0x21,
    0x05, 0x21, 0x06, 0x21, 0x06, 0x21, 0x05, 0x21, 0x06, 0x21, 0x06, 0x19,
    0x06, 0x21, 0x05, 0x21, 0x06, 0x21, 0x06, 0x21, 0xa5, 0x10, 0xc8, 0x72,
    0x0b, 0xfe, 0x0c, 0xfe, 0x88, 0x9b, 0xa5, 0x10, 0xa5, 0x08, 0x06, 0x21,
    0x06, 0x21, 0x06, 0x21, 0x05, 0x21, 0x06, 0x21, 0x06, 0x21, 0x05, 0x21,
    0xe4, 0x10, 0xd3, 0xc2, 0xbb, 0xfb, 0x9a, 0xfb, 0x8a, 0x51, 0x8a, 0x51,
    0x8a, 0x51, 0xe4, 0x10, 0x05, 0x19, 0x05, 0x19, 0x05, 0x19, 0x05, 0x19,
    0x06, 0x21, 0x06, 0x21, 0x05, 0x21, 0x06, 0x21, 0x06, 0x21, 0x05, 0x21,
    0x06, 0x21, 0x05, 0x21, 0x05, 0x21, 0x06, 0x21, 0x06, 0x21, 0x05, 0x19,
    0x06, 0x21, 0x06, 0x21, 0x05, 0x21, 0x06, 0x21, 0x06, 0x21, 0x83, 0x18,
    0x50, 0x43, 0x7f, 0x87, 0x7f, 0x87, 0x33, 0x4c, 0x83, 0x18, 0x06, 0x21,
    0x06, 0x21, 0x05, 0x21, 0x06, 0x19, 0x06, 0x21, 0x06, 0x19, 0x05, 0x21,
    0xa4, 0x18, 0x59, 0x65, 0x7f, 0x87, 0x1f, 0x7f, 0x2a, 0x32, 0xa4, 0x18,
    0xa4, 0x18, 0x05, 0x21, 0x05, 0x19, 0x05, 0x21, 0xc5, 0x18, 0x47, 0x21,
    0x7e, 0x76, 0x5f, 0x87, 0x5d, 0x76, 0x26, 0x21, 0xe5, 0x18, 0x06, 0x21,
    0x05, 0x21, 0x06, 0x21, 0x06, 0x19, 0x05, 0x21, 0x06, 0x21, 0x06, 0x21,
    0xa5, 0x10, 0x87, 0x6a, 0x0c, 0xfe, 0x0c, 0xfe, 0x0c, 0xfe, 0xc9, 0xa3,
    0xa9, 0xab, 0xa5, 0x10, 0x05, 0x21, 0x06, 0x19, 0x06, 0x21, 0x05, 0x19,
    0x06, 0x19, 0x05, 0x21, 0x06, 0x21, 0x06, 0x21, 0x05, 0x21, 0x06, 0x21,
    0x05, 0x21, 0x06, 0x21, 0x06, 0x19, 0x06, 0x21, 0xe5, 0x20, 0xe6, 0x20,
    0xe6, 0x20, 0xe5, 0x20, 0xe6, 0x20, 0x06, 0x21, 0xe5, 0x20, 0xe6, 0x20,
    0xe6, 0x20, 0xa5, 0x18, 0xe7, 0x29, 0xe7, 0x29, 0xf3, 0x57, 0xf4, 0x57,
    0xb0, 0x4e, 0xe5, 0x20, 0xe5, 0x20, 0x05, 0x21, 0x06, 0x21, 0x06, 0x21,
    0x05, 0x21, 0x06, 0x21, 0xe5, 0x18, 0x05, 0x21, 0x05, 0x19, 0xe5, 0x20,
    0x05, 0x19, 0x05, 0x19, 0x05, 0x21, 0x05, 0x19, 0x05, 0x21, 0xa3, 0x10,
    0x75, 0x83, 0x7f, 0xdd, 0x5f, 0xdd, 0x4e, 0x52, 0xc4, 0x10, 0xe5, 0x18,
    0xe5, 0x18, 0x19, 0xa4, 0x5f, 0xd5, 0x1f, 0xcd, 0xaa, 0x39, 0xc4, 0x18,
    0x05, 0x19, 0x05, 0x21, 0x05, 0x21, 0xe5, 0x18, 0x05, 0x19, 0x05, 0x21,
    0x06, 0x21, 0x06, 0x21, 0x05, 0x21, 0x06, 0x21, 0x06, 0x21, 0x05, 0x21,
    0x05, 0x21, 0x06, 0x19, 0xe5, 0x10, 0x87, 0x61, 0x0c, 0xfb, 0xeb, 0xfa,
    0x0c, 0xfb, 0x29, 0xaa, 0xe5, 0x10, 0x06, 0x21, 0x06, 0x21, 0x05, 0x19,
    0x05, 0x19, 0xc5, 0x08, 0x09, 0x9a, 0x0c, 0xfb, 0x0c, 0xfb, 0xeb, 0xfa,
    0xcb, 0xfa, 0xeb, 0xfa, 0xec, 0xfa, 0x87, 0x61, 0xe5, 0x10, 0x06, 0x21,
    0x06, 0x19, 0x05, 0x21, 0x06, 0x21, 0x05, 0x21, 0x06, 0x21, 0x05, 0x21,
    0x06, 0x19, 0x05, 0x21, 0x06, 0x21, 0x06, 0x21, 0x05, 0x21, 0x06, 0x19,
    0x06, 0x21, 0x06, 0x21, 0x06, 0x21, 0x05, 0x21, 0x06, 0x21, 0x06, 0x21,
    0x06, 0x21, 0x06, 0x19, 0x05, 0x21, 0x06, 0x21, 0x05, 0x21, 0x06, 0x21,
    0x05, 0x21, 0x06, 0x19, 0x06, 0x21, 0x05, 0x21, 0x05, 0x19, 0xa5, 0x10,
    0xc8, 0x72, 0xec, 0xfd, 0x0c, 0xfe, 0x89, 0x9b, 0xa5, 0x08, 0xa5, 0x08,
    0x05, 0x21, 0x05, 0x21, 0x06, 0x19, 0x06, 0x21, 0x05, 0x19, 0x06, 0x21,
    0x06, 0x19, 0xc5, 0x10, 0xd3, 0xba, 0xba, 0xfb, 0x9a, 0xfb, 0x89, 0x51,
    0x8a, 0x51, 0x8a, 0x51, 0xe4, 0x10, 0x05, 0x19, 0x06, 0x19, 0x05, 0x19,
    0x05, 0x19, 0x06, 0x21, 0x06, 0x21, 0x05, 0x19, 0x06, 0x19, 0x06, 0x21,
    0x05, 0x19, 0x06, 0x21, 0x06, 0x19, 0x06, 0x21, 0x05, 0x21, 0x06, 0x19,
    0x05, 0x21, 0x06, 0x21, 0x05, 0x19, 0x06, 0x21, 0x06, 0x19, 0x05, 0x19,
    0x83, 0x18, 0x50, 0x43, 0x7f, 0x87, 0x7f, 0x87, 0x34, 0x54, 0x83, 0x18,
    0x06, 0x21, 0x05, 0x21, 0x06, 0x21, 0x05, 0x21, 0x06, 0x21, 0x06, 0x21,
    0x05, 0x19, 0xa4, 0x18, 0x59, 0x65, 0x7f, 0x87, 0x1f, 0x7f, 0x2b, 0x32,
    0xa4, 0x18, 0xa4, 0x18, 0x05, 0x21, 0xe5, 0x20, 0xe5, 0x18, 0xe5, 0x18,
    0x47, 0x21, 0x7e, 0x76, 0x5f, 0x87, 0x5d, 0x76, 0x26, 0x21, 0xe5, 0x18,
    0x06, 0x21, 0x06, 0x21, 0x05, 0x21, 0x06, 0x21, 0x05, 0x19, 0x06, 0x21,
    0x06, 0x19, 0xa5, 0x10, 0x87, 0x6a, 0x0c, 0xfe, 0x0c, 0xfe, 0x0b, 0xfe,
    0xc9, 0xa3, 0xc9, 0xa3, 0xa5, 0x08, 0x06, 0x21, 0x06, 0x21, 0x05, 0x21,
    0x06, 0x21, 0x06, 0x21, 0x05, 0x19, 0x06, 0x21, 0x05, 0x19, 0x06, 0x21,
    0x06, 0x21, 0x05, 0x21, 0x05, 0x21, 0x06, 0x21, 0x06, 0x19, 0x05, 0x19,
    0xe5, 0x20, 0x06, 0x19, 0xe5, 0x20, 0xe5, 0x20, 0xe6, 0x18, 0x05, 0x21,
    0xe6, 0x20, 0xe6, 0x20, 0xa5, 0x18, 0xe7, 0x29, 0xe7, 0x21, 0xf3, 0x57,
    0xf4, 0x57, 0xb0, 0x4e, 0xe6, 0x18, 0x06, 0x21, 0xe5, 0x20, 0x06, 0x19,
    0x05, 0x21, 0x06, 0x21, 0x06, 0x19, 0xe5, 0x20, 0x05, 0x19, 0xe6, 0x20,
    0x05, 0x21, 0xe5, 0x18, 0xe6, 0x20, 0x05, 0x21, 0xe5, 0x18, 0x06, 0x21,
    0xa3, 0x10, 0x76, 0x83, 0x7f, 0xdd, 0x7f, 0xdd, 0x4e, 0x52, 0xa4, 0x10,
    0xe4, 0x18, 0xe5, 0x18, 0x1a, 0xa4, 0x5f, 0xd5, 0x3f, 0xcd, 0xaa, 0x39,
    0xc4, 0x18, 0x05, 0x19, 0xe6, 0x18, 0x05, 0x21, 0xe6, 0x20, 0x05, 0x19,
    0x06, 0x19, 0x06, 0x21, 0x05, 0x21, 0x06, 0x21, 0x06, 0x19, 0x06, 0x21,
    0x06, 0x21, 0x06, 0x19, 0x06, 0x21, 0xe5, 0x10, 0x87, 0x59, 0xec, 0xfa,
    0xec, 0xfa, 0x0c, 0xfb, 0x29, 0xaa, 0xe5, 0x10, 0x06, 0x21, 0x06, 0x19,
    0x05, 0x19, 0x06, 0x19, 0xc5, 0x08, 0x09, 0x9a, 0x0c, 0xfb, 0x0c, 0xfb,
    0xeb, 0xfa, 0xcb, 0xfa, 0xeb, 0xfa, 0xec, 0xfa, 0x87, 0x61, 0xe5, 0x10,
    0x06, 0x21, 0x05, 0x19, 0x06, 0x21, 0x06, 0x21, 0x05, 0x19, 0x06, 0x21,
    0x06, 0x21, 0x05, 0x21, 0x06, 0x21, 0x06, 0x19, 0x05, 0x21, 0x06, 0x21,
    0x05, 0x21, 0x05, 0x19, 0x06, 0x21, 0x05, 0x19, 0x06, 0x21, 0x05, 0x21,
    0x05, 0x19, 0x05, 0x21, 0x06, 0x21, 0x06, 0x19, 0x05, 0x21, 0x06, 0x19,
    0x06, 0x21, 0x05, 0x21, 0x05, 0x21, 0x06, 0x19, 0x06, 0x21, 0x06, 0x21,
    0xa5, 0x08, 0xc8, 0x72, 0x0b, 0xfe, 0x0c, 0xfe, 0x89, 0x9b, 0xa5, 0x10,
    0xa5, 0x08, 0x06, 0x21, 0x06, 0x21, 0x05, 0x21, 0x06, 0x19, 0x05, 0x21,
    0x06, 0x21, 0x06, 0x21, 0xe4, 0x10, 0xd3, 0xba, 0xba, 0xfb, 0x9a, 0xfb,
    0x8a, 0x51, 0x89, 0x49, 0x8a, 0x51, 0xe4, 0x10, 0xe5, 0x18, 0xe6, 0x20,
    0x06, 0x21, 0x05, 0x21, 0x06, 0x21, 0x06, 0x21, 0x05, 0x21, 0x06, 0x21,
    0x06, 0x21, 0x05, 0x21, 0x06, 0x19, 0x06, 0x21, 0x05, 0x21, 0x06, 0x19,
    0x06, 0x21, 0x05, 0x21, 0x06, 0x21, 0x06, 0x21, 0x05, 0x21, 0x06, 0x21,
    0x06, 0x21, 0xa4, 0x18, 0x50, 0x43, 0x5f, 0x87, 0x7f, 0x87, 0x33, 0x4c,
    0x84, 0x18, 0x06, 0x19, 0x06, 0x19, 0x05, 0x21, 0x06, 0x21, 0x05, 0x19,
    0x06, 0x21, 0x06, 0x21, 0xa4, 0x18, 0x59, 0x65, 0x7f, 0x87, 0x1f, 0x7f,
    0x2a, 0x32, 0xa4, 0x18, 0xa4, 0x18, 0x05, 0x19, 0xe6, 0x20, 0x06, 0x21,
    0xe5, 0x18, 0x47, 0x21, 0x7e, 0x76, 0x5f, 0x87, 0x5d, 0x76, 0x26, 0x21,
    0x05, 0x21, 0x06, 0x21, 0x06, 0x19, 0x05, 0x21, 0x06, 0x21, 0x06, 0x21,
    0x05, 0x19, 0x06, 0x21, 0xa5, 0x10, 0x87, 0x6a, 0xec, 0xfd, 0x0c, 0xfe,
    0x0c, 0xfe, 0xc9, 0xab, 0xc9, 0xa3, 0xa5, 0x08, 0x06, 0x21, 0x05, 0x21,
    0x06, 0x19, 0x06, 0x21, 0x05, 0x21, 0x06, 0x21, 0x06, 0x21, 0x05, 0x19,
    0x06, 0x21, 0x06, 0x19, 0x06, 0x19, 0x05, 0x21, 0x06, 0x21, 0x06, 0x21,
    0x05, 0x21, 0x05, 0x19, 0x06, 0x21, 0x06, 0x19, 0x05, 0x21, 0x05, 0x19,
    0xe6, 0x18, 0x05, 0x21, 0x05, 0x19, 0xa5, 0x18, 0xe7, 0x29, 0xe7, 0x21,
    0xf3, 0x57, 0xf4, 0x5f, 0xb0, 0x4e, 0xe5, 0x18, 0xe6, 0x20, 0x06, 0x21,
    0x05, 0x19, 0x06, 0x21, 0x06, 0x21, 0x05, 0x19, 0x05, 0x19, 0x06, 0x21,
    0x06, 0x19, 0x05, 0x19, 0x06, 0x21, 0x06, 0x19, 0x05, 0x19, 0x06, 0x21,
    0x05, 0x19, 0xa3, 0x10, 0x75, 0x8b, 0x7f, 0xdd, 0x5f, 0xdd, 0x4e, 0x5a,
    0xc4, 0x10, 0xe4, 0x18, 0xe4, 0x18, 0x1a, 0xa4, 0x5f, 0xdd, 0x1f, 0xcd,
    0xaa, 0x39, 0xc4, 0x18, 0x05, 0x21, 0x06, 0x19, 0x05, 0x19, 0x05, 0x21,
    0x06, 0x21, 0x05, 0x19, 0x06, 0x21, 0x06, 0x21, 0x05, 0x19, 0x05, 0x21,
    0x06, 0x21, 0x05, 0x19, 0x05, 0x21, 0x06, 0x21, 0xe5, 0x10, 0x87, 0x61,
    0xeb, 0xfa, 0xeb, 0xfa, 0x0c, 0xfb, 0x29, 0xb2, 0xe5, 0x10, 0x06, 0x21,
    0x06, 0x21, 0x05, 0x21, 0x05, 0x21, 0xc5, 0x08, 0x09, 0x9a, 0x0c, 0xfb,
    0x0c, 0xfb, 0xeb, 0xfa, 0xcb, 0xfa, 0xeb, 0xfa, 0xec, 0xfa, 0x87, 0x61,
    0xe5, 0x10, 0x06, 0x21, 0x06, 0x21, 0x05, 0x21, 0x06, 0x19, 0x06, 0x21,
    0x05, 0x19, 0x06, 0x21, 0x06, 0x21, 0x05, 0x19, 0x06, 0x21, 0x06, 0x21,
    0x06, 0x19, 0x06, 0x21, 0x05, 0x21, 0x06, 0x21, 0x06, 0x21, 0x06, 0x19,
    0x06, 0x21, 0x06, 0x21, 0x06, 0x21, 0x05, 0x21, 0x06, 0x21, 0x06, 0x21,
    0x05, 0x19, 0x06, 0x21, 0x06, 0x21, 0x06, 0x19, 0x05, 0x21, 0x06, 0x21,
    0x06, 0x21, 0xa5, 0x10, 0xc8, 0x72, 0x0b, 0xfe, 0x0c, 0xfe, 0x88, 0x9b,
    0xa5, 0x08, 0xa5, 0x08, 0x06, 0x21, 0x06, 0x21, 0x05, 0x21, 0x06, 0x21,
    0x06, 0x21, 0x05, 0x21, 0x06, 0x19, 0xe4, 0x10, 0xd3, 0xc2, 0xbb, 0xfb,
    0x9a, 0xfb, 0x8a, 0x51, 0x8a, 0x51, 0x8a, 0x51, 0xe4, 0x10, 0x06, 0x21,
    0x06, 0x21, 0x06, 0x21, 0x05, 0x21, 0x06, 0x19, 0x05, 0x21, 0x06, 0x21,
    0x05, 0x19, 0x06, 0x21, 0x05, 0x21, 0x06, 0x21, 0x05, 0x21, 0x05, 0x21,
    0x06, 0x21, 0x06, 0x21, 0x05, 0x19, 0x06, 0x21, 0x06, 0x21, 0x05, 0x19,
    0x05, 0x21, 0x06, 0x21, 0x83, 0x18, 0x50, 0x43, 0x7f, 0x87, 0x7f, 0x87,
    0x33, 0x54, 0x83, 0x18, 0x06, 0x21, 0x06, 0x21, 0x05, 0x21, 0x06, 0x19,
    0x06, 0x21, 0x05, 0x21, 0x05, 0x21, 0xa4, 0x18, 0x59, 0x65, 0x7f, 0x87,
    0x1f, 0x7f, 0x4b, 0x32, 0xc4, 0x18, 0xa4, 0x18, 0x06, 0x21, 0x06, 0x21,
    0x05, 0x21, 0xe5, 0x20, 0x47, 0x21, 0x7e, 0x76, 0x5f, 0x87, 0x5d, 0x76,
    0x26, 0x21, 0xe5, 0x18, 0x06, 0x21, 0x05, 0x21, 0x06, 0x19, 0x06, 0x21,
    0x05, 0x21, 0x06, 0x21, 0x06, 0x21, 0xa5, 0x10, 0x87, 0x6a, 0x0c, 0xfe,
    0x0c, 0xfe, 0x0b, 0xfe, 0xa9, 0xa3, 0xc9, 0xab, 0xa5, 0x10, 0x06, 0x21,
    0x05, 0x21, 0x06, 0x21, 0x06, 0x19, 0x05, 0x21, 0x06, 0x21, 0x06, 0x21,
    0x05, 0x21, 0x05, 0x21, 0x06, 0x21, 0x06, 0x21, 0x05, 0x21, 0x06, 0x19,
    0x06, 0x21, 0x06, 0x21, 0x06, 0x21, 0x06, 0x21, 0x06, 0x21, 0x06, 0x21,
    0x06, 0x21, 0x06, 0x21, 0x06, 0x21, 0x06, 0x21, 0xc5, 0x18, 0xe8, 0x29,
    0xe7, 0x29, 0xf3, 0x57, 0xf4, 0x57, 0xb0, 0x4e, 0xe5, 0x20, 0xe5, 0x20,
    0xe6, 0x20, 0x06, 0x21, 0x05, 0x21, 0x06, 0x21, 0x06, 0x21, 0x06, 0x21,
    0x06, 0x21, 0x05, 0x21, 0x06, 0x21, 0x06, 0x21, 0x05, 0x21, 0x06, 0x21,
    0x06, 0x21, 0x06, 0x21, 0xa4, 0x10, 0x75, 0x83, 0x7f, 0xdd, 0x5f, 0xd5,
    0x4e, 0x52, 0xc4, 0x10, 0xe5, 0x18, 0xe4, 0x18, 0x19, 0xa4, 0x5f, 0xd5,
    0x3f, 0xcd, 0xca, 0x39, 0xe4, 0x18, 0x06, 0x21, 0x06, 0x21, 0x06, 0x21,
    0x06, 0x21, 0x06, 0x21, 0x05, 0x21, 0x06, 0x21, 0x06, 0x21, 0x05, 0x21,
    0x06, 0x21, 0x06, 0x21, 0x05, 0x21, 0x06, 0x21, 0x06, 0x19, 0xe5, 0x10,
    0x87, 0x61, 0xec, 0xfa, 0x0c, 0xfb, 0x0c, 0xfb, 0x29, 0xaa, 0xe5, 0x10,
    0x06, 0x21, 0x06, 0x19, 0x06, 0x21, 0x06, 0x21, 0xe5, 0x08, 0x08, 0x9a,
    0xec, 0xfa, 0x0c, 0xfb, 0xcb, 0xfa, 0xeb, 0xfa, 0xec, 0xfa, 0xec, 0xfa,
    0x87, 0x61, 0xe5, 0x10, 0x06, 0x21, 0x06, 0x19, 0x05, 0x21, 0x06, 0x21,
    0x06, 0x21, 0x05, 0x21, 0x06, 0x19, 0x06, 0x21, 0x05, 0x21, 0x05, 0x21,
    0x06, 0x21, 0x05, 0x21, 0x06, 0x19, 0x06, 0x21, 0x05, 0x21, 0x06, 0x21,
    0x05, 0x21, 0x05, 0x21, 0x06, 0x21, 0x06, 0x21, 0x05, 0x19, 0x06, 0x21,
    0x06, 0x21, 0x05, 0x21, 0x06, 0x21, 0x06, 0x19, 0x05, 0x21, 0x06, 0x21,
    0x05, 0x21, 0x05, 0x19, 0xa5, 0x10, 0xc8, 0x72, 0x0c, 0xfe, 0x0c, 0xfe,
    0x89, 0x9b, 0xa5, 0x10, 0xa5, 0x08, 0x06, 0x21, 0x05, 0x21, 0x06, 0x19,
    0x06, 0x21, 0x05, 0x21, 0x06, 0x19, 0x06, 0x21, 0xc4, 0x10, 0xd3, 0xc2,
    0xba, 0xfb, 0x9a, 0xfb, 0x8a, 0x51, 0x8a, 0x51, 0x8a, 0x51, 0xe4, 0x10,
    0x06, 0x21, 0x06, 0x21, 0x05, 0x19, 0x06, 0x21, 0x06, 0x21, 0x05, 0x19,
    0x06, 0x21, 0x06, 0x21, 0x05, 0x19, 0x06, 0x21, 0x06, 0x21, 0x06, 0x19,
    0x06, 0x21, 0x05, 0x21, 0x06, 0x19, 0x06, 0x21, 0x05, 0x21, 0x06, 0x19,
    0x06, 0x21, 0x06, 0x21, 0x05, 0x19, 0x84, 0x18, 0x50, 0x43, 0x7f, 0x87,
    0x7f, 0x87, 0x14, 0x4c, 0x83, 0x18, 0x06, 0x21, 0x05, 0x21, 0x06, 0x21,
    0x06, 0x21, 0x06, 0x21, 0x06, 0x19, 0x05, 0x21, 0xa4, 0x18, 0x59, 0x65,
    0x5f, 0x87, 0x1f, 0x7f, 0x4b, 0x32, 0xa4, 0x18, 0xa4, 0x18, 0x06, 0x21,
    0x06, 0x21, 0x05, 0x21, 0xe5, 0x18, 0x67, 0x21, 0x7e, 0x76, 0x5f, 0x87,
    0x5d, 0x76, 0x26, 0x21, 0xe5, 0x18, 0x06, 0x21, 0x06, 0x21, 0x05, 0x21,
    0x06, 0x19, 0x05, 0x21, 0x06, 0x21, 0x06, 0x19, 0xa5, 0x08, 0x87, 0x6a,
    0x0c, 0xfe, 0x0c, 0xfe, 0x0c, 0xfe, 0xc9, 0xa3, 0xc9, 0xa3, 0xa5, 0x08,
    0x06, 0x21, 0x05, 0x21, 0x06, 0x21, 0x05, 0x21, 0x06, 0x19, 0x05, 0x21,
    0x06, 0x19, 0x06, 0x21, 0x05, 0x21, 0x06, 0x19, 0x05, 0x21, 0x06, 0x21,
    0x05, 0x21, 0x05, 0x19, 0x06, 0x21, 0x05, 0x21, 0x05, 0x19, 0x05, 0x21,
    0x06, 0x21, 0x05, 0x21, 0x05, 0x21, 0x06, 0x21, 0x06, 0x21, 0xc5, 0x18,
    0xe7, 0x21, 0xe7, 0x29, 0xf3, 0x57, 0xf4, 0x57, 0xb0, 0x4e, 0xe5, 0x18,
    0x06, 0x21, 0xe5, 0x18, 0x06, 0x21, 0x05, 0x19, 0x05, 0x21, 0x06, 0x21,
    0x05, 0x21, 0x05, 0x21, 0x06, 0x21, 0x06, 0x21, 0x05, 0x21, 0x06, 0x21,
    0x06, 0x21, 0x05, 0x21, 0x06, 0x21, 0xa4, 0x10, 0x75, 0x83, 0x7f, 0xdd,
    0x5f, 0xd5, 0x4e, 0x5a, 0xa4, 0x10, 0xe4, 0x18, 0xe5, 0x18, 0x1a, 0xa4,
    0x5f, 0xd5, 0x1f, 0xcd, 0xca, 0x41, 0xc4, 0x18, 0x06, 0x21, 0x06, 0x21,
    0x05, 0x21, 0x06, 0x19, 0x05, 0x21, 0x06, 0x21, 0x05, 0x19, 0x06, 0x19,
    0x06, 0x21, 0x05, 0x19, 0x06, 0x21, 0x06, 0x21, 0x05, 0x19, 0x06, 0x21,
    0xe5, 0x10, 0x87, 0x61, 0xec, 0xfa, 0xeb, 0xfa, 0x0c, 0xfb, 0x29, 0xaa,
    0xe5, 0x10, 0x06, 0x21, 0x05, 0x19, 0x05, 0x21, 0x06, 0x21, 0xe5, 0x08,
    0x09, 0x9a, 0x0c, 0xfb, 0x0c, 0xfb, 0xcb, 0xfa, 0xcb, 0xfa, 0xeb, 0xfa,
    0xec, 0xfa, 0x87, 0x61, 0xe5, 0x10, 0x06, 0x21, 0x05, 0x19, 0x06, 0x21,
    0x05, 0x21, 0x06, 0x21, 0x05, 0x21, 0x06, 0x21, 0x06, 0x19, 0x05, 0x21,
    0x06, 0x19, 0x06, 0x21, 0x05, 0x21, 0x06, 0x21, 0x06, 0x19, 0x05, 0x21,
    0x06, 0x19, 0x06, 0x21, 0x05, 0x19, 0x06, 0x21, 0x06, 0x21, 0x05, 0x21,
    0x06, 0x19, 0x05, 0x21, 0x06, 0x21, 0x05, 0x19, 0x05, 0x21, 0x06, 0x21,
    0x06, 0x21, 0x06, 0x19, 0x06, 0x21, 0xa5, 0x10, 0xc8, 0x72, 0x0b, 0xfe,
    0x0c, 0xfe, 0x89, 0x9b, 0xa5, 0x08, 0xa5, 0x08, 0x06, 0x21, 0x05, 0x21,
    0x06, 0x19, 0x05, 0x21, 0x06, 0x21, 0x06, 0x21, 0x05, 0x19, 0xe5, 0x10,
    0xd3, 0xba, 0xba, 0xfb, 0x9a, 0xfb, 0x8a, 0x51, 0xaa, 0x51, 0x8a, 0x51,
    0xe4, 0x10, 0x06, 0x21, 0x05, 0x21, 0x05, 0x21, 0x06, 0x21, 0x06, 0x21,
    0x05, 0x21, 0x06, 0x21, 0x06, 0x21, 0x05, 0x21, 0x06, 0x19, 0x05, 0x21,
    0x06, 0x21, 0x06, 0x19, 0x05, 0x21, 0x06, 0x21, 0x05, 0x21, 0x06, 0x21,
    0x05, 0x19, 0x06, 0x21, 0x06, 0x21, 0x05, 0x21, 0x84, 0x18, 0x50, 0x43,
    0x7f, 0x87, 0x7f, 0x87, 0x33, 0x4c, 0x84, 0x18, 0x06, 0x21, 0x05, 0x19,
    0x06, 0x19, 0x05, 0x21, 0x05, 0x21, 0x06, 0x21, 0x06, 0x19, 0xa4, 0x18,
    0x59, 0x65, 0x7f, 0x87, 0x1f, 0x7f, 0x2b, 0x32, 0xc4, 0x18, 0xc4, 0x18,
    0x06, 0x21, 0x06, 0x19, 0x06, 0x21, 0xe5, 0x20, 0x67, 0x21, 0x7e, 0x76,
    0x5f, 0x87, 0x5d, 0x76, 0x26, 0x21, 0xe5, 0x18, 0x06, 0x21, 0x06, 0x21,
    0x05, 0x21, 0x06, 0x21, 0x06, 0x19, 0x05, 0x21, 0x06, 0x21, 0xa5, 0x10,
    0x87, 0x6a, 0x0c, 0xfe, 0x0c, 0xfe, 0x0c, 0xfe, 0xc9, 0xa3, 0xa9, 0xa3,
    0xa5, 0x10, 0x06, 0x21, 0x06, 0x19, 0x05, 0x21, 0x06, 0x21, 0x06, 0x21,
    0x05, 0x21, 0x06, 0x19, 0x06, 0x21, 0x06, 0x21, 0x05, 0x19, 0x06, 0x21,
    0x06, 0x21, 0x06, 0x21, 0x05, 0x21, 0x06, 0x21, 0x06, 0x21, 0x05, 0x19,
    0x06, 0x21, 0x06, 0x19, 0x05, 0x19, 0x06, 0x21, 0x05, 0x21, 0x05, 0x21,
    0xc5, 0x18, 0xe7, 0x21, 0xe7, 0x29, 0xf3, 0x57, 0xf3, 0x57, 0xb0, 0x4e,
    0xe5, 0x20, 0xe6, 0x20, 0x05, 0x21, 0x06, 0x19, 0x06, 0x21, 0x06, 0x21,
    0x06, 0x19, 0x05, 0x19, 0x06, 0x21, 0x06, 0x19, 0x05, 0x19, 0x06, 0x21,
    0x05, 0x19, 0x06, 0x19, 0x05, 0x21, 0x06, 0x21, 0xa4, 0x10, 0x75, 0x83,
    0x5f, 0xdd, 0x5f, 0xd5, 0x4e, 0x5a, 0xa4, 0x10, 0xe4, 0x18, 0xe4, 0x18,
    0x1a, 0xa4, 0x5f, 0xd5, 0x1f, 0xcd, 0xca, 0x39, 0xc4, 0x18, 0x06, 0x21,
    0x05, 0x19, 0x06, 0x21, 0x05, 0x21, 0x06, 0x19, 0x06, 0x21, 0x05, 0x21,
    0x06, 0x21, 0x06, 0x21, 0x05, 0x21, 0x06, 0x19, 0x06, 0x21, 0x05, 0x21,
    0x06, 0x21, 0xe5, 0x10, 0x87, 0x59, 0xec, 0xfa, 0xeb, 0xfa, 0x0c, 0xfb,
    0x29, 0xb2, 0xe5, 0x10, 0x06, 0x21, 0x06, 0x21, 0x05, 0x21, 0x06, 0x21,
    0xc5, 0x08, 0x08, 0x9a, 0x0c, 0xfb, 0x0c, 0xfb, 0xcb, 0xfa, 0xcb, 0xfa,
    0xeb, 0xfa, 0xec, 0xfa, 0x87, 0x61, 0xe5, 0x10, 0x06, 0x21, 0x06, 0x21,
    0x05, 0x19, 0x06, 0x21, 0x06, 0x19, 0x05, 0x21, 0x06, 0x21, 0x05, 0x21,
    0x06, 0x21, 0x06, 0x21, 0x05, 0x19, 0x06, 0x21, 0x05, 0x21, 0x06, 0x21,
    0x05, 0x21, 0x06, 0x21, 0x06, 0x19, 0x06, 0x21, 0x05, 0x21, 0x06, 0x21,
    0x06, 0x21, 0x05, 0x19, 0x06, 0x21, 0x06, 0x21, 0x06, 0x21, 0x05, 0x21,
    0x06, 0x21, 0x05, 0x19, 0x06, 0x21, 0x06, 0x21, 0xa5, 0x08, 0xc8, 0x72,
    0xeb, 0xfd, 0x0c, 0xfe, 0x88, 0x9b, 0xa5, 0x10, 0xa5, 0x08, 0x06, 0x21,
    0x06, 0x21, 0x05, 0x21, 0x06, 0x21, 0x06, 0x19, 0x05, 0x21, 0x06, 0x21,
    0xe5, 0x10, 0xd3, 0xc2, 0xba, 0xfb, 0x9a, 0xfb, 0x8a, 0x51, 0x8a, 0x51,
    0xaa, 0x51, 0xe4, 0x10, 0x06, 0x21, 0x06, 0x21, 0x06, 0x19, 0x05, 0x21,
    0x06, 0x19, 0x06, 0x21, 0x05, 0x19, 0x06, 0x21, 0x06, 0x21, 0x05, 0x21,
    0x06, 0x21, 0x05, 0x21, 0x06, 0x19, 0x06, 0x21, 0x05, 0x21, 0x06, 0x19,
    0x06, 0x21, 0x05, 0x21, 0x05, 0x21, 0x06, 0x19, 0x06, 0x21, 0x83, 0x18,
    0x50, 0x43, 0x7f, 0x87, 0x7f, 0x87, 0x33, 0x54, 0x83, 0x18, 0x06, 0x21,
    0x06, 0x21, 0x05, 0x21, 0x06, 0x19, 0x06, 0x21, 0x05, 0x21, 0x05, 0x21,
    0xa4, 0x18, 0x59, 0x65, 0x7f, 0x87, 0x1f, 0x7f, 0x4b, 0x32, 0xa4, 0x18,
    0xc4, 0x18, 0x06, 0x21, 0x05, 0x21, 0x05, 0x21, 0xe5, 0x18, 0x47, 0x21,
    0x7e, 0x76, 0x5f, 0x87, 0x5d, 0x76, 0x26, 0x21, 0x05, 0x19, 0x06, 0x21,
    0x05, 0x21, 0x06, 0x19, 0x06, 0x21, 0x05, 0x21, 0x06, 0x21, 0x06, 0x21,
    0xa5, 0x10, 0x87, 0x6a, 0x0c, 0xfe, 0x0c, 0xfe, 0x0b, 0xfe, 0xc9, 0xab,
    0xc9, 0xa3, 0xa5, 0x10, 0x05, 0x21, 0x06, 0x19, 0x06, 0x21, 0x05, 0x21,
    0x06, 0x19, 0x06, 0x21, 0x05, 0x21, 0x05, 0x21, 0x06, 0x21, 0x06, 0x21,
    0x05, 0x19, 0x06, 0x21, 0x06, 0x19, 0x05, 0x21, 0x06, 0x21, 0x06, 0x19,
    0x06, 0x21, 0x06, 0x21, 0x06, 0x21, 0x06, 0x21, 0x06, 0x19, 0x06, 0x21,
    0x06, 0x21, 0xc5, 0x18, 0xe8, 0x29, 0xe7, 0x21, 0xf3, 0x57, 0xf4, 0x57,
    0x90, 0x4e, 0xe5, 0x18, 0xe6, 0x20, 0xe5, 0x20, 0x06, 0x21, 0x06, 0x21,
    0x05, 0x21, 0x06, 0x21, 0x06, 0x21, 0x05, 0x21, 0x06, 0x21, 0x06, 0x21,
    0x05, 0x21, 0x06, 0x21, 0x06, 0x21, 0x05, 0x21, 0x06, 0x21, 0xc3, 0x10,
    0x75, 0x8b, 0x7f, 0xdd, 0x5f, 0xd5, 0x4e, 0x52, 0xc4, 0x10, 0xe4, 0x18,
    0xe5, 0x18, 0x19, 0xa4, 0x5f, 0xdd, 0x1f, 0xcd, 0xca, 0x39, 0xe5, 0x18,
    0x06, 0x21, 0x06, 0x19, 0x05, 0x21, 0x06, 0x21, 0x06, 0x21, 0x05, 0x21,
    0x06, 0x21, 0x05, 0x19, 0x06, 0x21, 0x05, 0x21, 0x06, 0x21, 0x06, 0x19,
    0x05, 0x21, 0x06, 0x21, 0xe5, 0x10, 0x87, 0x61, 0x0c, 0xfb, 0xec, 0xfa,
    0x0c, 0xfb, 0x29, 0xaa, 0xe5, 0x10, 0x06, 0x21, 0x06, 0x19, 0x06, 0x21,
    0x06, 0x21, 0xe5, 0x08, 0xe8, 0x99, 0x0c, 0xfb, 0x0c, 0xfb, 0xcb, 0xfa,
    0xeb, 0xfa, 0xeb, 0xfa, 0xec, 0xfa, 0x87, 0x61, 0xe5, 0x10, 0x06, 0x21,
    0x06, 0x21, 0x05, 0x21, 0x06, 0x21, 0x06, 0x19, 0x05, 0x21, 0x06, 0x21,
    0x06, 0x19, 0x05, 0x21, 0x06, 0x21, 0x06, 0x21, 0x05, 0x19, 0x06, 0x21,
    0x06, 0x21, 0x05, 0x19, 0x05, 0x21, 0x06, 0x21, 0x05, 0x21, 0x06, 0x21,
    0x05, 0x21, 0x06, 0x21, 0x06, 0x21, 0x05, 0x19, 0x06, 0x21, 0x06, 0x19,
    0x06, 0x21, 0x05, 0x21, 0x06, 0x21, 0x05, 0x21, 0x05, 0x21, 0xa5, 0x10,
    0xc8, 0x72, 0x0c, 0xfe, 0x0c, 0xfe, 0x89, 0x9b, 0xa5, 0x08, 0xa5, 0x08,
    0x06, 0x21, 0x05, 0x21, 0x06, 0x21, 0x06, 0x19, 0x05, 0x21, 0x05, 0x21,
    0x06, 0x19, 0xc4, 0x10, 0xd3, 0xc2, 0xbb, 0xfb, 0x99, 0xfb, 0x69, 0x41,
    0x69, 0x49, 0x69, 0x41, 0xc3, 0x00, 0xe4, 0x10, 0xe4, 0x10, 0xe4, 0x08,
    0xe4, 0x10, 0xe4, 0x10, 0xe4, 0x10, 0xe4, 0x08, 0xe4, 0x10, 0xe4, 0x10,
    0xc4, 0x08, 0xe5, 0x10, 0x05, 0x21, 0x06, 0x21, 0x06, 0x21, 0x05, 0x19,
    0x06, 0x21, 0x06, 0x21, 0x06, 0x21, 0x05, 0x19, 0x06, 0x21, 0x06, 0x21,
    0x83, 0x18, 0x50, 0x43, 0x7f, 0x87, 0x7f, 0x87, 0x34, 0x4c, 0x83, 0x18,
    0x06, 0x21, 0x06, 0x21, 0x05, 0x21, 0x06, 0x21, 0x06, 0x19, 0x06, 0x21,
    0x05, 0x21, 0xa4, 0x18, 0x59, 0x65, 0x7f, 0x87, 0x1f, 0x7f, 0x2b, 0x32,
    0xc4, 0x18, 0xa4, 0x18, 0x06, 0x21, 0x06, 0x21, 0x06, 0x21, 0xe5, 0x18,
    0x67, 0x29, 0xdf, 0x7e, 0xdf, 0x8f, 0x9e, 0x76, 0xc5, 0x18, 0x83, 0x18,
    0xa4, 0x18, 0xa4, 0x18, 0x06, 0x21, 0x05, 0x21, 0x06, 0x21, 0x05, 0x19,
    0xa5, 0x08, 0x65, 0x00, 0x47, 0x62, 0x0c, 0xfe, 0x0c, 0xfe, 0x0c, 0xfe,
    0xa9, 0xa3, 0xa9, 0xa3, 0x45, 0x00, 0xa5, 0x10, 0xe5, 0x18, 0x06, 0x21,
    0x05, 0x19, 0x06, 0x21, 0x06, 0x21, 0x05, 0x19, 0x06, 0x21, 0x06, 0x21,
    0x05, 0x21, 0x06, 0x21, 0xa5, 0x18, 0x84, 0x18, 0x85, 0x18, 0x85, 0x18,
    0x84, 0x18, 0x85, 0x18, 0x84, 0x18, 0x85, 0x18, 0x85, 0x18, 0x84, 0x18,
    0x85, 0x18, 0x85, 0x18, 0x44, 0x18, 0x87, 0x21, 0xa7, 0x21, 0xf3, 0x57,
    0xf5, 0x5f, 0x11, 0x4f, 0xe5, 0x20, 0xe6, 0x20, 0x06, 0x21, 0x05, 0x19,
    0xc4, 0x10, 0xc3, 0x10, 0xc4, 0x10, 0xc4, 0x10, 0xc4, 0x10, 0xc4, 0x10,
    0xa4, 0x10, 0xc4, 0x10, 0xc4, 0x10, 0xc4, 0x10, 0xc4, 0x10, 0xc4, 0x10,
    0x62, 0x00, 0x76, 0x8b, 0xbf, 0xe5, 0x9f, 0xe5, 0x6f, 0x5a, 0xa3, 0x10,
    0xe5, 0x18, 0xe5, 0x18, 0x19, 0xa4, 0x5f, 0xd5, 0x1f, 0xcd, 0x89, 0x31,
    0x82, 0x08, 0xc4, 0x10, 0xc4, 0x10, 0xc4, 0x10, 0xa4, 0x10, 0xc4, 0x10,
    0xc4, 0x10, 0xa4, 0x10, 0xc4, 0x10, 0xc4, 0x10, 0xc4, 0x10, 0xc4, 0x10,
    0xc4, 0x10, 0xc4, 0x10, 0x06, 0x21, 0xe5, 0x10, 0x87, 0x59, 0xeb, 0xfa,
    0xeb, 0xfa, 0x0c, 0xfb, 0x29, 0xb2, 0xe5, 0x10, 0x06, 0x19, 0x05, 0x21,
    0x05, 0x21, 0x06, 0x19, 0xe5, 0x08, 0x09, 0xa2, 0x2c, 0xfb, 0x2c, 0xfb,
    0xec, 0xfa, 0xec, 0xfa, 0xeb, 0xfa, 0xec, 0xfa, 0x87, 0x61, 0xe5, 0x10,
    0x06, 0x19, 0x06, 0x21, 0x05, 0x21, 0x06, 0x21, 0x05, 0x21, 0x06, 0x19,
    0x06, 0x21, 0x05, 0x21, 0x06, 0x19, 0x05, 0x21, 0x06, 0x21, 0x06, 0x19,
    0x05, 0x21, 0x06, 0x21, 0x06, 0x19, 0x06, 0x21, 0x05, 0x21, 0x06, 0x19,
    0x06, 0x21, 0x06, 0x21, 0x05, 0x19, 0x06, 0x21, 0x05, 0x21, 0x05, 0x21,
    0x06, 0x21, 0x05, 0x19, 0x06, 0x21, 0x06, 0x19, 0x06, 0x21, 0x06, 0x21,
    0xa5, 0x08, 0xc8, 0x72, 0x0b, 0xfe, 0x0c, 0xfe, 0x89, 0x9b, 0xa5, 0x10,
    0xa5, 0x08, 0x05, 0x21, 0x06, 0x21, 0x06, 0x19, 0x05, 0x21, 0x06, 0x21,
    0x06, 0x21, 0x06, 0x19, 0xe4, 0x10, 0xd3, 0xba, 0xba, 0xfb, 0x99, 0xfb,
    0xd4, 0xc2, 0xd4, 0xc2, 0xd4, 0xca, 0xb2, 0xb2, 0xb2, 0xb2, 0x92, 0xb2,
    0xb3, 0xb2, 0xb2, 0xb2, 0x92, 0xb2, 0x93, 0xb2, 0xb2, 0xb2, 0xb2, 0xb2,
    0x92, 0xb2, 0xb3, 0xb2, 0x70, 0x9a, 0x06, 0x19, 0x05, 0x19, 0x05, 0x21,
    0x06, 0x21, 0x05, 0x21, 0x06, 0x21, 0x06, 0x19, 0x05, 0x21, 0x06, 0x21,
    0x05, 0x19, 0x84, 0x18, 0x50, 0x43, 0x7f, 0x87, 0x7f, 0x87, 0x13, 0x4c,
    0x84, 0x18, 0x06, 0x21, 0x05, 0x19, 0x06, 0x21, 0x05, 0x21, 0x06, 0x21,
    0x06, 0x19, 0x05, 0x21, 0xa4, 0x18, 0x59, 0x65, 0x7f, 0x87, 0x1f, 0x7f,
    0x2b, 0x32, 0xc4, 0x18, 0xa4, 0x18, 0x06, 0x21, 0x06, 0x21, 0x05, 0x19,
    0x05, 0x21, 0x26, 0x21, 0xee, 0x3a, 0x0e, 0x43, 0x4f, 0x43, 0xf7, 0x5c,
    0x37, 0x65, 0x54, 0x54, 0x54, 0x54, 0x05, 0x19, 0xc5, 0x10, 0xc5, 0x18,
    0xc7, 0x41, 0x49, 0xb4, 0x09, 0xac, 0x8a, 0xcc, 0xcb, 0xfd, 0xcb, 0xfd,
    0xcb, 0xfd, 0xea, 0xe4, 0x0a, 0xe5, 0xe9, 0xab, 0x4a, 0xb4, 0x87, 0x6a,
    0xc5, 0x10, 0x06, 0x21, 0x05, 0x21, 0x06, 0x21, 0x06, 0x19, 0x05, 0x21,
    0x06, 0x19, 0x06, 0x21, 0xc5, 0x18, 0x6c, 0x3c, 0xaf, 0x45, 0xae, 0x45,
    0xae, 0x45, 0xae, 0x45, 0xae, 0x45, 0xae, 0x45, 0xae, 0x45, 0xae, 0x45,
    0xae, 0x45, 0xae, 0x45, 0xae, 0x45, 0x8e, 0x45, 0x4e, 0x45, 0x6e, 0x45,
    0x6a, 0x33, 0x4a, 0x33, 0xe9, 0x2a, 0x06, 0x21, 0xc4, 0x18, 0xe4, 0x18,
    0xca, 0x39, 0xd7, 0x93, 0xb7, 0x93, 0xb7, 0x93, 0xb7, 0x93, 0xb7, 0x93,
    0xb7, 0x93, 0xb7, 0x93, 0xb7, 0x93, 0xb7, 0x93, 0xb7, 0x93, 0xb7, 0x93,
    0xb7, 0x93, 0xd6, 0x93, 0xf2, 0x72, 0x4d, 0x5a, 0x8f, 0x5a, 0x88, 0x31,
    0xe5, 0x18, 0xe4, 0x18, 0xe4, 0x18, 0x1a, 0xa4, 0x5f, 0xd5, 0x1f, 0xcd,
    0xf8, 0x9b, 0x96, 0x93, 0xb7, 0x93, 0xb7, 0x93, 0xb7, 0x93, 0xb7, 0x93,
    0xb7, 0x93, 0xb7, 0x93, 0xb7, 0x93, 0xb7, 0x93, 0xb7, 0x93, 0xb7, 0x93,
    0xb7, 0x93, 0xd7, 0x93, 0x13, 0x7b, 0xe5, 0x18, 0xe5, 0x10, 0x87, 0x61,
    0xec, 0xfa, 0xec, 0xfa, 0x0c, 0xfb, 0x49, 0xaa, 0xe5, 0x10, 0x06, 0x21,
    0x06, 0x21, 0x05, 0x21, 0x06, 0x21, 0xe5, 0x18, 0x67, 0x49, 0xa8, 0x69,
    0xa8, 0x69, 0x87, 0x61, 0x6a, 0xca, 0xec, 0xfa, 0xec, 0xfa, 0xa7, 0x61,
    0xe5, 0x10, 0x06, 0x21, 0x05, 0x19, 0x06, 0x21, 0x06, 0x19, 0x05, 0x21,
    0x06, 0x21, 0x05, 0x21, 0x06, 0x21, 0x06, 0x19, 0x05, 0x21, 0x06, 0x21,
    0x06, 0x21, 0x05, 0x21, 0x05, 0x19, 0xe5, 0x18, 0x06, 0x21, 0x06, 0x21,
    0x05, 0x19, 0x06, 0x21, 0x06, 0x21, 0x06, 0x21, 0x05, 0x19, 0x06, 0x21,
    0x06, 0x21, 0x05, 0x21, 0x06, 0x21, 0x06, 0x19, 0x05, 0x21, 0x06, 0x21,
    0x06, 0x21, 0xa5, 0x08, 0xc8, 0x72, 0x0c, 0xfe, 0x0b, 0xfe, 0x88, 0x9b,
    0xa5, 0x08, 0xa5, 0x08, 0x06, 0x21, 0x06, 0x21, 0x05, 0x21, 0x06, 0x21,
    0x06, 0x21, 0x05, 0x21, 0x06, 0x21, 0xe5, 0x10, 0xb3, 0xc2, 0xba, 0xfb,
    0x99, 0xfb, 0xba, 0xfb, 0xba, 0xfb, 0xba, 0xfb, 0xba, 0xfb, 0xba, 0xfb,
    0xbb, 0xfb, 0xba, 0xfb, 0xbb, 0xfb, 0xba, 0xfb, 0xbb, 0xfb, 0xbb, 0xfb,
    0xba, 0xfb, 0xbb, 0xfb, 0xdb, 0xfb, 0x57, 0xeb, 0x06, 0x21, 0x05, 0x19,
    0x06, 0x21, 0x06, 0x21, 0x05, 0x19, 0x06, 0x21, 0x05, 0x21, 0x06, 0x21,
    0x06, 0x21, 0x05, 0x21, 0x84, 0x18, 0x50, 0x43, 0x7f, 0x87, 0x7f, 0x87,
    0x33, 0x54, 0x83, 0x18, 0x06, 0x21, 0x06, 0x19, 0x05, 0x21, 0x06, 0x21,
    0x05, 0x19, 0x06, 0x21, 0x06, 0x21, 0xa4, 0x18, 0x59, 0x65, 0x7f, 0x87,
    0x1f, 0x7f, 0x4b, 0x32, 0xc4, 0x18, 0xa4, 0x18, 0x06, 0x21, 0x05, 0x21,
    0x06, 0x21, 0x06, 0x21, 0x05, 0x21, 0xa4, 0x18, 0x43, 0x10, 0x47, 0x21,
    0x3f, 0x7f, 0xdf, 0x8f, 0x3d, 0x76, 0x3d, 0x6e, 0x05, 0x21, 0xa5, 0x10,
    0xa5, 0x10, 0x47, 0x5a, 0x4c, 0xfe, 0x0c, 0xfe, 0xec, 0xfd, 0xab, 0xfd,
    0xab, 0xfd, 0xab, 0xfd, 0xcc, 0xfd, 0xcb, 0xfd, 0x0c, 0xfe, 0x6c, 0xfe,
    0x89, 0x9b, 0xa5, 0x08, 0x06, 0x21, 0x06, 0x21, 0x05, 0x21, 0x06, 0x21,
    0x05, 0x21, 0x06, 0x21, 0x05, 0x21, 0xa5, 0x18, 0x90, 0x4e, 0xf5, 0x5f,
    0xf4, 0x57, 0xf4, 0x5f, 0xf4, 0x5f, 0xf4, 0x57, 0xf4, 0x5f, 0xf4, 0x5f,
    0xf4, 0x5f, 0xf4, 0x57, 0xf4, 0x5f, 0xf4, 0x5f, 0xf4, 0x5f, 0x72, 0x4f,
    0x92, 0x57, 0xa5, 0x18, 0x64, 0x18, 0xa5, 0x18, 0x06, 0x21, 0xc4, 0x10,
    0xc4, 0x10, 0x2d, 0x52, 0x9f, 0xe5, 0x5f, 0xdd, 0x5f, 0xd5, 0x5f, 0xd5,
    0x5f, 0xd5, 0x5f, 0xd5, 0x5f, 0xd5, 0x5f, 0xd5, 0x5f, 0xd5, 0x5f, 0xd5,
    0x5f, 0xd5, 0x5f, 0xd5, 0xbf, 0xe5, 0x90, 0x62, 0x61, 0x00, 0xc4, 0x10,
    0xe5, 0x18, 0x06, 0x21, 0xe4, 0x18, 0xe5, 0x18, 0x1a, 0xa4, 0x5f, 0xd5,
    0x1f, 0xcd, 0x5f, 0xd5, 0x7f, 0xdd, 0x5f, 0xd5, 0x5f, 0xd5, 0x5f, 0xdd,
    0x5f, 0xd5, 0x5f, 0xd5, 0x5f, 0xd5, 0x5f, 0xd5, 0x5f, 0xd5, 0x5f, 0xd5,
    0x5f, 0xdd, 0x5f, 0xd5, 0x9f, 0xe5, 0x7c, 0xb4, 0xe5, 0x18, 0xe5, 0x10,
    0x87, 0x61, 0xec, 0xfa, 0xeb, 0xfa, 0x0c, 0xfb, 0x29, 0xb2, 0xe5, 0x10,
    0x06, 0x19, 0x06, 0x21, 0x06, 0x19, 0x05, 0x21, 0x06, 0x21, 0x05, 0x11,
    0xe5, 0x10, 0xe5, 0x10, 0xc5, 0x00, 0x29, 0xa2, 0x0c, 0xfb, 0xec, 0xfa,
    0x87, 0x61, 0xe5, 0x10, 0x06, 0x21, 0x06, 0x21, 0x05, 0x21, 0x06, 0x21,
    0x06, 0x19, 0x05, 0x21, 0x06, 0x21, 0x06, 0x19, 0x05, 0x21, 0x05, 0x19,
    0x05, 0x19, 0x06, 0x19, 0xe5, 0x10, 0xa8, 0x69, 0xe8, 0x91, 0x05, 0x19,
    0x06, 0x19, 0x06, 0x21, 0x05, 0x21, 0x05, 0x21, 0x06, 0x21, 0x06, 0x21,
    0x06, 0x19, 0x06, 0x21, 0x05, 0x21, 0x06, 0x19, 0x05, 0x21, 0x05, 0x21,
    0x06, 0x21, 0x05, 0x21, 0xa5, 0x10, 0xc8, 0x72, 0x0c, 0xfe, 0x0c, 0xfe,
    0x89, 0x9b, 0xa5, 0x10, 0xa5, 0x08, 0x06, 0x21, 0x05, 0x21, 0x06, 0x19,
    0x05, 0x21, 0x06, 0x19, 0x05, 0x21, 0x06, 0x19, 0xe5, 0x10, 0xd3, 0xc2,
    0x9a, 0xfb, 0x79, 0xfb, 0x9a, 0xfb, 0x9a, 0xfb, 0xba, 0xfb, 0xbb, 0xfb,
    0xba, 0xfb, 0xba, 0xfb, 0xbb, 0xfb, 0xba, 0xfb, 0xba, 0xfb, 0xba, 0xfb,
    0xba, 0xfb, 0xbb, 0xfb, 0xba, 0xfb, 0xdc, 0xfb, 0x37, 0xeb, 0x05, 0x21,
    0x05, 0x19, 0x06, 0x21, 0x06, 0x21, 0x06, 0x19, 0x05, 0x21, 0x06, 0x21,
    0x06, 0x19, 0x05, 0x21, 0x06, 0x21, 0xa3, 0x18, 0x50, 0x43, 0x5f, 0x87,
    0x7f, 0x87, 0x33, 0x4c, 0x84, 0x18, 0x06, 0x21, 0x05, 0x21, 0x06, 0x21,
    0x06, 0x19, 0x05, 0x21, 0x06, 0x21, 0x05, 0x21, 0xa4, 0x18, 0x59, 0x65,
    0x7f, 0x87, 0x1f, 0x7f, 0x2b, 0x32, 0xc4, 0x18, 0xc4, 0x18, 0x06, 0x21,
    0x06, 0x21, 0x06, 0x19, 0x06, 0x21, 0x05, 0x21, 0xa4, 0x18, 0x43, 0x10,
    0x67, 0x21, 0x3f, 0x7f, 0xdf, 0x8f, 0x3d, 0x6e, 0x3d, 0x76, 0x05, 0x21,
    0xa5, 0x10, 0xa5, 0x10, 0x47, 0x5a, 0x2c, 0xfe, 0x0c, 0xfe, 0xeb, 0xfd,
    0xab, 0xfd, 0x8b, 0xfd, 0xab, 0xfd, 0xcc, 0xfd, 0xcb, 0xfd, 0x0c, 0xfe,
    0x6c, 0xfe, 0x89, 0x9b, 0xa5, 0x08, 0x06, 0x21, 0x05, 0x19, 0x06, 0x19,
    0x06, 0x21, 0x06, 0x21, 0xe5, 0x18, 0x06, 0x21, 0xa5, 0x18, 0x90, 0x4e,
    0xf4, 0x5f, 0xf4, 0x57, 0xf4, 0x5f, 0xf4, 0x57, 0xf4, 0x57, 0xf4, 0x5f,
    0xf4, 0x57, 0xf4, 0x57, 0xf4, 0x5f, 0xf4, 0x57, 0xf4, 0x57, 0xf4, 0x5f,
    0x92, 0x57, 0x72, 0x4f, 0xa5, 0x18, 0x64, 0x18, 0xa5, 0x20, 0x06, 0x21,
    0xc4, 0x10, 0xc4, 0x10, 0x2d, 0x52, 0x9f, 0xe5, 0x5f, 0xd5, 0x5f, 0xdd,
    0x5f, 0xd5, 0x5f, 0xdd, 0x5f, 0xdd, 0x5f, 0xdd, 0x5f, 0xd5, 0x5f, 0xdd,
    0x5f, 0xdd, 0x5f, 0xdd, 0x5f, 0xd5, 0xbf, 0xed, 0xb0, 0x62, 0x61, 0x00,
    0xa4, 0x10, 0xe5, 0x18, 0x06, 0x21, 0xe4, 0x18, 0xe4, 0x18, 0x1a, 0xa4,
    0x5f, 0xd5, 0x1f, 0xcd, 0x5f, 0xd5, 0x7f, 0xdd, 0x5f, 0xdd, 0x5f, 0xd5,
    0x5f, 0xdd, 0x5f, 0xd5, 0x5f, 0xdd, 0x5f, 0xdd, 0x5f, 0xd5, 0x5f, 0xdd,
    0x5f, 0xdd, 0x5f, 0xd5, 0x5f, 0xd5, 0x9f, 0xe5, 0x7c, 0xb4, 0xe5, 0x18,
    0xe5, 0x10, 0x87, 0x61, 0xeb, 0xfa, 0x0c, 0xfb, 0x0c, 0xfb, 0x29, 0xaa,
    0xe5, 0x10, 0x06, 0x21, 0x05, 0x21, 0x06, 0x21, 0x06, 0x19, 0x06, 0x21,
    0xe5, 0x18, 0xe5, 0x10, 0xe5, 0x10, 0xc5, 0x00, 0x09, 0xa2, 0x0c, 0xfb,
    0xeb, 0xfa, 0x87, 0x61, 0xe5, 0x10, 0x06, 0x21, 0x06, 0x19, 0x05, 0x21,
    0x06, 0x21, 0x06, 0x21, 0x05, 0x19, 0x06, 0x21, 0x06, 0x21, 0x06, 0x21,
    0x05, 0x19, 0x06, 0x19, 0x05, 0x19, 0xe5, 0x10, 0xa8, 0x69, 0xe9, 0x91,
    0x05, 0x19, 0x05, 0x19, 0x06, 0x21, 0x06, 0x21, 0x06, 0x21, 0x05, 0x21,
    0x05, 0x19, 0x06, 0x21, 0x05, 0x21, 0x06, 0x19, 0x06, 0x21, 0x06, 0x21,
    0x06, 0x19, 0x06, 0x21, 0x05, 0x21, 0xa5, 0x08, 0xc8, 0x72, 0xeb, 0xfd,
    0x0c, 0xfe, 0x89, 0x9b, 0xa5, 0x08, 0xa5, 0x08, 0x06, 0x21, 0x06, 0x21,
    0x05, 0x21, 0x06, 0x21, 0x06, 0x21, 0x05, 0x21, 0x06, 0x19, 0xe4, 0x10,
    0xd3, 0xba, 0xba, 0xfb, 0x79, 0xfb, 0x99, 0xfb, 0x79, 0xfb, 0x79, 0xfb,
    0x79, 0xfb, 0x79, 0xfb, 0x79, 0xfb, 0x79, 0xfb, 0x79, 0xfb, 0x99, 0xfb,
    0x79, 0xfb, 0x79, 0xfb, 0x99, 0xfb, 0x79, 0xfb, 0x9a, 0xfb, 0x16, 0xdb,
    0x06, 0x21, 0x05, 0x19, 0x06, 0x21, 0x05, 0x21, 0x06, 0x21, 0x06, 0x21,
    0x05, 0x19, 0x06, 0x21, 0x06, 0x19, 0x05, 0x21, 0x84, 0x18, 0x50, 0x43,
    0x7f, 0x87, 0x7f, 0x87, 0x33, 0x4c, 0x84, 0x18, 0x06, 0x21, 0x05, 0x19,
    0x06, 0x21, 0x06, 0x21, 0x05, 0x21, 0x06, 0x19, 0x05, 0x21, 0xa4, 0x18,
    0x59, 0x65, 0x7f, 0x87, 0x1f, 0x7f, 0x2b, 0x32, 0xa4, 0x18, 0xc4, 0x18,
    0x06, 0x21, 0x05, 0x21, 0x05, 0x19, 0x06, 0x21, 0x06, 0x21, 0x05, 0x21,
    0xc5, 0x18, 0xa9, 0x29, 0xdf, 0x7e, 0x5f, 0x87, 0xfb, 0x6d, 0xfb, 0x6d,
    0xe5, 0x18, 0xa5, 0x10, 0xa5, 0x10, 0x27, 0x5a, 0xec, 0xfd, 0xab, 0xfd,
    0xab, 0xfd, 0xac, 0xfd, 0xab, 0xfd, 0xab, 0xfd, 0xab, 0xfd, 0xab, 0xfd,
    0xab, 0xfd, 0x0c, 0xfe, 0x69, 0x93, 0xa5, 0x08, 0x05, 0x21, 0x06, 0x21,
    0x05, 0x21, 0x06, 0x21, 0x06, 0x19, 0x05, 0x21, 0x06, 0x21, 0xa5, 0x18,
    0x2f, 0x46, 0xf4, 0x57, 0xf3, 0x57, 0xf2, 0x57, 0xf3, 0x57, 0xf2, 0x57,
    0xf2, 0x57, 0xf3, 0x57, 0xf2, 0x57, 0xf2, 0x57, 0xf3, 0x57, 0xf3, 0x57,
    0xf3, 0x57, 0x11, 0x4f, 0x31, 0x4f, 0x26, 0x21, 0xe5, 0x20, 0x06, 0x21,
    0x05, 0x21, 0xc4, 0x10, 0xc4, 0x10, 0x2d, 0x52, 0x5f, 0xd5, 0x1f, 0xcd,
    0x1f, 0xcd, 0x1f, 0xcd, 0x1f, 0xcd, 0x1f, 0xcd, 0x1f, 0xcd, 0x1f, 0xcd,
    0x1f, 0xcd, 0x1f, 0xcd, 0x1f, 0xcd, 0x1f, 0xcd, 0x7f, 0xdd, 0xb0, 0x62,
    0xa3, 0x10, 0x06, 0x21, 0x06, 0x21, 0x05, 0x21, 0xc5, 0x18, 0xe4, 0x18,
    0x19, 0xa4, 0x5f, 0xd5, 0x1f, 0xcd, 0x1f, 0xcd, 0x1f, 0xcd, 0x1f, 0xcd,
    0x1f, 0xcd, 0x1f, 0xcd, 0x1f, 0xcd, 0x1f, 0xcd, 0x1f, 0xcd, 0x1f, 0xcd,
    0x1f, 0xcd, 0x1f, 0xcd, 0x1f, 0xcd, 0x1f, 0xcd, 0x5f, 0xd5, 0x3a, 0xac,
    0xe5, 0x18, 0xe5, 0x10, 0x87, 0x59, 0xec, 0xfa, 0xeb, 0xfa, 0x0c, 0xfb,
    0x29, 0xaa, 0xe5, 0x10, 0x06, 0x21, 0x06, 0x19, 0x05, 0x21, 0x06, 0x21,
    0x05, 0x21, 0x06, 0x19, 0x06, 0x21, 0x06, 0x21, 0xe5, 0x08, 0x29, 0xaa,
    0x0c, 0xfb, 0xec, 0xfa, 0x87, 0x61, 0xe5, 0x10, 0x06, 0x21, 0x05, 0x19,
    0x06, 0x21, 0x05, 0x21, 0x06, 0x21, 0x06, 0x21, 0x05, 0x21, 0x05, 0x21,
    0x06, 0x19, 0xa8, 0x71, 0x47, 0x49, 0x47, 0x49, 0xa8, 0x71, 0x26, 0x31,
    0x09, 0x9a, 0x06, 0x21, 0x06, 0x21, 0x05, 0x19, 0x06, 0x21, 0x06, 0x21,
    0x06, 0x19, 0x05, 0x21, 0x06, 0x21, 0x06, 0x21, 0x05, 0x21, 0x06, 0x21,
    0x05, 0x21, 0x06, 0x19, 0x06, 0x21, 0x06, 0x21, 0xa5, 0x10, 0xc8, 0x72,
    0x0c, 0xfe, 0x0c, 0xfe, 0x88, 0x9b, 0xa5, 0x10, 0xa5, 0x08, 0x06, 0x21,
    0x05, 0x21, 0x06, 0x19, 0x06, 0x21, 0x05, 0x21, 0x06, 0x21, 0x06, 0x21,
    0xc4, 0x10, 0xd3, 0xc2, 0xbb, 0xfb, 0x79, 0xfb, 0x99, 0xfb, 0x99, 0xfb,
    0x99, 0xfb, 0x99, 0xfb, 0x99, 0xfb, 0x99, 0xfb, 0x99, 0xfb, 0x79, 0xfb,
    0x99, 0xfb, 0x99, 0xfb, 0x79, 0xfb, 0x99, 0xfb, 0x99, 0xfb, 0xba, 0xfb,
    0x16, 0xdb, 0x05, 0x21, 0x05, 0x19, 0x06, 0x21, 0x06, 0x21, 0x05, 0x21,
    0x06, 0x19, 0x05, 0x21, 0x06, 0x21, 0x06, 0x21, 0x05, 0x19, 0x84, 0x18,
    0x50, 0x43, 0x7f, 0x87, 0x7f, 0x87, 0x33, 0x54, 0x83, 0x18, 0x06, 0x21,
    0x05, 0x21, 0x06, 0x19, 0x06, 0x21, 0x05, 0x21, 0x06, 0x21, 0x06, 0x19,
    0xa4, 0x18, 0x59, 0x65, 0x7f, 0x87, 0x1f, 0x7f, 0x4b, 0x32, 0xa4, 0x18,
    0xa4, 0x18, 0x06, 0x21, 0x06, 0x21, 0x05, 0x21, 0x06, 0x19, 0x06, 0x21,
    0x05, 0x21, 0xc5, 0x18, 0xa9, 0x29, 0xdf, 0x7e, 0x5f, 0x87, 0xfb, 0x6d,
    0xfb, 0x6d, 0x05, 0x21, 0xa5, 0x10, 0xa5, 0x10, 0x47, 0x5a, 0xec, 0xfd,
    0xab, 0xfd, 0xab, 0xfd, 0xab, 0xfd, 0xac, 0xfd, 0xab, 0xfd, 0xab, 0xfd,
    0xac, 0xfd, 0xab, 0xfd, 0x0c, 0xfe, 0x68, 0x93, 0xa5, 0x08, 0x06, 0x21,
    0x06, 0x21, 0x05, 0x21, 0x06, 0x21, 0x05, 0x21, 0x06, 0x21, 0x06, 0x21,
    0xa5, 0x20, 0x2f, 0x46, 0xf4, 0x5f, 0xf3, 0x57, 0xf3, 0x57, 0xf3, 0x57,
    0xf3, 0x57, 0xf3, 0x57, 0xf3, 0x57, 0xf3, 0x57, 0xf3, 0x57, 0xf2, 0x57,
    0xf3, 0x57, 0xf3, 0x57, 0x11, 0x4f, 0x31, 0x4f, 0x26, 0x21, 0xe5, 0x20,
    0x06, 0x21, 0x06, 0x21, 0xc4, 0x10, 0xc4, 0x10, 0x2d, 0x52, 0x5f, 0xd5,
    0x1f, 0xcd, 0x1f, 0xcd, 0x1f, 0xcd, 0x1f, 0xcd, 0x1f, 0xcd, 0x1f, 0xcd,
    0x1f, 0xcd, 0x1f, 0xcd, 0x1f, 0xcd, 0x1f, 0xcd, 0x1f, 0xcd, 0x7f, 0xdd,
    0xb0, 0x62, 0xa3, 0x10, 0x06, 0x21, 0x06, 0x21, 0x05, 0x19, 0xe5, 0x18,
    0xe5, 0x18, 0x19, 0xa4, 0x5f, 0xd5, 0x1f, 0xcd, 0x1f, 0xcd, 0x1f, 0xcd,
    0x1f, 0xcd, 0x1f, 0xcd, 0x1f, 0xcd, 0x1f, 0xcd, 0x1f, 0xcd, 0x1f, 0xcd,
    0x1f, 0xcd, 0x1f, 0xcd, 0x1f, 0xcd, 0x1f, 0xcd, 0x1f, 0xcd, 0x5f, 0xd5,
    0x3a, 0xac, 0xe5, 0x18, 0xe5, 0x10, 0x87, 0x61, 0xec, 0xfa, 0xeb, 0xfa,
    0x0c, 0xfb, 0x29, 0xb2, 0xe5, 0x10, 0x06, 0x21, 0x06, 0x19, 0x05, 0x21,
    0x06, 0x21, 0x06, 0x21, 0x05, 0x19, 0x06, 0x21, 0x05, 0x21, 0xe5, 0x08,
    0x29, 0xaa, 0x0c, 0xfb, 0xec, 0xfa, 0x87, 0x61, 0xe5, 0x10, 0x06, 0x21,
    0x06, 0x21, 0x05, 0x19, 0x06, 0x21, 0x05, 0x19, 0x06, 0x21, 0x06, 0x19,
    0x05, 0x21, 0xe5, 0x10, 0xa7, 0x69, 0x6a, 0xc2, 0x6a, 0xc2, 0x87, 0x61,
    0x05, 0x19, 0x09, 0xa2, 0x26, 0x29, 0x06, 0x29, 0x06, 0x19, 0x05, 0x21,
    0x06, 0x21, 0x05, 0x21, 0x06, 0x21, 0x06, 0x19, 0x05, 0x21, 0x06, 0x21,
    0x05, 0x19, 0x05, 0x21, 0x06, 0x21, 0x05, 0x21, 0x06, 0x21, 0xa5, 0x08,
    0xc8, 0x7a, 0x4c, 0xfe, 0x4c, 0xfe, 0xa9, 0xa3, 0xa5, 0x08, 0x85, 0x08,
    0x06, 0x21, 0x05, 0x21, 0x06, 0x21, 0x06, 0x19, 0x05, 0x21, 0x06, 0x19,
    0x06, 0x21, 0xe4, 0x10, 0xd4, 0xc2, 0xdb, 0xfb, 0x9a, 0xfb, 0x9a, 0xfb,
    0xba, 0xfb, 0x9a, 0xfb, 0x9a, 0xfb, 0xba, 0xfb, 0x9a, 0xfb, 0x9a, 0xfb,
    0xba, 0xfb, 0x9a, 0xfb, 0x9a, 0xfb, 0xba, 0xfb, 0x9a, 0xfb, 0x9a, 0xfb,
    0xdb, 0xfb, 0x37, 0xe3, 0x05, 0x21, 0x05, 0x19, 0x06, 0x21, 0x06, 0x21,
    0x05, 0x19, 0x06, 0x21, 0x06, 0x21, 0x05, 0x21, 0x05, 0x21, 0x06, 0x21,
    0x83, 0x18, 0x70, 0x43, 0xbf, 0x87, 0xbf, 0x8f, 0x54, 0x54, 0x83, 0x18,
    0x06, 0x19, 0x06, 0x21, 0x05, 0x21, 0x06, 0x19, 0x06, 0x21, 0x05, 0x21,
    0x05, 0x21, 0xa4, 0x18, 0x9a, 0x65, 0xbf, 0x87, 0x7f, 0x87, 0x4b, 0x32,
    0xc4, 0x18, 0xa4, 0x18, 0x06, 0x21, 0x06, 0x21, 0x06, 0x21, 0x05, 0x21,
    0x06, 0x21, 0x06, 0x21, 0xc5, 0x18, 0xc8, 0x29, 0x1f, 0x7f, 0x9f, 0x87,
    0x3c, 0x6e, 0x3d, 0x6e, 0xe5, 0x20, 0xa5, 0x10, 0xa5, 0x10, 0x47, 0x5a,
    0x2c, 0xfe, 0xec, 0xfd, 0xeb, 0xfd, 0xec, 0xfd, 0xec, 0xfd, 0xec, 0xfd,
    0xec, 0xfd, 0xec, 0xfd, 0xeb, 0xfd, 0x4c, 0xfe, 0x69, 0x93, 0xa5, 0x08,
    0x06, 0x21, 0x06, 0x19, 0x06, 0x19, 0x05, 0x21, 0x06, 0x21, 0xe5, 0x18,
    0x06, 0x21, 0xa5, 0x18, 0x70, 0x4e, 0xf4, 0x5f, 0xf3, 0x57, 0xf3, 0x57,
    0xf3, 0x57, 0xf3, 0x57, 0xf3, 0x57, 0xf3, 0x57, 0xf3, 0x57, 0xf3, 0x57,
    0xf3, 0x57, 0xf3, 0x57, 0xf4, 0x5f, 0x72, 0x57, 0x71, 0x57, 0x26, 0x21,
    0xe5, 0x18, 0x06, 0x21, 0x06, 0x21, 0xc4, 0x10, 0xc4, 0x10, 0x2d, 0x52,
    0x7f, 0xdd, 0x5f, 0xd5, 0x5f, 0xd5, 0x5f, 0xd5, 0x5f, 0xd5, 0x5f, 0xd5,
    0x5f, 0xd5, 0x5f, 0xd5, 0x5f, 0xd5, 0x5f, 0xd5, 0x3f, 0xd5, 0x5f, 0xd5,
    0x9f, 0xe5, 0xd1, 0x6a, 0xc3, 0x10, 0x06, 0x21, 0x05, 0x21, 0x05, 0x21,
    0xe5, 0x18, 0xe4, 0x18, 0x3b, 0xa4, 0x9f, 0xdd, 0x3f, 0xd5, 0x5f, 0xd5,
    0x3f, 0xd5, 0x5f, 0xd5, 0x5f, 0xd5, 0x5f, 0xd5, 0x5f, 0xd5, 0x5f, 0xd5,
    0x5f, 0xd5, 0x5f, 0xd5, 0x5f, 0xd5, 0x5f, 0xd5, 0x5f, 0xd5, 0x5f, 0xd5,
    0x9f, 0xdd, 0x7b, 0xac, 0xe5, 0x18, 0xe5, 0x10, 0x87, 0x61, 0x0c, 0xfb,
    0x0c, 0xfb, 0x2c, 0xfb, 0x49, 0xb2, 0xe5, 0x10, 0x06, 0x21, 0x05, 0x21,
    0x06, 0x21, 0x06, 0x19, 0x05, 0x21, 0x06, 0x21, 0x06, 0x21, 0x05, 0x21,
    0xe5, 0x08, 0x29, 0xb2, 0x2c, 0xfb, 0x0c, 0xfb, 0xa7, 0x61, 0xe5, 0x10,
    0x06, 0x21, 0x06, 0x21, 0x06, 0x21, 0x05, 0x21, 0x06, 0x21, 0x06, 0x19,
    0x06, 0x21, 0x06, 0x21, 0x05, 0x19, 0x26, 0x29, 0x08, 0x92, 0xe8, 0x91,
    0x06, 0x21, 0x87, 0x59, 0x29, 0x9a, 0x67, 0x51, 0x67, 0x51, 0x05, 0x19,
    0x06, 0x21, 0x05, 0x21, 0x06, 0x21, 0x06, 0x19, 0x05, 0x21, 0x06, 0x21,
    0x06, 0x19, 0x06, 0x21, 0x06, 0x21, 0x05, 0x19, 0x06, 0x21, 0x05, 0x21,
    0xa5, 0x08, 0xc8, 0x7a, 0x4c, 0xfe, 0x4c, 0xfe, 0xa9, 0xa3, 0xa5, 0x08,
    0xa5, 0x08, 0x06, 0x21, 0x06, 0x21, 0x05, 0x21, 0x06, 0x21, 0x05, 0x21,
    0x06, 0x21, 0x06, 0x19, 0xe4, 0x10, 0xd4, 0xca, 0xdb, 0xfb, 0xba, 0xfb,
    0x9a, 0xfb, 0xba, 0xfb, 0x9a, 0xfb, 0x9a, 0xfb, 0xba, 0xfb, 0x9a, 0xfb,
    0xba, 0xfb, 0xba, 0xfb, 0x9a, 0xfb, 0xba, 0xfb, 0xba, 0xfb, 0x9a, 0xfb,
    0x9a, 0xfb, 0xdb, 0xfb, 0x37, 0xe3, 0x06, 0x21, 0x05, 0x19, 0x06, 0x21,
    0x06, 0x21, 0x05, 0x21, 0x06, 0x21, 0x06, 0x19, 0x05, 0x21, 0x06, 0x19,
    0x06, 0x21, 0x83, 0x18, 0x70, 0x43, 0xbf, 0x87, 0xdf, 0x8f, 0x54, 0x54,
    0x84, 0x18, 0x06, 0x21, 0x05, 0x21, 0x06, 0x21, 0x05, 0x21, 0x06, 0x19,
    0x06, 0x21, 0x05, 0x21, 0xa4, 0x18, 0x9a, 0x65, 0xbf, 0x8f, 0x7f, 0x87,
    0x4b, 0x32, 0xa4, 0x18, 0xc4, 0x18, 0x06, 0x21, 0x05, 0x19, 0x06, 0x21,
    0x05, 0x19, 0x05, 0x21, 0x06, 0x21, 0xc5, 0x18, 0xc9, 0x29, 0x1f, 0x7f,
    0x9f, 0x87, 0x3c, 0x76, 0x3d, 0x76, 0xe5, 0x18, 0xa5, 0x10, 0xa5, 0x10,
    0x47, 0x5a, 0x2c, 0xfe, 0xeb, 0xfd, 0xec, 0xfd, 0xcb, 0xfd, 0xeb, 0xfd,
    0xcb, 0xfd, 0xec, 0xfd, 0xcb, 0xfd, 0xec, 0xfd, 0x4c, 0xfe, 0x89, 0x9b,
    0xa5, 0x08, 0x05, 0x21, 0x06, 0x21, 0x05, 0x21, 0x06, 0x21, 0x06, 0x19,
    0x05, 0x21, 0x05, 0x21, 0xa5, 0x18, 0x70, 0x4e, 0xf4, 0x5f, 0xf3, 0x57,
    0xf3, 0x57, 0xf3, 0x5f, 0xf3, 0x57, 0xf4, 0x57, 0xf3, 0x5f, 0xf3, 0x57,
    0xf4, 0x57, 0xf4, 0x5f, 0xf3, 0x57, 0xf4, 0x5f, 0x72, 0x57, 0x72, 0x4f,
    0x26, 0x21, 0xe5, 0x20, 0x05, 0x21, 0x05, 0x21, 0xc4, 0x10, 0xc4, 0x10,
    0x2d, 0x52, 0x9f, 0xdd, 0x3f, 0xd5, 0x3f, 0xd5, 0x3f, 0xd5, 0x3f, 0xd5,
    0x3f, 0xd5, 0x3f, 0xd5, 0x3f, 0xd5, 0x5f, 0xd5, 0x3f, 0xd5, 0x3f, 0xd5,
    0x5f, 0xd5, 0x9f, 0xe5, 0xd1, 0x62, 0xa3, 0x10, 0x06, 0x21, 0x06, 0x21,
    0x05, 0x19, 0xc4, 0x18, 0xe5, 0x18, 0x3a, 0xac, 0x9f, 0xdd, 0x5f, 0xd5,
    0x3f, 0xd5, 0x3f, 0xd5, 0x5f, 0xd5, 0x3f, 0xd5, 0x3f, 0xd5, 0x3f, 0xd5,
    0x3f, 0xd5, 0x5f, 0xd5, 0x3f, 0xd5, 0x3f, 0xd5, 0x5f, 0xd5, 0x3f, 0xd5,
    0x3f, 0xd5, 0x7f, 0xdd, 0x7b, 0xb4, 0xe5, 0x18, 0xe5, 0x08, 0x87, 0x61,
    0x0c, 0xfb, 0x0c, 0xfb, 0x2c, 0xfb, 0x49, 0xb2, 0xe5, 0x08, 0x06, 0x21,
    0x06, 0x21, 0x05, 0x19, 0x06, 0x21, 0x05, 0x21, 0x06, 0x21, 0x06, 0x19,
    0x06, 0x21, 0xe5, 0x10, 0x29, 0xb2, 0x2c, 0xfb, 0x0c, 0xfb, 0xa7, 0x69,
    0xe5, 0x10, 0x06, 0x19, 0x05, 0x21, 0x06, 0x21, 0x06, 0x19, 0x05, 0x21,
    0x05, 0x21, 0x06, 0x21, 0x06, 0x21, 0x05, 0x19, 0x26, 0x31, 0xe9, 0x91,
    0x08, 0x92, 0x06, 0x21, 0x87, 0x59, 0x09, 0x9a, 0x67, 0x49, 0x67, 0x49,
    0xe5, 0x18, 0x06, 0x21, 0x06, 0x21, 0x06, 0x21, 0x05, 0x21, 0x06, 0x21,
    0x05, 0x21, 0x06, 0x21, 0x06, 0x21, 0x05, 0x21, 0x06, 0x19, 0x06, 0x21,
    0x06, 0x21, 0xa5, 0x08, 0xe8, 0x7a, 0x4c, 0xfe, 0x4c, 0xfe, 0xa9, 0xa3,
    0xa5, 0x08, 0xa5, 0x08, 0x05, 0x21, 0x06, 0x21, 0x06, 0x19, 0x05, 0x21,
    0x06, 0x21, 0x05, 0x21, 0x06, 0x19, 0xe5, 0x10, 0xd4, 0xca, 0xdb, 0xfb,
    0xba, 0xfb, 0x9a, 0xfb, 0xba, 0xfb, 0xba, 0xfb, 0x9a, 0xfb, 0xba, 0xfb,
    0xba, 0xfb, 0x9a, 0xfb, 0x9a, 0xfb, 0xba, 0xfb, 0x9a, 0xfb, 0xba, 0xfb,
    0xba, 0xfb, 0x9a, 0xfb, 0xbb, 0xfb, 0x36, 0xeb, 0x05, 0x21, 0x05, 0x19,
    0x06, 0x21, 0x06, 0x21, 0x05, 0x19, 0x06, 0x21, 0x06, 0x21, 0x05, 0x21,
    0x06, 0x21, 0x06, 0x19, 0x83, 0x18, 0x70, 0x43, 0xbf, 0x8f, 0xdf, 0x87,
    0x54, 0x54, 0x63, 0x18, 0x06, 0x19, 0x06, 0x21, 0x05, 0x21, 0x06, 0x21,
    0x06, 0x21, 0x06, 0x19, 0x05, 0x21, 0xa4, 0x18, 0x9a, 0x65, 0xbf, 0x8f,
    0x7f, 0x87, 0x4b, 0x32, 0xa4, 0x18, 0xc4, 0x18, 0x06, 0x21, 0x06, 0x21,
    0x05, 0x21, 0x06, 0x21, 0x06, 0x19, 0x05, 0x21, 0xc5, 0x18, 0xa9, 0x29,
    0x1f, 0x7f, 0x9f, 0x8f, 0x3c, 0x76, 0x3c, 0x6e, 0xe5, 0x20, 0xa5, 0x10,
    0xa5, 0x10, 0x47, 0x5a, 0x2c, 0xfe, 0xeb, 0xfd, 0xec, 0xfd, 0xec, 0xfd,
    0xeb, 0xfd, 0xec, 0xfd, 0xcb, 0xfd, 0xeb, 0xfd, 0xec, 0xfd, 0x4c, 0xfe,
    0x68, 0x9b, 0xa5, 0x08, 0x06, 0x21, 0x05, 0x21, 0x06, 0x21, 0x06, 0x21,
    0x06, 0x21, 0x06, 0x21, 0xe6, 0x20, 0xa5, 0x18, 0x70, 0x4e, 0xf4, 0x5f,
    0xf4, 0x57, 0xf4, 0x57, 0xf3, 0x57, 0xf4, 0x5f, 0xf4, 0x57, 0xf3, 0x57,
    0xf3, 0x5f, 0xf4, 0x57, 0xf3, 0x57, 0xf3, 0x57, 0xf4, 0x5f, 0x71, 0x4f,
    0x72, 0x4f, 0x26, 0x21, 0xe5, 0x20, 0x06, 0x19, 0x06, 0x21, 0xc4, 0x10,
    0xc4, 0x10, 0x2d, 0x52, 0x9f, 0xdd, 0x5f, 0xd5, 0x3f, 0xd5, 0x5f, 0xd5,
    0x5f, 0xd5, 0x5f, 0xd5, 0x3f, 0xd5, 0x5f, 0xd5, 0x3f, 0xd5, 0x5f, 0xd5,
    0x5f, 0xd5, 0x3f, 0xd5, 0x9f, 0xe5, 0xd1, 0x6a, 0xa3, 0x10, 0x06, 0x21,
    0x06, 0x21, 0x05, 0x19, 0xe5, 0x18, 0xe5, 0x18, 0x3a, 0xac, 0x9f, 0xdd,
    0x5f, 0xd5, 0x3f, 0xd5, 0x5f, 0xd5, 0x3f, 0xd5, 0x5f, 0xd5, 0x3f, 0xd5,
    0x5f, 0xd5, 0x3f, 0xd5, 0x3f, 0xd5, 0x5f, 0xd5, 0x3f, 0xd5, 0x3f, 0xd5,
    0x5f, 0xd5, 0x3f, 0xd5, 0x9f, 0xdd, 0x5b, 0xb4, 0xe5, 0x18, 0xe5, 0x10,
    0x87, 0x61, 0x0c, 0xfb, 0x0c, 0xfb, 0x0c, 0xfb, 0x49, 0xba, 0xe5, 0x10,
    0x06, 0x21, 0x06, 0x19, 0x05, 0x21, 0x06, 0x21, 0x06, 0x21, 0x05, 0x19,
    0x05, 0x21, 0x06, 0x21, 0xe5, 0x08, 0x49, 0xb2, 0x0c, 0xfb, 0x0c, 0xfb,
    0x87, 0x61, 0xe5, 0x10, 0x06, 0x21, 0x06, 0x19, 0x05, 0x21, 0x06, 0x21,
    0x06, 0x19, 0x05, 0x21, 0x06, 0x21, 0x06, 0x19, 0x05, 0x19, 0x26, 0x31,
    0xe9, 0x99, 0x09, 0x92, 0x05, 0x21, 0x87, 0x59, 0x09, 0x9a, 0x67, 0x51,
    0x66, 0x49, 0xe5, 0x18, 0x06, 0x21, 0x06, 0x21, 0x05, 0x19, 0x06, 0x21,
    0x06, 0x19, 0x05, 0x21, 0x05, 0x19, 0x06, 0x21, 0x05, 0x21, 0x06, 0x21,
    0x06, 0x21, 0x05, 0x21, 0xc5, 0x10, 0x67, 0x62, 0x0a, 0xd5, 0x0a, 0xdd,
    0x08, 0x83, 0xa5, 0x10, 0xa5, 0x10, 0x06, 0x21, 0x05, 0x21, 0x06, 0x19,
    0x06, 0x21, 0x05, 0x21, 0x06, 0x19, 0x05, 0x21, 0xe5, 0x10, 0x71, 0xa2,
    0x36, 0xd3, 0x16, 0xd3, 0x16, 0xdb, 0x15, 0xd3, 0x16, 0xdb, 0x15, 0xd3,
    0x16, 0xdb, 0x15, 0xd3, 0x16, 0xdb, 0x15, 0xdb, 0x16, 0xd3, 0x15, 0xdb,
    0x15, 0xdb, 0x16, 0xd3, 0x15, 0xdb, 0x16, 0xd3, 0xb3, 0xba, 0x06, 0x21,
    0x05, 0x19, 0x06, 0x21, 0x05, 0x21, 0x06, 0x19, 0x05, 0x21, 0x06, 0x21,
    0x06, 0x19, 0x05, 0x21, 0x06, 0x21, 0xa4, 0x18, 0xee, 0x3a, 0x3b, 0x76,
    0x3b, 0x76, 0x91, 0x43, 0xa4, 0x18, 0x06, 0x21, 0x05, 0x19, 0x06, 0x19,
    0x06, 0x21, 0x05, 0x21, 0x06, 0x21, 0x05, 0x21, 0xc5, 0x18, 0x75, 0x54,
    0x3b, 0x76, 0xfb, 0x6d, 0x0a, 0x32, 0xc4, 0x18, 0xc5, 0x18, 0x06, 0x21,
    0x05, 0x21, 0x06, 0x21, 0x06, 0x21, 0x06, 0x21, 0x05, 0x21, 0xe5, 0x18,
    0x88, 0x29, 0xba, 0x6d, 0x3b, 0x6e, 0xf7, 0x5c, 0x17, 0x5d, 0x06, 0x21,
    0xc5, 0x10, 0xc5, 0x10, 0xe7, 0x49, 0xea, 0xdc, 0xca, 0xd4, 0xca, 0xd4,
    0xca, 0xdc, 0xca, 0xd4, 0xca, 0xd4, 0xca, 0xdc, 0xca, 0xd4, 0xca, 0xd4,
    0x0b, 0xdd, 0xe8, 0x7a, 0xa5, 0x10, 0x06, 0x21, 0x06, 0x19, 0x05, 0x19,
    0x05, 0x21, 0x05, 0x21, 0x06, 0x19, 0x05, 0x21, 0xc5, 0x18, 0x2d, 0x3d,
    0xb1, 0x4e, 0xb0, 0x4e, 0xb0, 0x4e, 0xb0, 0x4e, 0xb0, 0x4e, 0xb0, 0x4e,
    0xb0, 0x4e, 0xb0, 0x4e, 0xb0, 0x4e, 0xb0, 0x4e, 0xb0, 0x4e, 0xb1, 0x4e,
    0xef, 0x45, 0xef, 0x45, 0x26, 0x21, 0xe5, 0x20, 0x06, 0x21, 0x06, 0x21,
    0xc4, 0x18, 0xe4, 0x18, 0xeb, 0x41, 0x7b, 0xb4, 0x5b, 0xac, 0x5b, 0xac,
    0x5b, 0xac, 0x5b, 0xac, 0x5b, 0xac, 0x5b, 0xac, 0x5a, 0xac, 0x5b, 0xac,
    0x5b, 0xac, 0x5b, 0xac, 0x5a, 0xac, 0x9b, 0xb4, 0x6e, 0x52, 0xc4, 0x10,
    0x05, 0x21, 0x06, 0x21, 0x05, 0x19, 0xe5, 0x18, 0xe5, 0x18, 0x96, 0x8b,
    0x7b, 0xb4, 0x5b, 0xac, 0x5b, 0xac, 0x5b, 0xac, 0x5b, 0xac, 0x5b, 0xac,
    0x5b, 0xac, 0x5b, 0xac, 0x5b, 0xac, 0x5b, 0xac, 0x5b, 0xac, 0x5a, 0xac,
    0x5b, 0xac, 0x5b, 0xac, 0x5b, 0xac, 0x7b, 0xb4, 0xb6, 0x8b, 0xe5, 0x18,
    0xe5, 0x10, 0x67, 0x51, 0x8a, 0xda, 0x8a, 0xd2, 0xab, 0xd2, 0xe9, 0x91,
    0xe5, 0x10, 0x06, 0x21, 0x06, 0x21, 0x05, 0x21, 0x06, 0x21, 0x06, 0x19,
    0x05, 0x21, 0x06, 0x21, 0x06, 0x21, 0xe5, 0x10, 0xe9, 0x91, 0xab, 0xda,
    0x8b, 0xd2, 0x87, 0x51, 0xe5, 0x10, 0x06, 0x21, 0x06, 0x21, 0x05, 0x21,
    0x06, 0x21, 0x06, 0x21, 0x05, 0x21, 0x06, 0x21, 0x06, 0x21, 0x05, 0x21,
    0x05, 0x19, 0xe5, 0x10, 0xe5, 0x10, 0x06, 0x21, 0x05, 0x19, 0xe5, 0x18,
    0x06, 0x21, 0x06, 0x19, 0x06, 0x21, 0x05, 0x21, 0x05, 0x21, 0x06, 0x21,
    0x06, 0x19, 0x05, 0x21, 0x06, 0x21, 0x06, 0x21, 0x06, 0x19, 0x05, 0x21,
    0x06, 0x19, 0x06, 0x21, 0x05, 0x21, 0x06, 0x21, 0x06, 0x19, 0xe6, 0x18,
    0xe5, 0x18, 0x06, 0x21, 0x06, 0x21, 0x06, 0x21, 0x06, 0x21, 0x05, 0x21,
    0x06, 0x21, 0x06, 0x19, 0x05, 0x21, 0x06, 0x21, 0x06, 0x21, 0x05, 0x21,
    0x05, 0x19, 0xe5, 0x18, 0x05, 0x19, 0xe5, 0x18, 0x05, 0x19, 0x05, 0x19,
    0xe5, 0x18, 0x05, 0x19, 0x05, 0x19, 0xe5, 0x18, 0x05, 0x19, 0x05, 0x19,
    0xe5, 0x18, 0x05, 0x19, 0x05, 0x19, 0x05, 0x19, 0x05, 0x19, 0x06, 0x19,
    0x06, 0x21, 0x06, 0x21, 0x05, 0x21, 0x06, 0x21, 0x06, 0x21, 0x05, 0x21,
    0x06, 0x19, 0x06, 0x21, 0x05, 0x21, 0x06, 0x21, 0x06, 0x21, 0x05, 0x19,
    0xe5, 0x18, 0xe5, 0x20, 0xe5, 0x20, 0x06, 0x21, 0x06, 0x21, 0x05, 0x21,
    0x06, 0x21, 0x05, 0x19, 0x06, 0x21, 0x06, 0x21, 0x06, 0x21, 0x05, 0x21,
    0xe5, 0x18, 0xe5, 0x18, 0xe5, 0x20, 0x05, 0x21, 0x06, 0x21, 0x06, 0x21,
    0x05, 0x21, 0x06, 0x19, 0x05, 0x19, 0x06, 0x21, 0x05, 0x21, 0x06, 0x21,
    0x06, 0x21, 0x05, 0x21, 0xe5, 0x18, 0xe5, 0x20, 0xe5, 0x20, 0xe5, 0x20,
    0x06, 0x21, 0x06, 0x21, 0x06, 0x21, 0x06, 0x21, 0xe6, 0x18, 0xe6, 0x18,
    0xe5, 0x18, 0xe6, 0x18, 0xe6, 0x18, 0xe5, 0x18, 0xe6, 0x18, 0xe6, 0x18,
    0xe5, 0x18, 0xe6, 0x18, 0x06, 0x19, 0x05, 0x21, 0x06, 0x21, 0x06, 0x21,
    0x06, 0x21, 0x06, 0x21, 0x06, 0x19, 0x05, 0x21, 0x06, 0x21, 0x06, 0x21,
    0xe5, 0x20, 0xe5, 0x20, 0xe6, 0x20, 0xe5, 0x20, 0xe6, 0x20, 0xe5, 0x20,
    0xe6, 0x20, 0xe6, 0x20, 0xe5, 0x20, 0xe6, 0x20, 0xe6, 0x20, 0xe5, 0x20,
    0xe5, 0x20, 0xe5, 0x20, 0xe5, 0x20, 0x06, 0x21, 0x06, 0x19, 0x05, 0x21,
    0x05, 0x21, 0x06, 0x19, 0x06, 0x21, 0x05, 0x21, 0xe5, 0x18, 0xe5, 0x20,
    0x05, 0x19, 0xe5, 0x18, 0xe5, 0x20, 0x05, 0x19, 0xe5, 0x18, 0x05, 0x19,
    0xe5, 0x18, 0xe5, 0x18, 0x05, 0x19, 0xe5, 0x18, 0xe5, 0x18, 0x05, 0x21,
    0x06, 0x21, 0x06, 0x21, 0x05, 0x21, 0x06, 0x21, 0x06, 0x21, 0x05, 0x21,
    0xe5, 0x18, 0xe5, 0x18, 0x05, 0x21, 0xe5, 0x18, 0x05, 0x19, 0x05, 0x21,
    0xe5, 0x18, 0x05, 0x19, 0x05, 0x21, 0x05, 0x19, 0x05, 0x19, 0xe5, 0x18,
    0x05, 0x21, 0x05, 0x19, 0xe5, 0x18, 0x05, 0x21, 0xe5, 0x18, 0xe5, 0x18,
    0x06, 0x21, 0x06, 0x21, 0x06, 0x21, 0x06, 0x19, 0x05, 0x19, 0x06, 0x19,
    0x06, 0x19, 0x06, 0x21, 0x05, 0x21, 0x06, 0x19, 0x06, 0x21, 0x05, 0x21,
    0x06, 0x21, 0x06, 0x21, 0x06, 0x19, 0x05, 0x21, 0x06, 0x21, 0x05, 0x19,
    0x05, 0x19, 0x06, 0x19, 0x06, 0x21, 0x06, 0x21, 0x05, 0x21, 0x06, 0x21,
    0x05, 0x19, 0x06, 0x21, 0x05, 0x19, 0x06, 0x21, 0x05, 0x19, 0x06, 0x21,
    0x06, 0x21, 0x06, 0x21, 0x06, 0x21, 0x06, 0x21, 0x06, 0x21, 0x06, 0x21,
    0x05, 0x21, 0x06, 0x21, 0x06, 0x21, 0x05, 0x21, 0x06, 0x21, 0x06, 0x21,
    0x05, 0x21, 0x06, 0x21, 0x06, 0x21, 0x05, 0x21, 0x06, 0x21, 0x06, 0x21,
    0x05, 0x19, 0x06, 0x21, 0x05, 0x21, 0x06, 0x19, 0x06, 0x21, 0x06, 0x21,
    0x06, 0x19, 0x06, 0x21, 0x05, 0x21, 0x06, 0x19, 0x05, 0x21, 0x06, 0x19,
    0x06, 0x21, 0x05, 0x21, 0x06, 0x21, 0x06, 0x19, 0x05, 0x21, 0x06, 0x21,
    0x06, 0x21, 0x06, 0x21, 0x05, 0x21, 0x06, 0x21, 0xe6, 0x20, 0x06, 0x21,
    0x06, 0x21, 0xe6, 0x20, 0x06, 0x21, 0x06, 0x21, 0xe6, 0x18, 0x06, 0x21,
    0x06, 0x21, 0xe6, 0x18, 0x06, 0x21, 0x06, 0x21, 0xe6, 0x20, 0x05, 0x21,
    0x05, 0x19, 0x06, 0x21, 0x05, 0x21, 0x06, 0x19, 0x06, 0x21, 0x05, 0x21,
    0x06, 0x19, 0x05, 0x21, 0x06, 0x21, 0x06, 0x21, 0x05, 0x19, 0x06, 0x21,
    0x06, 0x21, 0xe5, 0x20, 0x05, 0x19, 0x06, 0x21, 0x06, 0x19, 0x05, 0x21,
    0x06, 0x21, 0x06, 0x21, 0x05, 0x21, 0x05, 0x19, 0x06, 0x21, 0x06, 0x21,
    0x05, 0x21, 0x06, 0x21, 0xe5, 0x20, 0xe5, 0x18, 0x06, 0x21, 0x06, 0x21,
    0x05, 0x21, 0x06, 0x21, 0x06, 0x21, 0x05, 0x21, 0x06, 0x19, 0x06, 0x21,
    0x05, 0x19, 0x06, 0x21, 0x06, 0x21, 0x05, 0x19, 0x06, 0x21, 0x05, 0x21,
    0x06, 0x19, 0x06, 0x21, 0x05, 0x21, 0x06, 0x21, 0x05, 0x19, 0x06, 0x21,
    0x06, 0x21, 0x05, 0x21, 0x06, 0x21, 0x06, 0x21, 0x06, 0x21, 0x06, 0x21,
    0x05, 0x21, 0x06, 0x21, 0x06, 0x21, 0x05, 0x21, 0x06, 0x21, 0x05, 0x21,
    0x05, 0x19, 0x06, 0x21, 0x06, 0x21, 0x05, 0x21, 0x06, 0x21, 0x06, 0x21,
    0x06, 0x21, 0xe5, 0x20, 0x06, 0x19, 0x06, 0x21, 0xe6, 0x20, 0x05, 0x19,
    0x06, 0x21, 0xe6, 0x18, 0x05, 0x21, 0x06, 0x19, 0xe6, 0x20, 0x05, 0x21,
    0x06, 0x19, 0x06, 0x21, 0xe6, 0x20, 0x05, 0x21, 0x06, 0x21, 0x06, 0x19,
    0x05, 0x21, 0x06, 0x21, 0x06, 0x19, 0x05, 0x21, 0x06, 0x21, 0x05, 0x19,
    0x05, 0x21, 0x05, 0x21, 0x05, 0x21, 0x05, 0x19, 0x05, 0x21, 0x05, 0x21,
    0x05, 0x21, 0x05, 0x21, 0x05, 0x21, 0x05, 0x21, 0x05, 0x21, 0x05, 0x21,
    0x06, 0x21, 0x06, 0x21, 0x05, 0x19, 0x06, 0x21, 0x06, 0x21, 0x05, 0x19,
    0x06, 0x21, 0x06, 0x21, 0x05, 0x19, 0x05, 0x21, 0x05, 0x21, 0x05, 0x19,
    0x05, 0x21, 0x05, 0x21, 0x05, 0x19, 0x05, 0x21, 0x05, 0x21, 0x05, 0x19,
    0x05, 0x21, 0x05, 0x21, 0x05, 0x19, 0x05, 0x21, 0x05, 0x21, 0x05, 0x21,
    0x05, 0x21, 0x06, 0x21, 0x06, 0x21, 0x05, 0x21, 0x06, 0x19, 0x06, 0x21,
    0x05, 0x21, 0x06, 0x21, 0x05, 0x21, 0x06, 0x21, 0x05, 0x21, 0x06, 0x19,
    0x05, 0x21, 0x05, 0x21, 0x06, 0x19, 0x05, 0x21, 0x06, 0x21, 0x06, 0x21,
    0x06, 0x19, 0x05, 0x21, 0x06, 0x21, 0x06, 0x21, 0x05, 0x21, 0x06, 0x21,
    0x06, 0x19, 0x06, 0x21, 0x05, 0x21, 0x06, 0x21, 0x06, 0x19, 0x05, 0x21,
    0x06, 0x21, 0x06, 0x19, 0x05, 0x21, 0x06, 0x21, 0x05, 0x21, 0x06, 0x19,
    0x06, 0x21, 0x05, 0x21, 0x06, 0x19, 0x05, 0x21, 0x06, 0x21, 0x06, 0x19,
    0x06, 0x21, 0x05, 0x19, 0x06, 0x21, 0x06, 0x19, 0x05, 0x19, 0x05, 0x21,
    0x06, 0x21, 0x06, 0x21, 0x05, 0x21, 0x06, 0x21, 0x05, 0x19, 0x05, 0x21,
    0x05, 0x21, 0x06, 0x21, 0x05, 0x21, 0x06, 0x21, 0x05, 0x21, 0x06, 0x21,
    0x05, 0x21, 0x06, 0x19, 0x05, 0x21, 0x06, 0x21, 0x06, 0x21, 0x05, 0x19,
    0x06, 0x21, 0x06, 0x19, 0x05, 0x21, 0x06, 0x21, 0x06, 0x21, 0x05, 0x21,
    0x06, 0x21, 0x05, 0x21, 0x06, 0x19, 0x06, 0x21, 0x05, 0x21, 0x06, 0x21,
    0x06, 0x21, 0x05, 0x21, 0x06, 0x21, 0x06, 0x21, 0x05, 0x21, 0x06, 0x21,
    0x06, 0x21, 0x06, 0x21, 0x05, 0x21, 0x06, 0x19, 0x06, 0x21, 0x05, 0x21,
    0x06, 0x19, 0x06, 0x21, 0x05, 0x21, 0x06, 0x21, 0x05, 0x19, 0x06, 0x21,
    0x06, 0x21, 0x06, 0x21, 0x06, 0x21, 0x06, 0x21, 0x06, 0x21, 0x05, 0x21,
    0x06, 0x19, 0x06, 0x21, 0x06, 0x21, 0x06, 0x19, 0x05, 0x21, 0x06, 0x21,
    0x05, 0x19, 0x06, 0x19, 0x06, 0x21, 0x06, 0x21, 0x06, 0x21, 0x06, 0x19,
    0x05, 0x21, 0x06, 0x19, 0x06, 0x21, 0x05, 0x21, 0x06, 0x21, 0x06, 0x21,
    0x05, 0x21, 0x05, 0x21, 0x06, 0x21, 0x06, 0x21, 0x06, 0x21, 0x06, 0x21,
    0x06, 0x19, 0x06, 0x21, 0x05, 0x19, 0x06, 0x21, 0x06, 0x21, 0x05, 0x19,
    0x05, 0x21, 0x06, 0x21, 0x06, 0x21, 0x05, 0x21, 0x05, 0x21, 0x06, 0x21,
    0x05, 0x21, 0x06, 0x21, 0x06, 0x21, 0x05, 0x21, 0x06, 0x19, 0x06, 0x21,
    0x06, 0x21, 0x05, 0x19, 0x06, 0x21, 0x05, 0x21, 0x05, 0x19, 0x06, 0x21,
    0x06, 0x19, 0x05, 0x21, 0x06, 0x19, 0x06, 0x21, 0x05, 0x21, 0x06, 0x19,
    0x06, 0x21, 0x05, 0x21, 0x06, 0x21, 0x05, 0x19, 0x06, 0x21, 0x06, 0x21,
    0x05, 0x19, 0x06, 0x21, 0x06, 0x21, 0x05, 0x19, 0x06, 0x21, 0x06, 0x21,
    0x05, 0x21, 0x06, 0x21, 0x06, 0x21, 0x05, 0x21, 0x06, 0x21, 0x06, 0x21,
    0x06, 0x21, 0x06, 0x21, 0x06, 0x21, 0x06, 0x21, 0x06, 0x21, 0x06, 0x21,
    0x06, 0x21, 0x06, 0x21, 0x06, 0x21, 0x06, 0x21, 0x06, 0x21, 0x06, 0x21,
    0x06, 0x19, 0x06, 0x21, 0x05, 0x21, 0x06, 0x19, 0x06, 0x21, 0x05, 0x21,
    0x06, 0x19, 0x06, 0x21, 0x06, 0x21, 0x06, 0x21, 0x06, 0x21, 0x06, 0x21,
    0x06, 0x21, 0x06, 0x21, 0x06, 0x21, 0x06, 0x21, 0x06, 0x21, 0x06, 0x21,
    0x06, 0x21, 0x06, 0x21, 0x06, 0x21, 0x06, 0x21, 0x06, 0x21, 0x06, 0x21,
    0x06, 0x19, 0x06, 0x21, 0x06, 0x21, 0x05, 0x21, 0x05, 0x21, 0x06, 0x21,
    0x06, 0x21, 0x05, 0x21, 0x06, 0x21, 0x06, 0x19, 0x05, 0x21, 0x06, 0x21,
    0x06, 0x19, 0x06, 0x21, 0x06, 0x21, 0x05, 0x19, 0x06, 0x21, 0x06, 0x21,
    0x05, 0x19, 0x06, 0x21, 0x06, 0x21, 0x05, 0x21, 0x05, 0x19, 0x06, 0x21,
    0x05, 0x21, 0x06, 0x21, 0x05, 0x21, 0x06, 0x21, 0x06, 0x21, 0x05, 0x21,
    0x06, 0x21, 0x05, 0x21, 0x05, 0x21, 0x06, 0x19, 0x05, 0x21, 0x06, 0x21,
    0x05, 0x19, 0x06, 0x21, 0x06, 0x21, 0x05, 0x19, 0x06, 0x21, 0x05, 0x21,
    0x06, 0x21, 0x06, 0x21, 0x05, 0x21, 0x06, 0x21, 0x06, 0x21, 0x05, 0x21,
    0x06, 0x19, 0x06, 0x21, 0x05, 0x21, 0x06, 0x19, 0x06, 0x21, 0x06, 0x21,
    0x06, 0x21, 0x06, 0x21, 0x05, 0x19, 0x06, 0x21, 0x06, 0x19, 0x06, 0x21,
    0x05, 0x21, 0x06, 0x21, 0x06, 0x19, 0x05, 0x21, 0x06, 0x21, 0x05, 0x21,
    0x06, 0x21, 0x05, 0x21, 0x06, 0x19, 0x05, 0x21, 0x06, 0x19, 0x06, 0x19,
    0x05, 0x21, 0x05, 0x19, 0x06, 0x21, 0x05, 0x21, 0x05, 0x19, 0x06, 0x21,
    0x05, 0x21, 0x05, 0x19, 0x06, 0x21, 0x05, 0x21, 0x05, 0x19, 0x06, 0x19,
    0x05, 0x21, 0x06, 0x19, 0x06, 0x21, 0x05, 0x21, 0x06, 0x21, 0x06, 0x21,
    0x05, 0x21, 0x06, 0x21, 0x06, 0x21, 0x05, 0x19, 0x06, 0x21, 0x06, 0x21,
    0x05, 0x21, 0x05, 0x19, 0x05, 0x21, 0x06, 0x19, 0x05, 0x21, 0x06, 0x21,
    0x05, 0x21, 0x06, 0x19, 0x05, 0x21, 0x05, 0x21, 0x06, 0x21, 0x06, 0x21,
    0x05, 0x21, 0x06, 0x21, 0x06, 0x21, 0x05, 0x19, 0x05, 0x21, 0x06, 0x21,
    0x05, 0x21, 0x06, 0x21, 0x06, 0x21, 0x05, 0x19, 0x05, 0x21, 0x06, 0x19,
    0x06, 0x21, 0x05, 0x21, 0x06, 0x19, 0x06, 0x21, 0x05, 0x19, 0x05, 0x21,
    0x05, 0x21, 0x06, 0x21, 0x05, 0x21, 0x06, 0x21, 0x06, 0x19, 0x06, 0x21,
    0x06, 0x21, 0x05, 0x21, 0x06, 0x19, 0x06, 0x19, 0x05, 0x21, 0x06, 0x19,
    0x06, 0x19, 0x05, 0x21, 0x06, 0x19, 0x05, 0x21, 0x06, 0x19, 0x05, 0x21,
    0x06, 0x21, 0x06, 0x21, 0x06, 0x21, 0x06, 0x21, 0x06, 0x19, 0x05, 0x21,
    0x06, 0x21, 0x05, 0x21, 0x06, 0x19, 0x06, 0x21, 0x05, 0x21, 0x05, 0x21,
    0x06, 0x21, 0x06, 0x21, 0x05, 0x21, 0x06, 0x21, 0x06, 0x21, 0x05, 0x21,
    0x06, 0x21, 0x05, 0x21, 0x06, 0x21, 0x05, 0x21, 0x06, 0x19, 0x06, 0x21,
    0x05, 0x21, 0x06, 0x19, 0x06, 0x21, 0x05, 0x19, 0x06, 0x21, 0x05, 0x21,
    0x05, 0x19, 0x06, 0x21, 0x06, 0x19, 0x05, 0x19, 0x06, 0x21, 0x06, 0x21,
    0x05, 0x19, 0x06, 0x19, 0x06, 0x21, 0x05, 0x19, 0x06, 0x19, 0x06, 0x21,
    0x05, 0x21, 0x06, 0x19, 0x05, 0x21, 0x06, 0x21, 0x05, 0x21, 0x06, 0x21,
    0x05, 0x21, 0x05, 0x21, 0x06, 0x21, 0x05, 0x21, 0x05, 0x19, 0x06, 0x21,
    0x06, 0x21, 0x06, 0x19, 0x06, 0x21, 0x06, 0x21, 0x05, 0x19, 0x06, 0x21,
    0x06, 0x21, 0x05, 0x19, 0x06, 0x21, 0x06, 0x21, 0x05, 0x19, 0x06, 0x21,
    0x06, 0x21, 0x05, 0x19, 0x06, 0x21, 0x06, 0x21, 0x05, 0x19, 0x06, 0x19,
    0x06, 0x21, 0x05, 0x21, 0x06, 0x19, 0x06, 0x21, 0x05, 0x21, 0x06, 0x21,
    0x06, 0x21, 0x05, 0x21, 0x06, 0x21, 0x06, 0x21, 0x05, 0x21, 0x06, 0x21,
    0x05, 0x21, 0x06, 0x21, 0x05, 0x21, 0x06, 0x21, 0x06, 0x19, 0x06, 0x21,
    0x06, 0x21, 0x05, 0x19, 0x06, 0x21, 0x06, 0x19, 0x05, 0x19, 0x06, 0x21,
    0x06, 0x21, 0x06, 0x19, 0x06, 0x21, 0x06, 0x21, 0x06, 0x21, 0x06, 0x21,
    0x05, 0x21, 0x06, 0x21, 0x05, 0x21, 0x06, 0x21, 0x06, 0x21, 0x05, 0x19,
    0x06, 0x21, 0x05, 0x21, 0x06, 0x21, 0x05, 0x19, 0x06, 0x21, 0x05, 0x21,
    0x06, 0x21, 0x06, 0x21, 0x05, 0x19, 0x06, 0x21, 0x05, 0x21, 0x06, 0x19,
    0x05, 0x21, 0x06, 0x21, 0x06, 0x19, 0x05, 0x21, 0x06, 0x21, 0x06, 0x21,
    0x05, 0x19, 0x06, 0x21, 0x06, 0x21, 0x05, 0x21, 0x06, 0x19, 0x06, 0x21,
    0x05, 0x19, 0x06, 0x21, 0x06, 0x21, 0x05, 0x21, 0x06, 0x21, 0x06, 0x21,
    0x05, 0x21, 0x06, 0x21, 0x06, 0x19, 0x06, 0x21, 0x06, 0x21, 0x06, 0x21,
    0x06, 0x21, 0x06, 0x19, 0x06, 0x21, 0x06, 0x21, 0x06, 0x21, 0x06, 0x21,
    0x06, 0x21, 0x05, 0x21, 0x06, 0x21, 0x06, 0x19, 0x05, 0x21, 0x06, 0x19,
    0x05, 0x21, 0x06, 0x19, 0x05, 0x21, 0x06, 0x21, 0x06, 0x19, 0x05, 0x21,
    0x06, 0x21, 0x06, 0x21, 0x05, 0x21, 0x06, 0x21, 0x06, 0x21, 0x05, 0x19,
    0x06, 0x21, 0x06, 0x21, 0x05, 0x21, 0x06, 0x19, 0x06, 0x21, 0x05, 0x21,
    0x06, 0x19, 0x06, 0x21, 0x05, 0x21, 0x06, 0x21, 0x06, 0x21, 0x05, 0x19,
    0x06, 0x21, 0x06, 0x21, 0x05, 0x19, 0x06, 0x21, 0x06, 0x21, 0x06, 0x21,
    0x05, 0x19, 0x06, 0x21, 0x06, 0x21, 0x05, 0x19, 0x06, 0x21, 0x06, 0x21,
    0x05, 0x19, 0x06, 0x21, 0x06, 0x21, 0x05, 0x19, 0x05, 0x21, 0x06, 0x21,
    0x05, 0x21, 0x06, 0x21, 0x06, 0x21, 0x05, 0x21, 0x06, 0x21, 0x06, 0x21,
    0x06, 0x21, 0x05, 0x21, 0x06, 0x21, 0x06, 0x21, 0x05, 0x21, 0x06, 0x21,
    0x06, 0x19, 0x05, 0x21, 0x05, 0x19, 0x05, 0x21, 0x06, 0x21, 0x06, 0x21,
    0x06, 0x21, 0x05, 0x21, 0x06, 0x21, 0x06, 0x21, 0x05, 0x21, 0x06, 0x19,
    0x06, 0x21, 0x05, 0x19, 0x06, 0x19, 0x06, 0x21, 0x05, 0x19, 0x06, 0x21,
    0x06, 0x19, 0x05, 0x21, 0x06, 0x19, 0x06, 0x21, 0x05, 0x21, 0x06, 0x21,
    0x05, 0x19, 0x05, 0x21, 0x06, 0x21, 0x05, 0x19, 0x06, 0x21, 0x06, 0x21,
    0x06, 0x19, 0x05, 0x21, 0x06, 0x21, 0x05, 0x21, 0x05, 0x21, 0x06, 0x21,
    0x05, 0x21, 0x05, 0x21, 0x06, 0x21, 0x05, 0x21, 0x05, 0x21, 0x06, 0x21,
    0x05, 0x21, 0x06, 0x21, 0x06, 0x21, 0x05, 0x19, 0x06, 0x21, 0x06, 0x21,
    0x05, 0x19, 0x06, 0x19, 0x06, 0x21, 0x06, 0x21, 0x05, 0x19, 0x06, 0x21,
    0x05, 0x21, 0x05, 0x19, 0x05, 0x21, 0x06, 0x21, 0x05, 0x19, 0x05, 0x21,
    0x06, 0x21, 0x05, 0x19, 0x05, 0x21, 0x06, 0x21, 0x05, 0x19, 0x05, 0x21,
    0x06, 0x21, 0x05, 0x21, 0x05, 0x21, 0x06, 0x21, 0x06, 0x21, 0x05, 0x21,
    0x06, 0x21, 0x06, 0x21, 0x05, 0x19, 0x06, 0x21, 0x05, 0x21, 0x06, 0x19,
    0x06, 0x21, 0x05, 0x19, 0x05, 0x21, 0x06, 0x19, 0x05, 0x21, 0x06, 0x19,
    0x06, 0x21, 0x06, 0x19, 0x05, 0x21, 0x06, 0x21, 0x05, 0x19, 0x06, 0x21,
    0x06, 0x21, 0x05, 0x21, 0x06, 0x19, 0x06, 0x21, 0x05, 0x21, 0x05, 0x21,
    0x06, 0x21, 0x05, 0x19, 0x05, 0x21, 0x06, 0x21, 0x05, 0x19, 0x05, 0x21,
    0x06, 0x19, 0x06, 0x19, 0x05, 0x21, 0x06, 0x19, 0x06, 0x21, 0x05, 0x21,
    0x06, 0x21, 0x06, 0x19, 0x06, 0x21, 0x06, 0x21, 0x06, 0x21, 0x05, 0x19,
    0x06, 0x21, 0x06, 0x21, 0x05, 0x21, 0x06, 0x21, 0x06, 0x21, 0x05, 0x21,
    0x06, 0x21, 0x05, 0x19, 0x05, 0x21, 0x06, 0x21, 0x06, 0x21, 0x05, 0x21,
    0x05, 0x21, 0x06, 0x19, 0x06, 0x21, 0x05, 0x21, 0x06, 0x19, 0x06, 0x21,
    0x05, 0x21, 0x06, 0x21, 0x06, 0x19, 0x05, 0x21, 0x06, 0x21, 0x06, 0x19,
    0x05, 0x21, 0x06, 0x21, 0x06, 0x21, 0x05, 0x21, 0x05, 0x19, 0x06, 0x21,
    0x05, 0x21, 0x05, 0x19, 0x06, 0x21, 0x05, 0x21, 0x05, 0x19, 0x06, 0x21,
    0x06, 0x21, 0x05, 0x19, 0x06, 0x21, 0x05, 0x21, 0x06, 0x21, 0x06, 0x21,
    0x05, 0x21, 0x06, 0x19, 0x06, 0x21, 0x05, 0x21, 0x06, 0x21, 0x06, 0x21,
    0x05, 0x19, 0x06, 0x21, 0x06, 0x19, 0x06, 0x21, 0x06, 0x21, 0x05, 0x19,
    0x06, 0x21, 0x06, 0x21, 0x05, 0x19, 0x06, 0x21, 0x06, 0x21, 0x05, 0x19,
    0x06, 0x21, 0x06, 0x21, 0x05, 0x19, 0x06, 0x19, 0x06, 0x21, 0x05, 0x21,
    0x06, 0x21, 0x06, 0x21, 0x05, 0x19, 0x06, 0x21, 0x05, 0x21, 0x06, 0x21,
    0x06, 0x21, 0x05, 0x21, 0x06, 0x21, 0x06, 0x21, 0x05, 0x21, 0x06, 0x21,
    0x06, 0x21, 0x06, 0x21, 0x06, 0x19, 0x06, 0x21, 0x06, 0x21, 0x05, 0x19,
    0x06, 0x21, 0x05, 0x19, 0x06, 0x19, 0x06, 0x21, 0x05, 0x21, 0x05, 0x19,
    0x06, 0x21, 0x05, 0x21, 0x06, 0x21, 0x06, 0x19, 0x05, 0x21, 0x06, 0x21,
    0x06, 0x21, 0x05, 0x21, 0x06, 0x21, 0x06, 0x21, 0x05, 0x19, 0x05, 0x21,
    0x06, 0x19, 0x05, 0x19, 0x06, 0x21, 0x06, 0x19, 0x05, 0x21, 0x06, 0x21,
    0x06, 0x21, 0x05, 0x21, 0x06, 0x21, 0x05, 0x21, 0x06, 0x21, 0x05, 0x21,
    0x06, 0x19, 0x06, 0x21, 0x05, 0x21, 0x06, 0x21, 0x06, 0x19, 0x05, 0x21,
    0x06, 0x21, 0x06, 0x21, 0x06, 0x21, 0x06, 0x21, 0x05, 0x21, 0x06, 0x21,
    0x06, 0x21, 0x05, 0x21, 0x06, 0x21, 0x06, 0x21, 0x06, 0x19, 0x06, 0x21,
    0x06, 0x21, 0x06, 0x19, 0x06, 0x21, 0x06, 0x21, 0x06, 0x19, 0x06, 0x21,
    0x06, 0x21, 0x05, 0x19, 0x06, 0x21, 0x06, 0x21, 0x05, 0x21, 0x06, 0x19,
    0x06, 0x21, 0x05, 0x21, 0x06, 0x21, 0x06, 0x21, 0x05, 0x19, 0x06, 0x21,
    0x06, 0x21, 0x06, 0x21, 0x06, 0x21, 0x06, 0x21, 0x05, 0x21, 0x06, 0x21,
    0x06, 0x21, 0x06, 0x21, 0x06, 0x21, 0x06, 0x21, 0x06, 0x21, 0x06, 0x21,
    0x06, 0x19, 0x06, 0x21, 0x06, 0x19, 0x06, 0x21, 0x05, 0x19, 0x06, 0x19,
    0x06, 0x21, 0x05, 0x21, 0x06, 0x21, 0x06, 0x21, 0x05, 0x21, 0x06, 0x21,
    0x05, 0x21, 0x06, 0x19, 0x06, 0x21, 0x06, 0x21, 0x05, 0x21, 0x06, 0x19,
    0x05, 0x21, 0x06, 0x21, 0x05, 0x21, 0x06, 0x19, 0x06, 0x21, 0x05, 0x21,
    0x05, 0x21, 0x06, 0x21, 0x05, 0x19, 0x06, 0x21, 0x06, 0x21, 0x05, 0x21,
    0x06, 0x21, 0x06, 0x19, 0x05, 0x21, 0x06, 0x21, 0x06, 0x21, 0x05, 0x19,
    0x06, 0x21, 0x06, 0x21, 0x05, 0x21, 0x06, 0x21, 0x06, 0x21, 0x05, 0x19,
    0x06, 0x21, 0x05, 0x21, 0x06, 0x21, 0x06, 0x21, 0x05, 0x21, 0x06, 0x21,
    0x06, 0x21, 0x05, 0x19, 0x06, 0x19, 0x05, 0x21, 0x06, 0x19, 0x06, 0x21,
    0x06, 0x21, 0x06, 0x19, 0x06, 0x21, 0x06, 0x21, 0x05, 0x21, 0x06, 0x19,
    0x06, 0x21, 0x05, 0x21, 0x06, 0x21, 0x06, 0x19, 0x05, 0x21, 0x06, 0x21,
    0x05, 0x21, 0x06, 0x21, 0x06, 0x21, 0x05, 0x19, 0x06, 0x21, 0x06, 0x21,
    0x05, 0x19, 0x05, 0x21, 0x06, 0x21, 0x06, 0x19, 0x05, 0x21, 0x06, 0x21,
    0x06, 0x21, 0x05, 0x21, 0x06, 0x21, 0x06, 0x21, 0x05, 0x21, 0x06, 0x19,
    0x05, 0x21, 0x05, 0x21, 0x06, 0x19, 0x06, 0x21, 0x05, 0x21, 0x06, 0x19,
    0x06, 0x21, 0x05, 0x21, 0x06, 0x21, 0x06, 0x21, 0x05, 0x19, 0x06, 0x21,
    0x05, 0x21, 0x06, 0x21, 0x05, 0x21, 0x05, 0x19, 0x06, 0x21, 0x05, 0x21,
    0x06, 0x19, 0x06, 0x21, 0x05, 0x21, 0x06, 0x21, 0x06, 0x21, 0x05, 0x21,
    0x06, 0x21, 0x06, 0x21, 0x05, 0x21, 0x05, 0x21, 0x06, 0x21, 0x06, 0x19,
    0x05, 0x21, 0x06, 0x21, 0x06, 0x19, 0x05, 0x21, 0x06, 0x21, 0x06, 0x19,
    0x05, 0x19, 0x05, 0x21, 0x06, 0x19, 0x05, 0x21, 0x06, 0x19, 0x05, 0x21,
    0x05, 0x19, 0x06, 0x21, 0x05, 0x21, 0x05, 0x21, 0x06, 0x21, 0x05, 0x21,
    0x06, 0x21, 0x06, 0x21, 0x05, 0x21, 0x06, 0x21, 0x06, 0x21, 0x05, 0x19,
    0x06, 0x21, 0x06, 0x21, 0x05, 0x19, 0x06, 0x21, 0x05, 0x21, 0x06, 0x19,
    0x06, 0x19, 0x05, 0x21, 0x06, 0x21, 0x06, 0x19, 0x06, 0x21, 0x06, 0x21,
    0x06, 0x21, 0x05, 0x21, 0x06, 0x21, 0x06, 0x21, 0x05, 0x21, 0x05, 0x19,
    0x06, 0x21, 0x06, 0x21, 0x05, 0x19, 0x06, 0x21, 0x06, 0x21, 0x05, 0x21,
    0x06, 0x21, 0x05, 0x21, 0x06, 0x21, 0x05, 0x21, 0x06, 0x21, 0x06, 0x19,
    0x05, 0x21, 0x06, 0x21, 0x06, 0x19, 0x05, 0x19, 0x06, 0x21, 0x06, 0x21,
    0x05, 0x19, 0x05, 0x19, 0x06, 0x21, 0x06, 0x21, 0x05, 0x19, 0x05, 0x21,
    0x06, 0x21, 0x05, 0x19, 0x05, 0x21, 0x06, 0x21, 0x05, 0x19, 0x05, 0x21,
    0x06, 0x21, 0x06, 0x19, 0x05, 0x21, 0x06, 0x21, 0x05, 0x19, 0x06, 0x21,
    0x06, 0x21, 0x05, 0x21, 0x06, 0x21, 0x06, 0x21, 0x05, 0x19, 0x06, 0x21,
    0x06, 0x21, 0x05, 0x19, 0x06, 0x21, 0x06, 0x21, 0x05, 0x19, 0x06, 0x19,
    0x06, 0x21, 0x05, 0x19, 0x05, 0x21, 0x06, 0x19, 0x05, 0x21, 0x05, 0x21,
    0x06, 0x19, 0x05, 0x21, 0x05, 0x21, 0x06, 0x21, 0x06, 0x21, 0x05, 0x21,
    0x06, 0x21, 0x06, 0x19, 0x05, 0x21, 0x06, 0x19, 0x06, 0x21, 0x05, 0x19,
    0x06, 0x21, 0x06, 0x21, 0x05, 0x21, 0x06, 0x21, 0x06, 0x21, 0x05, 0x21,
    0x06, 0x21, 0x06, 0x21, 0x05, 0x21, 0x06, 0x21, 0x06, 0x21, 0x06, 0x19,
    0x06, 0x21, 0x06, 0x21, 0x05, 0x19, 0x06, 0x21, 0x05, 0x21, 0x06, 0x19,
    0x06, 0x21, 0x06, 0x21, 0x06, 0x21, 0x05, 0x19, 0x06, 0x21, 0x06, 0x21,
    0x06, 0x21, 0x05, 0x21, 0x06, 0x21, 0x06, 0x21, 0x05, 0x21, 0x06, 0x21,
    0x06, 0x19, 0x05, 0x21, 0x06, 0x21, 0x05, 0x19, 0x05, 0x21, 0x06, 0x21,
    0x05, 0x19, 0x06, 0x21, 0x06, 0x21, 0x05, 0x21, 0x06, 0x21, 0x05, 0x19,
    0x05, 0x21, 0x06, 0x21, 0x05, 0x21, 0x06, 0x21, 0x06, 0x19, 0x05, 0x21,
    0x06, 0x21, 0x06, 0x19, 0x05, 0x21, 0x06, 0x21, 0x05, 0x21, 0x06, 0x19,
    0x06, 0x21, 0x05, 0x19, 0x06, 0x21, 0x05, 0x21, 0x05, 0x21, 0x06, 0x21,
    0x06, 0x21, 0x05, 0x21, 0x06, 0x21, 0x06, 0x19, 0x05, 0x21, 0x06, 0x21,
    0x06, 0x19, 0x06, 0x21, 0x05, 0x19, 0x06, 0x21, 0x06, 0x21, 0x06, 0x19,
    0x06, 0x21, 0x06, 0x21, 0x05, 0x21, 0x06, 0x21, 0x06, 0x21, 0x05, 0x19,
    0x06, 0x21, 0x05, 0x21, 0x06, 0x19, 0x05, 0x21, 0x06, 0x21, 0x06, 0x19,
    0x05, 0x21, 0x06, 0x21, 0x06, 0x19, 0x06, 0x21, 0x05, 0x21, 0x06, 0x21,
    0x06, 0x21, 0x05, 0x21, 0x06, 0x21, 0x05, 0x19, 0x06, 0x21, 0x05, 0x19,
    0x06, 0x21, 0x06, 0x19, 0x05, 0x21, 0x06, 0x19, 0x06, 0x21, 0x05, 0x21,
    0x06, 0x21, 0x05, 0x21, 0x06, 0x19, 0x05, 0x21, 0x06, 0x21, 0x06, 0x21,
    0x05, 0x21, 0x06, 0x21, 0x06, 0x21, 0x06, 0x21, 0x06, 0x19, 0x05, 0x21,
    0x06, 0x21, 0x06, 0x21, 0x06, 0x19, 0x05, 0x21, 0x06, 0x19, 0x06, 0x21,
    0x05, 0x19, 0x06, 0x21, 0x06, 0x21, 0x05, 0x21, 0x06, 0x21, 0x06, 0x21,
    0x05, 0x21, 0x06, 0x21, 0x06, 0x21, 0x06, 0x19, 0x05, 0x21, 0x06, 0x21,
    0x06, 0x21, 0x05, 0x21, 0x05, 0x21, 0x06, 0x19, 0x05, 0x21, 0x05, 0x21,
    0x06, 0x21, 0x06, 0x19, 0x05, 0x21, 0x06, 0x21, 0x06, 0x21, 0x05, 0x21,
    0x06, 0x19, 0x06, 0x21, 0x05, 0x21, 0x06, 0x19, 0x06, 0x21, 0x05, 0x19,
    0x06, 0x19, 0x06, 0x21, 0x06, 0x21, 0x05, 0x19, 0x06, 0x21, 0x05, 0x21,
    0x06, 0x21, 0x06, 0x19, 0x05, 0x21, 0x05, 0x21, 0x06, 0x21, 0x05, 0x21,
    0x06, 0x21, 0x06, 0x21, 0x05, 0x21, 0x06, 0x21, 0x06, 0x19, 0x05, 0x21,
    0x06, 0x21, 0x06, 0x21, 0x05, 0x21, 0x06, 0x21, 0x06, 0x21, 0x05, 0x21,
    0x06, 0x21, 0x06, 0x21, 0x05, 0x21, 0x06, 0x21, 0x06, 0x21, 0x05, 0x19,
    0x06, 0x21, 0x05, 0x21, 0x06, 0x19, 0x06, 0x21, 0x05, 0x19, 0x05, 0x21,
    0x06, 0x21, 0x05, 0x21, 0x05, 0x21, 0x06, 0x19, 0x05, 0x21, 0x06, 0x21,
    0x06, 0x21, 0x05, 0x21, 0x06, 0x21, 0x06, 0x19, 0x06, 0x21, 0x05, 0x21,
    0x06, 0x19, 0x06, 0x21, 0x05, 0x21, 0x06, 0x21, 0x06, 0x19, 0x05, 0x21,
    0x06, 0x21, 0x05, 0x21, 0x06, 0x21, 0x05, 0x21, 0x05, 0x21, 0x06, 0x19,
    0x06, 0x21, 0x05, 0x21, 0x06, 0x19, 0x05, 0x21, 0x05, 0x19, 0x06, 0x19,
    0x06, 0x21, 0x05, 0x21, 0x06, 0x19, 0x06, 0x19, 0x05, 0x21, 0x05, 0x21,
    0x05, 0x21, 0x06, 0x19, 0x06, 0x21, 0x06, 0x21, 0x05, 0x21, 0x06, 0x21,
    0x05, 0x21, 0x05, 0x19, 0x06, 0x21, 0x05, 0x21, 0x06, 0x21, 0x05, 0x19,
    0x06, 0x21, 0x05, 0x21, 0x06, 0x19, 0x05, 0x19, 0x06, 0x21, 0x05, 0x19,
    0x06, 0x21, 0x06, 0x21, 0x05, 0x21, 0x06, 0x19, 0x06, 0x21, 0x06, 0x21,
    0x06, 0x21, 0x05, 0x21, 0x06, 0x21, 0x06, 0x21, 0x05, 0x21, 0x06, 0x21,
    0x06, 0x21, 0x05, 0x19, 0x06, 0x21, 0x05, 0x21, 0x05, 0x19, 0x06, 0x21,
    0x05, 0x21, 0x06, 0x21, 0x06, 0x19, 0x05, 0x21, 0x06, 0x21, 0x06, 0x21,
    0x05, 0x21, 0x06, 0x21, 0x06, 0x21, 0x05, 0x19, 0x06, 0x21, 0x06, 0x19,
    0x05, 0x21, 0x06, 0x19, 0x06, 0x21, 0x06, 0x21, 0x05, 0x21, 0x06, 0x21,
    0x05, 0x21, 0x06, 0x21, 0x05, 0x19, 0x06, 0x21, 0x05, 0x21, 0x05, 0x19,
    0x06, 0x21, 0x05, 0x21, 0x06, 0x19, 0x06, 0x21, 0x05, 0x21, 0x06, 0x19,
    0x06, 0x21, 0x05, 0x21, 0x06, 0x21, 0x06, 0x19, 0x05, 0x21, 0x06, 0x21,
    0x06, 0x21, 0x05, 0x21, 0x06, 0x19, 0x06, 0x21, 0x05, 0x21, 0x06, 0x21,
    0x06, 0x19, 0x05, 0x21, 0x06, 0x21, 0x06, 0x19, 0x05, 0x21, 0x06, 0x21,
    0x06, 0x21, 0x05, 0x19, 0x06, 0x21, 0x05, 0x21, 0x06, 0x21, 0x06, 0x19,
    0x05, 0x21, 0x06, 0x21, 0x06, 0x19, 0x05, 0x21, 0x06, 0x21, 0x06, 0x21,
    0x05, 0x19, 0x06, 0x21, 0x06, 0x21, 0x05, 0x21, 0x05, 0x21, 0x06, 0x21,
    0x06, 0x21, 0x05, 0x21, 0x06, 0x21, 0x06, 0x21, 0x05, 0x21, 0x06, 0x21,
    0x06, 0x19, 0x05, 0x21, 0x06, 0x21, 0x06, 0x19, 0x05, 0x19, 0x06, 0x21,
    0x05, 0x19, 0x06, 0x21, 0x05, 0x21, 0x06, 0x19, 0x05, 0x21, 0x06, 0x21,
    0x06, 0x21, 0x05, 0x19, 0x06, 0x21, 0x06, 0x21, 0x06, 0x21, 0x05, 0x19,
    0x06, 0x21, 0x06, 0x21, 0x05, 0x19, 0x06, 0x21, 0x05, 0x19, 0x06, 0x21,
    0x06, 0x21, 0x05, 0x21, 0x06, 0x21, 0x05, 0x21, 0x06, 0x21, 0x06, 0x21,
    0x05, 0x21, 0x06, 0x21, 0x06, 0x21, 0x05, 0x19, 0x06, 0x21, 0x06, 0x19,
    0x05, 0x21, 0x06, 0x21, 0x06, 0x21, 0x05, 0x21, 0x06, 0x21, 0x06, 0x19,
    0x05, 0x21, 0x06, 0x19, 0x06, 0x21, 0x05, 0x21, 0x06, 0x19, 0x06, 0x21,
    0x05, 0x21, 0x06, 0x19, 0x06, 0x21, 0x06, 0x19, 0x06, 0x21, 0x05, 0x19,
    0x06, 0x21, 0x06, 0x19, 0x05, 0x21, 0x06, 0x19, 0x06, 0x21, 0x05, 0x21,
    0x06, 0x21, 0x06, 0x21, 0x05, 0x19, 0x06, 0x21, 0x06, 0x21, 0x05, 0x21,
    0x06, 0x21, 0x06, 0x19, 0x06, 0x21, 0x06, 0x21, 0x05, 0x21, 0x06, 0x21,
    0x06, 0x21, 0x05, 0x19, 0x06, 0x21, 0x06, 0x21, 0x05, 0x21, 0x06, 0x21,
    0x06, 0x21, 0x06, 0x21, 0x06, 0x21, 0x05, 0x21, 0x06, 0x19, 0x06, 0x21,
    0x05, 0x21, 0x06, 0x19, 0x06, 0x19, 0x05, 0x21, 0x06, 0x21, 0x06, 0x21,
    0x05, 0x21, 0x06, 0x21, 0x06, 0x21, 0x05, 0x21, 0x06, 0x21, 0x06, 0x21,
    0x05, 0x21, 0x06, 0x21, 0x06, 0x19, 0x05, 0x21, 0x06, 0x21, 0x06, 0x19,
    0x06, 0x21, 0x05, 0x21, 0x05, 0x21, 0x06, 0x19, 0x05, 0x21, 0x06, 0x21,
    0x06, 0x19, 0x06, 0x21, 0x05, 0x21, 0x06, 0x19, 0x06, 0x21, 0x05, 0x21,
    0x06, 0x21, 0x06, 0x19, 0x05, 0x21, 0x06, 0x21, 0x06, 0x21, 0x05, 0x21,
    0x06, 0x21, 0x05, 0x19, 0x06, 0x21, 0x06, 0x21, 0x05, 0x21, 0x06, 0x21,
    0x06, 0x21, 0xff, 0xff, 0xff, 0xff, 0x05, 0x19, 0x06, 0x19, 0x06, 0x21,
    0x05, 0x21, 0x06, 0x21, 0x06, 0x19, 0x06, 0x21, 0x06, 0x21, 0x06, 0x21,
    0x05, 0x21, 0x06, 0x19, 0x06, 0x21, 0x05, 0x21, 0x06, 0x19, 0x06, 0x21,
    0x05, 0x19, 0x06, 0x21, 0x05, 0x21, 0x06, 0x21, 0x06, 0x21, 0x06, 0x19,
    0x06, 0x21, 0x05, 0x21, 0x05, 0x21, 0x06, 0x19, 0x05, 0x21, 0x06, 0x19,
    0x06, 0x21, 0x05, 0x21, 0x06, 0x21, 0x06, 0x21, 0x06, 0x21, 0x06, 0x21,
    0x05, 0x21, 0x06, 0x21, 0x05, 0x21, 0x06, 0x19, 0x06, 0x21, 0x05, 0x21,
    0x06, 0x21, 0x06, 0x21, 0x05, 0x21, 0x06, 0x19, 0x06, 0x21, 0x05, 0x21,
    0x06, 0x19, 0x05, 0x21, 0x06, 0x21, 0x05, 0x21, 0x05, 0x21, 0x06, 0x19,
    0x06, 0x21, 0x05, 0x21, 0x05, 0x19, 0x06, 0x21, 0x06, 0x21, 0x05, 0x21,
    0x06, 0x21, 0x06, 0x21, 0x05, 0x21, 0x06, 0x21, 0x06, 0x21, 0x05, 0x21,
    0x06, 0x21, 0x06, 0x19, 0x05, 0x21, 0x06, 0x21, 0x06, 0x21, 0x05, 0x21,
    0x06, 0x19, 0x05, 0x21, 0x06, 0x21, 0x06, 0x19, 0x05, 0x19, 0x06, 0x21,
    0x06, 0x21, 0x05, 0x19, 0x06, 0x19, 0x05, 0x21, 0x06, 0x19, 0x06, 0x21,
    0x05, 0x21, 0x06, 0x21, 0x05, 0x21, 0x06, 0x21, 0x05, 0x21, 0x06, 0x21,
    0x06, 0x21, 0x05, 0x19, 0x06, 0x21, 0x06, 0x21, 0x05, 0x21, 0x06, 0x21,
    0x05, 0x19, 0x06, 0x21, 0x05, 0x21, 0x06, 0x19, 0x06, 0x21, 0x05, 0x21,
    0x06, 0x21, 0x06, 0x21, 0x05, 0x21, 0x06, 0x21, 0x06, 0x21, 0x05, 0x21,
    0x06, 0x19, 0x06, 0x21, 0x05, 0x19, 0x06, 0x19, 0x06, 0x21, 0x05, 0x21,
    0x06, 0x19, 0x05, 0x21, 0x06, 0x21, 0x05, 0x21, 0x05, 0x21, 0x06, 0x21,
    0x06, 0x21, 0x05, 0x19, 0x06, 0x21, 0x06, 0x19, 0x05, 0x21, 0x06, 0x21,
    0x06, 0x19, 0x05, 0x21, 0x06, 0x21, 0x06, 0x19, 0x05, 0x21, 0x06, 0x21,
    0x05, 0x21, 0x06, 0x21, 0x05, 0x21, 0x05, 0x21, 0x06, 0x21, 0x05, 0x19,
    0x06, 0x21, 0x06, 0x21, 0x05, 0x21, 0x05, 0x19, 0x06, 0x21, 0x05, 0x21,
    0x06, 0x19, 0x06, 0x21, 0x05, 0x21, 0x06, 0x21, 0x05, 0x21, 0x06, 0x19,
    0x06, 0x21, 0x05, 0x21, 0x06, 0x21, 0x06, 0x19, 0x05, 0x21, 0x06, 0x19,
    0x06, 0x21, 0x05, 0x21, 0x05, 0x19, 0x06, 0x21, 0x05, 0x21, 0x05, 0x19,
    0x06, 0x21, 0x05, 0x19, 0x05, 0x21, 0x06, 0x21, 0x06, 0x19, 0x05, 0x21,
    0x06, 0x21, 0x05, 0x21, 0x06, 0x21, 0x06, 0x21, 0x05, 0x19, 0x06, 0x21,
    0x06, 0x19, 0x05, 0x21, 0x06, 0x19, 0x06, 0x19, 0x05, 0x21, 0x06, 0x21,
    0x06, 0x19, 0x05, 0x21, 0x06, 0x21, 0x06, 0x21, 0x05, 0x21, 0x05, 0x21,
    0x06, 0x21, 0x06, 0x19, 0x06, 0x21, 0x06, 0x21, 0x05, 0x21, 0x06, 0x19,
    0x06, 0x21, 0x05, 0x21, 0x06, 0x21, 0x06, 0x21, 0x05, 0x21, 0x06, 0x19,
    0x06, 0x21, 0x05, 0x21, 0x06, 0x21, 0x06, 0x21, 0x05, 0x21, 0x06, 0x19,
    0x06, 0x21, 0x06, 0x21, 0x05, 0x21, 0x06, 0x19, 0x06, 0x21, 0x05, 0x21,
    0x05, 0x19, 0x06, 0x21
};
