// 4.24.0 0x935e4477 D2 R0 FRGB565 U565 N0 SExtFlashSection
// Generated by imageconverter. Please, do not edit!

#include <touchgfx/hal/Config.hpp>

LOCATION_PRAGMA("ExtFlashSection")
KEEP extern const unsigned char image_tetrissen2[] LOCATION_ATTRIBUTE("ExtFlashSection") = { // 229x250 RGB565 pixels.
    0x06, 0x21, 0x06, 0x21, 0x05, 0x21, 0x06, 0x21, 0x06, 0x21, 0x05, 0x21,
    0x06, 0x21, 0x06, 0x21, 0x05, 0x21, 0x06, 0x21, 0x06, 0x21, 0x05, 0x21,
    0x06, 0x21, 0x06, 0x21, 0x05, 0x21, 0x06, 0x21, 0x06, 0x21, 0x05, 0x21,
    0x06, 0x21, 0x06, 0x21, 0x05, 0x21, 0x06, 0x21, 0x06, 0x21, 0x05, 0x21,
    0x06, 0x21, 0x06, 0x21, 0x05, 0x21, 0x06, 0x21, 0x06, 0x21, 0x05, 0x21,
    0x06, 0x21, 0x06, 0x21, 0x05, 0x21, 0x06, 0x21, 0x06, 0x21, 0x05, 0x21,
    0x06, 0x21, 0x06, 0x21, 0x05, 0x21, 0x06, 0x21, 0x06, 0x21, 0x05, 0x21,
    0x06, 0x21, 0x06, 0x21, 0x05, 0x21, 0x06, 0x21, 0x06, 0x21, 0x05, 0x21,
    0x06, 0x21, 0x06, 0x21, 0x05, 0x21, 0x06, 0x21, 0x06, 0x21, 0x05, 0x21,
    0x06, 0x21, 0x06, 0x21, 0x05, 0x21, 0x06, 0x21, 0x06, 0x21, 0x05, 0x21,
    0x06, 0x21, 0x06, 0x21, 0x05, 0x21, 0x06, 0x21, 0x06, 0x21, 0x05, 0x21,
    0x06, 0x21, 0x06, 0x21, 0x05, 0x21, 0x06, 0x21, 0x06, 0x21, 0x05, 0x21,
    0x06, 0x21, 0x06, 0x21, 0x05, 0x21, 0x06, 0x21, 0x06, 0x21, 0x05, 0x21,
    0x06, 0x21, 0x06, 0x21, 0x05, 0x21, 0x06, 0x21, 0x06, 0x21, 0x05, 0x21,
    0x06, 0x21, 0x06, 0x21, 0x05, 0x21, 0x06, 0x21, 0x06, 0x21, 0x05, 0x21,
    0x06, 0x21, 0x06, 0x21, 0x05, 0x21, 0x06, 0x21, 0x06, 0x21, 0x05, 0x21,
    0x06, 0x21, 0x06, 0x21, 0x05, 0x21, 0x06, 0x21, 0x06, 0x21, 0x05, 0x21,
    0x06, 0x21, 0x06, 0x21, 0x05, 0x21, 0x06, 0x21, 0x06, 0x21, 0x05, 0x21,
    0x06, 0x21, 0x06, 0x21, 0x05, 0x21, 0x06, 0x21, 0x06, 0x21, 0x05, 0x21,
    0x06, 0x21, 0x06, 0x21, 0x05, 0x21, 0x06, 0x21, 0x06, 0x21, 0x05, 0x21,
    0x06, 0x21, 0x06, 0x21, 0x05, 0x21, 0x06, 0x21, 0x06, 0x21, 0x05, 0x21,
    0x06, 0x21, 0x06, 0x21, 0x05, 0x21, 0x06, 0x21, 0x06, 0x21, 0x05, 0x21,
    0x06, 0x21, 0x06, 0x21, 0x05, 0x21, 0x06, 0x21, 0x06, 0x21, 0x05, 0x21,
    0x06, 0x21, 0x06, 0x21, 0x05, 0x21, 0x06, 0x21, 0x06, 0x21, 0x05, 0x21,
    0x06, 0x21, 0x06, 0x21, 0x05, 0x21, 0x06, 0x21, 0x06, 0x21, 0x05, 0x21,
    0x06, 0x21, 0x06, 0x21, 0x05, 0x21, 0x06, 0x21, 0x06, 0x21, 0x05, 0x21,
    0x06, 0x21, 0x06, 0x21, 0x05, 0x21, 0x06, 0x21, 0x06, 0x21, 0x05, 0x21,
    0x06, 0x21, 0x06, 0x21, 0x05, 0x21, 0x06, 0x21, 0x06, 0x21, 0x05, 0x21,
    0x06, 0x21, 0x06, 0x21, 0x05, 0x21, 0x06, 0x21, 0x06, 0x21, 0x05, 0x21,
    0x06, 0x21, 0x06, 0x21, 0x05, 0x21, 0x06, 0x21, 0x06, 0x21, 0x05, 0x21,
    0x06, 0x21, 0x06, 0x21, 0x05, 0x21, 0x06, 0x21, 0x06, 0x21, 0x05, 0x21,
    0x06, 0x21, 0x06, 0x21, 0x05, 0x21, 0x06, 0x21, 0x06, 0x21, 0x05, 0x21,
    0x06, 0x21, 0x06, 0x21, 0x05, 0x21, 0x06, 0x21, 0x06, 0x21, 0x05, 0x21,
    0x06, 0x21, 0x06, 0x21, 0x05, 0x21, 0x06, 0x21, 0x06, 0x21, 0x05, 0x21,
    0x06, 0x21, 0x06, 0x21, 0x05, 0x21, 0x06, 0x21, 0x06, 0x21, 0x05, 0x21,
    0x06, 0x21, 0x06, 0x21, 0x05, 0x21, 0x06, 0x21, 0x06, 0x21, 0x05, 0x21,
    0x06, 0x21, 0x06, 0x21, 0x05, 0x21, 0x06, 0x21, 0x06, 0x21, 0x05, 0x21,
    0x06, 0x21, 0x06, 0x21, 0x05, 0x21, 0x06, 0x21, 0x06, 0x21, 0x05, 0x21,
    0x06, 0x21, 0x05, 0x21, 0x06, 0x21, 0x06, 0x19, 0x05, 0x21, 0x06, 0x21,
    0x06, 0x19, 0x05, 0x21, 0x06, 0x21, 0x06, 0x19, 0x05, 0x21, 0x06, 0x21,
    0x06, 0x19, 0x05, 0x21, 0x06, 0x21, 0x06, 0x19, 0x05, 0x21, 0x06, 0x21,
    0x06, 0x19, 0x05, 0x21, 0x06, 0x21, 0x06, 0x19, 0x05, 0x21, 0x06, 0x21,
    0x06, 0x19, 0x05, 0x21, 0x06, 0x21, 0x06, 0x19, 0x05, 0x21, 0x06, 0x21,
    0x06, 0x19, 0x05, 0x21, 0x06, 0x21, 0x06, 0x19, 0x05, 0x21, 0x06, 0x21,
    0x06, 0x19, 0x05, 0x21, 0x06, 0x21, 0x06, 0x19, 0x05, 0x21, 0x06, 0x21,
    0x06, 0x19, 0x05, 0x21, 0x06, 0x21, 0x06, 0x19, 0x05, 0x21, 0x06, 0x21,
    0x06, 0x19, 0x05, 0x21, 0x06, 0x21, 0x06, 0x19, 0x05, 0x21, 0x06, 0x21,
    0x06, 0x19, 0x05, 0x21, 0x06, 0x21, 0x06, 0x19, 0x05, 0x21, 0x06, 0x21,
    0x06, 0x19, 0x05, 0x21, 0x06, 0x21, 0x06, 0x19, 0x05, 0x21, 0x06, 0x21,
    0x06, 0x19, 0x05, 0x21, 0x06, 0x21, 0x06, 0x19, 0x05, 0x21, 0x06, 0x21,
    0x06, 0x19, 0x05, 0x21, 0x06, 0x21, 0x06, 0x19, 0x05, 0x21, 0x06, 0x21,
    0x06, 0x19, 0x05, 0x21, 0x06, 0x21, 0x06, 0x19, 0x05, 0x21, 0x06, 0x21,
    0x06, 0x19, 0x05, 0x21, 0x06, 0x21, 0x06, 0x19, 0x05, 0x21, 0x06, 0x21,
    0x06, 0x19, 0x05, 0x21, 0x06, 0x21, 0x06, 0x19, 0x05, 0x21, 0x06, 0x21,
    0x06, 0x19, 0x05, 0x21, 0x06, 0x21, 0x06, 0x19, 0x05, 0x21, 0x06, 0x21,
    0x06, 0x19, 0x05, 0x21, 0x06, 0x21, 0x06, 0x19, 0x05, 0x21, 0x06, 0x21,
    0x06, 0x19, 0x05, 0x21, 0x06, 0x21, 0x06, 0x19, 0x05, 0x21, 0x06, 0x21,
    0x06, 0x19, 0x05, 0x21, 0x06, 0x21, 0x06, 0x19, 0x05, 0x21, 0x06, 0x21,
    0x06, 0x19, 0x05, 0x21, 0x06, 0x21, 0x06, 0x19, 0x05, 0x21, 0x06, 0x21,
    0x06, 0x19, 0x05, 0x21, 0x06, 0x21, 0x06, 0x19, 0x05, 0x21, 0x06, 0x21,
    0x06, 0x19, 0x05, 0x21, 0x06, 0x21, 0x06, 0x19, 0x05, 0x21, 0x06, 0x21,
    0x06, 0x19, 0x05, 0x21, 0x06, 0x21, 0x06, 0x19, 0x05, 0x21, 0x06, 0x21,
    0x06, 0x19, 0x05, 0x21, 0x06, 0x21, 0x06, 0x19, 0x05, 0x21, 0x06, 0x21,
    0x06, 0x19, 0x05, 0x21, 0x06, 0x21, 0x06, 0x19, 0x05, 0x21, 0x06, 0x21,
    0x06, 0x19, 0x05, 0x21, 0x06, 0x21, 0x06, 0x19, 0x05, 0x21, 0x06, 0x21,
    0x06, 0x19, 0x05, 0x21, 0x06, 0x21, 0x06, 0x19, 0x05, 0x21, 0x06, 0x21,
    0x06, 0x19, 0x05, 0x21, 0x06, 0x21, 0x06, 0x19, 0x05, 0x21, 0x06, 0x21,
    0x06, 0x19, 0x05, 0x21, 0x06, 0x21, 0x06, 0x19, 0x05, 0x21, 0x06, 0x21,
    0x06, 0x19, 0x05, 0x21, 0x06, 0x21, 0x06, 0x19, 0x05, 0x21, 0x06, 0x21,
    0x06, 0x19, 0x05, 0x21, 0x06, 0x21, 0x06, 0x19, 0x05, 0x21, 0x06, 0x21,
    0x06, 0x19, 0x05, 0x21, 0x06, 0x21, 0x06, 0x19, 0x05, 0x21, 0x06, 0x21,
    0x06, 0x19, 0x05, 0x21, 0x06, 0x21, 0x06, 0x19, 0x05, 0x21, 0x06, 0x21,
    0x06, 0x19, 0x05, 0x21, 0x06, 0x21, 0x06, 0x19, 0x05, 0x21, 0x06, 0x21,
    0x06, 0x19, 0x05, 0x21, 0x06, 0x21, 0x06, 0x19, 0x05, 0x21, 0x06, 0x21,
    0x06, 0x19, 0x05, 0x21, 0x06, 0x21, 0x06, 0x19, 0x05, 0x21, 0x06, 0x21,
    0x06, 0x19, 0x05, 0x21, 0x06, 0x21, 0x06, 0x19, 0x05, 0x21, 0x06, 0x21,
    0x06, 0x19, 0x05, 0x21, 0x06, 0x21, 0x05, 0x19, 0x06, 0x21, 0x05, 0x21,
    0x06, 0x19, 0x06, 0x21, 0x05, 0x21, 0x06, 0x19, 0x06, 0x21, 0x05, 0x21,
    0x06, 0x19, 0x06, 0x21, 0x05, 0x21, 0x06, 0x19, 0x06, 0x21, 0x05, 0x21,
    0x06, 0x19, 0x06, 0x21, 0x05, 0x21, 0x06, 0x19, 0x06, 0x21, 0x05, 0x21,
    0x06, 0x19, 0x06, 0x21, 0x05, 0x21, 0x06, 0x19, 0x06, 0x21, 0x05, 0x21,
    0x06, 0x19, 0x06, 0x21, 0x05, 0x21, 0x06, 0x19, 0x06, 0x21, 0x05, 0x21,
    0x06, 0x19, 0x06, 0x21, 0x05, 0x21, 0x06, 0x19, 0x06, 0x21, 0x05, 0x21,
    0x06, 0x19, 0x06, 0x21, 0x05, 0x21, 0x06, 0x19, 0x06, 0x21, 0x05, 0x21,
    0x06, 0x19, 0x06, 0x21, 0x05, 0x21, 0x06, 0x19, 0x06, 0x21, 0x05, 0x21,
    0x06, 0x19, 0x06, 0x21, 0x05, 0x21, 0x06, 0x19, 0x06, 0x21, 0x05, 0x21,
    0x06, 0x19, 0x06, 0x21, 0x05, 0x21, 0x06, 0x19, 0x06, 0x21, 0x05, 0x21,
    0x06, 0x19, 0x06, 0x21, 0x05, 0x21, 0x06, 0x19, 0x06, 0x21, 0x05, 0x21,
    0x06, 0x19, 0x06, 0x21, 0x05, 0x21, 0x06, 0x19, 0x06, 0x21, 0x05, 0x21,
    0x06, 0x19, 0x06, 0x21, 0x05, 0x21, 0x06, 0x19, 0x06, 0x21, 0x05, 0x21,
    0x06, 0x19, 0x06, 0x21, 0x05, 0x21, 0x06, 0x19, 0x06, 0x21, 0x05, 0x21,
    0x06, 0x19, 0x06, 0x21, 0x05, 0x21, 0x06, 0x19, 0x06, 0x21, 0x05, 0x21,
    0x06, 0x19, 0x06, 0x21, 0x05, 0x21, 0x06, 0x19, 0x06, 0x21, 0x05, 0x21,
    0x06, 0x19, 0x06, 0x21, 0x05, 0x21, 0x06, 0x19, 0x06, 0x21, 0x05, 0x21,
    0x06, 0x19, 0x06, 0x21, 0x05, 0x21, 0x06, 0x19, 0x06, 0x21, 0x05, 0x21,
    0x06, 0x19, 0x06, 0x21, 0x05, 0x21, 0x06, 0x19, 0x06, 0x21, 0x05, 0x21,
    0x06, 0x19, 0x06, 0x21, 0x05, 0x21, 0x06, 0x19, 0x06, 0x21, 0x05, 0x21,
    0x06, 0x19, 0x06, 0x21, 0x05, 0x21, 0x06, 0x19, 0x06, 0x21, 0x05, 0x21,
    0x06, 0x19, 0x06, 0x21, 0x05, 0x21, 0x06, 0x19, 0x06, 0x21, 0x05, 0x21,
    0x06, 0x19, 0x06, 0x21, 0x05, 0x21, 0x06, 0x19, 0x06, 0x21, 0x05, 0x21,
    0x06, 0x19, 0x06, 0x21, 0x05, 0x21, 0x06, 0x19, 0x06, 0x21, 0x05, 0x21,
    0x06, 0x19, 0x06, 0x21, 0x05, 0x21, 0x06, 0x19, 0x06, 0x21, 0x05, 0x21,
    0x06, 0x19, 0x06, 0x21, 0x05, 0x21, 0x06, 0x19, 0x06, 0x21, 0x05, 0x21,
    0x06, 0x19, 0x06, 0x21, 0x05, 0x21, 0x06, 0x19, 0x06, 0x21, 0x05, 0x21,
    0x06, 0x19, 0x06, 0x21, 0x05, 0x21, 0x06, 0x19, 0x06, 0x21, 0x05, 0x21,
    0x06, 0x19, 0x06, 0x21, 0x05, 0x21, 0x06, 0x19, 0x06, 0x21, 0x05, 0x21,
    0x06, 0x19, 0x06, 0x21, 0x05, 0x21, 0x06, 0x19, 0x06, 0x21, 0x05, 0x21,
    0x06, 0x19, 0x06, 0x21, 0x05, 0x21, 0x06, 0x19, 0x06, 0x21, 0x05, 0x21,
    0x06, 0x19, 0x06, 0x21, 0x05, 0x21, 0x06, 0x19, 0x06, 0x21, 0x05, 0x21,
    0x06, 0x19, 0x06, 0x21, 0x05, 0x21, 0x06, 0x19, 0x06, 0x21, 0x05, 0x21,
    0x06, 0x19, 0x06, 0x21, 0x05, 0x21, 0x06, 0x19, 0x06, 0x21, 0x05, 0x21,
    0x06, 0x19, 0x06, 0x21, 0x05, 0x21, 0x06, 0x19, 0x06, 0x21, 0x05, 0x21,
    0x06, 0x19, 0x06, 0x21, 0x05, 0x21, 0x06, 0x19, 0x06, 0x21, 0x05, 0x21,
    0x06, 0x19, 0x06, 0x21, 0x05, 0x21, 0x06, 0x19, 0x06, 0x21, 0x05, 0x21,
    0x06, 0x19, 0x06, 0x21, 0x05, 0x21, 0x06, 0x21, 0x06, 0x21, 0x05, 0x21,
    0x06, 0x21, 0x05, 0x21, 0x06, 0x21, 0x05, 0x21, 0x06, 0x21, 0x05, 0x21,
    0x06, 0x21, 0x05, 0x21, 0x06, 0x21, 0x05, 0x21, 0x06, 0x21, 0x05, 0x21,
    0x06, 0x21, 0x05, 0x21, 0x06, 0x21, 0x05, 0x21, 0x06, 0x21, 0x05, 0x21,
    0x06, 0x21, 0x05, 0x21, 0x06, 0x21, 0x05, 0x21, 0x06, 0x21, 0x05, 0x21,
    0x06, 0x21, 0x05, 0x21, 0x06, 0x21, 0x05, 0x21, 0x06, 0x21, 0x05, 0x21,
    0x06, 0x21, 0x05, 0x21, 0x06, 0x21, 0x05, 0x21, 0x06, 0x21, 0x05, 0x21,
    0x06, 0x21, 0x05, 0x21, 0x06, 0x21, 0x05, 0x21, 0x06, 0x21, 0x05, 0x21,
    0x06, 0x21, 0x05, 0x21, 0x06, 0x21, 0x05, 0x21, 0x06, 0x21, 0x05, 0x21,
    0x06, 0x21, 0x05, 0x21, 0x06, 0x21, 0x05, 0x21, 0x06, 0x21, 0x05, 0x21,
    0x06, 0x21, 0x05, 0x21, 0x06, 0x21, 0x05, 0x21, 0x06, 0x21, 0x05, 0x21,
    0x06, 0x21, 0x05, 0x21, 0x06, 0x21, 0x05, 0x21, 0x06, 0x21, 0x05, 0x21,
    0x06, 0x21, 0x05, 0x21, 0x06, 0x21, 0x05, 0x21, 0x06, 0x21, 0x05, 0x21,
    0x06, 0x21, 0x05, 0x21, 0x06, 0x21, 0x05, 0x21, 0x06, 0x21, 0x05, 0x21,
    0x06, 0x21, 0x05, 0x21, 0x06, 0x21, 0x05, 0x21, 0x06, 0x21, 0x05, 0x21,
    0x06, 0x21, 0x05, 0x21, 0x06, 0x21, 0x05, 0x21, 0x06, 0x21, 0x05, 0x21,
    0x06, 0x21, 0x05, 0x21, 0x06, 0x21, 0x05, 0x21, 0x06, 0x21, 0x05, 0x21,
    0x06, 0x21, 0x05, 0x21, 0x06, 0x21, 0x05, 0x21, 0x06, 0x21, 0x05, 0x21,
    0x06, 0x21, 0x05, 0x21, 0x06, 0x21, 0x05, 0x21, 0x06, 0x21, 0x05, 0x21,
    0x06, 0x21, 0x05, 0x21, 0x06, 0x21, 0x05, 0x21, 0x06, 0x21, 0x05, 0x21,
    0x06, 0x21, 0x05, 0x21, 0x06, 0x21, 0x05, 0x21, 0x06, 0x21, 0x05, 0x21,
    0x06, 0x21, 0x05, 0x21, 0x06, 0x21, 0x05, 0x21, 0x06, 0x21, 0x05, 0x21,
    0x06, 0x21, 0x05, 0x21, 0x06, 0x21, 0x05, 0x21, 0x06, 0x21, 0x05, 0x21,
    0x06, 0x21, 0x05, 0x21, 0x06, 0x21, 0x05, 0x21, 0x06, 0x21, 0x05, 0x21,
    0x06, 0x21, 0x05, 0x21, 0x06, 0x21, 0x05, 0x21, 0x06, 0x21, 0x05, 0x21,
    0x06, 0x21, 0x05, 0x21, 0x06, 0x21, 0x05, 0x21, 0x06, 0x21, 0x05, 0x21,
    0x06, 0x21, 0x05, 0x21, 0x06, 0x21, 0x05, 0x21, 0x06, 0x21, 0x05, 0x21,
    0x06, 0x21, 0x05, 0x21, 0x06, 0x21, 0x05, 0x21, 0x06, 0x21, 0x05, 0x21,
    0x06, 0x21, 0x05, 0x21, 0x06, 0x21, 0x05, 0x21, 0x06, 0x21, 0x05, 0x21,
    0x06, 0x21, 0x05, 0x21, 0x06, 0x21, 0x05, 0x21, 0x06, 0x21, 0x05, 0x21,
    0x06, 0x21, 0x05, 0x21, 0x06, 0x21, 0x05, 0x21, 0x06, 0x21, 0x05, 0x21,
    0x06, 0x21, 0x05, 0x21, 0x06, 0x21, 0x05, 0x21, 0x06, 0x21, 0x05, 0x21,
    0x06, 0x21, 0x05, 0x21, 0x06, 0x21, 0x05, 0x21, 0x06, 0x21, 0x05, 0x21,
    0x06, 0x21, 0x05, 0x21, 0x06, 0x21, 0x05, 0x21, 0x06, 0x21, 0x05, 0x21,
    0x06, 0x21, 0x05, 0x21, 0x06, 0x21, 0x05, 0x21, 0x06, 0x21, 0x05, 0x21,
    0x06, 0x21, 0x05, 0x21, 0x06, 0x21, 0x05, 0x21, 0x06, 0x21, 0x05, 0x21,
    0x06, 0x21, 0x05, 0x21, 0x06, 0x21, 0x05, 0x21, 0x06, 0x21, 0x05, 0x21,
    0x06, 0x21, 0x05, 0x21, 0x06, 0x21, 0x05, 0x21, 0x06, 0x21, 0x05, 0x21,
    0x06, 0x21, 0x05, 0x21, 0x06, 0x21, 0x06, 0x21, 0x05, 0x21, 0x06, 0x19,
    0x06, 0x21, 0x05, 0x19, 0x06, 0x21, 0x06, 0x19, 0x06, 0x19, 0x05, 0x21,
    0x06, 0x19, 0x06, 0x21, 0x05, 0x19, 0x06, 0x19, 0x06, 0x21, 0x05, 0x19,
    0x06, 0x21, 0x06, 0x19, 0x05, 0x21, 0x06, 0x19, 0x06, 0x19, 0x05, 0x21,
    0x06, 0x19, 0x06, 0x21, 0x05, 0x19, 0x06, 0x19, 0x06, 0x21, 0x05, 0x19,
    0x06, 0x21, 0x06, 0x19, 0x05, 0x21, 0x06, 0x19, 0x06, 0x19, 0x05, 0x21,
    0x06, 0x19, 0x06, 0x21, 0x05, 0x19, 0x06, 0x19, 0x06, 0x21, 0x05, 0x19,
    0x06, 0x21, 0x06, 0x19, 0x05, 0x21, 0x06, 0x19, 0x06, 0x19, 0x05, 0x21,
    0x06, 0x19, 0x06, 0x21, 0x05, 0x19, 0x06, 0x19, 0x06, 0x21, 0x05, 0x19,
    0x06, 0x21, 0x06, 0x19, 0x05, 0x21, 0x06, 0x19, 0x06, 0x19, 0x05, 0x21,
    0x06, 0x19, 0x06, 0x21, 0x05, 0x19, 0x06, 0x19, 0x06, 0x21, 0x05, 0x19,
    0x06, 0x21, 0x06, 0x19, 0x05, 0x21, 0x06, 0x19, 0x06, 0x19, 0x05, 0x21,
    0x06, 0x19, 0x06, 0x21, 0x05, 0x19, 0x06, 0x19, 0x06, 0x21, 0x05, 0x19,
    0x06, 0x21, 0x06, 0x19, 0x05, 0x21, 0x06, 0x19, 0x06, 0x19, 0x05, 0x21,
    0x06, 0x19, 0x06, 0x21, 0x05, 0x19, 0x06, 0x19, 0x06, 0x21, 0x05, 0x19,
    0x06, 0x21, 0x06, 0x19, 0x05, 0x21, 0x06, 0x19, 0x06, 0x19, 0x05, 0x21,
    0x06, 0x19, 0x06, 0x21, 0x05, 0x19, 0x06, 0x19, 0x06, 0x21, 0x05, 0x19,
    0x06, 0x21, 0x06, 0x19, 0x05, 0x21, 0x06, 0x19, 0x06, 0x19, 0x05, 0x21,
    0x06, 0x19, 0x06, 0x21, 0x05, 0x19, 0x06, 0x19, 0x06, 0x21, 0x05, 0x19,
    0x06, 0x21, 0x06, 0x19, 0x05, 0x21, 0x06, 0x19, 0x06, 0x19, 0x05, 0x21,
    0x06, 0x19, 0x06, 0x21, 0x05, 0x19, 0x06, 0x19, 0x06, 0x21, 0x05, 0x19,
    0x06, 0x21, 0x06, 0x19, 0x05, 0x21, 0x06, 0x19, 0x06, 0x19, 0x05, 0x21,
    0x06, 0x19, 0x06, 0x21, 0x05, 0x19, 0x06, 0x19, 0x06, 0x21, 0x05, 0x19,
    0x06, 0x21, 0x06, 0x19, 0x05, 0x21, 0x06, 0x19, 0x06, 0x19, 0x05, 0x21,
    0x06, 0x19, 0x06, 0x21, 0x05, 0x19, 0x06, 0x19, 0x06, 0x21, 0x05, 0x19,
    0x06, 0x21, 0x06, 0x19, 0x05, 0x21, 0x06, 0x19, 0x06, 0x19, 0x05, 0x21,
    0x06, 0x19, 0x06, 0x21, 0x05, 0x19, 0x06, 0x19, 0x06, 0x21, 0x05, 0x19,
    0x06, 0x21, 0x06, 0x19, 0x05, 0x21, 0x06, 0x19, 0x06, 0x19, 0x05, 0x21,
    0x06, 0x19, 0x06, 0x21, 0x05, 0x19, 0x06, 0x19, 0x06, 0x21, 0x05, 0x19,
    0x06, 0x21, 0x06, 0x19, 0x05, 0x21, 0x06, 0x19, 0x06, 0x19, 0x05, 0x21,
    0x06, 0x19, 0x06, 0x21, 0x05, 0x19, 0x06, 0x19, 0x06, 0x21, 0x05, 0x19,
    0x06, 0x21, 0x06, 0x19, 0x05, 0x21, 0x06, 0x19, 0x06, 0x19, 0x05, 0x21,
    0x06, 0x19, 0x06, 0x21, 0x05, 0x19, 0x06, 0x19, 0x06, 0x21, 0x05, 0x19,
    0x06, 0x21, 0x06, 0x19, 0x05, 0x21, 0x06, 0x19, 0x06, 0x19, 0x05, 0x21,
    0x06, 0x19, 0x06, 0x21, 0x05, 0x19, 0x06, 0x19, 0x06, 0x21, 0x05, 0x19,
    0x06, 0x21, 0x06, 0x19, 0x05, 0x21, 0x06, 0x19, 0x06, 0x19, 0x05, 0x21,
    0x06, 0x19, 0x06, 0x21, 0x05, 0x19, 0x06, 0x19, 0x06, 0x21, 0x05, 0x19,
    0x06, 0x21, 0x06, 0x19, 0x05, 0x21, 0x06, 0x19, 0x06, 0x19, 0x05, 0x21,
    0x06, 0x19, 0x06, 0x21, 0x05, 0x19, 0x06, 0x21, 0x06, 0x21, 0x06, 0x21,
    0x05, 0x21, 0x06, 0x21, 0x06, 0x21, 0x05, 0x21, 0x06, 0x21, 0x05, 0x21,
    0x06, 0x21, 0x06, 0x21, 0x05, 0x21, 0x06, 0x21, 0x06, 0x21, 0x05, 0x21,
    0x06, 0x21, 0x06, 0x19, 0x05, 0x21, 0x06, 0x21, 0x06, 0x21, 0x05, 0x21,
    0x06, 0x21, 0x06, 0x21, 0x05, 0x21, 0x06, 0x21, 0x06, 0x21, 0x05, 0x21,
    0x06, 0x21, 0x06, 0x19, 0x05, 0x21, 0x06, 0x21, 0x06, 0x21, 0x05, 0x21,
    0x06, 0x21, 0x06, 0x21, 0x05, 0x21, 0x06, 0x21, 0x06, 0x21, 0x05, 0x21,
    0x06, 0x21, 0x06, 0x19, 0x05, 0x21, 0x06, 0x21, 0x06, 0x21, 0x05, 0x21,
    0x06, 0x21, 0x06, 0x21, 0x05, 0x21, 0x06, 0x21, 0x06, 0x21, 0x05, 0x21,
    0x06, 0x21, 0x06, 0x19, 0x05, 0x21, 0x06, 0x21, 0x06, 0x21, 0x05, 0x21,
    0x06, 0x21, 0x06, 0x21, 0x05, 0x21, 0x06, 0x21, 0x06, 0x21, 0x05, 0x21,
    0x06, 0x21, 0x06, 0x19, 0x05, 0x21, 0x06, 0x21, 0x06, 0x21, 0x05, 0x21,
    0x06, 0x21, 0x06, 0x21, 0x05, 0x21, 0x06, 0x21, 0x06, 0x21, 0x05, 0x21,
    0x06, 0x21, 0x06, 0x19, 0x05, 0x21, 0x06, 0x21, 0x06, 0x21, 0x05, 0x21,
    0x06, 0x21, 0x06, 0x21, 0x05, 0x21, 0x06, 0x21, 0x06, 0x21, 0x05, 0x21,
    0x06, 0x21, 0x06, 0x19, 0x05, 0x21, 0x06, 0x21, 0x06, 0x21, 0x05, 0x21,
    0x06, 0x21, 0x06, 0x21, 0x05, 0x21, 0x06, 0x21, 0x06, 0x21, 0x05, 0x21,
    0x06, 0x21, 0x06, 0x19, 0x05, 0x21, 0x06, 0x21, 0x06, 0x21, 0x05, 0x21,
    0x06, 0x21, 0x06, 0x21, 0x05, 0x21, 0x06, 0x21, 0x06, 0x21, 0x05, 0x21,
    0x06, 0x21, 0x06, 0x19, 0x05, 0x21, 0x06, 0x21, 0x06, 0x21, 0x05, 0x21,
    0x06, 0x21, 0x06, 0x21, 0x05, 0x21, 0x06, 0x21, 0x06, 0x21, 0x05, 0x21,
    0x06, 0x21, 0x06, 0x19, 0x05, 0x21, 0x06, 0x21, 0x06, 0x21, 0x05, 0x21,
    0x06, 0x21, 0x06, 0x21, 0x05, 0x21, 0x06, 0x21, 0x06, 0x21, 0x05, 0x21,
    0x06, 0x21, 0x06, 0x19, 0x05, 0x21, 0x06, 0x21, 0x06, 0x21, 0x05, 0x21,
    0x06, 0x21, 0x06, 0x21, 0x05, 0x21, 0x06, 0x21, 0x06, 0x21, 0x05, 0x21,
    0x06, 0x21, 0x06, 0x19, 0x05, 0x21, 0x06, 0x21, 0x06, 0x21, 0x05, 0x21,
    0x06, 0x21, 0x06, 0x21, 0x05, 0x21, 0x06, 0x21, 0x06, 0x21, 0x05, 0x21,
    0x06, 0x21, 0x06, 0x19, 0x05, 0x21, 0x06, 0x21, 0x06, 0x21, 0x05, 0x21,
    0x06, 0x21, 0x06, 0x21, 0x05, 0x21, 0x06, 0x21, 0x06, 0x21, 0x05, 0x21,
    0x06, 0x21, 0x06, 0x19, 0x05, 0x21, 0x06, 0x21, 0x06, 0x21, 0x05, 0x21,
    0x06, 0x21, 0x06, 0x21, 0x05, 0x21, 0x06, 0x21, 0x06, 0x21, 0x05, 0x21,
    0x06, 0x21, 0x06, 0x19, 0x05, 0x21, 0x06, 0x21, 0x06, 0x21, 0x05, 0x21,
    0x06, 0x21, 0x06, 0x21, 0x05, 0x21, 0x06, 0x21, 0x06, 0x21, 0x05, 0x21,
    0x06, 0x21, 0x06, 0x19, 0x05, 0x21, 0x06, 0x21, 0x06, 0x21, 0x05, 0x21,
    0x06, 0x21, 0x06, 0x21, 0x05, 0x21, 0x06, 0x21, 0x06, 0x21, 0x05, 0x21,
    0x06, 0x21, 0x06, 0x19, 0x05, 0x21, 0x06, 0x21, 0x06, 0x21, 0x05, 0x21,
    0x06, 0x21, 0x06, 0x21, 0x05, 0x21, 0x06, 0x21, 0x06, 0x21, 0x05, 0x21,
    0x06, 0x21, 0x06, 0x19, 0x05, 0x21, 0x06, 0x21, 0x06, 0x21, 0x05, 0x21,
    0x06, 0x21, 0x06, 0x21, 0x05, 0x19, 0x06, 0x21, 0x05, 0x21, 0x05, 0x19,
    0x06, 0x21, 0x05, 0x19, 0x06, 0x21, 0x06, 0x21, 0x05, 0x19, 0x06, 0x21,
    0x06, 0x21, 0x05, 0x19, 0x06, 0x21, 0x05, 0x21, 0x06, 0x19, 0x05, 0x21,
    0x06, 0x21, 0x06, 0x21, 0x05, 0x21, 0x06, 0x21, 0x06, 0x21, 0x05, 0x19,
    0x06, 0x21, 0x06, 0x21, 0x05, 0x19, 0x06, 0x21, 0x06, 0x21, 0x05, 0x19,
    0x06, 0x21, 0x06, 0x21, 0x05, 0x21, 0x06, 0x21, 0x06, 0x21, 0x05, 0x21,
    0x06, 0x19, 0x06, 0x21, 0x05, 0x21, 0x06, 0x19, 0x06, 0x21, 0x05, 0x21,
    0x06, 0x21, 0x06, 0x21, 0x05, 0x21, 0x06, 0x21, 0x06, 0x21, 0x05, 0x19,
    0x06, 0x21, 0x06, 0x21, 0x05, 0x19, 0x06, 0x21, 0x06, 0x21, 0x05, 0x19,
    0x06, 0x21, 0x06, 0x21, 0x05, 0x21, 0x06, 0x21, 0x06, 0x21, 0x05, 0x21,
    0x06, 0x19, 0x06, 0x21, 0x05, 0x21, 0x06, 0x19, 0x06, 0x21, 0x05, 0x21,
    0x06, 0x21, 0x06, 0x21, 0x05, 0x21, 0x06, 0x21, 0x06, 0x21, 0x05, 0x19,
    0x06, 0x21, 0x06, 0x21, 0x05, 0x19, 0x06, 0x21, 0x06, 0x21, 0x05, 0x19,
    0x06, 0x21, 0x06, 0x21, 0x05, 0x21, 0x06, 0x21, 0x06, 0x21, 0x05, 0x21,
    0x06, 0x19, 0x06, 0x21, 0x05, 0x21, 0x06, 0x19, 0x06, 0x21, 0x05, 0x21,
    0x06, 0x21, 0x06, 0x21, 0x05, 0x21, 0x06, 0x21, 0x06, 0x21, 0x05, 0x19,
    0x06, 0x21, 0x06, 0x21, 0x05, 0x19, 0x06, 0x21, 0x06, 0x21, 0x05, 0x19,
    0x06, 0x21, 0x06, 0x21, 0x05, 0x21, 0x06, 0x21, 0x06, 0x21, 0x05, 0x21,
    0x06, 0x19, 0x06, 0x21, 0x05, 0x21, 0x06, 0x19, 0x06, 0x21, 0x05, 0x21,
    0x06, 0x21, 0x06, 0x21, 0x05, 0x21, 0x06, 0x21, 0x06, 0x21, 0x05, 0x19,
    0x06, 0x21, 0x06, 0x21, 0x05, 0x19, 0x06, 0x21, 0x06, 0x21, 0x05, 0x19,
    0x06, 0x21, 0x06, 0x21, 0x05, 0x21, 0x06, 0x21, 0x06, 0x21, 0x05, 0x21,
    0x06, 0x19, 0x06, 0x21, 0x05, 0x21, 0x06, 0x19, 0x06, 0x21, 0x05, 0x21,
    0x06, 0x21, 0x06, 0x21, 0x05, 0x21, 0x06, 0x21, 0x06, 0x21, 0x05, 0x19,
    0x06, 0x21, 0x06, 0x21, 0x05, 0x19, 0x06, 0x21, 0x06, 0x21, 0x05, 0x19,
    0x06, 0x21, 0x06, 0x21, 0x05, 0x21, 0x06, 0x21, 0x06, 0x21, 0x05, 0x21,
    0x06, 0x19, 0x06, 0x21, 0x05, 0x21, 0x06, 0x19, 0x06, 0x21, 0x05, 0x21,
    0x06, 0x21, 0x06, 0x21, 0x05, 0x21, 0x06, 0x21, 0x06, 0x21, 0x05, 0x19,
    0x06, 0x21, 0x06, 0x21, 0x05, 0x19, 0x06, 0x21, 0x06, 0x21, 0x05, 0x19,
    0x06, 0x21, 0x06, 0x21, 0x05, 0x21, 0x06, 0x21, 0x06, 0x21, 0x05, 0x21,
    0x06, 0x19, 0x06, 0x21, 0x05, 0x21, 0x06, 0x19, 0x06, 0x21, 0x05, 0x21,
    0x06, 0x21, 0x06, 0x21, 0x05, 0x21, 0x06, 0x21, 0x06, 0x21, 0x05, 0x19,
    0x06, 0x21, 0x06, 0x21, 0x05, 0x19, 0x06, 0x21, 0x06, 0x21, 0x05, 0x19,
    0x06, 0x21, 0x06, 0x21, 0x05, 0x21, 0x06, 0x21, 0x06, 0x21, 0x05, 0x21,
    0x06, 0x19, 0x06, 0x21, 0x05, 0x21, 0x06, 0x19, 0x06, 0x21, 0x05, 0x21,
    0x06, 0x21, 0x06, 0x21, 0x05, 0x21, 0x06, 0x21, 0x06, 0x21, 0x05, 0x19,
    0x06, 0x21, 0x06, 0x21, 0x05, 0x19, 0x06, 0x21, 0x06, 0x21, 0x05, 0x19,
    0x06, 0x21, 0x06, 0x21, 0x05, 0x21, 0x06, 0x21, 0x06, 0x21, 0x05, 0x21,
    0x06, 0x19, 0x06, 0x21, 0x05, 0x21, 0x06, 0x21, 0x06, 0x21, 0x06, 0x21,
    0x06, 0x21, 0x06, 0x21, 0x05, 0x21, 0x06, 0x19, 0x05, 0x21, 0x06, 0x21,
    0x06, 0x19, 0x05, 0x21, 0x06, 0x21, 0x06, 0x19, 0x06, 0x21, 0x05, 0x21,
    0x06, 0x19, 0x06, 0x21, 0x05, 0x19, 0x05, 0x21, 0x06, 0x21, 0x05, 0x19,
    0x06, 0x21, 0x05, 0x21, 0x06, 0x19, 0x05, 0x21, 0x06, 0x21, 0x05, 0x19,
    0x05, 0x21, 0x06, 0x21, 0x05, 0x19, 0x06, 0x21, 0x05, 0x19, 0x06, 0x21,
    0x05, 0x21, 0x06, 0x19, 0x05, 0x21, 0x05, 0x21, 0x06, 0x19, 0x05, 0x21,
    0x06, 0x19, 0x05, 0x19, 0x06, 0x21, 0x05, 0x21, 0x06, 0x19, 0x05, 0x21,
    0x05, 0x21, 0x06, 0x19, 0x05, 0x21, 0x06, 0x21, 0x05, 0x19, 0x06, 0x21,
    0x05, 0x21, 0x06, 0x19, 0x05, 0x21, 0x05, 0x21, 0x06, 0x19, 0x05, 0x21,
    0x06, 0x19, 0x05, 0x21, 0x06, 0x21, 0x05, 0x19, 0x06, 0x21, 0x05, 0x21,
    0x05, 0x19, 0x06, 0x19, 0x05, 0x21, 0x06, 0x21, 0x05, 0x19, 0x06, 0x21,
    0x05, 0x21, 0x06, 0x19, 0x05, 0x21, 0x05, 0x21, 0x06, 0x19, 0x05, 0x21,
    0x06, 0x21, 0x05, 0x19, 0x06, 0x21, 0x05, 0x21, 0x06, 0x19, 0x05, 0x21,
    0x05, 0x19, 0x06, 0x21, 0x05, 0x21, 0x06, 0x19, 0x05, 0x21, 0x06, 0x21,
    0x05, 0x19, 0x06, 0x19, 0x05, 0x21, 0x05, 0x21, 0x06, 0x19, 0x05, 0x21,
    0x06, 0x21, 0x05, 0x19, 0x06, 0x21, 0x05, 0x21, 0x06, 0x19, 0x05, 0x21,
    0x05, 0x21, 0x06, 0x19, 0x05, 0x21, 0x06, 0x21, 0x05, 0x19, 0x06, 0x21,
    0x05, 0x19, 0x06, 0x21, 0x05, 0x21, 0x05, 0x19, 0x06, 0x21, 0x05, 0x21,
    0x06, 0x19, 0x05, 0x19, 0x06, 0x21, 0x05, 0x21, 0x06, 0x19, 0x05, 0x21,
    0x05, 0x21, 0x06, 0x19, 0x05, 0x21, 0x06, 0x21, 0x05, 0x19, 0x06, 0x21,
    0x05, 0x21, 0x06, 0x19, 0x05, 0x21, 0x05, 0x21, 0x06, 0x19, 0x05, 0x21,
    0x06, 0x19, 0x05, 0x21, 0x06, 0x21, 0x05, 0x19, 0x06, 0x21, 0x05, 0x21,
    0x05, 0x19, 0x06, 0x19, 0x05, 0x21, 0x06, 0x21, 0x05, 0x19, 0x06, 0x21,
    0x05, 0x21, 0x06, 0x19, 0x05, 0x21, 0x05, 0x21, 0x06, 0x19, 0x05, 0x21,
    0x06, 0x21, 0x05, 0x19, 0x06, 0x21, 0x05, 0x21, 0x06, 0x19, 0x05, 0x21,
    0x05, 0x19, 0x06, 0x21, 0x05, 0x21, 0x06, 0x19, 0x05, 0x21, 0x06, 0x21,
    0x05, 0x19, 0x06, 0x19, 0x05, 0x21, 0x05, 0x21, 0x06, 0x19, 0x05, 0x21,
    0x06, 0x21, 0x05, 0x19, 0x06, 0x21, 0x05, 0x21, 0x06, 0x19, 0x05, 0x21,
    0x05, 0x21, 0x06, 0x19, 0x05, 0x21, 0x06, 0x21, 0x05, 0x19, 0x06, 0x21,
    0x05, 0x19, 0x06, 0x21, 0x05, 0x21, 0x05, 0x19, 0x06, 0x21, 0x05, 0x21,
    0x06, 0x19, 0x05, 0x19, 0x06, 0x21, 0x05, 0x21, 0x06, 0x19, 0x05, 0x21,
    0x05, 0x21, 0x06, 0x19, 0x05, 0x21, 0x06, 0x21, 0x05, 0x19, 0x06, 0x21,
    0x05, 0x21, 0x06, 0x19, 0x05, 0x21, 0x05, 0x21, 0x06, 0x19, 0x05, 0x21,
    0x06, 0x19, 0x05, 0x21, 0x06, 0x21, 0x05, 0x19, 0x06, 0x21, 0x05, 0x21,
    0x05, 0x19, 0x06, 0x19, 0x05, 0x21, 0x06, 0x21, 0x05, 0x19, 0x06, 0x21,
    0x05, 0x21, 0x06, 0x19, 0x05, 0x21, 0x05, 0x21, 0x06, 0x19, 0x05, 0x21,
    0x06, 0x21, 0x05, 0x19, 0x06, 0x21, 0x05, 0x21, 0x06, 0x19, 0x05, 0x21,
    0x05, 0x19, 0x06, 0x21, 0x05, 0x21, 0x06, 0x19, 0x05, 0x21, 0x05, 0x19,
    0x06, 0x21, 0x06, 0x21, 0x06, 0x21, 0x06, 0x21, 0x05, 0x21, 0x06, 0x21,
    0x05, 0x21, 0x06, 0x21, 0x05, 0x21, 0x05, 0x21, 0x06, 0x21, 0x05, 0x21,
    0x06, 0x21, 0x06, 0x21, 0x05, 0x21, 0x06, 0x19, 0x06, 0x21, 0x06, 0x21,
    0x05, 0x21, 0x06, 0x21, 0x06, 0x21, 0x05, 0x21, 0x06, 0x21, 0x06, 0x21,
    0x06, 0x21, 0x06, 0x21, 0x05, 0x21, 0x06, 0x21, 0x06, 0x21, 0x05, 0x19,
    0x06, 0x21, 0x06, 0x21, 0x05, 0x21, 0x06, 0x21, 0x06, 0x21, 0x06, 0x21,
    0x06, 0x21, 0x05, 0x21, 0x06, 0x21, 0x06, 0x21, 0x05, 0x19, 0x06, 0x21,
    0x06, 0x21, 0x06, 0x21, 0x06, 0x21, 0x05, 0x21, 0x06, 0x21, 0x06, 0x21,
    0x05, 0x21, 0x06, 0x21, 0x06, 0x21, 0x06, 0x19, 0x06, 0x21, 0x05, 0x21,
    0x06, 0x21, 0x06, 0x21, 0x05, 0x21, 0x06, 0x21, 0x06, 0x21, 0x05, 0x21,
    0x06, 0x21, 0x06, 0x21, 0x06, 0x21, 0x06, 0x19, 0x05, 0x21, 0x06, 0x21,
    0x06, 0x21, 0x05, 0x21, 0x06, 0x21, 0x06, 0x21, 0x06, 0x21, 0x06, 0x21,
    0x05, 0x21, 0x06, 0x21, 0x06, 0x21, 0x05, 0x19, 0x06, 0x21, 0x06, 0x21,
    0x06, 0x21, 0x06, 0x21, 0x05, 0x21, 0x06, 0x21, 0x06, 0x21, 0x05, 0x21,
    0x06, 0x21, 0x06, 0x21, 0x05, 0x21, 0x06, 0x19, 0x06, 0x21, 0x06, 0x21,
    0x06, 0x21, 0x05, 0x21, 0x06, 0x21, 0x06, 0x21, 0x05, 0x21, 0x06, 0x21,
    0x06, 0x21, 0x06, 0x21, 0x06, 0x21, 0x05, 0x19, 0x06, 0x21, 0x06, 0x21,
    0x05, 0x21, 0x06, 0x21, 0x06, 0x21, 0x06, 0x21, 0x06, 0x21, 0x05, 0x21,
    0x06, 0x21, 0x06, 0x21, 0x05, 0x21, 0x06, 0x19, 0x06, 0x21, 0x05, 0x21,
    0x06, 0x21, 0x06, 0x21, 0x06, 0x21, 0x06, 0x21, 0x05, 0x21, 0x06, 0x21,
    0x06, 0x21, 0x05, 0x21, 0x06, 0x21, 0x06, 0x19, 0x06, 0x21, 0x06, 0x21,
    0x05, 0x21, 0x06, 0x21, 0x06, 0x21, 0x05, 0x21, 0x06, 0x21, 0x06, 0x21,
    0x06, 0x21, 0x06, 0x21, 0x05, 0x21, 0x06, 0x19, 0x06, 0x21, 0x05, 0x21,
    0x06, 0x21, 0x06, 0x21, 0x05, 0x21, 0x06, 0x21, 0x06, 0x21, 0x06, 0x21,
    0x06, 0x21, 0x05, 0x21, 0x06, 0x21, 0x06, 0x19, 0x05, 0x21, 0x06, 0x21,
    0x06, 0x21, 0x06, 0x21, 0x06, 0x21, 0x05, 0x21, 0x06, 0x21, 0x06, 0x21,
    0x05, 0x21, 0x06, 0x21, 0x06, 0x21, 0x06, 0x19, 0x06, 0x21, 0x05, 0x21,
    0x06, 0x21, 0x06, 0x21, 0x05, 0x21, 0x06, 0x21, 0x06, 0x21, 0x05, 0x21,
    0x06, 0x21, 0x06, 0x21, 0x06, 0x21, 0x06, 0x19, 0x05, 0x21, 0x06, 0x21,
    0x06, 0x21, 0x05, 0x21, 0x06, 0x21, 0x06, 0x21, 0x06, 0x21, 0x06, 0x21,
    0x05, 0x21, 0x06, 0x21, 0x06, 0x21, 0x05, 0x19, 0x06, 0x21, 0x06, 0x21,
    0x06, 0x21, 0x06, 0x21, 0x05, 0x21, 0x06, 0x21, 0x06, 0x21, 0x05, 0x21,
    0x06, 0x21, 0x06, 0x21, 0x05, 0x21, 0x06, 0x19, 0x06, 0x21, 0x06, 0x21,
    0x06, 0x21, 0x05, 0x21, 0x06, 0x21, 0x06, 0x21, 0x05, 0x21, 0x06, 0x21,
    0x06, 0x21, 0x06, 0x21, 0x06, 0x21, 0x05, 0x19, 0x06, 0x21, 0x06, 0x21,
    0x05, 0x21, 0x06, 0x21, 0x06, 0x21, 0x06, 0x21, 0x06, 0x21, 0x05, 0x21,
    0x06, 0x21, 0x06, 0x21, 0x05, 0x21, 0x06, 0x19, 0x06, 0x21, 0x05, 0x21,
    0x06, 0x21, 0x06, 0x21, 0x06, 0x21, 0x06, 0x21, 0x06, 0x21, 0x06, 0x21,
    0x05, 0x19, 0x05, 0x21, 0x06, 0x21, 0x05, 0x21, 0x06, 0x19, 0x06, 0x21,
    0x05, 0x19, 0x06, 0x19, 0x06, 0x21, 0x06, 0x19, 0x06, 0x21, 0x05, 0x19,
    0x06, 0x21, 0x06, 0x19, 0x05, 0x21, 0x06, 0x21, 0x06, 0x21, 0x05, 0x19,
    0x06, 0x21, 0x06, 0x19, 0x05, 0x21, 0x06, 0x19, 0x06, 0x21, 0x05, 0x19,
    0x05, 0x21, 0x06, 0x19, 0x06, 0x21, 0x05, 0x19, 0x06, 0x21, 0x06, 0x21,
    0x05, 0x21, 0x06, 0x19, 0x06, 0x21, 0x05, 0x19, 0x06, 0x21, 0x06, 0x19,
    0x05, 0x21, 0x06, 0x21, 0x05, 0x19, 0x06, 0x21, 0x06, 0x21, 0x05, 0x21,
    0x06, 0x19, 0x06, 0x21, 0x05, 0x19, 0x06, 0x21, 0x06, 0x19, 0x05, 0x21,
    0x06, 0x19, 0x06, 0x21, 0x05, 0x21, 0x05, 0x19, 0x06, 0x21, 0x06, 0x21,
    0x05, 0x19, 0x06, 0x21, 0x06, 0x21, 0x05, 0x19, 0x06, 0x19, 0x06, 0x21,
    0x05, 0x19, 0x06, 0x21, 0x06, 0x21, 0x05, 0x21, 0x06, 0x21, 0x05, 0x19,
    0x06, 0x21, 0x06, 0x19, 0x05, 0x21, 0x06, 0x19, 0x06, 0x21, 0x05, 0x19,
    0x06, 0x21, 0x06, 0x19, 0x05, 0x21, 0x06, 0x21, 0x06, 0x21, 0x05, 0x19,
    0x05, 0x21, 0x06, 0x21, 0x06, 0x19, 0x05, 0x19, 0x06, 0x21, 0x06, 0x19,
    0x05, 0x21, 0x06, 0x19, 0x06, 0x21, 0x05, 0x21, 0x06, 0x21, 0x06, 0x19,
    0x05, 0x21, 0x06, 0x19, 0x05, 0x21, 0x06, 0x19, 0x06, 0x21, 0x05, 0x19,
    0x06, 0x21, 0x06, 0x19, 0x05, 0x21, 0x06, 0x21, 0x06, 0x21, 0x05, 0x19,
    0x06, 0x21, 0x06, 0x21, 0x05, 0x19, 0x05, 0x19, 0x06, 0x21, 0x06, 0x19,
    0x05, 0x21, 0x06, 0x19, 0x06, 0x21, 0x05, 0x21, 0x06, 0x21, 0x06, 0x19,
    0x05, 0x21, 0x06, 0x19, 0x06, 0x21, 0x05, 0x19, 0x06, 0x21, 0x05, 0x19,
    0x06, 0x21, 0x06, 0x19, 0x05, 0x21, 0x06, 0x21, 0x06, 0x21, 0x05, 0x19,
    0x06, 0x21, 0x06, 0x21, 0x05, 0x19, 0x06, 0x19, 0x06, 0x21, 0x05, 0x19,
    0x05, 0x21, 0x06, 0x19, 0x06, 0x21, 0x05, 0x21, 0x06, 0x21, 0x06, 0x19,
    0x05, 0x21, 0x06, 0x19, 0x06, 0x21, 0x05, 0x19, 0x06, 0x21, 0x06, 0x19,
    0x05, 0x21, 0x06, 0x19, 0x05, 0x21, 0x06, 0x21, 0x06, 0x21, 0x05, 0x19,
    0x06, 0x21, 0x06, 0x21, 0x05, 0x19, 0x06, 0x19, 0x06, 0x21, 0x05, 0x19,
    0x06, 0x21, 0x06, 0x19, 0x05, 0x21, 0x05, 0x21, 0x06, 0x21, 0x06, 0x19,
    0x05, 0x21, 0x06, 0x19, 0x06, 0x21, 0x05, 0x19, 0x06, 0x21, 0x06, 0x19,
    0x05, 0x21, 0x06, 0x19, 0x06, 0x21, 0x05, 0x21, 0x06, 0x21, 0x05, 0x19,
    0x06, 0x21, 0x06, 0x21, 0x05, 0x19, 0x06, 0x19, 0x06, 0x21, 0x05, 0x19,
    0x06, 0x21, 0x06, 0x19, 0x05, 0x21, 0x06, 0x21, 0x06, 0x21, 0x05, 0x19,
    0x05, 0x21, 0x06, 0x19, 0x06, 0x21, 0x05, 0x19, 0x06, 0x21, 0x06, 0x19,
    0x05, 0x21, 0x06, 0x19, 0x06, 0x21, 0x05, 0x21, 0x06, 0x21, 0x06, 0x19,
    0x05, 0x21, 0x06, 0x21, 0x05, 0x19, 0x06, 0x19, 0x06, 0x21, 0x05, 0x19,
    0x06, 0x21, 0x06, 0x19, 0x05, 0x21, 0x06, 0x21, 0x06, 0x21, 0x05, 0x19,
    0x06, 0x21, 0x06, 0x19, 0x05, 0x21, 0x05, 0x19, 0x06, 0x21, 0x06, 0x19,
    0x05, 0x21, 0x06, 0x19, 0x06, 0x21, 0x05, 0x21, 0x06, 0x21, 0x06, 0x19,
    0x05, 0x21, 0x06, 0x21, 0x06, 0x19, 0x05, 0x19, 0x05, 0x21, 0x06, 0x21,
    0x06, 0x21, 0x06, 0x21, 0x06, 0x19, 0x05, 0x21, 0x06, 0x21, 0x05, 0x21,
    0x06, 0x21, 0x06, 0x21, 0x05, 0x21, 0x06, 0x21, 0x06, 0x21, 0x05, 0x19,
    0x06, 0x21, 0x06, 0x21, 0x05, 0x21, 0x05, 0x19, 0x06, 0x21, 0x05, 0x21,
    0x05, 0x21, 0x06, 0x21, 0x06, 0x21, 0x05, 0x19, 0x06, 0x21, 0x06, 0x21,
    0x05, 0x21, 0x06, 0x19, 0x06, 0x21, 0x05, 0x21, 0x06, 0x21, 0x06, 0x19,
    0x05, 0x21, 0x06, 0x21, 0x06, 0x21, 0x05, 0x21, 0x06, 0x21, 0x06, 0x19,
    0x05, 0x21, 0x05, 0x21, 0x06, 0x19, 0x06, 0x21, 0x05, 0x21, 0x06, 0x19,
    0x06, 0x21, 0x05, 0x21, 0x05, 0x21, 0x06, 0x21, 0x05, 0x19, 0x06, 0x21,
    0x05, 0x21, 0x06, 0x21, 0x06, 0x19, 0x05, 0x21, 0x06, 0x21, 0x06, 0x21,
    0x05, 0x21, 0x06, 0x19, 0x06, 0x21, 0x05, 0x21, 0x06, 0x21, 0x06, 0x21,
    0x05, 0x21, 0x06, 0x19, 0x06, 0x21, 0x05, 0x19, 0x05, 0x21, 0x06, 0x21,
    0x06, 0x21, 0x05, 0x21, 0x06, 0x21, 0x06, 0x19, 0x05, 0x21, 0x05, 0x21,
    0x06, 0x21, 0x05, 0x19, 0x06, 0x21, 0x05, 0x21, 0x06, 0x19, 0x06, 0x21,
    0x05, 0x21, 0x06, 0x19, 0x06, 0x21, 0x05, 0x21, 0x06, 0x21, 0x06, 0x21,
    0x05, 0x21, 0x06, 0x19, 0x06, 0x21, 0x05, 0x21, 0x06, 0x19, 0x06, 0x21,
    0x05, 0x21, 0x05, 0x21, 0x06, 0x21, 0x06, 0x19, 0x05, 0x21, 0x06, 0x21,
    0x06, 0x21, 0x05, 0x19, 0x05, 0x21, 0x06, 0x21, 0x05, 0x19, 0x06, 0x21,
    0x05, 0x21, 0x06, 0x19, 0x06, 0x21, 0x05, 0x21, 0x06, 0x21, 0x06, 0x21,
    0x05, 0x21, 0x06, 0x19, 0x06, 0x21, 0x05, 0x21, 0x06, 0x19, 0x06, 0x21,
    0x05, 0x21, 0x06, 0x21, 0x06, 0x21, 0x05, 0x19, 0x05, 0x21, 0x06, 0x21,
    0x06, 0x21, 0x05, 0x19, 0x06, 0x21, 0x06, 0x21, 0x05, 0x19, 0x05, 0x21,
    0x06, 0x21, 0x05, 0x19, 0x06, 0x21, 0x05, 0x21, 0x06, 0x21, 0x06, 0x21,
    0x05, 0x21, 0x06, 0x19, 0x06, 0x21, 0x05, 0x21, 0x06, 0x19, 0x06, 0x21,
    0x05, 0x21, 0x06, 0x21, 0x06, 0x21, 0x05, 0x19, 0x06, 0x21, 0x06, 0x21,
    0x05, 0x21, 0x05, 0x19, 0x06, 0x21, 0x06, 0x21, 0x05, 0x19, 0x06, 0x21,
    0x06, 0x21, 0x05, 0x19, 0x05, 0x21, 0x06, 0x21, 0x05, 0x21, 0x06, 0x21,
    0x05, 0x21, 0x06, 0x19, 0x06, 0x21, 0x05, 0x21, 0x06, 0x19, 0x06, 0x21,
    0x05, 0x21, 0x06, 0x21, 0x06, 0x21, 0x05, 0x19, 0x06, 0x21, 0x06, 0x21,
    0x05, 0x21, 0x06, 0x19, 0x06, 0x21, 0x05, 0x21, 0x05, 0x19, 0x06, 0x21,
    0x06, 0x21, 0x05, 0x19, 0x06, 0x21, 0x06, 0x21, 0x05, 0x21, 0x05, 0x21,
    0x06, 0x21, 0x05, 0x19, 0x06, 0x21, 0x05, 0x21, 0x06, 0x19, 0x06, 0x21,
    0x05, 0x21, 0x06, 0x21, 0x06, 0x21, 0x05, 0x19, 0x06, 0x21, 0x06, 0x21,
    0x05, 0x21, 0x06, 0x19, 0x06, 0x21, 0x05, 0x21, 0x06, 0x19, 0x06, 0x21,
    0x05, 0x21, 0x05, 0x19, 0x06, 0x21, 0x06, 0x21, 0x05, 0x21, 0x06, 0x21,
    0x06, 0x21, 0x05, 0x19, 0x05, 0x21, 0x06, 0x21, 0x05, 0x19, 0x06, 0x21,
    0x05, 0x21, 0x06, 0x21, 0x06, 0x21, 0x05, 0x19, 0x06, 0x21, 0x06, 0x21,
    0x05, 0x21, 0x06, 0x19, 0x06, 0x21, 0x05, 0x21, 0x06, 0x19, 0x06, 0x21,
    0x05, 0x21, 0x06, 0x19, 0x05, 0x21, 0x06, 0x21, 0x05, 0x21, 0x06, 0x19,
    0x05, 0x21, 0x05, 0x21, 0x06, 0x19, 0x06, 0x21, 0x05, 0x21, 0x06, 0x21,
    0x05, 0x19, 0x06, 0x21, 0x06, 0x21, 0x05, 0x19, 0x05, 0x21, 0x06, 0x21,
    0x05, 0x21, 0x06, 0x21, 0x06, 0x21, 0x05, 0x21, 0x06, 0x19, 0x06, 0x21,
    0x06, 0x21, 0x06, 0x19, 0x05, 0x21, 0x06, 0x21, 0x05, 0x21, 0x06, 0x21,
    0x06, 0x21, 0x05, 0x21, 0x06, 0x21, 0x06, 0x21, 0x05, 0x21, 0x06, 0x21,
    0x05, 0x19, 0x06, 0x21, 0x06, 0x21, 0x05, 0x19, 0x05, 0x21, 0x06, 0x21,
    0x06, 0x21, 0x05, 0x21, 0x06, 0x21, 0x06, 0x21, 0x05, 0x21, 0x06, 0x21,
    0x05, 0x21, 0x06, 0x19, 0x06, 0x21, 0x06, 0x21, 0x06, 0x21, 0x05, 0x21,
    0x06, 0x21, 0x06, 0x21, 0x05, 0x21, 0x06, 0x21, 0x06, 0x19, 0x05, 0x21,
    0x06, 0x21, 0x05, 0x21, 0x06, 0x21, 0x05, 0x19, 0x06, 0x21, 0x06, 0x21,
    0x05, 0x21, 0x05, 0x21, 0x06, 0x21, 0x06, 0x21, 0x05, 0x21, 0x06, 0x19,
    0x06, 0x21, 0x05, 0x21, 0x06, 0x19, 0x05, 0x21, 0x06, 0x21, 0x06, 0x21,
    0x06, 0x21, 0x06, 0x21, 0x05, 0x21, 0x06, 0x21, 0x06, 0x21, 0x05, 0x19,
    0x06, 0x21, 0x06, 0x21, 0x05, 0x21, 0x06, 0x21, 0x05, 0x21, 0x06, 0x19,
    0x05, 0x21, 0x06, 0x21, 0x06, 0x21, 0x05, 0x21, 0x05, 0x21, 0x06, 0x21,
    0x06, 0x19, 0x05, 0x21, 0x06, 0x21, 0x06, 0x21, 0x05, 0x21, 0x06, 0x21,
    0x05, 0x21, 0x06, 0x21, 0x06, 0x21, 0x06, 0x21, 0x06, 0x21, 0x05, 0x19,
    0x06, 0x21, 0x06, 0x21, 0x05, 0x21, 0x06, 0x21, 0x06, 0x21, 0x05, 0x19,
    0x06, 0x21, 0x05, 0x21, 0x06, 0x21, 0x05, 0x21, 0x06, 0x21, 0x06, 0x21,
    0x05, 0x19, 0x05, 0x21, 0x06, 0x21, 0x06, 0x21, 0x05, 0x21, 0x06, 0x21,
    0x06, 0x21, 0x05, 0x21, 0x06, 0x21, 0x05, 0x21, 0x06, 0x21, 0x06, 0x19,
    0x06, 0x21, 0x06, 0x21, 0x05, 0x21, 0x06, 0x21, 0x06, 0x21, 0x05, 0x19,
    0x06, 0x21, 0x06, 0x21, 0x05, 0x21, 0x06, 0x21, 0x05, 0x21, 0x06, 0x21,
    0x05, 0x19, 0x06, 0x21, 0x06, 0x21, 0x05, 0x21, 0x05, 0x21, 0x06, 0x21,
    0x06, 0x21, 0x05, 0x21, 0x06, 0x21, 0x06, 0x21, 0x05, 0x21, 0x06, 0x19,
    0x05, 0x21, 0x06, 0x21, 0x06, 0x21, 0x06, 0x21, 0x06, 0x21, 0x05, 0x19,
    0x06, 0x21, 0x06, 0x21, 0x05, 0x21, 0x06, 0x21, 0x06, 0x21, 0x05, 0x21,
    0x06, 0x19, 0x05, 0x21, 0x06, 0x21, 0x05, 0x21, 0x06, 0x21, 0x06, 0x21,
    0x05, 0x21, 0x05, 0x21, 0x06, 0x21, 0x06, 0x21, 0x05, 0x21, 0x06, 0x19,
    0x06, 0x21, 0x05, 0x21, 0x06, 0x21, 0x05, 0x21, 0x06, 0x21, 0x06, 0x19,
    0x06, 0x21, 0x06, 0x21, 0x05, 0x21, 0x06, 0x21, 0x06, 0x21, 0x05, 0x21,
    0x06, 0x19, 0x06, 0x21, 0x05, 0x21, 0x06, 0x21, 0x05, 0x21, 0x06, 0x21,
    0x05, 0x21, 0x06, 0x21, 0x06, 0x21, 0x05, 0x21, 0x05, 0x21, 0x06, 0x19,
    0x06, 0x21, 0x05, 0x21, 0x06, 0x21, 0x06, 0x21, 0x05, 0x21, 0x06, 0x19,
    0x05, 0x21, 0x06, 0x21, 0x06, 0x21, 0x06, 0x21, 0x06, 0x21, 0x05, 0x21,
    0x06, 0x19, 0x06, 0x21, 0x05, 0x21, 0x06, 0x21, 0x06, 0x21, 0x05, 0x21,
    0x06, 0x21, 0x05, 0x21, 0x06, 0x21, 0x05, 0x21, 0x06, 0x21, 0x06, 0x19,
    0x05, 0x21, 0x06, 0x21, 0x06, 0x21, 0x06, 0x21, 0x05, 0x21, 0x06, 0x21,
    0x06, 0x21, 0x06, 0x19, 0x05, 0x21, 0x06, 0x21, 0x06, 0x21, 0x05, 0x21,
    0x06, 0x21, 0x05, 0x21, 0x06, 0x19, 0x06, 0x21, 0x05, 0x21, 0x06, 0x19,
    0x06, 0x21, 0x05, 0x21, 0x06, 0x19, 0x06, 0x21, 0x05, 0x21, 0x06, 0x21,
    0x06, 0x21, 0x05, 0x19, 0x06, 0x21, 0x06, 0x21, 0x05, 0x19, 0x06, 0x21,
    0x05, 0x19, 0x06, 0x19, 0x06, 0x21, 0x05, 0x21, 0x06, 0x19, 0x06, 0x21,
    0x05, 0x21, 0x06, 0x21, 0x05, 0x21, 0x06, 0x19, 0x06, 0x21, 0x05, 0x21,
    0x06, 0x19, 0x06, 0x21, 0x05, 0x19, 0x06, 0x21, 0x06, 0x21, 0x05, 0x19,
    0x06, 0x21, 0x06, 0x21, 0x05, 0x21, 0x05, 0x19, 0x06, 0x21, 0x06, 0x19,
    0x05, 0x21, 0x06, 0x19, 0x06, 0x19, 0x05, 0x21, 0x06, 0x21, 0x06, 0x21,
    0x05, 0x19, 0x06, 0x21, 0x06, 0x21, 0x05, 0x19, 0x06, 0x21, 0x06, 0x21,
    0x05, 0x19, 0x06, 0x19, 0x06, 0x21, 0x05, 0x21, 0x06, 0x19, 0x06, 0x21,
    0x06, 0x21, 0x05, 0x19, 0x06, 0x21, 0x06, 0x21, 0x05, 0x19, 0x05, 0x21,
    0x06, 0x21, 0x06, 0x19, 0x05, 0x19, 0x06, 0x21, 0x06, 0x21, 0x05, 0x21,
    0x06, 0x21, 0x05, 0x21, 0x06, 0x19, 0x06, 0x21, 0x05, 0x21, 0x06, 0x19,
    0x06, 0x21, 0x05, 0x21, 0x06, 0x19, 0x06, 0x21, 0x05, 0x21, 0x06, 0x19,
    0x06, 0x21, 0x05, 0x21, 0x06, 0x19, 0x06, 0x21, 0x05, 0x19, 0x06, 0x21,
    0x06, 0x19, 0x05, 0x19, 0x05, 0x21, 0x06, 0x21, 0x06, 0x19, 0x05, 0x21,
    0x06, 0x21, 0x06, 0x21, 0x05, 0x19, 0x06, 0x21, 0x05, 0x21, 0x06, 0x19,
    0x06, 0x21, 0x05, 0x21, 0x06, 0x19, 0x06, 0x21, 0x05, 0x21, 0x06, 0x19,
    0x06, 0x21, 0x05, 0x21, 0x06, 0x19, 0x06, 0x21, 0x05, 0x19, 0x06, 0x21,
    0x06, 0x19, 0x05, 0x19, 0x06, 0x21, 0x06, 0x21, 0x05, 0x19, 0x05, 0x21,
    0x06, 0x21, 0x06, 0x21, 0x05, 0x19, 0x06, 0x21, 0x06, 0x21, 0x05, 0x19,
    0x06, 0x21, 0x05, 0x21, 0x06, 0x19, 0x06, 0x21, 0x05, 0x21, 0x06, 0x19,
    0x06, 0x21, 0x05, 0x21, 0x06, 0x19, 0x06, 0x21, 0x05, 0x19, 0x06, 0x21,
    0x06, 0x19, 0x05, 0x19, 0x06, 0x21, 0x06, 0x21, 0x05, 0x19, 0x06, 0x21,
    0x06, 0x21, 0x05, 0x21, 0x05, 0x19, 0x06, 0x21, 0x06, 0x21, 0x05, 0x19,
    0x06, 0x21, 0x06, 0x21, 0x05, 0x19, 0x06, 0x21, 0x05, 0x21, 0x06, 0x19,
    0x06, 0x21, 0x05, 0x21, 0x06, 0x19, 0x06, 0x21, 0x05, 0x19, 0x06, 0x21,
    0x06, 0x19, 0x05, 0x19, 0x06, 0x21, 0x06, 0x21, 0x05, 0x19, 0x06, 0x21,
    0x06, 0x21, 0x05, 0x21, 0x06, 0x19, 0x06, 0x21, 0x05, 0x21, 0x05, 0x19,
    0x06, 0x21, 0x06, 0x21, 0x05, 0x19, 0x06, 0x21, 0x06, 0x21, 0x05, 0x19,
    0x06, 0x21, 0x05, 0x21, 0x06, 0x19, 0x06, 0x21, 0x05, 0x19, 0x06, 0x21,
    0x06, 0x19, 0x05, 0x19, 0x06, 0x21, 0x06, 0x21, 0x05, 0x19, 0x06, 0x21,
    0x06, 0x21, 0x05, 0x21, 0x06, 0x19, 0x06, 0x21, 0x05, 0x21, 0x06, 0x19,
    0x06, 0x21, 0x05, 0x21, 0x05, 0x19, 0x06, 0x21, 0x06, 0x21, 0x05, 0x19,
    0x06, 0x21, 0x06, 0x21, 0x05, 0x19, 0x06, 0x21, 0x05, 0x19, 0x06, 0x21,
    0x06, 0x19, 0x05, 0x19, 0x06, 0x21, 0x06, 0x21, 0x05, 0x19, 0x06, 0x21,
    0x05, 0x21, 0x05, 0x21, 0x06, 0x19, 0x05, 0x21, 0x06, 0x19, 0x06, 0x21,
    0x05, 0x21, 0x06, 0x19, 0x06, 0x21, 0x05, 0x21, 0x06, 0x19, 0x06, 0x21,
    0x05, 0x21, 0x06, 0x21, 0x05, 0x21, 0x06, 0x21, 0x06, 0x21, 0x05, 0x21,
    0x06, 0x21, 0x06, 0x19, 0x05, 0x21, 0x06, 0x21, 0x05, 0x19, 0x06, 0x21,
    0x06, 0x21, 0x05, 0x19, 0x05, 0x21, 0x06, 0x21, 0x06, 0x21, 0x05, 0x21,
    0x06, 0x21, 0x06, 0x21, 0x05, 0x21, 0x06, 0x21, 0x05, 0x19, 0x06, 0x21,
    0x06, 0x19, 0x05, 0x21, 0x06, 0x21, 0x06, 0x19, 0x05, 0x21, 0x06, 0x21,
    0x06, 0x21, 0x05, 0x21, 0x06, 0x21, 0x06, 0x19, 0x05, 0x21, 0x06, 0x21,
    0x06, 0x19, 0x05, 0x21, 0x06, 0x21, 0x06, 0x19, 0x05, 0x21, 0x06, 0x21,
    0x05, 0x21, 0x06, 0x21, 0x05, 0x21, 0x06, 0x21, 0x05, 0x19, 0x06, 0x21,
    0x05, 0x21, 0x06, 0x19, 0x06, 0x21, 0x05, 0x21, 0x06, 0x19, 0x06, 0x21,
    0x05, 0x21, 0x06, 0x21, 0x06, 0x21, 0x05, 0x21, 0x06, 0x19, 0x05, 0x21,
    0x06, 0x21, 0x05, 0x21, 0x06, 0x21, 0x06, 0x21, 0x06, 0x21, 0x06, 0x21,
    0x05, 0x19, 0x06, 0x21, 0x05, 0x21, 0x05, 0x21, 0x06, 0x19, 0x06, 0x21,
    0x05, 0x19, 0x06, 0x21, 0x06, 0x21, 0x05, 0x19, 0x06, 0x21, 0x06, 0x21,
    0x05, 0x21, 0x06, 0x21, 0x06, 0x21, 0x05, 0x19, 0x06, 0x21, 0x06, 0x21,
    0x05, 0x19, 0x06, 0x21, 0x06, 0x21, 0x05, 0x21, 0x06, 0x21, 0x06, 0x21,
    0x05, 0x21, 0x06, 0x21, 0x06, 0x21, 0x05, 0x21, 0x06, 0x19, 0x05, 0x21,
    0x05, 0x21, 0x06, 0x21, 0x06, 0x21, 0x05, 0x19, 0x06, 0x21, 0x06, 0x21,
    0x05, 0x21, 0x06, 0x21, 0x06, 0x21, 0x05, 0x19, 0x06, 0x21, 0x06, 0x21,
    0x05, 0x19, 0x06, 0x21, 0x06, 0x21, 0x05, 0x21, 0x06, 0x21, 0x06, 0x21,
    0x05, 0x21, 0x06, 0x21, 0x06, 0x21, 0x05, 0x21, 0x06, 0x19, 0x06, 0x21,
    0x05, 0x21, 0x06, 0x21, 0x05, 0x21, 0x05, 0x19, 0x06, 0x21, 0x06, 0x21,
    0x05, 0x21, 0x06, 0x21, 0x06, 0x21, 0x05, 0x19, 0x06, 0x21, 0x06, 0x21,
    0x05, 0x19, 0x06, 0x21, 0x06, 0x21, 0x05, 0x21, 0x06, 0x21, 0x06, 0x21,
    0x05, 0x21, 0x06, 0x21, 0x06, 0x21, 0x05, 0x21, 0x06, 0x19, 0x06, 0x21,
    0x05, 0x21, 0x06, 0x21, 0x06, 0x21, 0x05, 0x19, 0x06, 0x21, 0x05, 0x21,
    0x05, 0x21, 0x06, 0x21, 0x06, 0x21, 0x05, 0x19, 0x06, 0x21, 0x06, 0x21,
    0x05, 0x19, 0x06, 0x21, 0x06, 0x21, 0x05, 0x21, 0x06, 0x21, 0x06, 0x21,
    0x05, 0x21, 0x06, 0x21, 0x06, 0x21, 0x05, 0x21, 0x06, 0x19, 0x06, 0x21,
    0x05, 0x21, 0x06, 0x21, 0x06, 0x21, 0x05, 0x19, 0x06, 0x21, 0x06, 0x21,
    0x05, 0x21, 0x06, 0x21, 0x05, 0x21, 0x05, 0x19, 0x06, 0x21, 0x06, 0x21,
    0x05, 0x19, 0x06, 0x21, 0x06, 0x21, 0x05, 0x21, 0x06, 0x21, 0x06, 0x21,
    0x05, 0x21, 0x06, 0x21, 0x06, 0x21, 0x05, 0x21, 0x06, 0x19, 0x06, 0x21,
    0x05, 0x21, 0x06, 0x21, 0x06, 0x21, 0x05, 0x19, 0x06, 0x21, 0x06, 0x21,
    0x05, 0x21, 0x06, 0x21, 0x06, 0x21, 0x05, 0x19, 0x06, 0x21, 0x05, 0x21,
    0x05, 0x19, 0x06, 0x21, 0x06, 0x21, 0x05, 0x21, 0x06, 0x21, 0x06, 0x21,
    0x05, 0x21, 0x06, 0x21, 0x06, 0x21, 0x05, 0x21, 0x06, 0x19, 0x06, 0x21,
    0x06, 0x21, 0x06, 0x21, 0x06, 0x21, 0x05, 0x21, 0x06, 0x21, 0x05, 0x19,
    0x06, 0x21, 0x05, 0x21, 0x06, 0x21, 0x05, 0x21, 0x06, 0x21, 0x05, 0x19,
    0x06, 0x21, 0x06, 0x21, 0x06, 0x21, 0x05, 0x19, 0x06, 0x21, 0x05, 0x19,
    0x06, 0x21, 0x06, 0x21, 0x05, 0x21, 0x06, 0x21, 0x06, 0x21, 0x05, 0x19,
    0x06, 0x21, 0x06, 0x21, 0x05, 0x21, 0x06, 0x21, 0x06, 0x19, 0x05, 0x21,
    0x06, 0x21, 0x06, 0x19, 0x05, 0x21, 0x06, 0x21, 0x06, 0x21, 0x05, 0x21,
    0x06, 0x21, 0x05, 0x21, 0x06, 0x19, 0x06, 0x21, 0x05, 0x21, 0x06, 0x21,
    0x06, 0x19, 0x05, 0x21, 0x06, 0x21, 0x05, 0x21, 0x06, 0x21, 0x05, 0x21,
    0x06, 0x21, 0x06, 0x19, 0x05, 0x21, 0x06, 0x21, 0x06, 0x21, 0x06, 0x21,
    0x05, 0x21, 0x06, 0x19, 0x06, 0x21, 0x06, 0x21, 0x05, 0x21, 0x06, 0x21,
    0x06, 0x21, 0x05, 0x21, 0x06, 0x21, 0x06, 0x21, 0x05, 0x21, 0x06, 0x21,
    0x05, 0x21, 0x06, 0x19, 0x05, 0x21, 0x06, 0x21, 0x06, 0x19, 0x05, 0x21,
    0x06, 0x21, 0x06, 0x19, 0x05, 0x21, 0x05, 0x19, 0x06, 0x21, 0x05, 0x21,
    0x06, 0x19, 0x06, 0x21, 0x06, 0x21, 0x06, 0x21, 0x05, 0x21, 0x06, 0x21,
    0x06, 0x21, 0x05, 0x19, 0x06, 0x21, 0x06, 0x21, 0x05, 0x21, 0x06, 0x19,
    0x06, 0x21, 0x05, 0x21, 0x06, 0x19, 0x05, 0x21, 0x06, 0x21, 0x05, 0x21,
    0x06, 0x21, 0x05, 0x21, 0x06, 0x21, 0x06, 0x19, 0x05, 0x21, 0x06, 0x21,
    0x06, 0x19, 0x05, 0x21, 0x06, 0x21, 0x06, 0x21, 0x06, 0x19, 0x06, 0x21,
    0x06, 0x21, 0x05, 0x19, 0x06, 0x21, 0x06, 0x21, 0x05, 0x21, 0x06, 0x19,
    0x06, 0x21, 0x05, 0x19, 0x06, 0x21, 0x06, 0x21, 0x05, 0x21, 0x06, 0x21,
    0x05, 0x21, 0x06, 0x21, 0x05, 0x21, 0x06, 0x19, 0x05, 0x21, 0x06, 0x21,
    0x06, 0x19, 0x05, 0x21, 0x06, 0x21, 0x06, 0x21, 0x05, 0x19, 0x06, 0x21,
    0x06, 0x21, 0x06, 0x19, 0x06, 0x21, 0x06, 0x21, 0x05, 0x21, 0x06, 0x19,
    0x06, 0x21, 0x05, 0x19, 0x06, 0x21, 0x06, 0x21, 0x05, 0x21, 0x06, 0x21,
    0x06, 0x21, 0x05, 0x21, 0x06, 0x21, 0x05, 0x19, 0x06, 0x21, 0x05, 0x21,
    0x06, 0x19, 0x05, 0x21, 0x06, 0x21, 0x06, 0x21, 0x05, 0x19, 0x06, 0x21,
    0x06, 0x21, 0x05, 0x19, 0x06, 0x21, 0x06, 0x21, 0x06, 0x21, 0x06, 0x19,
    0x06, 0x21, 0x05, 0x19, 0x06, 0x21, 0x06, 0x21, 0x05, 0x21, 0x06, 0x21,
    0x06, 0x21, 0x05, 0x21, 0x06, 0x21, 0x06, 0x19, 0x05, 0x21, 0x06, 0x21,
    0x05, 0x19, 0x06, 0x21, 0x05, 0x21, 0x06, 0x21, 0x05, 0x19, 0x06, 0x21,
    0x06, 0x21, 0x05, 0x19, 0x06, 0x21, 0x06, 0x21, 0x05, 0x21, 0x06, 0x19,
    0x06, 0x21, 0x06, 0x19, 0x06, 0x21, 0x06, 0x21, 0x05, 0x21, 0x06, 0x21,
    0x06, 0x21, 0x05, 0x21, 0x06, 0x21, 0x06, 0x19, 0x05, 0x21, 0x06, 0x21,
    0x06, 0x19, 0x05, 0x21, 0x06, 0x21, 0x05, 0x21, 0x06, 0x19, 0x05, 0x21,
    0x06, 0x21, 0x05, 0x19, 0x06, 0x21, 0x06, 0x21, 0x05, 0x21, 0x06, 0x19,
    0x06, 0x21, 0x05, 0x19, 0x06, 0x21, 0x06, 0x21, 0x06, 0x21, 0x06, 0x21,
    0x06, 0x21, 0x05, 0x21, 0x06, 0x21, 0x06, 0x19, 0x05, 0x21, 0x06, 0x21,
    0x06, 0x19, 0x05, 0x21, 0x06, 0x21, 0x06, 0x21, 0x05, 0x19, 0x05, 0x21,
    0x06, 0x21, 0x05, 0x19, 0x06, 0x19, 0x06, 0x21, 0x06, 0x21, 0x05, 0x21,
    0x06, 0x21, 0x06, 0x19, 0x06, 0x21, 0x05, 0x19, 0x06, 0x21, 0x06, 0x21,
    0x05, 0x21, 0x06, 0x19, 0x06, 0x21, 0x06, 0x21, 0x06, 0x21, 0x05, 0x19,
    0x06, 0x21, 0x06, 0x21, 0x05, 0x19, 0x06, 0x21, 0x06, 0x21, 0x05, 0x19,
    0x06, 0x21, 0x05, 0x21, 0x06, 0x19, 0x06, 0x21, 0x05, 0x21, 0x06, 0x19,
    0x05, 0x21, 0x06, 0x21, 0x06, 0x19, 0x05, 0x21, 0x06, 0x19, 0x06, 0x19,
    0x05, 0x21, 0x06, 0x21, 0x06, 0x21, 0x05, 0x21, 0x06, 0x19, 0x05, 0x21,
    0x06, 0x21, 0x05, 0x19, 0x06, 0x21, 0x06, 0x19, 0x06, 0x19, 0x05, 0x21,
    0x06, 0x21, 0x05, 0x19, 0x06, 0x21, 0x05, 0x21, 0x05, 0x19, 0x06, 0x21,
    0x05, 0x21, 0x06, 0x19, 0x06, 0x21, 0x05, 0x21, 0x06, 0x19, 0x06, 0x21,
    0x05, 0x19, 0x06, 0x21, 0x06, 0x19, 0x05, 0x21, 0x06, 0x19, 0x06, 0x21,
    0x05, 0x21, 0x06, 0x19, 0x06, 0x21, 0x05, 0x21, 0x06, 0x21, 0x06, 0x21,
    0x05, 0x21, 0x06, 0x21, 0x06, 0x21, 0x06, 0x19, 0x05, 0x21, 0x06, 0x21,
    0x05, 0x19, 0x05, 0x21, 0x06, 0x21, 0x05, 0x19, 0x06, 0x21, 0x06, 0x19,
    0x05, 0x21, 0x06, 0x21, 0x05, 0x21, 0x06, 0x21, 0x05, 0x21, 0x06, 0x21,
    0x05, 0x21, 0x06, 0x19, 0x06, 0x21, 0x05, 0x21, 0x06, 0x19, 0x06, 0x21,
    0x05, 0x19, 0x06, 0x21, 0x06, 0x21, 0x05, 0x19, 0x06, 0x21, 0x05, 0x21,
    0x06, 0x19, 0x05, 0x21, 0x06, 0x21, 0x05, 0x19, 0x05, 0x21, 0x06, 0x21,
    0x05, 0x21, 0x06, 0x21, 0x06, 0x19, 0x05, 0x21, 0x06, 0x21, 0x05, 0x21,
    0x06, 0x21, 0x05, 0x21, 0x06, 0x21, 0x05, 0x19, 0x06, 0x21, 0x06, 0x19,
    0x05, 0x21, 0x06, 0x19, 0x06, 0x21, 0x05, 0x21, 0x06, 0x19, 0x06, 0x21,
    0x05, 0x21, 0x06, 0x19, 0x05, 0x21, 0x06, 0x21, 0x05, 0x19, 0x06, 0x21,
    0x05, 0x21, 0x05, 0x21, 0x06, 0x19, 0x05, 0x21, 0x06, 0x21, 0x06, 0x21,
    0x05, 0x21, 0x06, 0x21, 0x05, 0x21, 0x06, 0x19, 0x05, 0x21, 0x06, 0x19,
    0x05, 0x21, 0x06, 0x19, 0x06, 0x21, 0x05, 0x21, 0x06, 0x19, 0x06, 0x21,
    0x05, 0x21, 0x06, 0x19, 0x06, 0x21, 0x05, 0x21, 0x06, 0x19, 0x05, 0x21,
    0x06, 0x21, 0x05, 0x21, 0x06, 0x19, 0x05, 0x21, 0x05, 0x21, 0x06, 0x21,
    0x05, 0x21, 0x06, 0x21, 0x06, 0x21, 0x05, 0x19, 0x06, 0x21, 0x05, 0x19,
    0x06, 0x21, 0x05, 0x19, 0x06, 0x21, 0x05, 0x21, 0x06, 0x19, 0x06, 0x21,
    0x05, 0x21, 0x06, 0x19, 0x06, 0x21, 0x05, 0x21, 0x06, 0x19, 0x06, 0x21,
    0x05, 0x21, 0x06, 0x21, 0x05, 0x19, 0x06, 0x21, 0x05, 0x21, 0x06, 0x21,
    0x05, 0x21, 0x05, 0x21, 0x06, 0x21, 0x05, 0x19, 0x06, 0x21, 0x06, 0x19,
    0x05, 0x21, 0x06, 0x19, 0x05, 0x21, 0x06, 0x21, 0x05, 0x19, 0x06, 0x21,
    0x05, 0x21, 0x06, 0x19, 0x06, 0x21, 0x05, 0x21, 0x06, 0x19, 0x06, 0x21,
    0x05, 0x21, 0x06, 0x21, 0x06, 0x19, 0x05, 0x21, 0x06, 0x21, 0x05, 0x21,
    0x06, 0x21, 0x05, 0x21, 0x06, 0x21, 0x05, 0x19, 0x05, 0x21, 0x06, 0x19,
    0x05, 0x21, 0x06, 0x19, 0x06, 0x21, 0x05, 0x21, 0x06, 0x19, 0x05, 0x21,
    0x06, 0x21, 0x05, 0x19, 0x06, 0x21, 0x05, 0x21, 0x06, 0x19, 0x06, 0x21,
    0x06, 0x21, 0x05, 0x21, 0x05, 0x21, 0x05, 0x21, 0x06, 0x19, 0x05, 0x21,
    0x06, 0x21, 0x06, 0x19, 0x05, 0x21, 0x06, 0x21, 0x06, 0x21, 0x05, 0x19,
    0x06, 0x21, 0x06, 0x21, 0x05, 0x21, 0x05, 0x21, 0x05, 0x21, 0x06, 0x21,
    0x06, 0x21, 0x05, 0x21, 0x06, 0x21, 0x05, 0x19, 0x06, 0x21, 0x05, 0x21,
    0x06, 0x19, 0x06, 0x21, 0x05, 0x21, 0x06, 0x19, 0x06, 0x21, 0x05, 0x21,
    0x06, 0x21, 0x06, 0x21, 0x05, 0x21, 0x06, 0x21, 0x05, 0x21, 0x06, 0x21,
    0x05, 0x21, 0x06, 0x19, 0x06, 0x21, 0x05, 0x21, 0x06, 0x19, 0x06, 0x21,
    0x05, 0x21, 0x06, 0x21, 0x06, 0x21, 0x05, 0x21, 0x06, 0x21, 0x05, 0x21,
    0x06, 0x21, 0x06, 0x19, 0x06, 0x21, 0x05, 0x21, 0x06, 0x21, 0x06, 0x19,
    0x05, 0x21, 0x06, 0x21, 0x06, 0x19, 0x05, 0x21, 0x05, 0x21, 0x06, 0x21,
    0x06, 0x19, 0x05, 0x21, 0x06, 0x21, 0x05, 0x21, 0x05, 0x19, 0x06, 0x21,
    0x06, 0x21, 0x05, 0x19, 0x06, 0x21, 0x06, 0x21, 0x05, 0x19, 0x06, 0x21,
    0x05, 0x19, 0x06, 0x21, 0x05, 0x21, 0x06, 0x21, 0x06, 0x21, 0x06, 0x21,
    0x06, 0x21, 0x06, 0x21, 0x06, 0x21, 0x05, 0x21, 0x06, 0x21, 0x05, 0x21,
    0x06, 0x21, 0x06, 0x19, 0x05, 0x21, 0x06, 0x21, 0x06, 0x19, 0x05, 0x19,
    0x06, 0x21, 0x06, 0x21, 0x05, 0x21, 0x06, 0x21, 0x05, 0x21, 0x06, 0x21,
    0x06, 0x21, 0x05, 0x21, 0x06, 0x19, 0x06, 0x21, 0x05, 0x21, 0x06, 0x21,
    0x06, 0x21, 0x05, 0x21, 0x06, 0x21, 0x06, 0x21, 0x06, 0x19, 0x05, 0x21,
    0x06, 0x21, 0x05, 0x19, 0x06, 0x21, 0x06, 0x21, 0x05, 0x19, 0x06, 0x21,
    0x06, 0x19, 0x05, 0x21, 0x06, 0x21, 0x06, 0x21, 0x05, 0x21, 0x06, 0x19,
    0x06, 0x21, 0x05, 0x21, 0x06, 0x21, 0x06, 0x19, 0x05, 0x21, 0x06, 0x21,
    0x06, 0x21, 0x05, 0x21, 0x06, 0x21, 0x06, 0x21, 0x05, 0x19, 0x06, 0x21,
    0x06, 0x21, 0x06, 0x21, 0x05, 0x21, 0x06, 0x21, 0x05, 0x19, 0x06, 0x21,
    0x06, 0x19, 0x05, 0x21, 0x06, 0x21, 0x06, 0x21, 0x05, 0x21, 0x06, 0x19,
    0x06, 0x21, 0x05, 0x21, 0x06, 0x21, 0x06, 0x19, 0x05, 0x21, 0x06, 0x21,
    0x06, 0x21, 0x05, 0x21, 0x06, 0x21, 0x06, 0x21, 0x05, 0x19, 0x06, 0x21,
    0x06, 0x21, 0x05, 0x21, 0x06, 0x21, 0x06, 0x21, 0x06, 0x19, 0x05, 0x21,
    0x06, 0x19, 0x05, 0x21, 0x06, 0x21, 0x06, 0x21, 0x05, 0x21, 0x06, 0x19,
    0x06, 0x21, 0x05, 0x21, 0x06, 0x21, 0x06, 0x19, 0x05, 0x21, 0x06, 0x21,
    0x06, 0x21, 0x05, 0x21, 0x06, 0x21, 0x06, 0x21, 0x05, 0x19, 0x06, 0x21,
    0x06, 0x21, 0x05, 0x21, 0x06, 0x21, 0x06, 0x21, 0x05, 0x19, 0x06, 0x21,
    0x06, 0x19, 0x06, 0x21, 0x05, 0x21, 0x06, 0x21, 0x05, 0x21, 0x06, 0x19,
    0x06, 0x21, 0x05, 0x21, 0x06, 0x21, 0x06, 0x19, 0x05, 0x21, 0x06, 0x21,
    0x06, 0x21, 0x05, 0x21, 0x06, 0x21, 0x06, 0x21, 0x05, 0x19, 0x06, 0x21,
    0x06, 0x21, 0x05, 0x21, 0x06, 0x21, 0x06, 0x21, 0x05, 0x19, 0x06, 0x21,
    0x06, 0x19, 0x05, 0x21, 0x06, 0x21, 0x06, 0x21, 0x06, 0x21, 0x05, 0x19,
    0x06, 0x21, 0x05, 0x21, 0x06, 0x21, 0x06, 0x19, 0x05, 0x21, 0x06, 0x21,
    0x06, 0x21, 0x05, 0x21, 0x06, 0x21, 0x06, 0x21, 0x05, 0x19, 0x05, 0x21,
    0x06, 0x21, 0x06, 0x21, 0x06, 0x19, 0x06, 0x21, 0x06, 0x21, 0x05, 0x21,
    0x06, 0x19, 0x06, 0x21, 0x05, 0x21, 0x05, 0x21, 0x06, 0x21, 0x06, 0x21,
    0x05, 0x21, 0x06, 0x19, 0x06, 0x21, 0x05, 0x21, 0x06, 0x19, 0x06, 0x21,
    0x05, 0x19, 0x06, 0x21, 0x06, 0x21, 0x05, 0x19, 0x06, 0x21, 0x06, 0x21,
    0x05, 0x21, 0x06, 0x21, 0x06, 0x21, 0x05, 0x21, 0x06, 0x21, 0x05, 0x21,
    0x06, 0x19, 0x06, 0x21, 0x05, 0x19, 0x06, 0x21, 0x06, 0x21, 0x05, 0x19,
    0x06, 0x21, 0x06, 0x21, 0x05, 0x21, 0x06, 0x19, 0x05, 0x21, 0x06, 0x21,
    0x06, 0x21, 0x05, 0x19, 0x06, 0x21, 0x06, 0x21, 0x05, 0x19, 0x06, 0x21,
    0x06, 0x21, 0x05, 0x21, 0x06, 0x21, 0x06, 0x21, 0x05, 0x21, 0x06, 0x21,
    0x06, 0x21, 0x06, 0x21, 0x05, 0x21, 0x06, 0x21, 0x06, 0x19, 0x05, 0x21,
    0x06, 0x21, 0x05, 0x21, 0x06, 0x21, 0x06, 0x21, 0x06, 0x21, 0x05, 0x21,
    0x06, 0x21, 0x06, 0x21, 0x05, 0x21, 0x06, 0x21, 0x05, 0x21, 0x06, 0x21,
    0x06, 0x19, 0x05, 0x21, 0x06, 0x19, 0x06, 0x21, 0x05, 0x19, 0x05, 0x21,
    0x05, 0x19, 0x06, 0x21, 0x05, 0x21, 0x06, 0x19, 0x06, 0x21, 0x05, 0x21,
    0x06, 0x19, 0x06, 0x21, 0x05, 0x21, 0x06, 0x19, 0x06, 0x21, 0x05, 0x21,
    0x06, 0x21, 0x06, 0x19, 0x05, 0x21, 0x06, 0x19, 0x06, 0x21, 0x05, 0x19,
    0x06, 0x21, 0x06, 0x21, 0x05, 0x21, 0x06, 0x21, 0x05, 0x19, 0x06, 0x21,
    0x06, 0x21, 0x05, 0x19, 0x06, 0x21, 0x06, 0x21, 0x05, 0x19, 0x06, 0x21,
    0x06, 0x21, 0x06, 0x21, 0x05, 0x19, 0x06, 0x21, 0x05, 0x21, 0x06, 0x21,
    0x06, 0x21, 0x05, 0x19, 0x06, 0x21, 0x06, 0x19, 0x05, 0x21, 0x06, 0x21,
    0x05, 0x21, 0x06, 0x21, 0x05, 0x21, 0x06, 0x21, 0x06, 0x21, 0x05, 0x21,
    0x06, 0x19, 0x05, 0x21, 0x06, 0x19, 0x06, 0x21, 0x05, 0x21, 0x06, 0x21,
    0x06, 0x21, 0x05, 0x19, 0x06, 0x19, 0x06, 0x21, 0x06, 0x21, 0x05, 0x21,
    0x06, 0x21, 0x05, 0x19, 0x06, 0x21, 0x06, 0x19, 0x05, 0x21, 0x06, 0x21,
    0x06, 0x21, 0x05, 0x21, 0x06, 0x21, 0x05, 0x21, 0x06, 0x21, 0x05, 0x21,
    0x06, 0x19, 0x06, 0x21, 0x05, 0x19, 0x06, 0x21, 0x05, 0x21, 0x06, 0x21,
    0x06, 0x21, 0x05, 0x19, 0x06, 0x19, 0x06, 0x21, 0x05, 0x21, 0x06, 0x21,
    0x06, 0x21, 0x06, 0x19, 0x05, 0x21, 0x06, 0x19, 0x05, 0x21, 0x06, 0x21,
    0x06, 0x21, 0x05, 0x21, 0x06, 0x21, 0x06, 0x21, 0x05, 0x21, 0x06, 0x21,
    0x05, 0x19, 0x06, 0x21, 0x05, 0x19, 0x06, 0x21, 0x06, 0x21, 0x05, 0x21,
    0x06, 0x21, 0x05, 0x19, 0x06, 0x19, 0x06, 0x21, 0x05, 0x21, 0x06, 0x21,
    0x06, 0x21, 0x05, 0x19, 0x06, 0x21, 0x06, 0x19, 0x06, 0x21, 0x05, 0x21,
    0x06, 0x21, 0x05, 0x21, 0x06, 0x21, 0x06, 0x21, 0x05, 0x21, 0x06, 0x21,
    0x06, 0x19, 0x05, 0x21, 0x06, 0x19, 0x05, 0x21, 0x06, 0x21, 0x05, 0x21,
    0x06, 0x21, 0x06, 0x19, 0x05, 0x19, 0x06, 0x21, 0x05, 0x21, 0x06, 0x21,
    0x06, 0x21, 0x05, 0x19, 0x06, 0x21, 0x06, 0x19, 0x05, 0x21, 0x06, 0x21,
    0x06, 0x21, 0x06, 0x21, 0x05, 0x21, 0x06, 0x21, 0x05, 0x21, 0x06, 0x21,
    0x06, 0x19, 0x05, 0x21, 0x06, 0x19, 0x06, 0x21, 0x06, 0x21, 0x06, 0x21,
    0x05, 0x21, 0x06, 0x19, 0x05, 0x21, 0x06, 0x21, 0x06, 0x19, 0x05, 0x21,
    0x06, 0x21, 0x06, 0x21, 0x05, 0x19, 0x06, 0x21, 0x06, 0x19, 0x05, 0x21,
    0x06, 0x21, 0x05, 0x19, 0x06, 0x21, 0x06, 0x21, 0x05, 0x19, 0x06, 0x21,
    0x06, 0x21, 0x05, 0x21, 0x06, 0x19, 0x06, 0x21, 0x05, 0x21, 0x06, 0x21,
    0x06, 0x19, 0x05, 0x21, 0x06, 0x21, 0x05, 0x19, 0x06, 0x21, 0x06, 0x21,
    0x05, 0x19, 0x06, 0x21, 0x05, 0x21, 0x06, 0x19, 0x06, 0x21, 0x05, 0x21,
    0x06, 0x19, 0x06, 0x21, 0x05, 0x21, 0x06, 0x21, 0x06, 0x21, 0x05, 0x19,
    0x06, 0x21, 0x05, 0x21, 0x06, 0x19, 0x05, 0x21, 0x06, 0x21, 0x05, 0x19,
    0x06, 0x21, 0x06, 0x19, 0x05, 0x21, 0x05, 0x19, 0x06, 0x19, 0x06, 0x21,
    0x05, 0x19, 0x06, 0x21, 0x05, 0x19, 0x06, 0x21, 0x06, 0x21, 0x05, 0x21,
    0x06, 0x19, 0x06, 0x21, 0x05, 0x21, 0x06, 0x19, 0x06, 0x19, 0x05, 0x21,
    0x06, 0x21, 0x06, 0x19, 0x05, 0x21, 0x06, 0x19, 0x06, 0x21, 0x05, 0x21,
    0x06, 0x21, 0x06, 0x21, 0x05, 0x21, 0x06, 0x21, 0x06, 0x21, 0x05, 0x21,
    0x06, 0x19, 0x06, 0x21, 0x05, 0x21, 0x06, 0x19, 0x05, 0x21, 0x06, 0x21,
    0x06, 0x19, 0x05, 0x21, 0x06, 0x21, 0x05, 0x21, 0x06, 0x21, 0x06, 0x21,
    0x05, 0x21, 0x06, 0x21, 0x05, 0x21, 0x06, 0x21, 0x06, 0x21, 0x05, 0x19,
    0x06, 0x21, 0x05, 0x19, 0x06, 0x21, 0x06, 0x19, 0x05, 0x21, 0x06, 0x21,
    0x06, 0x19, 0x05, 0x21, 0x05, 0x21, 0x06, 0x19, 0x05, 0x21, 0x05, 0x21,
    0x06, 0x21, 0x06, 0x21, 0x05, 0x19, 0x06, 0x21, 0x06, 0x21, 0x05, 0x21,
    0x06, 0x21, 0x05, 0x21, 0x06, 0x21, 0x06, 0x21, 0x05, 0x21, 0x06, 0x19,
    0x06, 0x21, 0x05, 0x21, 0x06, 0x19, 0x06, 0x19, 0x05, 0x21, 0x06, 0x21,
    0x06, 0x19, 0x05, 0x21, 0x06, 0x21, 0x06, 0x21, 0x05, 0x19, 0x05, 0x21,
    0x06, 0x21, 0x05, 0x21, 0x05, 0x21, 0x06, 0x21, 0x06, 0x19, 0x05, 0x21,
    0x06, 0x21, 0x06, 0x21, 0x05, 0x21, 0x06, 0x21, 0x05, 0x21, 0x06, 0x19,
    0x06, 0x21, 0x05, 0x21, 0x06, 0x19, 0x06, 0x19, 0x05, 0x21, 0x06, 0x21,
    0x06, 0x19, 0x05, 0x21, 0x06, 0x21, 0x06, 0x21, 0x05, 0x19, 0x06, 0x21,
    0x06, 0x21, 0x05, 0x21, 0x05, 0x21, 0x06, 0x21, 0x05, 0x19, 0x05, 0x21,
    0x06, 0x21, 0x06, 0x21, 0x05, 0x21, 0x06, 0x21, 0x06, 0x21, 0x05, 0x19,
    0x06, 0x21, 0x05, 0x21, 0x06, 0x19, 0x06, 0x19, 0x05, 0x21, 0x06, 0x21,
    0x06, 0x19, 0x05, 0x21, 0x06, 0x21, 0x06, 0x21, 0x05, 0x19, 0x06, 0x21,
    0x06, 0x21, 0x05, 0x21, 0x06, 0x21, 0x06, 0x21, 0x05, 0x19, 0x05, 0x21,
    0x06, 0x21, 0x05, 0x21, 0x05, 0x21, 0x06, 0x21, 0x06, 0x21, 0x05, 0x19,
    0x06, 0x21, 0x06, 0x21, 0x05, 0x19, 0x06, 0x19, 0x05, 0x21, 0x06, 0x21,
    0x06, 0x19, 0x05, 0x21, 0x06, 0x21, 0x06, 0x21, 0x05, 0x19, 0x06, 0x21,
    0x06, 0x21, 0x05, 0x21, 0x06, 0x21, 0x06, 0x21, 0x05, 0x19, 0x06, 0x21,
    0x06, 0x21, 0x05, 0x21, 0x05, 0x21, 0x06, 0x21, 0x05, 0x21, 0x05, 0x19,
    0x06, 0x21, 0x06, 0x21, 0x05, 0x19, 0x06, 0x19, 0x06, 0x21, 0x05, 0x21,
    0x06, 0x19, 0x05, 0x21, 0x06, 0x21, 0x05, 0x21, 0x05, 0x19, 0x06, 0x21,
    0x06, 0x21, 0x06, 0x19, 0x05, 0x21, 0x06, 0x21, 0x05, 0x21, 0x05, 0x21,
    0x06, 0x19, 0x06, 0x21, 0x05, 0x21, 0x06, 0x21, 0x06, 0x21, 0x05, 0x21,
    0x06, 0x19, 0x06, 0x21, 0x05, 0x21, 0x06, 0x21, 0x05, 0x21, 0x06, 0x21,
    0x06, 0x21, 0x06, 0x21, 0x05, 0x21, 0x06, 0x21, 0x05, 0x19, 0x06, 0x21,
    0x05, 0x21, 0x06, 0x19, 0x06, 0x21, 0x05, 0x21, 0x06, 0x19, 0x06, 0x21,
    0x05, 0x21, 0x06, 0x21, 0x06, 0x21, 0x05, 0x21, 0x06, 0x21, 0x05, 0x21,
    0x06, 0x21, 0x06, 0x21, 0x05, 0x19, 0x05, 0x21, 0x06, 0x21, 0x06, 0x21,
    0x05, 0x21, 0x06, 0x21, 0x06, 0x21, 0x05, 0x21, 0x06, 0x21, 0x06, 0x21,
    0x05, 0x21, 0x06, 0x21, 0x06, 0x21, 0x05, 0x21, 0x06, 0x21, 0x06, 0x21,
    0x05, 0x21, 0x06, 0x21, 0x05, 0x19, 0x06, 0x21, 0x06, 0x21, 0x05, 0x19,
    0x06, 0x21, 0x06, 0x21, 0x05, 0x21, 0x06, 0x21, 0x05, 0x21, 0x05, 0x21,
    0x06, 0x21, 0x06, 0x19, 0x05, 0x21, 0x05, 0x21, 0x06, 0x19, 0x06, 0x21,
    0x05, 0x19, 0x06, 0x19, 0x05, 0x21, 0x06, 0x21, 0x06, 0x19, 0x05, 0x21,
    0x06, 0x21, 0x06, 0x21, 0x06, 0x21, 0x06, 0x21, 0x05, 0x19, 0x06, 0x21,
    0x06, 0x21, 0x05, 0x21, 0x06, 0x21, 0x06, 0x19, 0x05, 0x21, 0x06, 0x19,
    0x05, 0x21, 0x06, 0x19, 0x06, 0x19, 0x05, 0x21, 0x06, 0x21, 0x05, 0x21,
    0x06, 0x21, 0x06, 0x21, 0x05, 0x21, 0x06, 0x21, 0x06, 0x21, 0x05, 0x21,
    0x06, 0x21, 0x06, 0x21, 0x05, 0x21, 0x06, 0x21, 0x06, 0x19, 0x06, 0x21,
    0x06, 0x21, 0x05, 0x19, 0x05, 0x21, 0x06, 0x21, 0x06, 0x21, 0x05, 0x19,
    0x06, 0x19, 0x06, 0x21, 0x05, 0x19, 0x06, 0x21, 0x05, 0x21, 0x06, 0x19,
    0x06, 0x21, 0x05, 0x21, 0x06, 0x21, 0x06, 0x21, 0x05, 0x21, 0x05, 0x19,
    0x06, 0x21, 0x06, 0x21, 0x05, 0x21, 0x06, 0x21, 0x06, 0x21, 0x05, 0x19,
    0x06, 0x21, 0x06, 0x19, 0x06, 0x19, 0x06, 0x21, 0x05, 0x21, 0x05, 0x21,
    0x06, 0x19, 0x06, 0x21, 0x05, 0x19, 0x06, 0x21, 0x06, 0x21, 0x05, 0x19,
    0x06, 0x21, 0x05, 0x21, 0x06, 0x19, 0x06, 0x21, 0x05, 0x21, 0x06, 0x21,
    0x06, 0x19, 0x05, 0x21, 0x05, 0x21, 0x06, 0x21, 0x06, 0x21, 0x05, 0x19,
    0x06, 0x21, 0x06, 0x19, 0x05, 0x19, 0x06, 0x21, 0x06, 0x21, 0x06, 0x21,
    0x06, 0x19, 0x05, 0x21, 0x05, 0x19, 0x06, 0x21, 0x06, 0x21, 0x05, 0x19,
    0x06, 0x21, 0x06, 0x21, 0x05, 0x19, 0x06, 0x21, 0x05, 0x21, 0x06, 0x21,
    0x06, 0x19, 0x05, 0x21, 0x06, 0x21, 0x06, 0x21, 0x05, 0x21, 0x05, 0x19,
    0x06, 0x21, 0x06, 0x19, 0x05, 0x19, 0x06, 0x21, 0x06, 0x21, 0x05, 0x21,
    0x06, 0x19, 0x06, 0x21, 0x06, 0x19, 0x06, 0x21, 0x05, 0x21, 0x05, 0x19,
    0x06, 0x21, 0x06, 0x21, 0x05, 0x19, 0x06, 0x21, 0x06, 0x21, 0x05, 0x21,
    0x06, 0x19, 0x05, 0x21, 0x06, 0x21, 0x06, 0x21, 0x05, 0x21, 0x06, 0x19,
    0x06, 0x21, 0x05, 0x19, 0x05, 0x19, 0x06, 0x21, 0x06, 0x21, 0x05, 0x21,
    0x06, 0x19, 0x06, 0x21, 0x05, 0x19, 0x06, 0x21, 0x06, 0x21, 0x06, 0x19,
    0x06, 0x21, 0x05, 0x21, 0x05, 0x19, 0x06, 0x21, 0x06, 0x21, 0x05, 0x21,
    0x06, 0x19, 0x06, 0x21, 0x06, 0x21, 0x06, 0x21, 0x06, 0x21, 0x05, 0x19,
    0x05, 0x21, 0x06, 0x21, 0x05, 0x21, 0x06, 0x21, 0x06, 0x19, 0x06, 0x21,
    0x05, 0x21, 0x06, 0x21, 0x06, 0x19, 0x05, 0x21, 0x06, 0x21, 0x05, 0x19,
    0x06, 0x21, 0x06, 0x21, 0x05, 0x19, 0x06, 0x21, 0x06, 0x21, 0x05, 0x19,
    0x06, 0x21, 0x05, 0x21, 0x06, 0x21, 0x06, 0x19, 0x05, 0x21, 0x06, 0x21,
    0x06, 0x21, 0x05, 0x21, 0x06, 0x21, 0x06, 0x21, 0x05, 0x21, 0x06, 0x21,
    0x05, 0x19, 0x06, 0x21, 0x06, 0x21, 0x05, 0x19, 0x06, 0x21, 0x06, 0x19,
    0x05, 0x21, 0x06, 0x21, 0x06, 0x19, 0x05, 0x21, 0x06, 0x21, 0x06, 0x19,
    0x05, 0x19, 0x06, 0x21, 0x06, 0x19, 0x05, 0x21, 0x06, 0x19, 0x06, 0x21,
    0x05, 0x19, 0x06, 0x21, 0x05, 0x21, 0x06, 0x19, 0x06, 0x21, 0x05, 0x21,
    0x06, 0x19, 0x06, 0x21, 0x05, 0x21, 0x06, 0x21, 0x06, 0x21, 0x05, 0x21,
    0x05, 0x21, 0x06, 0x19, 0x06, 0x21, 0x05, 0x19, 0x06, 0x21, 0x06, 0x21,
    0x06, 0x19, 0x05, 0x21, 0x06, 0x21, 0x06, 0x21, 0x06, 0x21, 0x05, 0x21,
    0x06, 0x21, 0x06, 0x21, 0x05, 0x21, 0x06, 0x21, 0x06, 0x19, 0x05, 0x21,
    0x06, 0x21, 0x05, 0x19, 0x05, 0x21, 0x06, 0x21, 0x05, 0x19, 0x06, 0x21,
    0x06, 0x21, 0x05, 0x19, 0x05, 0x21, 0x06, 0x21, 0x06, 0x21, 0x05, 0x19,
    0x06, 0x21, 0x06, 0x21, 0x05, 0x21, 0x06, 0x21, 0x06, 0x19, 0x05, 0x21,
    0x06, 0x19, 0x06, 0x21, 0x05, 0x21, 0x06, 0x19, 0x05, 0x21, 0x06, 0x21,
    0x05, 0x19, 0x06, 0x21, 0x06, 0x19, 0x05, 0x21, 0x06, 0x21, 0x06, 0x21,
    0x05, 0x21, 0x06, 0x19, 0x06, 0x21, 0x05, 0x21, 0x06, 0x21, 0x06, 0x21,
    0x05, 0x21, 0x06, 0x21, 0x06, 0x21, 0x05, 0x19, 0x06, 0x21, 0x06, 0x21,
    0x05, 0x21, 0x06, 0x19, 0x05, 0x21, 0x06, 0x19, 0x06, 0x21, 0x05, 0x21,
    0x06, 0x21, 0x06, 0x21, 0x05, 0x19, 0x06, 0x21, 0x05, 0x19, 0x06, 0x21,
    0x06, 0x21, 0x05, 0x21, 0x06, 0x21, 0x06, 0x21, 0x05, 0x21, 0x06, 0x21,
    0x06, 0x21, 0x05, 0x21, 0x06, 0x19, 0x05, 0x21, 0x06, 0x21, 0x06, 0x19,
    0x05, 0x21, 0x06, 0x21, 0x06, 0x21, 0x05, 0x21, 0x06, 0x21, 0x05, 0x21,
    0x06, 0x21, 0x06, 0x21, 0x05, 0x21, 0x06, 0x19, 0x06, 0x21, 0x05, 0x21,
    0x06, 0x21, 0x05, 0x21, 0x06, 0x21, 0x06, 0x21, 0x05, 0x21, 0x06, 0x21,
    0x06, 0x21, 0x05, 0x21, 0x06, 0x19, 0x06, 0x21, 0x05, 0x21, 0x06, 0x19,
    0x05, 0x21, 0x06, 0x21, 0x06, 0x21, 0x05, 0x21, 0x06, 0x21, 0x06, 0x21,
    0x05, 0x21, 0x06, 0x21, 0x05, 0x21, 0x06, 0x19, 0x06, 0x21, 0x05, 0x21,
    0x06, 0x21, 0x06, 0x21, 0x05, 0x21, 0x06, 0x21, 0x05, 0x21, 0x06, 0x21,
    0x06, 0x21, 0x05, 0x21, 0x06, 0x19, 0x06, 0x21, 0x05, 0x21, 0x06, 0x19,
    0x06, 0x21, 0x05, 0x21, 0x06, 0x21, 0x05, 0x21, 0x06, 0x21, 0x06, 0x21,
    0x05, 0x21, 0x06, 0x21, 0x06, 0x21, 0x05, 0x19, 0x06, 0x21, 0x05, 0x21,
    0x06, 0x21, 0x06, 0x21, 0x05, 0x21, 0x06, 0x21, 0x06, 0x21, 0x05, 0x21,
    0x06, 0x21, 0x05, 0x21, 0x06, 0x19, 0x06, 0x21, 0x05, 0x21, 0x06, 0x19,
    0x06, 0x21, 0x05, 0x21, 0x06, 0x21, 0x06, 0x21, 0x05, 0x21, 0x06, 0x21,
    0x05, 0x21, 0x06, 0x21, 0x05, 0x21, 0x05, 0x19, 0x06, 0x21, 0x06, 0x21,
    0x06, 0x21, 0x06, 0x19, 0x05, 0x21, 0x06, 0x21, 0x05, 0x19, 0x06, 0x21,
    0x06, 0x21, 0x05, 0x19, 0x06, 0x21, 0x05, 0x21, 0x06, 0x21, 0x06, 0x19,
    0x05, 0x21, 0x06, 0x21, 0x06, 0x21, 0x05, 0x21, 0x06, 0x19, 0x06, 0x21,
    0x05, 0x21, 0x06, 0x19, 0x06, 0x21, 0x05, 0x21, 0x06, 0x21, 0x06, 0x19,
    0x05, 0x21, 0x06, 0x21, 0x06, 0x19, 0x05, 0x21, 0x05, 0x19, 0x06, 0x21,
    0x06, 0x21, 0x05, 0x19, 0x06, 0x21, 0x05, 0x21, 0x06, 0x19, 0x06, 0x21,
    0x05, 0x21, 0x06, 0x19, 0x05, 0x21, 0x06, 0x21, 0x06, 0x21, 0x05, 0x21,
    0x06, 0x21, 0x05, 0x21, 0x06, 0x21, 0x06, 0x21, 0x05, 0x19, 0x06, 0x21,
    0x06, 0x21, 0x05, 0x21, 0x06, 0x19, 0x06, 0x21, 0x05, 0x21, 0x06, 0x19,
    0x05, 0x21, 0x06, 0x21, 0x06, 0x19, 0x05, 0x21, 0x06, 0x21, 0x06, 0x19,
    0x05, 0x21, 0x06, 0x21, 0x06, 0x21, 0x05, 0x21, 0x06, 0x19, 0x06, 0x21,
    0x05, 0x21, 0x06, 0x19, 0x06, 0x21, 0x05, 0x21, 0x06, 0x19, 0x06, 0x21,
    0x05, 0x21, 0x06, 0x19, 0x06, 0x21, 0x05, 0x21, 0x06, 0x21, 0x05, 0x21,
    0x06, 0x21, 0x06, 0x21, 0x06, 0x19, 0x05, 0x21, 0x06, 0x21, 0x06, 0x21,
    0x05, 0x21, 0x06, 0x21, 0x06, 0x19, 0x06, 0x21, 0x05, 0x21, 0x06, 0x21,
    0x06, 0x21, 0x05, 0x21, 0x06, 0x21, 0x05, 0x21, 0x06, 0x21, 0x06, 0x21,
    0x05, 0x21, 0x06, 0x21, 0x05, 0x19, 0x06, 0x21, 0x06, 0x21, 0x05, 0x19,
    0x06, 0x21, 0x06, 0x21, 0x05, 0x19, 0x06, 0x21, 0x06, 0x21, 0x05, 0x19,
    0x05, 0x21, 0x06, 0x21, 0x06, 0x21, 0x06, 0x19, 0x05, 0x21, 0x06, 0x19,
    0x06, 0x21, 0x05, 0x21, 0x06, 0x21, 0x05, 0x21, 0x06, 0x21, 0x06, 0x19,
    0x05, 0x21, 0x06, 0x21, 0x06, 0x21, 0x05, 0x21, 0x06, 0x19, 0x06, 0x21,
    0x05, 0x21, 0x06, 0x19, 0x06, 0x21, 0x05, 0x21, 0x06, 0x21, 0x06, 0x21,
    0x05, 0x19, 0x06, 0x21, 0x05, 0x21, 0x06, 0x21, 0x05, 0x19, 0x06, 0x21,
    0x06, 0x19, 0x06, 0x21, 0x05, 0x21, 0x06, 0x21, 0x06, 0x21, 0x05, 0x21,
    0x06, 0x21, 0x06, 0x21, 0x05, 0x19, 0x06, 0x21, 0x06, 0x21, 0x05, 0x19,
    0x06, 0x19, 0x05, 0x21, 0x06, 0x21, 0x06, 0x19, 0x05, 0x21, 0x06, 0x21,
    0x06, 0x19, 0x05, 0x21, 0x06, 0x21, 0x06, 0x19, 0x05, 0x21, 0x06, 0x21,
    0x05, 0x19, 0x06, 0x21, 0x05, 0x21, 0x06, 0x21, 0x06, 0x21, 0x05, 0x21,
    0x06, 0x21, 0x06, 0x21, 0x05, 0x19, 0x06, 0x21, 0x06, 0x21, 0x05, 0x19,
    0x06, 0x19, 0x06, 0x21, 0x05, 0x21, 0x06, 0x19, 0x05, 0x21, 0x06, 0x21,
    0x06, 0x19, 0x05, 0x21, 0x06, 0x21, 0x06, 0x19, 0x05, 0x21, 0x06, 0x21,
    0x06, 0x19, 0x05, 0x21, 0x06, 0x21, 0x05, 0x21, 0x06, 0x21, 0x05, 0x21,
    0x06, 0x21, 0x06, 0x21, 0x05, 0x19, 0x06, 0x21, 0x06, 0x21, 0x05, 0x19,
    0x06, 0x19, 0x06, 0x21, 0x05, 0x21, 0x06, 0x19, 0x06, 0x21, 0x05, 0x21,
    0x06, 0x19, 0x05, 0x21, 0x06, 0x21, 0x06, 0x19, 0x05, 0x21, 0x06, 0x21,
    0x06, 0x19, 0x05, 0x21, 0x06, 0x21, 0x06, 0x21, 0x05, 0x21, 0x06, 0x21,
    0x05, 0x21, 0x06, 0x21, 0x05, 0x19, 0x06, 0x21, 0x06, 0x21, 0x05, 0x19,
    0x06, 0x19, 0x06, 0x21, 0x05, 0x21, 0x06, 0x19, 0x05, 0x21, 0x05, 0x21,
    0x06, 0x19, 0x05, 0x21, 0x06, 0x21, 0x06, 0x19, 0x05, 0x21, 0x06, 0x21,
    0x05, 0x21, 0x06, 0x21, 0x06, 0x19, 0x05, 0x21, 0x06, 0x21, 0x06, 0x21,
    0x05, 0x21, 0x06, 0x21, 0x05, 0x19, 0x06, 0x21, 0x05, 0x21, 0x06, 0x21,
    0x05, 0x21, 0x06, 0x21, 0x06, 0x21, 0x05, 0x21, 0x06, 0x21, 0x05, 0x21,
    0x06, 0x21, 0x05, 0x19, 0x06, 0x21, 0x06, 0x21, 0x05, 0x19, 0x06, 0x21,
    0x06, 0x21, 0x05, 0x21, 0x06, 0x21, 0x06, 0x21, 0x05, 0x21, 0x06, 0x21,
    0x05, 0x21, 0x06, 0x21, 0x06, 0x21, 0x05, 0x19, 0x06, 0x21, 0x06, 0x21,
    0x05, 0x19, 0x06, 0x21, 0x06, 0x21, 0x05, 0x21, 0x06, 0x21, 0x05, 0x21,
    0x06, 0x21, 0x05, 0x21, 0x06, 0x21, 0x06, 0x21, 0x05, 0x21, 0x06, 0x21,
    0x06, 0x21, 0x05, 0x21, 0x06, 0x21, 0x05, 0x21, 0x06, 0x19, 0x06, 0x21,
    0x05, 0x21, 0x06, 0x19, 0x06, 0x21, 0x05, 0x21, 0x06, 0x21, 0x06, 0x21,
    0x05, 0x21, 0x05, 0x21, 0x06, 0x21, 0x06, 0x21, 0x05, 0x19, 0x05, 0x21,
    0x06, 0x21, 0x05, 0x19, 0x06, 0x21, 0x05, 0x21, 0x06, 0x19, 0x06, 0x19,
    0x05, 0x21, 0x05, 0x21, 0x06, 0x19, 0x06, 0x21, 0x05, 0x21, 0x06, 0x19,
    0x06, 0x21, 0x05, 0x21, 0x05, 0x19, 0x06, 0x21, 0x06, 0x21, 0x05, 0x19,
    0x06, 0x19, 0x06, 0x21, 0x05, 0x19, 0x06, 0x19, 0x06, 0x21, 0x05, 0x19,
    0x06, 0x21, 0x06, 0x21, 0x05, 0x21, 0x06, 0x21, 0x06, 0x21, 0x05, 0x21,
    0x06, 0x21, 0x06, 0x21, 0x05, 0x21, 0x05, 0x21, 0x06, 0x21, 0x06, 0x21,
    0x05, 0x19, 0x06, 0x21, 0x06, 0x21, 0x05, 0x19, 0x05, 0x21, 0x06, 0x21,
    0x06, 0x21, 0x05, 0x19, 0x06, 0x19, 0x06, 0x21, 0x05, 0x21, 0x06, 0x19,
    0x05, 0x21, 0x06, 0x21, 0x06, 0x19, 0x05, 0x21, 0x06, 0x21, 0x05, 0x21,
    0x06, 0x21, 0x06, 0x19, 0x05, 0x21, 0x06, 0x21, 0x06, 0x19, 0x05, 0x21,
    0x06, 0x21, 0x06, 0x21, 0x05, 0x19, 0x06, 0x21, 0x06, 0x21, 0x05, 0x19,
    0x06, 0x21, 0x05, 0x21, 0x05, 0x19, 0x06, 0x21, 0x06, 0x21, 0x05, 0x19,
    0x06, 0x21, 0x05, 0x21, 0x06, 0x19, 0x05, 0x21, 0x06, 0x21, 0x06, 0x21,
    0x05, 0x21, 0x06, 0x21, 0x06, 0x19, 0x05, 0x21, 0x06, 0x21, 0x05, 0x21,
    0x06, 0x21, 0x06, 0x19, 0x05, 0x21, 0x06, 0x21, 0x05, 0x19, 0x06, 0x21,
    0x06, 0x21, 0x05, 0x19, 0x06, 0x21, 0x06, 0x19, 0x05, 0x21, 0x06, 0x19,
    0x06, 0x21, 0x05, 0x21, 0x06, 0x19, 0x05, 0x21, 0x06, 0x21, 0x06, 0x21,
    0x05, 0x21, 0x06, 0x21, 0x06, 0x19, 0x05, 0x21, 0x06, 0x21, 0x06, 0x21,
    0x05, 0x21, 0x06, 0x19, 0x05, 0x21, 0x06, 0x21, 0x06, 0x19, 0x05, 0x21,
    0x06, 0x21, 0x05, 0x19, 0x06, 0x21, 0x06, 0x19, 0x05, 0x21, 0x06, 0x19,
    0x06, 0x21, 0x05, 0x21, 0x06, 0x19, 0x06, 0x21, 0x05, 0x21, 0x06, 0x21,
    0x05, 0x21, 0x06, 0x21, 0x06, 0x19, 0x05, 0x21, 0x06, 0x21, 0x06, 0x21,
    0x05, 0x21, 0x06, 0x19, 0x06, 0x21, 0x05, 0x21, 0x06, 0x19, 0x05, 0x21,
    0x06, 0x21, 0x06, 0x19, 0x05, 0x21, 0x06, 0x19, 0x05, 0x21, 0x06, 0x19,
    0x06, 0x21, 0x05, 0x21, 0x06, 0x19, 0x06, 0x21, 0x05, 0x21, 0x06, 0x21,
    0x06, 0x21, 0x05, 0x21, 0x06, 0x19, 0x06, 0x21, 0x06, 0x21, 0x06, 0x21,
    0x06, 0x21, 0x05, 0x19, 0x06, 0x21, 0x05, 0x21, 0x06, 0x21, 0x06, 0x21,
    0x05, 0x19, 0x06, 0x21, 0x06, 0x21, 0x05, 0x21, 0x06, 0x19, 0x06, 0x21,
    0x05, 0x19, 0x06, 0x21, 0x06, 0x21, 0x05, 0x19, 0x06, 0x21, 0x06, 0x21,
    0x05, 0x19, 0x06, 0x19, 0x06, 0x21, 0x05, 0x21, 0x06, 0x19, 0x06, 0x21,
    0x06, 0x21, 0x05, 0x21, 0x06, 0x21, 0x05, 0x21, 0x06, 0x21, 0x06, 0x21,
    0x05, 0x21, 0x06, 0x19, 0x06, 0x21, 0x05, 0x19, 0x06, 0x21, 0x06, 0x19,
    0x05, 0x21, 0x06, 0x19, 0x06, 0x21, 0x05, 0x21, 0x06, 0x21, 0x05, 0x19,
    0x06, 0x21, 0x06, 0x21, 0x05, 0x19, 0x06, 0x19, 0x06, 0x21, 0x05, 0x19,
    0x06, 0x21, 0x06, 0x19, 0x05, 0x19, 0x06, 0x21, 0x05, 0x19, 0x06, 0x21,
    0x06, 0x19, 0x05, 0x21, 0x06, 0x19, 0x06, 0x21, 0x05, 0x21, 0x06, 0x21,
    0x05, 0x21, 0x06, 0x21, 0x06, 0x19, 0x05, 0x21, 0x06, 0x19, 0x05, 0x19,
    0x06, 0x21, 0x06, 0x19, 0x06, 0x21, 0x05, 0x21, 0x06, 0x19, 0x06, 0x21,
    0x06, 0x21, 0x05, 0x21, 0x06, 0x21, 0x06, 0x21, 0x05, 0x21, 0x06, 0x21,
    0x06, 0x21, 0x06, 0x21, 0x05, 0x19, 0x06, 0x21, 0x06, 0x21, 0x05, 0x21,
    0x06, 0x19, 0x06, 0x21, 0x05, 0x21, 0x06, 0x21, 0x06, 0x21, 0x05, 0x21,
    0x06, 0x21, 0x05, 0x21, 0x06, 0x21, 0x05, 0x21, 0x06, 0x21, 0x06, 0x21,
    0x05, 0x21, 0x05, 0x19, 0x06, 0x19, 0x06, 0x21, 0x05, 0x19, 0x06, 0x21,
    0x05, 0x19, 0x06, 0x21, 0x06, 0x19, 0x05, 0x21, 0x06, 0x19, 0x06, 0x21,
    0x05, 0x21, 0x06, 0x21, 0x06, 0x21, 0x05, 0x19, 0x06, 0x21, 0x06, 0x21,
    0x05, 0x21, 0x06, 0x21, 0x05, 0x21, 0x06, 0x21, 0x06, 0x19, 0x05, 0x21,
    0x06, 0x21, 0x06, 0x21, 0x05, 0x21, 0x06, 0x19, 0x06, 0x21, 0x05, 0x21,
    0x06, 0x19, 0x05, 0x21, 0x06, 0x21, 0x05, 0x21, 0x06, 0x21, 0x05, 0x19,
    0x06, 0x21, 0x05, 0x21, 0x06, 0x21, 0x06, 0x19, 0x05, 0x21, 0x06, 0x21,
    0x06, 0x21, 0x05, 0x21, 0x06, 0x21, 0x06, 0x21, 0x06, 0x19, 0x05, 0x21,
    0x06, 0x21, 0x06, 0x19, 0x05, 0x21, 0x06, 0x21, 0x06, 0x19, 0x05, 0x21,
    0x06, 0x19, 0x06, 0x21, 0x05, 0x21, 0x06, 0x21, 0x06, 0x21, 0x05, 0x19,
    0x06, 0x21, 0x06, 0x21, 0x05, 0x21, 0x06, 0x21, 0x06, 0x21, 0x05, 0x21,
    0x06, 0x21, 0x06, 0x21, 0x05, 0x21, 0x06, 0x21, 0x06, 0x21, 0x05, 0x19,
    0x06, 0x21, 0x06, 0x21, 0x05, 0x19, 0x06, 0x21, 0x06, 0x21, 0x05, 0x19,
    0x06, 0x21, 0x05, 0x21, 0x06, 0x21, 0x05, 0x21, 0x06, 0x19, 0x06, 0x21,
    0x05, 0x21, 0x06, 0x19, 0x06, 0x21, 0x05, 0x21, 0x06, 0x21, 0x05, 0x21,
    0x06, 0x21, 0x06, 0x21, 0x05, 0x21, 0x06, 0x21, 0x06, 0x21, 0x05, 0x19,
    0x06, 0x21, 0x06, 0x21, 0x05, 0x19, 0x06, 0x21, 0x06, 0x21, 0x05, 0x19,
    0x06, 0x21, 0x06, 0x21, 0x05, 0x21, 0x06, 0x21, 0x05, 0x19, 0x06, 0x21,
    0x05, 0x21, 0x06, 0x19, 0x06, 0x21, 0x05, 0x21, 0x06, 0x21, 0x06, 0x21,
    0x05, 0x21, 0x06, 0x21, 0x05, 0x21, 0x06, 0x21, 0x06, 0x21, 0x05, 0x19,
    0x06, 0x21, 0x06, 0x21, 0x05, 0x19, 0x06, 0x21, 0x06, 0x21, 0x05, 0x19,
    0x06, 0x21, 0x06, 0x21, 0x05, 0x21, 0x06, 0x21, 0x05, 0x19, 0x05, 0x21,
    0x06, 0x21, 0x06, 0x19, 0x06, 0x21, 0x05, 0x21, 0x06, 0x21, 0x06, 0x19,
    0x05, 0x21, 0x06, 0x21, 0x06, 0x19, 0x05, 0x21, 0x06, 0x21, 0x05, 0x21,
    0x06, 0x21, 0x05, 0x19, 0x06, 0x21, 0x06, 0x21, 0x05, 0x21, 0x06, 0x21,
    0x06, 0x21, 0x05, 0x21, 0x06, 0x21, 0x05, 0x19, 0x06, 0x21, 0x06, 0x21,
    0x05, 0x19, 0x06, 0x21, 0x06, 0x19, 0x05, 0x21, 0x06, 0x19, 0x06, 0x21,
    0x05, 0x21, 0x06, 0x19, 0x06, 0x21, 0x05, 0x21, 0x06, 0x21, 0x05, 0x19,
    0x06, 0x21, 0x06, 0x21, 0x05, 0x21, 0x06, 0x19, 0x06, 0x21, 0x05, 0x21,
    0x06, 0x21, 0x05, 0x21, 0x06, 0x21, 0x05, 0x21, 0x06, 0x21, 0x06, 0x21,
    0xe5, 0x18, 0x84, 0x18, 0x83, 0x18, 0x84, 0x18, 0x84, 0x18, 0x83, 0x18,
    0x84, 0x18, 0x83, 0x18, 0x84, 0x18, 0x84, 0x18, 0x83, 0x18, 0x84, 0x18,
    0x84, 0x18, 0x83, 0x18, 0x84, 0x18, 0x83, 0x18, 0x84, 0x18, 0x84, 0x18,
    0x83, 0x18, 0xc4, 0x18, 0x06, 0x21, 0x06, 0x21, 0x05, 0x19, 0x05, 0x21,
    0x06, 0x21, 0x06, 0x19, 0x05, 0x21, 0x06, 0x19, 0x06, 0x21, 0x05, 0x19,
    0x05, 0x21, 0x06, 0x21, 0x06, 0x21, 0x05, 0x21, 0x06, 0x21, 0x06, 0x21,
    0x05, 0x21, 0x06, 0x21, 0x06, 0x19, 0x05, 0x21, 0x06, 0x21, 0x06, 0x19,
    0x05, 0x21, 0x06, 0x21, 0x06, 0x21, 0x05, 0x19, 0x06, 0x21, 0x05, 0x21,
    0x06, 0x21, 0x06, 0x21, 0x05, 0x21, 0x06, 0x21, 0x06, 0x21, 0x05, 0x21,
    0x06, 0x19, 0x06, 0x21, 0x05, 0x21, 0x06, 0x21, 0x06, 0x19, 0x06, 0x21,
    0x05, 0x21, 0x06, 0x19, 0x06, 0x21, 0x05, 0x21, 0x06, 0x21, 0x06, 0x21,
    0x05, 0x19, 0x06, 0x21, 0x06, 0x19, 0x05, 0x21, 0x06, 0x21, 0x05, 0x21,
    0x06, 0x21, 0x06, 0x19, 0x05, 0x21, 0x05, 0x21, 0x06, 0x21, 0x06, 0x21,
    0x05, 0x19, 0x06, 0x21, 0x06, 0x21, 0x05, 0x19, 0x06, 0x21, 0x06, 0x21,
    0x05, 0x21, 0x06, 0x19, 0x06, 0x21, 0x05, 0x21, 0x06, 0x21, 0x05, 0x19,
    0x06, 0x21, 0x06, 0x21, 0x05, 0x19, 0x06, 0x21, 0x06, 0x21, 0x05, 0x21,
    0x06, 0x21, 0x06, 0x21, 0x05, 0x19, 0x06, 0x21, 0x06, 0x21, 0x05, 0x21,
    0x05, 0x21, 0x06, 0x21, 0x06, 0x19, 0x05, 0x21, 0x06, 0x21, 0x06, 0x19,
    0x05, 0x21, 0x06, 0x21, 0x05, 0x19, 0x06, 0x21, 0x06, 0x19, 0x05, 0x19,
    0x06, 0x21, 0x05, 0x19, 0x06, 0x21, 0x06, 0x19, 0x05, 0x21, 0x06, 0x21,
    0x05, 0x21, 0x06, 0x21, 0x05, 0x21, 0x06, 0x21, 0x06, 0x21, 0x05, 0x21,
    0x06, 0x19, 0x06, 0x21, 0x05, 0x19, 0x06, 0x21, 0x06, 0x21, 0x05, 0x21,
    0x06, 0x19, 0x05, 0x21, 0x06, 0x21, 0x06, 0x21, 0x05, 0x19, 0x06, 0x21,
    0x06, 0x19, 0x05, 0x21, 0x06, 0x19, 0x06, 0x21, 0x05, 0x21, 0x06, 0x21,
    0x05, 0x21, 0x06, 0x21, 0x06, 0x21, 0x05, 0x21, 0x06, 0x21, 0x05, 0x21,
    0x06, 0x19, 0x06, 0x21, 0x05, 0x19, 0x06, 0x21, 0x06, 0x21, 0x05, 0x21,
    0x06, 0x19, 0x06, 0x21, 0x05, 0x21, 0x06, 0x21, 0x05, 0x19, 0x06, 0x21,
    0x06, 0x19, 0x05, 0x21, 0x06, 0x19, 0x06, 0x21, 0x05, 0x21, 0x06, 0x21,
    0x06, 0x21, 0x05, 0x21, 0x06, 0x21, 0x05, 0x21, 0x06, 0x21, 0x06, 0x21,
    0x05, 0x19, 0x06, 0x21, 0x05, 0x19, 0x06, 0x21, 0x06, 0x21, 0x06, 0x21,
    0x05, 0x19, 0x06, 0x21, 0x05, 0x21, 0x06, 0x21, 0x06, 0x21, 0x05, 0x19,
    0x06, 0x21, 0x05, 0x21, 0x06, 0x21, 0x06, 0x21, 0x05, 0x19, 0x06, 0x21,
    0x06, 0x21, 0x05, 0x21, 0x06, 0x21, 0x06, 0x19, 0x05, 0x21, 0x06, 0x21,
    0x05, 0x19, 0x06, 0x19, 0x06, 0x21, 0x05, 0x21, 0x06, 0x21, 0x05, 0x21,
    0x06, 0x21, 0x06, 0x21, 0x05, 0x21, 0x06, 0x21, 0x06, 0x19, 0x05, 0x21,
    0x06, 0x21, 0x05, 0x19, 0x06, 0x21, 0x05, 0x21, 0x06, 0x21, 0x06, 0x21,
    0x05, 0x21, 0x06, 0x21, 0x06, 0x21, 0x05, 0x21, 0x06, 0x19, 0x06, 0x21,
    0x05, 0x21, 0x06, 0x19, 0x06, 0x21, 0x05, 0x19, 0x06, 0x21, 0x05, 0x21,
    0xe5, 0x18, 0x67, 0x21, 0x50, 0x43, 0x50, 0x43, 0x4f, 0x43, 0x50, 0x43,
    0x50, 0x43, 0x4f, 0x43, 0x50, 0x43, 0x50, 0x43, 0x4f, 0x43, 0x4f, 0x43,
    0x50, 0x43, 0x50, 0x43, 0x4f, 0x43, 0x50, 0x43, 0x50, 0x43, 0x4f, 0x43,
    0x50, 0x43, 0x70, 0x43, 0x2a, 0x32, 0xc5, 0x18, 0x06, 0x21, 0x06, 0x21,
    0x05, 0x21, 0x06, 0x21, 0x06, 0x21, 0x05, 0x21, 0x06, 0x21, 0x06, 0x19,
    0x06, 0x21, 0x05, 0x21, 0x06, 0x19, 0x05, 0x19, 0x06, 0x21, 0x05, 0x19,
    0x06, 0x19, 0x05, 0x21, 0x06, 0x21, 0x05, 0x21, 0x06, 0x19, 0x06, 0x21,
    0x05, 0x21, 0x06, 0x19, 0x06, 0x21, 0x05, 0x19, 0x06, 0x21, 0x06, 0x21,
    0x05, 0x19, 0x06, 0x19, 0x06, 0x21, 0x05, 0x21, 0x06, 0x19, 0x06, 0x21,
    0x05, 0x21, 0x06, 0x21, 0x06, 0x21, 0x05, 0x21, 0x05, 0x21, 0x06, 0x21,
    0x05, 0x21, 0x06, 0x21, 0x06, 0x19, 0x05, 0x21, 0x05, 0x21, 0x06, 0x19,
    0x06, 0x21, 0x05, 0x21, 0x06, 0x21, 0x06, 0x21, 0x05, 0x19, 0x06, 0x21,
    0x06, 0x21, 0x05, 0x19, 0x06, 0x21, 0x06, 0x21, 0x05, 0x19, 0x06, 0x21,
    0x06, 0x21, 0x05, 0x21, 0x06, 0x21, 0x06, 0x21, 0x05, 0x19, 0x06, 0x21,
    0x06, 0x21, 0x05, 0x21, 0x06, 0x21, 0x06, 0x19, 0x05, 0x21, 0x06, 0x21,
    0x06, 0x21, 0x05, 0x19, 0x06, 0x21, 0x06, 0x21, 0x05, 0x19, 0x05, 0x21,
    0x06, 0x19, 0x06, 0x21, 0x05, 0x21, 0x05, 0x21, 0x06, 0x21, 0x06, 0x19,
    0x05, 0x21, 0x06, 0x21, 0x06, 0x21, 0x05, 0x19, 0x06, 0x21, 0x05, 0x21,
    0x06, 0x21, 0x06, 0x21, 0x05, 0x19, 0x06, 0x21, 0x05, 0x21, 0x06, 0x21,
    0x06, 0x21, 0x05, 0x21, 0x06, 0x21, 0x05, 0x19, 0x06, 0x21, 0x06, 0x21,
    0x05, 0x19, 0x06, 0x21, 0x06, 0x21, 0x05, 0x19, 0x06, 0x21, 0x05, 0x21,
    0x06, 0x19, 0x06, 0x21, 0x05, 0x21, 0x06, 0x21, 0x06, 0x19, 0x05, 0x21,
    0x06, 0x21, 0x06, 0x21, 0x05, 0x19, 0x06, 0x21, 0x06, 0x21, 0x05, 0x21,
    0x06, 0x19, 0x06, 0x21, 0x05, 0x21, 0x06, 0x21, 0x05, 0x19, 0x06, 0x19,
    0x06, 0x21, 0x05, 0x21, 0x06, 0x19, 0x05, 0x21, 0x06, 0x19, 0x06, 0x21,
    0x05, 0x21, 0x06, 0x21, 0x05, 0x21, 0x06, 0x21, 0x06, 0x19, 0x05, 0x21,
    0x06, 0x21, 0x06, 0x21, 0x05, 0x19, 0x06, 0x21, 0x06, 0x21, 0x05, 0x21,
    0x06, 0x19, 0x06, 0x21, 0x05, 0x21, 0x06, 0x21, 0x06, 0x19, 0x05, 0x19,
    0x06, 0x21, 0x05, 0x21, 0x06, 0x19, 0x06, 0x21, 0x05, 0x19, 0x06, 0x21,
    0x05, 0x21, 0x06, 0x21, 0x06, 0x21, 0x05, 0x21, 0x06, 0x19, 0x06, 0x21,
    0x05, 0x21, 0x06, 0x21, 0x06, 0x21, 0x05, 0x19, 0x05, 0x21, 0x06, 0x21,
    0x06, 0x21, 0x05, 0x19, 0x06, 0x21, 0x05, 0x21, 0x06, 0x19, 0x06, 0x21,
    0x05, 0x21, 0x06, 0x19, 0x06, 0x21, 0x05, 0x21, 0x06, 0x21, 0x06, 0x19,
    0x05, 0x21, 0x06, 0x21, 0x06, 0x21, 0x05, 0x21, 0x06, 0x19, 0x06, 0x21,
    0x05, 0x21, 0x06, 0x19, 0x06, 0x21, 0x05, 0x21, 0x06, 0x21, 0x06, 0x21,
    0x05, 0x21, 0x06, 0x21, 0x06, 0x21, 0x05, 0x21, 0x06, 0x19, 0x06, 0x19,
    0x05, 0x21, 0x06, 0x21, 0x05, 0x19, 0x06, 0x21, 0x05, 0x21, 0x06, 0x21,
    0x05, 0x21, 0x06, 0x19, 0x06, 0x21, 0x05, 0x21, 0x06, 0x21, 0x06, 0x19,
    0x06, 0x21, 0xc4, 0x18, 0x2b, 0x32, 0x7f, 0x87, 0x7f, 0x87, 0x7f, 0x87,
    0x5f, 0x87, 0x5f, 0x87, 0x7f, 0x87, 0x5f, 0x87, 0x5f, 0x87, 0x7f, 0x87,
    0x5f, 0x7f, 0x5f, 0x87, 0x7f, 0x87, 0x5f, 0x7f, 0x5f, 0x87, 0x7f, 0x87,
    0x5f, 0x87, 0x5f, 0x87, 0xff, 0x8f, 0x13, 0x4c, 0x83, 0x18, 0x06, 0x21,
    0x06, 0x21, 0x05, 0x19, 0x06, 0x21, 0x06, 0x21, 0x05, 0x19, 0x05, 0x21,
    0x06, 0x21, 0x06, 0x21, 0x06, 0x21, 0x05, 0x21, 0x06, 0x21, 0x06, 0x21,
    0x06, 0x21, 0x05, 0x21, 0x06, 0x19, 0x06, 0x21, 0x05, 0x21, 0x06, 0x21,
    0x05, 0x21, 0x05, 0x21, 0x06, 0x21, 0x06, 0x21, 0x05, 0x21, 0x06, 0x21,
    0x06, 0x21, 0x05, 0x21, 0x06, 0x21, 0x06, 0x21, 0x05, 0x19, 0x06, 0x21,
    0x05, 0x21, 0x06, 0x19, 0x05, 0x21, 0x06, 0x19, 0x06, 0x19, 0x06, 0x21,
    0x05, 0x21, 0x06, 0x19, 0x05, 0x21, 0x06, 0x21, 0x06, 0x21, 0x05, 0x19,
    0x06, 0x21, 0x06, 0x21, 0x05, 0x19, 0x06, 0x21, 0x05, 0x21, 0x06, 0x21,
    0x06, 0x19, 0x05, 0x21, 0x06, 0x21, 0x06, 0x21, 0x05, 0x21, 0x06, 0x19,
    0x06, 0x21, 0x05, 0x21, 0x06, 0x19, 0x05, 0x21, 0x06, 0x21, 0x06, 0x21,
    0x05, 0x19, 0x06, 0x21, 0x06, 0x21, 0x05, 0x19, 0x06, 0x21, 0x05, 0x21,
    0x06, 0x19, 0x06, 0x21, 0x05, 0x21, 0x06, 0x21, 0x06, 0x21, 0x05, 0x21,
    0x06, 0x21, 0x06, 0x19, 0x05, 0x21, 0x06, 0x21, 0x06, 0x19, 0x05, 0x21,
    0x06, 0x21, 0x06, 0x19, 0x06, 0x21, 0x05, 0x21, 0x06, 0x21, 0x06, 0x19,
    0x05, 0x21, 0x06, 0x21, 0x06, 0x19, 0x05, 0x21, 0x06, 0x21, 0x06, 0x21,
    0x05, 0x21, 0x06, 0x19, 0x06, 0x21, 0x05, 0x21, 0x06, 0x21, 0x05, 0x21,
    0x06, 0x21, 0x06, 0x19, 0x05, 0x21, 0x06, 0x21, 0x06, 0x19, 0x05, 0x21,
    0x06, 0x21, 0x06, 0x21, 0x05, 0x21, 0x05, 0x21, 0x06, 0x21, 0x05, 0x19,
    0x06, 0x21, 0x06, 0x21, 0x05, 0x21, 0x06, 0x21, 0x05, 0x19, 0x06, 0x21,
    0x05, 0x21, 0x06, 0x21, 0x05, 0x21, 0x06, 0x21, 0x06, 0x21, 0x05, 0x21,
    0x06, 0x21, 0x06, 0x21, 0x05, 0x19, 0x06, 0x21, 0x06, 0x21, 0x05, 0x19,
    0x06, 0x21, 0x06, 0x21, 0x05, 0x19, 0x06, 0x21, 0x06, 0x21, 0x05, 0x19,
    0x05, 0x21, 0x06, 0x21, 0x05, 0x21, 0x06, 0x21, 0x06, 0x19, 0x05, 0x21,
    0x06, 0x21, 0x05, 0x21, 0x06, 0x21, 0x05, 0x21, 0x06, 0x21, 0x05, 0x21,
    0x06, 0x21, 0x06, 0x21, 0x05, 0x19, 0x06, 0x21, 0x06, 0x21, 0x05, 0x19,
    0x06, 0x21, 0x06, 0x21, 0x05, 0x19, 0x06, 0x21, 0x06, 0x21, 0x05, 0x19,
    0x05, 0x21, 0x06, 0x21, 0x06, 0x19, 0x05, 0x21, 0x06, 0x21, 0x06, 0x19,
    0x05, 0x21, 0x06, 0x21, 0x06, 0x21, 0x05, 0x19, 0x06, 0x21, 0x05, 0x21,
    0x06, 0x21, 0x05, 0x21, 0x06, 0x19, 0x06, 0x21, 0x05, 0x21, 0x05, 0x21,
    0x06, 0x21, 0x06, 0x19, 0x05, 0x21, 0x06, 0x21, 0x05, 0x21, 0x06, 0x19,
    0x06, 0x21, 0x05, 0x21, 0x06, 0x21, 0x06, 0x21, 0x05, 0x19, 0x06, 0x19,
    0x05, 0x21, 0x06, 0x19, 0x06, 0x21, 0x05, 0x21, 0x06, 0x21, 0x06, 0x21,
    0x05, 0x21, 0x06, 0x21, 0x06, 0x19, 0x05, 0x21, 0x06, 0x19, 0x06, 0x21,
    0x05, 0x21, 0x06, 0x19, 0x06, 0x21, 0x05, 0x21, 0x06, 0x21, 0x06, 0x21,
    0x05, 0x21, 0x06, 0x21, 0xc4, 0x18, 0x2a, 0x32, 0x1f, 0x7f, 0x1f, 0x7f,
    0xff, 0x7e, 0xff, 0x7e, 0xff, 0x7e, 0xff, 0x7e, 0xff, 0x7e, 0xff, 0x7e,
    0xff, 0x7e, 0xff, 0x7e, 0xff, 0x7e, 0xff, 0x7e, 0xff, 0x7e, 0xff, 0x7e,
    0xff, 0x7e, 0xff, 0x7e, 0xff, 0x7e, 0x7f, 0x87, 0xd2, 0x4b, 0x83, 0x18,
    0x06, 0x21, 0x05, 0x19, 0x06, 0x21, 0x05, 0x21, 0x06, 0x19, 0x06, 0x21,
    0x05, 0x21, 0x05, 0x21, 0x06, 0x19, 0x05, 0x21, 0x06, 0x21, 0x06, 0x19,
    0x05, 0x21, 0x06, 0x21, 0x06, 0x21, 0x05, 0x21, 0x06, 0x19, 0x06, 0x21,
    0x05, 0x21, 0x06, 0x19, 0x06, 0x19, 0x05, 0x21, 0x06, 0x21, 0x05, 0x19,
    0x06, 0x21, 0x06, 0x19, 0x05, 0x21, 0x06, 0x21, 0x05, 0x21, 0x06, 0x21,
    0x06, 0x21, 0x05, 0x21, 0x06, 0x21, 0x06, 0x21, 0x05, 0x21, 0x06, 0x21,
    0x06, 0x21, 0x05, 0x19, 0x06, 0x21, 0x06, 0x21, 0x05, 0x21, 0x06, 0x19,
    0x06, 0x21, 0x05, 0x21, 0x06, 0x21, 0x06, 0x19, 0x05, 0x21, 0x06, 0x21,
    0x06, 0x21, 0x05, 0x21, 0x05, 0x19, 0x06, 0x21, 0x06, 0x21, 0x05, 0x19,
    0x06, 0x21, 0x05, 0x21, 0x06, 0x19, 0x06, 0x21, 0x05, 0x21, 0x06, 0x19,
    0x06, 0x21, 0x05, 0x21, 0x06, 0x19, 0x05, 0x21, 0x06, 0x21, 0x06, 0x21,
    0x05, 0x21, 0x06, 0x21, 0x05, 0x19, 0x06, 0x21, 0x05, 0x21, 0x06, 0x19,
    0x06, 0x21, 0x05, 0x21, 0x06, 0x21, 0x06, 0x21, 0x05, 0x19, 0x06, 0x21,
    0x06, 0x21, 0x05, 0x21, 0x06, 0x21, 0x05, 0x19, 0x06, 0x21, 0x06, 0x21,
    0x05, 0x21, 0x06, 0x19, 0x05, 0x21, 0x06, 0x21, 0x06, 0x21, 0x05, 0x19,
    0x06, 0x21, 0x05, 0x21, 0x06, 0x19, 0x06, 0x21, 0x05, 0x21, 0x06, 0x19,
    0x06, 0x21, 0x05, 0x21, 0x06, 0x21, 0x05, 0x21, 0x06, 0x21, 0x06, 0x21,
    0x05, 0x19, 0x06, 0x21, 0x06, 0x19, 0x05, 0x21, 0x06, 0x19, 0x06, 0x21,
    0x05, 0x21, 0x06, 0x19, 0x05, 0x21, 0x06, 0x21, 0x06, 0x19, 0x05, 0x21,
    0x06, 0x21, 0x06, 0x19, 0x05, 0x21, 0x06, 0x19, 0x06, 0x19, 0x05, 0x21,
    0x06, 0x21, 0x05, 0x21, 0x06, 0x19, 0x06, 0x21, 0x05, 0x21, 0x06, 0x21,
    0x05, 0x21, 0x06, 0x21, 0x06, 0x19, 0x05, 0x21, 0x06, 0x21, 0x06, 0x21,
    0x05, 0x21, 0x06, 0x19, 0x06, 0x21, 0x05, 0x21, 0x06, 0x19, 0x05, 0x21,
    0x06, 0x21, 0x06, 0x19, 0x05, 0x21, 0x06, 0x19, 0x06, 0x19, 0x05, 0x21,
    0x06, 0x21, 0x06, 0x21, 0x05, 0x19, 0x06, 0x21, 0x05, 0x21, 0x06, 0x21,
    0x06, 0x21, 0x05, 0x21, 0x06, 0x19, 0x05, 0x21, 0x06, 0x21, 0x06, 0x21,
    0x05, 0x21, 0x06, 0x21, 0x06, 0x19, 0x05, 0x21, 0x06, 0x21, 0x06, 0x21,
    0x06, 0x21, 0x05, 0x19, 0x06, 0x21, 0x06, 0x21, 0x06, 0x21, 0x05, 0x21,
    0x06, 0x19, 0x06, 0x21, 0x05, 0x21, 0x06, 0x21, 0x06, 0x19, 0x05, 0x21,
    0x06, 0x19, 0x06, 0x21, 0x05, 0x21, 0x06, 0x19, 0x06, 0x21, 0x05, 0x21,
    0x06, 0x21, 0x06, 0x19, 0x05, 0x21, 0x06, 0x21, 0x06, 0x21, 0x06, 0x21,
    0x05, 0x21, 0x06, 0x21, 0x06, 0x21, 0x05, 0x19, 0x06, 0x19, 0x06, 0x21,
    0x05, 0x21, 0x05, 0x21, 0x06, 0x19, 0x06, 0x21, 0x05, 0x21, 0x06, 0x21,
    0x06, 0x19, 0x05, 0x21, 0x06, 0x21, 0x05, 0x21, 0x06, 0x19, 0x06, 0x19,
    0x05, 0x21, 0x06, 0x21, 0x06, 0x21, 0xc4, 0x18, 0x0a, 0x32, 0x1f, 0x7f,
    0xff, 0x7e, 0xff, 0x7e, 0xff, 0x7e, 0xff, 0x7e, 0xff, 0x7e, 0xff, 0x7e,
    0xff, 0x7e, 0xff, 0x7e, 0xff, 0x7e, 0xff, 0x7e, 0xff, 0x7e, 0xff, 0x7e,
    0xff, 0x7e, 0xff, 0x7e, 0xff, 0x7e, 0xff, 0x7e, 0x7f, 0x87, 0xd2, 0x4b,
    0x83, 0x18, 0x06, 0x21, 0x06, 0x21, 0x05, 0x21, 0x06, 0x21, 0x06, 0x21,
    0x06, 0x19, 0x06, 0x21, 0x06, 0x21, 0x05, 0x19, 0x06, 0x21, 0x06, 0x21,
    0x05, 0x19, 0x05, 0x21, 0x06, 0x21, 0x06, 0x19, 0x05, 0x21, 0x06, 0x21,
    0x06, 0x19, 0x05, 0x21, 0x06, 0x21, 0x06, 0x21, 0x06, 0x21, 0x05, 0x19,
    0x06, 0x21, 0x05, 0x21, 0x06, 0x21, 0x06, 0x19, 0x05, 0x19, 0x06, 0x21,
    0x06, 0x19, 0x05, 0x21, 0x06, 0x19, 0x06, 0x21, 0x05, 0x21, 0x05, 0x19,
    0x06, 0x21, 0x05, 0x21, 0x06, 0x21, 0x06, 0x19, 0x05, 0x21, 0x06, 0x21,
    0x06, 0x21, 0x05, 0x21, 0x06, 0x21, 0x05, 0x19, 0x06, 0x21, 0x06, 0x21,
    0x05, 0x19, 0x06, 0x21, 0x06, 0x21, 0x05, 0x21, 0x06, 0x19, 0x05, 0x21,
    0x06, 0x21, 0x06, 0x21, 0x05, 0x21, 0x06, 0x21, 0x06, 0x21, 0x05, 0x21,
    0x06, 0x19, 0x05, 0x21, 0x06, 0x21, 0x06, 0x21, 0x05, 0x21, 0x06, 0x19,
    0x06, 0x21, 0x05, 0x21, 0x06, 0x19, 0x06, 0x21, 0x05, 0x21, 0x06, 0x19,
    0x05, 0x21, 0x06, 0x21, 0x05, 0x19, 0x06, 0x21, 0x06, 0x21, 0x05, 0x21,
    0x06, 0x19, 0x06, 0x21, 0x05, 0x21, 0x06, 0x19, 0x05, 0x21, 0x06, 0x21,
    0x05, 0x19, 0x06, 0x21, 0x06, 0x21, 0x05, 0x21, 0x06, 0x21, 0x05, 0x19,
    0x06, 0x21, 0x06, 0x21, 0x05, 0x21, 0x06, 0x21, 0x05, 0x21, 0x06, 0x19,
    0x06, 0x21, 0x05, 0x21, 0x06, 0x19, 0x06, 0x21, 0x05, 0x19, 0x06, 0x21,
    0x06, 0x21, 0x05, 0x21, 0x06, 0x21, 0x06, 0x21, 0x05, 0x19, 0x06, 0x21,
    0x06, 0x21, 0x06, 0x21, 0x05, 0x21, 0x06, 0x19, 0x06, 0x21, 0x05, 0x21,
    0x06, 0x21, 0x06, 0x21, 0x05, 0x21, 0x06, 0x21, 0x06, 0x21, 0x05, 0x21,
    0x06, 0x19, 0x06, 0x21, 0x05, 0x21, 0x06, 0x19, 0x06, 0x21, 0x05, 0x21,
    0x06, 0x19, 0x06, 0x21, 0x05, 0x21, 0x06, 0x21, 0x05, 0x19, 0x06, 0x21,
    0x06, 0x21, 0x05, 0x19, 0x06, 0x21, 0x06, 0x21, 0x06, 0x19, 0x05, 0x21,
    0x06, 0x21, 0x06, 0x21, 0x05, 0x21, 0x06, 0x21, 0x06, 0x21, 0x05, 0x21,
    0x06, 0x19, 0x06, 0x21, 0x05, 0x21, 0x06, 0x19, 0x06, 0x21, 0x05, 0x21,
    0x06, 0x19, 0x06, 0x21, 0x05, 0x21, 0x06, 0x21, 0x06, 0x19, 0x05, 0x21,
    0x06, 0x19, 0x06, 0x21, 0x05, 0x21, 0x06, 0x21, 0x05, 0x21, 0x06, 0x19,
    0x05, 0x21, 0x05, 0x21, 0x06, 0x21, 0x05, 0x19, 0x06, 0x21, 0x05, 0x21,
    0x06, 0x19, 0x06, 0x21, 0x05, 0x21, 0x06, 0x19, 0x05, 0x21, 0x06, 0x21,
    0x06, 0x21, 0x05, 0x21, 0x06, 0x21, 0x05, 0x21, 0x06, 0x21, 0x06, 0x19,
    0x05, 0x21, 0x06, 0x21, 0x05, 0x21, 0x06, 0x19, 0x06, 0x21, 0x05, 0x21,
    0x06, 0x21, 0x06, 0x21, 0x05, 0x21, 0x06, 0x21, 0x05, 0x21, 0x06, 0x21,
    0x06, 0x19, 0x05, 0x21, 0x06, 0x21, 0x06, 0x19, 0x05, 0x21, 0x06, 0x21,
    0x06, 0x21, 0x05, 0x21, 0x06, 0x19, 0x06, 0x21, 0x05, 0x21, 0x06, 0x21,
    0x05, 0x21, 0x05, 0x19, 0x06, 0x21, 0x06, 0x21, 0xc4, 0x18, 0x0a, 0x32,
    0x1f, 0x7f, 0xff, 0x7e, 0xff, 0x7e, 0xff, 0x7e, 0xff, 0x7e, 0xff, 0x7e,
    0xff, 0x7e, 0xff, 0x7e, 0xff, 0x7e, 0xff, 0x7e, 0xff, 0x7e, 0xff, 0x7e,
    0xff, 0x7e, 0xff, 0x7e, 0xff, 0x7e, 0xff, 0x7e, 0xff, 0x7e, 0x7f, 0x87,
    0xd2, 0x4b, 0x83, 0x18, 0x06, 0x19, 0x06, 0x21, 0x05, 0x19, 0x06, 0x21,
    0x05, 0x21, 0x05, 0x21, 0x06, 0x19, 0x06, 0x21, 0x05, 0x21, 0x06, 0x21,
    0x06, 0x21, 0x05, 0x21, 0x06, 0x21, 0x06, 0x19, 0x05, 0x21, 0x06, 0x21,
    0x05, 0x21, 0x06, 0x21, 0x06, 0x21, 0x05, 0x21, 0x06, 0x21, 0x05, 0x19,
    0x06, 0x21, 0x06, 0x21, 0x05, 0x21, 0x06, 0x21, 0x06, 0x21, 0x05, 0x21,
    0x06, 0x21, 0x05, 0x21, 0x06, 0x19, 0x06, 0x21, 0x05, 0x21, 0x06, 0x19,
    0x06, 0x21, 0x06, 0x21, 0x05, 0x19, 0x06, 0x21, 0x06, 0x21, 0x05, 0x19,
    0x06, 0x21, 0x05, 0x19, 0x06, 0x21, 0x06, 0x21, 0x05, 0x21, 0x06, 0x21,
    0x05, 0x21, 0x06, 0x19, 0x06, 0x21, 0x05, 0x21, 0x06, 0x21, 0x06, 0x21,
    0x05, 0x19, 0x06, 0x21, 0x06, 0x21, 0x05, 0x19, 0x06, 0x21, 0x05, 0x21,
    0x06, 0x19, 0x06, 0x21, 0x05, 0x21, 0x06, 0x21, 0x06, 0x19, 0x05, 0x21,
    0x06, 0x21, 0x05, 0x19, 0x06, 0x21, 0x06, 0x21, 0x05, 0x21, 0x06, 0x21,
    0x06, 0x21, 0x06, 0x21, 0x05, 0x19, 0x06, 0x21, 0x06, 0x21, 0x05, 0x19,
    0x06, 0x21, 0x05, 0x21, 0x06, 0x19, 0x06, 0x21, 0x05, 0x21, 0x06, 0x21,
    0x06, 0x21, 0x05, 0x19, 0x06, 0x21, 0x06, 0x21, 0x05, 0x19, 0x06, 0x21,
    0x06, 0x21, 0x05, 0x21, 0x06, 0x19, 0x06, 0x19, 0x05, 0x21, 0x06, 0x21,
    0x06, 0x21, 0x05, 0x21, 0x06, 0x21, 0x06, 0x21, 0x05, 0x19, 0x06, 0x21,
    0x05, 0x21, 0x06, 0x19, 0x05, 0x21, 0x06, 0x21, 0x05, 0x21, 0x06, 0x21,
    0x05, 0x21, 0x06, 0x19, 0x05, 0x21, 0x06, 0x21, 0x06, 0x21, 0x05, 0x19,
    0x06, 0x21, 0x06, 0x21, 0x05, 0x19, 0x06, 0x21, 0x06, 0x21, 0x05, 0x21,
    0x05, 0x21, 0x06, 0x21, 0x06, 0x19, 0x05, 0x21, 0x06, 0x21, 0x05, 0x21,
    0x06, 0x21, 0x06, 0x19, 0x05, 0x21, 0x06, 0x21, 0x06, 0x21, 0x05, 0x19,
    0x06, 0x21, 0x05, 0x21, 0x06, 0x21, 0x05, 0x21, 0x06, 0x21, 0x05, 0x21,
    0x06, 0x21, 0x06, 0x19, 0x05, 0x21, 0x06, 0x21, 0x06, 0x19, 0x05, 0x21,
    0x06, 0x21, 0x06, 0x21, 0x05, 0x21, 0x05, 0x21, 0x06, 0x21, 0x06, 0x21,
    0x05, 0x21, 0x06, 0x19, 0x05, 0x21, 0x06, 0x21, 0x06, 0x21, 0x05, 0x21,
    0x05, 0x21, 0x06, 0x19, 0x06, 0x21, 0x05, 0x21, 0x06, 0x19, 0x06, 0x21,
    0x05, 0x21, 0x06, 0x19, 0x06, 0x21, 0x06, 0x21, 0x05, 0x19, 0x06, 0x21,
    0x06, 0x21, 0x05, 0x21, 0x06, 0x21, 0x06, 0x21, 0x05, 0x19, 0x06, 0x21,
    0x06, 0x21, 0x05, 0x19, 0x06, 0x21, 0x06, 0x19, 0x05, 0x21, 0x06, 0x21,
    0x05, 0x21, 0x06, 0x19, 0x06, 0x21, 0x05, 0x21, 0x06, 0x21, 0x05, 0x21,
    0x06, 0x21, 0x05, 0x19, 0x06, 0x19, 0x06, 0x21, 0x05, 0x19, 0x06, 0x21,
    0x05, 0x21, 0x06, 0x21, 0x06, 0x19, 0x05, 0x21, 0x06, 0x21, 0x05, 0x21,
    0x06, 0x19, 0x05, 0x21, 0x06, 0x21, 0x06, 0x21, 0x05, 0x19, 0x06, 0x21,
    0x06, 0x21, 0x06, 0x21, 0x05, 0x21, 0x06, 0x19, 0x06, 0x21, 0xc4, 0x18,
    0x0b, 0x32, 0x1f, 0x7f, 0x1f, 0x7f, 0xff, 0x7e, 0xff, 0x7e, 0xff, 0x7e,
    0xff, 0x7e, 0xff, 0x7e, 0xff, 0x7e, 0xff, 0x7e, 0xff, 0x7e, 0xff, 0x7e,
    0xff, 0x7e, 0xff, 0x7e, 0xff, 0x7e, 0xff, 0x7e, 0xff, 0x7e, 0xff, 0x7e,
    0x7f, 0x87, 0xd2, 0x4b, 0x84, 0x18, 0x06, 0x21, 0x05, 0x21, 0x06, 0x21,
    0x06, 0x19, 0x05, 0x21, 0x06, 0x21, 0x05, 0x21, 0x06, 0x21, 0x05, 0x19,
    0x06, 0x21, 0x06, 0x19, 0x05, 0x21, 0x06, 0x21, 0x06, 0x21, 0x05, 0x21,
    0x06, 0x19, 0x06, 0x21, 0x05, 0x21, 0x06, 0x19, 0x06, 0x19, 0x05, 0x21,
    0x06, 0x21, 0x06, 0x21, 0x05, 0x19, 0x06, 0x19, 0x05, 0x21, 0x06, 0x21,
    0x06, 0x19, 0x05, 0x21, 0x06, 0x21, 0x06, 0x21, 0x05, 0x21, 0x06, 0x21,
    0x06, 0x21, 0x05, 0x21, 0x06, 0x21, 0x06, 0x19, 0x05, 0x21, 0x06, 0x21,
    0x06, 0x21, 0x05, 0x21, 0x06, 0x19, 0x06, 0x21, 0x05, 0x21, 0x06, 0x19,
    0x06, 0x21, 0x05, 0x21, 0x06, 0x21, 0x05, 0x19, 0x06, 0x21, 0x06, 0x19,
    0x05, 0x21, 0x06, 0x21, 0x06, 0x21, 0x05, 0x19, 0x06, 0x21, 0x06, 0x21,
    0x05, 0x19, 0x06, 0x21, 0x06, 0x21, 0x05, 0x21, 0x06, 0x19, 0x05, 0x21,
    0x06, 0x21, 0x06, 0x21, 0x05, 0x21, 0x06, 0x19, 0x06, 0x21, 0x05, 0x21,
    0x06, 0x19, 0x05, 0x21, 0x06, 0x21, 0x06, 0x21, 0x05, 0x21, 0x06, 0x21,
    0x06, 0x19, 0x05, 0x21, 0x06, 0x21, 0x05, 0x21, 0x06, 0x21, 0x06, 0x19,
    0x05, 0x21, 0x06, 0x21, 0x06, 0x21, 0x05, 0x21, 0x06, 0x19, 0x05, 0x21,
    0x06, 0x21, 0x06, 0x21, 0x05, 0x21, 0x06, 0x21, 0x06, 0x21, 0x05, 0x19,
    0x06, 0x21, 0x05, 0x21, 0x06, 0x19, 0x06, 0x21, 0x05, 0x21, 0x06, 0x21,
    0x06, 0x21, 0x05, 0x21, 0x06, 0x19, 0x06, 0x21, 0x05, 0x19, 0x06, 0x19,
    0x06, 0x21, 0x06, 0x21, 0x05, 0x21, 0x06, 0x19, 0x06, 0x21, 0x05, 0x21,
    0x05, 0x21, 0x06, 0x19, 0x05, 0x21, 0x06, 0x21, 0x05, 0x19, 0x06, 0x19,
    0x06, 0x21, 0x06, 0x21, 0x05, 0x19, 0x06, 0x21, 0x06, 0x21, 0x05, 0x21,
    0x06, 0x19, 0x05, 0x21, 0x06, 0x21, 0x05, 0x19, 0x06, 0x21, 0x06, 0x21,
    0x05, 0x21, 0x06, 0x19, 0x06, 0x21, 0x05, 0x21, 0x06, 0x19, 0x06, 0x19,
    0x05, 0x21, 0x06, 0x21, 0x05, 0x19, 0x06, 0x21, 0x05, 0x21, 0x06, 0x19,
    0x05, 0x21, 0x06, 0x21, 0x06, 0x19, 0x05, 0x21, 0x06, 0x19, 0x06, 0x21,
    0x05, 0x21, 0x06, 0x19, 0x06, 0x21, 0x05, 0x21, 0x06, 0x19, 0x06, 0x19,
    0x05, 0x21, 0x06, 0x21, 0x06, 0x21, 0x05, 0x21, 0x06, 0x19, 0x06, 0x21,
    0x05, 0x21, 0x06, 0x21, 0x06, 0x19, 0x06, 0x21, 0x05, 0x21, 0x06, 0x21,
    0x06, 0x19, 0x05, 0x21, 0x06, 0x19, 0x05, 0x21, 0x06, 0x21, 0x06, 0x21,
    0x05, 0x21, 0x06, 0x19, 0x05, 0x21, 0x06, 0x21, 0x06, 0x21, 0x05, 0x19,
    0x06, 0x21, 0x06, 0x21, 0x05, 0x21, 0x06, 0x19, 0x06, 0x21, 0x05, 0x21,
    0x06, 0x19, 0x06, 0x21, 0x05, 0x21, 0x06, 0x21, 0x06, 0x21, 0x05, 0x19,
    0x06, 0x21, 0x06, 0x21, 0x05, 0x21, 0x06, 0x21, 0x06, 0x19, 0x05, 0x21,
    0x06, 0x21, 0x06, 0x21, 0x05, 0x19, 0x06, 0x21, 0x05, 0x21, 0x06, 0x21,
    0x05, 0x19, 0x06, 0x21, 0x06, 0x21, 0x05, 0x19, 0x06, 0x21, 0x06, 0x21,
    0xc4, 0x18, 0x0a, 0x32, 0x1f, 0x7f, 0xff, 0x7e, 0xff, 0x7e, 0xff, 0x7e,
    0xff, 0x7e, 0xff, 0x7e, 0xff, 0x7e, 0xff, 0x7e, 0xff, 0x7e, 0xff, 0x7e,
    0xff, 0x7e, 0xff, 0x7e, 0xff, 0x7e, 0xff, 0x7e, 0xff, 0x7e, 0xff, 0x7e,
    0xff, 0x7e, 0x7f, 0x87, 0xd2, 0x4b, 0x83, 0x18, 0x06, 0x21, 0x05, 0x19,
    0x06, 0x21, 0x06, 0x21, 0x06, 0x19, 0x06, 0x21, 0x06, 0x21, 0x05, 0x19,
    0x06, 0x21, 0x05, 0x21, 0x06, 0x21, 0x06, 0x19, 0x05, 0x21, 0x06, 0x21,
    0x05, 0x19, 0x06, 0x21, 0x06, 0x21, 0x05, 0x21, 0x05, 0x21, 0x06, 0x21,
    0x06, 0x21, 0x05, 0x21, 0x06, 0x21, 0x06, 0x21, 0x05, 0x21, 0x06, 0x21,
    0x05, 0x19, 0x06, 0x21, 0x06, 0x21, 0x05, 0x19, 0x06, 0x21, 0x05, 0x19,
    0x06, 0x21, 0x05, 0x19, 0x05, 0x21, 0x06, 0x21, 0x06, 0x21, 0x05, 0x21,
    0x05, 0x19, 0x06, 0x21, 0x06, 0x21, 0x05, 0x21, 0x06, 0x21, 0x05, 0x19,
    0x06, 0x21, 0x06, 0x19, 0x05, 0x21, 0x06, 0x21, 0x06, 0x21, 0x05, 0x21,
    0x06, 0x21, 0x05, 0x19, 0x06, 0x21, 0x06, 0x21, 0x05, 0x21, 0x06, 0x21,
    0x06, 0x21, 0x05, 0x21, 0x06, 0x21, 0x05, 0x19, 0x06, 0x21, 0x06, 0x21,
    0x05, 0x21, 0x06, 0x19, 0x06, 0x21, 0x05, 0x21, 0x06, 0x21, 0x05, 0x19,
    0x06, 0x21, 0x06, 0x21, 0x05, 0x19, 0x06, 0x21, 0x05, 0x19, 0x06, 0x21,
    0x05, 0x21, 0x06, 0x21, 0x06, 0x21, 0x05, 0x19, 0x06, 0x21, 0x06, 0x21,
    0x05, 0x19, 0x06, 0x21, 0x05, 0x21, 0x06, 0x19, 0x06, 0x21, 0x05, 0x21,
    0x06, 0x21, 0x05, 0x19, 0x06, 0x19, 0x05, 0x21, 0x06, 0x21, 0x05, 0x21,
    0x06, 0x21, 0x06, 0x19, 0x05, 0x21, 0x06, 0x21, 0x05, 0x19, 0x05, 0x21,
    0x06, 0x19, 0x06, 0x21, 0x05, 0x21, 0x06, 0x21, 0x06, 0x21, 0x05, 0x21,
    0x06, 0x21, 0x05, 0x19, 0x06, 0x21, 0x06, 0x21, 0x05, 0x21, 0x06, 0x19,
    0x06, 0x21, 0x06, 0x21, 0x05, 0x21, 0x06, 0x21, 0x06, 0x21, 0x05, 0x21,
    0x05, 0x21, 0x06, 0x21, 0x06, 0x19, 0x05, 0x21, 0x06, 0x21, 0x06, 0x21,
    0x05, 0x19, 0x06, 0x21, 0x06, 0x21, 0x05, 0x21, 0x06, 0x21, 0x05, 0x19,
    0x06, 0x21, 0x06, 0x21, 0x05, 0x21, 0x06, 0x19, 0x06, 0x21, 0x05, 0x21,
    0x06, 0x21, 0x06, 0x21, 0x05, 0x21, 0x06, 0x21, 0x06, 0x21, 0x05, 0x21,
    0x06, 0x21, 0x06, 0x21, 0x05, 0x19, 0x06, 0x21, 0x06, 0x21, 0x05, 0x19,
    0x06, 0x21, 0x05, 0x21, 0x06, 0x19, 0x06, 0x21, 0x05, 0x21, 0x06, 0x21,
    0x06, 0x21, 0x05, 0x21, 0x06, 0x19, 0x06, 0x21, 0x05, 0x21, 0x06, 0x21,
    0x05, 0x19, 0x06, 0x21, 0x05, 0x21, 0x06, 0x21, 0x05, 0x21, 0x05, 0x21,
    0x06, 0x21, 0x06, 0x21, 0x05, 0x21, 0x06, 0x21, 0x06, 0x19, 0x05, 0x21,
    0x06, 0x21, 0x06, 0x19, 0x05, 0x21, 0x06, 0x21, 0x06, 0x21, 0x05, 0x21,
    0x06, 0x19, 0x06, 0x21, 0x05, 0x21, 0x06, 0x21, 0x05, 0x19, 0x06, 0x21,
    0x06, 0x21, 0x05, 0x21, 0x06, 0x21, 0x05, 0x21, 0x06, 0x21, 0x05, 0x21,
    0x06, 0x21, 0x06, 0x19, 0x05, 0x21, 0x06, 0x21, 0x05, 0x21, 0x06, 0x21,
    0x06, 0x19, 0x05, 0x21, 0x06, 0x21, 0x06, 0x21, 0x05, 0x19, 0x06, 0x21,
    0x06, 0x21, 0x05, 0x21, 0x06, 0x19, 0x05, 0x21, 0x06, 0x21, 0x05, 0x21,
    0x06, 0x21, 0xc4, 0x18, 0x0a, 0x32, 0x1f, 0x7f, 0x1f, 0x7f, 0xff, 0x7e,
    0xff, 0x7e, 0xff, 0x7e, 0xff, 0x7e, 0xff, 0x7e, 0xff, 0x7e, 0xff, 0x7e,
    0xff, 0x7e, 0xff, 0x7e, 0xff, 0x7e, 0xff, 0x7e, 0xff, 0x7e, 0xff, 0x7e,
    0xff, 0x7e, 0xff, 0x7e, 0x7f, 0x87, 0xd2, 0x4b, 0x83, 0x18, 0x06, 0x19,
    0x06, 0x21, 0x05, 0x21, 0x05, 0x21, 0x05, 0x21, 0x06, 0x19, 0x05, 0x21,
    0x06, 0x21, 0x06, 0x21, 0x05, 0x21, 0x06, 0x21, 0x05, 0x19, 0x06, 0x21,
    0x06, 0x21, 0x05, 0x21, 0x06, 0x19, 0x06, 0x21, 0x05, 0x19, 0x06, 0x21,
    0x06, 0x21, 0x05, 0x19, 0x05, 0x19, 0x06, 0x21, 0x06, 0x21, 0x05, 0x21,
    0x06, 0x19, 0x06, 0x21, 0x05, 0x21, 0x06, 0x21, 0x06, 0x21, 0x05, 0x21,
    0x06, 0x21, 0x06, 0x19, 0x06, 0x21, 0x06, 0x21, 0x05, 0x19, 0x06, 0x21,
    0x06, 0x21, 0x05, 0x21, 0x06, 0x19, 0x06, 0x21, 0x05, 0x21, 0x06, 0x19,
    0x06, 0x21, 0x05, 0x21, 0x06, 0x21, 0x06, 0x19, 0x05, 0x21, 0x06, 0x21,
    0x06, 0x19, 0x05, 0x21, 0x06, 0x21, 0x05, 0x19, 0x06, 0x21, 0x05, 0x19,
    0x06, 0x21, 0x05, 0x19, 0x06, 0x21, 0x06, 0x21, 0x05, 0x19, 0x06, 0x21,
    0x06, 0x21, 0x05, 0x19, 0x06, 0x21, 0x05, 0x21, 0x06, 0x19, 0x06, 0x21,
    0x05, 0x21, 0x06, 0x21, 0x06, 0x21, 0x05, 0x21, 0x06, 0x19, 0x06, 0x21,
    0x05, 0x21, 0x06, 0x19, 0x05, 0x21, 0x06, 0x21, 0x06, 0x19, 0x05, 0x21,
    0x06, 0x21, 0x06, 0x21, 0x05, 0x21, 0x06, 0x19, 0x05, 0x21, 0x06, 0x21,
    0x06, 0x21, 0x05, 0x21, 0x06, 0x21, 0x06, 0x21, 0x06, 0x19, 0x05, 0x21,
    0x06, 0x21, 0x06, 0x19, 0x05, 0x21, 0x06, 0x21, 0x06, 0x21, 0x06, 0x21,
    0x06, 0x19, 0x05, 0x21, 0x06, 0x21, 0x06, 0x19, 0x05, 0x21, 0x06, 0x21,
    0x06, 0x21, 0x05, 0x21, 0x06, 0x21, 0x05, 0x19, 0x06, 0x21, 0x05, 0x21,
    0x05, 0x21, 0x06, 0x19, 0x06, 0x21, 0x05, 0x21, 0x06, 0x19, 0x06, 0x21,
    0x06, 0x21, 0x05, 0x19, 0x06, 0x21, 0x05, 0x21, 0x06, 0x21, 0x05, 0x21,
    0x06, 0x19, 0x06, 0x21, 0x05, 0x21, 0x06, 0x19, 0x06, 0x21, 0x05, 0x21,
    0x06, 0x21, 0x06, 0x19, 0x05, 0x21, 0x06, 0x21, 0x05, 0x21, 0x06, 0x21,
    0x06, 0x21, 0x05, 0x19, 0x06, 0x21, 0x06, 0x19, 0x05, 0x21, 0x06, 0x19,
    0x06, 0x21, 0x05, 0x21, 0x06, 0x19, 0x05, 0x21, 0x06, 0x21, 0x06, 0x21,
    0x05, 0x21, 0x06, 0x21, 0x06, 0x21, 0x05, 0x21, 0x06, 0x21, 0x05, 0x21,
    0x06, 0x19, 0x05, 0x21, 0x06, 0x21, 0x06, 0x19, 0x05, 0x21, 0x06, 0x21,
    0x06, 0x21, 0x05, 0x21, 0x06, 0x19, 0x06, 0x21, 0x05, 0x21, 0x06, 0x19,
    0x06, 0x19, 0x05, 0x21, 0x06, 0x21, 0x06, 0x19, 0x05, 0x21, 0x06, 0x21,
    0x05, 0x19, 0x06, 0x21, 0x06, 0x21, 0x05, 0x21, 0x06, 0x19, 0x05, 0x21,
    0x06, 0x21, 0x06, 0x21, 0x05, 0x19, 0x06, 0x21, 0x06, 0x21, 0x05, 0x21,
    0x06, 0x19, 0x06, 0x21, 0x05, 0x21, 0x06, 0x21, 0x06, 0x19, 0x05, 0x19,
    0x06, 0x21, 0x06, 0x21, 0x05, 0x21, 0x06, 0x19, 0x06, 0x19, 0x05, 0x21,
    0x06, 0x21, 0x06, 0x21, 0x05, 0x19, 0x06, 0x21, 0x06, 0x21, 0x05, 0x21,
    0x06, 0x19, 0x06, 0x21, 0x05, 0x21, 0x06, 0x21, 0x06, 0x19, 0x05, 0x21,
    0x06, 0x21, 0x06, 0x19, 0xc4, 0x18, 0x0b, 0x32, 0x1f, 0x7f, 0xff, 0x7e,
    0xff, 0x7e, 0xff, 0x7e, 0xff, 0x7e, 0xff, 0x7e, 0xff, 0x7e, 0xff, 0x7e,
    0xff, 0x7e, 0xff, 0x7e, 0xff, 0x7e, 0xff, 0x7e, 0xff, 0x7e, 0xff, 0x7e,
    0xff, 0x7e, 0xff, 0x7e, 0xff, 0x7e, 0x7f, 0x87, 0xf2, 0x4b, 0x83, 0x18,
    0x06, 0x21, 0x06, 0x21, 0x06, 0x19, 0x06, 0x21, 0x06, 0x21, 0x05, 0x21,
    0x06, 0x19, 0x06, 0x21, 0x05, 0x19, 0x06, 0x21, 0x06, 0x21, 0x05, 0x21,
    0x06, 0x19, 0x06, 0x21, 0x05, 0x21, 0x06, 0x21, 0x05, 0x21, 0x06, 0x19,
    0x06, 0x21, 0x05, 0x21, 0x06, 0x21, 0x06, 0x21, 0x05, 0x19, 0x06, 0x21,
    0x06, 0x21, 0x05, 0x19, 0x06, 0x21, 0x05, 0x21, 0x06, 0x19, 0x06, 0x21,
    0x05, 0x21, 0x06, 0x21, 0x05, 0x21, 0x06, 0x21, 0x06, 0x21, 0x05, 0x19,
    0x06, 0x21, 0x06, 0x21, 0x05, 0x21, 0x06, 0x19, 0x05, 0x21, 0x06, 0x21,
    0x06, 0x21, 0x05, 0x21, 0x05, 0x21, 0x06, 0x21, 0x06, 0x21, 0x05, 0x19,
    0x06, 0x21, 0x06, 0x21, 0x05, 0x21, 0x06, 0x21, 0x06, 0x21, 0x05, 0x21,
    0x06, 0x21, 0x06, 0x19, 0x05, 0x21, 0x06, 0x21, 0x06, 0x21, 0x05, 0x21,
    0x06, 0x21, 0x05, 0x21, 0x06, 0x21, 0x06, 0x21, 0x05, 0x21, 0x06, 0x19,
    0x06, 0x21, 0x05, 0x21, 0x06, 0x19, 0x05, 0x21, 0x06, 0x21, 0x06, 0x21,
    0x05, 0x21, 0x06, 0x21, 0x06, 0x19, 0x05, 0x21, 0x06, 0x21, 0x06, 0x21,
    0x05, 0x21, 0x05, 0x19, 0x06, 0x21, 0x06, 0x21, 0x05, 0x21, 0x06, 0x21,
    0x06, 0x19, 0x05, 0x19, 0x06, 0x21, 0x06, 0x21, 0x05, 0x21, 0x06, 0x21,
    0x05, 0x19, 0x06, 0x21, 0x06, 0x21, 0x05, 0x21, 0x06, 0x19, 0x05, 0x21,
    0x06, 0x21, 0x06, 0x21, 0x05, 0x21, 0x06, 0x21, 0x05, 0x19, 0x06, 0x21,
    0x05, 0x19, 0x06, 0x19, 0x06, 0x21, 0x05, 0x21, 0x06, 0x21, 0x06, 0x19,
    0x06, 0x21, 0x05, 0x21, 0x06, 0x21, 0x06, 0x19, 0x05, 0x21, 0x06, 0x21,
    0x05, 0x19, 0x06, 0x21, 0x06, 0x21, 0x05, 0x19, 0x06, 0x21, 0x06, 0x21,
    0x05, 0x19, 0x06, 0x21, 0x06, 0x21, 0x05, 0x21, 0x06, 0x21, 0x06, 0x19,
    0x05, 0x21, 0x06, 0x21, 0x05, 0x21, 0x06, 0x19, 0x06, 0x21, 0x05, 0x19,
    0x06, 0x21, 0x06, 0x21, 0x05, 0x19, 0x06, 0x21, 0x06, 0x21, 0x05, 0x21,
    0x06, 0x19, 0x06, 0x21, 0x05, 0x21, 0x06, 0x21, 0x06, 0x21, 0x05, 0x19,
    0x06, 0x21, 0x06, 0x21, 0x05, 0x19, 0x06, 0x21, 0x06, 0x19, 0x05, 0x21,
    0x06, 0x21, 0x06, 0x19, 0x05, 0x21, 0x06, 0x21, 0x05, 0x21, 0x06, 0x19,
    0x06, 0x21, 0x05, 0x21, 0x06, 0x19, 0x06, 0x21, 0x05, 0x21, 0x06, 0x21,
    0x06, 0x21, 0x06, 0x19, 0x05, 0x21, 0x06, 0x21, 0x05, 0x19, 0x06, 0x21,
    0x06, 0x21, 0x05, 0x21, 0x06, 0x21, 0x05, 0x21, 0x06, 0x19, 0x06, 0x21,
    0x05, 0x21, 0x06, 0x19, 0x05, 0x21, 0x05, 0x21, 0x06, 0x19, 0x06, 0x21,
    0x05, 0x21, 0x06, 0x21, 0x06, 0x19, 0x06, 0x21, 0x05, 0x21, 0x06, 0x21,
    0x06, 0x21, 0x05, 0x19, 0x06, 0x21, 0x05, 0x21, 0x06, 0x21, 0x06, 0x21,
    0x05, 0x19, 0x06, 0x21, 0x05, 0x21, 0x06, 0x21, 0x05, 0x19, 0x06, 0x21,
    0x06, 0x21, 0x05, 0x21, 0x06, 0x19, 0x06, 0x21, 0x05, 0x21, 0x06, 0x21,
    0x06, 0x19, 0x05, 0x21, 0x06, 0x21, 0xc4, 0x18, 0x0a, 0x32, 0x1f, 0x7f,
    0x1f, 0x7f, 0xff, 0x7e, 0xff, 0x7e, 0xff, 0x7e, 0xff, 0x7e, 0xff, 0x7e,
    0xff, 0x7e, 0xff, 0x7e, 0xff, 0x7e, 0xff, 0x7e, 0xff, 0x7e, 0xff, 0x7e,
    0xff, 0x7e, 0xff, 0x7e, 0xff, 0x7e, 0xff, 0x7e, 0x7f, 0x87, 0xd2, 0x4b,
    0x84, 0x18, 0x05, 0x21, 0x05, 0x19, 0x06, 0x21, 0x06, 0x21, 0x05, 0x19,
    0x06, 0x21, 0x06, 0x21, 0x05, 0x21, 0x06, 0x21, 0x06, 0x19, 0x05, 0x21,
    0x06, 0x21, 0x05, 0x21, 0x06, 0x19, 0x06, 0x21, 0x05, 0x21, 0x06, 0x21,
    0x06, 0x21, 0x05, 0x19, 0x06, 0x21, 0x06, 0x21, 0x06, 0x21, 0x05, 0x19,
    0x06, 0x21, 0x06, 0x21, 0x05, 0x21, 0x06, 0x21, 0x06, 0x21, 0x05, 0x19,
    0x06, 0x21, 0x06, 0x19, 0x05, 0x19, 0x06, 0x21, 0x05, 0x21, 0x05, 0x19,
    0x06, 0x21, 0x06, 0x21, 0x05, 0x19, 0x06, 0x21, 0x06, 0x21, 0x05, 0x21,
    0x06, 0x19, 0x06, 0x21, 0x05, 0x19, 0x06, 0x19, 0x06, 0x21, 0x05, 0x21,
    0x06, 0x21, 0x05, 0x19, 0x06, 0x21, 0x06, 0x19, 0x05, 0x21, 0x06, 0x21,
    0x06, 0x19, 0x05, 0x21, 0x06, 0x21, 0x06, 0x21, 0x05, 0x19, 0x06, 0x21,
    0x06, 0x19, 0x05, 0x21, 0x06, 0x19, 0x06, 0x21, 0x05, 0x21, 0x06, 0x19,
    0x05, 0x21, 0x06, 0x21, 0x06, 0x21, 0x05, 0x19, 0x06, 0x21, 0x06, 0x21,
    0x05, 0x19, 0x06, 0x21, 0x06, 0x21, 0x05, 0x21, 0x06, 0x19, 0x05, 0x21,
    0x06, 0x21, 0x06, 0x19, 0x05, 0x21, 0x06, 0x21, 0x06, 0x19, 0x05, 0x21,
    0x06, 0x21, 0x06, 0x21, 0x05, 0x21, 0x06, 0x19, 0x05, 0x21, 0x06, 0x21,
    0x06, 0x19, 0x05, 0x21, 0x06, 0x21, 0x05, 0x21, 0x06, 0x19, 0x06, 0x21,
    0x05, 0x21, 0x05, 0x19, 0x06, 0x21, 0x06, 0x21, 0x05, 0x19, 0x06, 0x21,
    0x06, 0x21, 0x05, 0x21, 0x06, 0x21, 0x06, 0x21, 0x05, 0x19, 0x06, 0x21,
    0x06, 0x21, 0x05, 0x19, 0x06, 0x21, 0x06, 0x21, 0x05, 0x21, 0x06, 0x21,
    0x06, 0x21, 0x05, 0x19, 0x06, 0x21, 0x06, 0x21, 0x05, 0x21, 0x06, 0x21,
    0x06, 0x19, 0x05, 0x21, 0x06, 0x21, 0x05, 0x19, 0x06, 0x21, 0x05, 0x21,
    0x06, 0x21, 0x06, 0x19, 0x05, 0x21, 0x06, 0x21, 0x06, 0x21, 0x05, 0x21,
    0x06, 0x19, 0x05, 0x21, 0x06, 0x21, 0x05, 0x21, 0x06, 0x21, 0x05, 0x21,
    0x06, 0x21, 0x05, 0x21, 0x06, 0x19, 0x06, 0x21, 0x05, 0x21, 0x06, 0x19,
    0x05, 0x21, 0x06, 0x21, 0x05, 0x19, 0x06, 0x21, 0x05, 0x21, 0x06, 0x19,
    0x06, 0x21, 0x05, 0x21, 0x06, 0x21, 0x06, 0x21, 0x05, 0x21, 0x06, 0x21,
    0x05, 0x19, 0x06, 0x21, 0x05, 0x21, 0x06, 0x19, 0x06, 0x21, 0x05, 0x21,
    0x06, 0x19, 0x05, 0x21, 0x05, 0x21, 0x06, 0x21, 0x06, 0x21, 0x05, 0x21,
    0x06, 0x21, 0x06, 0x19, 0x05, 0x21, 0x06, 0x21, 0x06, 0x19, 0x05, 0x21,
    0x06, 0x21, 0x06, 0x21, 0x05, 0x19, 0x06, 0x21, 0x06, 0x21, 0x05, 0x21,
    0x06, 0x19, 0x06, 0x21, 0x05, 0x21, 0x05, 0x21, 0x06, 0x21, 0x06, 0x21,
    0x05, 0x21, 0x06, 0x21, 0x06, 0x21, 0x05, 0x19, 0x06, 0x21, 0x05, 0x21,
    0x06, 0x21, 0x06, 0x21, 0x05, 0x19, 0x06, 0x21, 0x06, 0x21, 0x05, 0x21,
    0x06, 0x19, 0x05, 0x21, 0x06, 0x21, 0x05, 0x21, 0x06, 0x19, 0x05, 0x21,
    0x06, 0x21, 0x06, 0x21, 0x05, 0x21, 0x06, 0x21, 0xc4, 0x18, 0x0a, 0x32,
    0x1f, 0x7f, 0xff, 0x7e, 0xff, 0x7e, 0xff, 0x7e, 0xff, 0x7e, 0xff, 0x7e,
    0xff, 0x7e, 0xff, 0x7e, 0xff, 0x7e, 0xff, 0x7e, 0xff, 0x7e, 0xff, 0x7e,
    0xff, 0x7e, 0xff, 0x7e, 0xff, 0x7e, 0xff, 0x7e, 0xff, 0x7e, 0x7f, 0x87,
    0xd2, 0x4b, 0x84, 0x18, 0x06, 0x21, 0x05, 0x21, 0x06, 0x21, 0x05, 0x21,
    0x05, 0x21, 0x06, 0x19, 0x06, 0x21, 0x05, 0x21, 0x06, 0x21, 0x05, 0x19,
    0x06, 0x21, 0x06, 0x21, 0x05, 0x21, 0x06, 0x19, 0x06, 0x21, 0x05, 0x19,
    0x06, 0x21, 0x05, 0x21, 0x06, 0x21, 0x05, 0x19, 0x06, 0x21, 0x05, 0x21,
    0x06, 0x21, 0x05, 0x19, 0x06, 0x21, 0x06, 0x21, 0x05, 0x19, 0x06, 0x21,
    0x05, 0x21, 0x06, 0x21, 0x05, 0x21, 0x06, 0x21, 0x06, 0x21, 0x06, 0x19,
    0x05, 0x21, 0x06, 0x21, 0x06, 0x21, 0x05, 0x21, 0x06, 0x19, 0x06, 0x21,
    0x05, 0x21, 0x06, 0x21, 0x06, 0x21, 0x05, 0x21, 0x06, 0x21, 0x06, 0x21,
    0x05, 0x19, 0x06, 0x21, 0x06, 0x21, 0x05, 0x21, 0x06, 0x21, 0x05, 0x19,
    0x06, 0x21, 0x06, 0x21, 0x05, 0x19, 0x06, 0x21, 0x05, 0x21, 0x05, 0x21,
    0x06, 0x19, 0x06, 0x21, 0x05, 0x21, 0x06, 0x19, 0x05, 0x21, 0x06, 0x21,
    0x06, 0x21, 0x05, 0x21, 0x06, 0x21, 0x06, 0x19, 0x05, 0x21, 0x06, 0x21,
    0x05, 0x19, 0x05, 0x21, 0x06, 0x21, 0x06, 0x19, 0x05, 0x21, 0x06, 0x21,
    0x06, 0x21, 0x05, 0x19, 0x06, 0x21, 0x06, 0x21, 0x05, 0x21, 0x06, 0x19,
    0x06, 0x21, 0x05, 0x21, 0x06, 0x21, 0x06, 0x21, 0x05, 0x21, 0x06, 0x19,
    0x06, 0x21, 0x05, 0x21, 0x06, 0x21, 0x06, 0x19, 0x05, 0x21, 0x06, 0x21,
    0x06, 0x21, 0x05, 0x21, 0x06, 0x19, 0x06, 0x21, 0x05, 0x21, 0x06, 0x21,
    0x06, 0x21, 0x05, 0x21, 0x06, 0x21, 0x05, 0x21, 0x06, 0x19, 0x06, 0x21,
    0x05, 0x21, 0x05, 0x21, 0x06, 0x21, 0x06, 0x19, 0x05, 0x21, 0x06, 0x19,
    0x06, 0x21, 0x05, 0x21, 0x06, 0x21, 0x05, 0x21, 0x06, 0x19, 0x06, 0x21,
    0x05, 0x21, 0x06, 0x21, 0x06, 0x21, 0x05, 0x21, 0x06, 0x21, 0x06, 0x19,
    0x05, 0x21, 0x06, 0x21, 0x06, 0x21, 0x05, 0x19, 0x06, 0x21, 0x05, 0x21,
    0x06, 0x21, 0x06, 0x21, 0x05, 0x19, 0x06, 0x21, 0x06, 0x21, 0x05, 0x19,
    0x06, 0x19, 0x06, 0x21, 0x05, 0x21, 0x06, 0x21, 0x05, 0x19, 0x06, 0x21,
    0x06, 0x21, 0x05, 0x21, 0x06, 0x21, 0x06, 0x21, 0x05, 0x21, 0x06, 0x21,
    0x06, 0x21, 0x05, 0x21, 0x06, 0x19, 0x05, 0x21, 0x06, 0x19, 0x06, 0x21,
    0x05, 0x21, 0x06, 0x21, 0x06, 0x21, 0x05, 0x21, 0x06, 0x21, 0x05, 0x21,
    0x06, 0x19, 0x06, 0x21, 0x06, 0x21, 0x05, 0x21, 0x06, 0x19, 0x06, 0x21,
    0x05, 0x21, 0x06, 0x19, 0x05, 0x21, 0x06, 0x21, 0x06, 0x19, 0x05, 0x21,
    0x06, 0x21, 0x05, 0x21, 0x06, 0x21, 0x06, 0x21, 0x06, 0x21, 0x06, 0x21,
    0x05, 0x21, 0x06, 0x21, 0x06, 0x19, 0x05, 0x21, 0x06, 0x21, 0x06, 0x19,
    0x06, 0x21, 0x05, 0x19, 0x06, 0x21, 0x06, 0x21, 0x05, 0x21, 0x06, 0x19,
    0x06, 0x21, 0x05, 0x21, 0x06, 0x21, 0x05, 0x21, 0x06, 0x19, 0x06, 0x21,
    0x05, 0x21, 0x06, 0x21, 0x06, 0x19, 0x05, 0x21, 0x06, 0x21, 0x06, 0x21,
    0x05, 0x19, 0x06, 0x21, 0x06, 0x21, 0x05, 0x19, 0x06, 0x21, 0xc5, 0x18,
    0x0a, 0x32, 0x1f, 0x7f, 0x1f, 0x7f, 0xff, 0x7e, 0xff, 0x7e, 0xff, 0x7e,
    0xff, 0x7e, 0xff, 0x7e, 0xff, 0x7e, 0xff, 0x7e, 0xff, 0x7e, 0xff, 0x7e,
    0xff, 0x7e, 0xff, 0x7e, 0xff, 0x7e, 0xff, 0x7e, 0xff, 0x7e, 0xff, 0x7e,
    0x7f, 0x87, 0xd2, 0x4b, 0x83, 0x18, 0x06, 0x19, 0x06, 0x21, 0x06, 0x19,
    0x06, 0x21, 0x05, 0x21, 0x06, 0x21, 0x05, 0x19, 0x06, 0x21, 0x06, 0x21,
    0x05, 0x21, 0x06, 0x19, 0x06, 0x21, 0x05, 0x21, 0x06, 0x21, 0x05, 0x21,
    0x06, 0x21, 0x06, 0x19, 0x05, 0x21, 0x06, 0x21, 0x06, 0x21, 0x05, 0x19,
    0x06, 0x21, 0x06, 0x21, 0x05, 0x21, 0x06, 0x19, 0x05, 0x21, 0x06, 0x21,
    0x06, 0x19, 0x05, 0x21, 0x06, 0x21, 0x06, 0x21, 0x05, 0x21, 0x06, 0x21,
    0x06, 0x21, 0x05, 0x21, 0x06, 0x19, 0x05, 0x21, 0x06, 0x21, 0x05, 0x21,
    0x06, 0x19, 0x05, 0x21, 0x06, 0x21, 0x05, 0x19, 0x06, 0x21, 0x06, 0x21,
    0x05, 0x21, 0x06, 0x21, 0x06, 0x19, 0x05, 0x21, 0x06, 0x21, 0x06, 0x21,
    0x05, 0x21, 0x06, 0x21, 0x05, 0x21, 0x06, 0x21, 0x06, 0x19, 0x06, 0x21,
    0x06, 0x21, 0x05, 0x21, 0x06, 0x21, 0x06, 0x21, 0x05, 0x21, 0x06, 0x19,
    0x06, 0x21, 0x05, 0x21, 0x06, 0x19, 0x05, 0x21, 0x06, 0x21, 0x06, 0x21,
    0x05, 0x21, 0x06, 0x21, 0x06, 0x21, 0x05, 0x21, 0x06, 0x19, 0x06, 0x21,
    0x05, 0x21, 0x06, 0x21, 0x05, 0x21, 0x06, 0x21, 0x06, 0x21, 0x05, 0x19,
    0x06, 0x21, 0x05, 0x21, 0x05, 0x19, 0x06, 0x19, 0x06, 0x21, 0x05, 0x21,
    0x06, 0x21, 0x05, 0x19, 0x06, 0x21, 0x06, 0x21, 0x05, 0x21, 0x06, 0x19,
    0x05, 0x21, 0x06, 0x21, 0x06, 0x19, 0x05, 0x21, 0x06, 0x21, 0x05, 0x19,
    0x06, 0x21, 0x06, 0x19, 0x05, 0x19, 0x06, 0x21, 0x06, 0x21, 0x05, 0x21,
    0x06, 0x21, 0x06, 0x19, 0x05, 0x21, 0x06, 0x21, 0x06, 0x21, 0x05, 0x21,
    0x06, 0x19, 0x05, 0x21, 0x06, 0x21, 0x06, 0x19, 0x05, 0x21, 0x06, 0x21,
    0x06, 0x19, 0x05, 0x21, 0x06, 0x21, 0x06, 0x19, 0x05, 0x21, 0x06, 0x21,
    0x06, 0x21, 0x05, 0x19, 0x06, 0x21, 0x05, 0x21, 0x06, 0x21, 0x06, 0x19,
    0x05, 0x21, 0x06, 0x21, 0x06, 0x19, 0x05, 0x21, 0x06, 0x21, 0x06, 0x21,
    0x05, 0x21, 0x06, 0x21, 0x06, 0x19, 0x05, 0x21, 0x06, 0x21, 0x06, 0x21,
    0x05, 0x19, 0x06, 0x21, 0x06, 0x19, 0x05, 0x21, 0x06, 0x19, 0x06, 0x21,
    0x05, 0x19, 0x06, 0x21, 0x06, 0x21, 0x05, 0x21, 0x06, 0x19, 0x06, 0x21,
    0x05, 0x21, 0x06, 0x19, 0x06, 0x21, 0x05, 0x19, 0x06, 0x21, 0x06, 0x21,
    0x05, 0x19, 0x06, 0x21, 0x06, 0x21, 0x05, 0x21, 0x06, 0x19, 0x06, 0x21,
    0x05, 0x21, 0x06, 0x19, 0x06, 0x21, 0x05, 0x21, 0x06, 0x21, 0x05, 0x21,
    0x06, 0x21, 0x06, 0x19, 0x05, 0x19, 0x05, 0x21, 0x06, 0x21, 0x05, 0x19,
    0x05, 0x19, 0x06, 0x21, 0x05, 0x21, 0x06, 0x21, 0x06, 0x19, 0x05, 0x21,
    0x06, 0x21, 0x06, 0x21, 0x05, 0x21, 0x06, 0x19, 0x05, 0x21, 0x06, 0x21,
    0x06, 0x21, 0x05, 0x19, 0x06, 0x19, 0x06, 0x21, 0x05, 0x21, 0x06, 0x21,
    0x06, 0x19, 0x05, 0x21, 0x06, 0x21, 0x06, 0x21, 0x05, 0x19, 0x06, 0x21,
    0x06, 0x21, 0x05, 0x21, 0x06, 0x19, 0x05, 0x21, 0x06, 0x21, 0x06, 0x21,
    0xc4, 0x18, 0x0a, 0x32, 0x1f, 0x7f, 0xff, 0x7e, 0xff, 0x7e, 0xff, 0x7e,
    0xff, 0x7e, 0xff, 0x7e, 0xff, 0x7e, 0xff, 0x7e, 0xff, 0x7e, 0xff, 0x7e,
    0xff, 0x7e, 0xff, 0x7e, 0xff, 0x7e, 0xff, 0x7e, 0xff, 0x7e, 0xff, 0x7e,
    0xff, 0x7e, 0x7f, 0x87, 0xd2, 0x4b, 0x83, 0x18, 0x06, 0x21, 0x05, 0x19,
    0x05, 0x21, 0x06, 0x21, 0x06, 0x19, 0x06, 0x21, 0x05, 0x21, 0x06, 0x19,
    0x06, 0x21, 0x05, 0x21, 0x06, 0x21, 0x05, 0x19, 0x06, 0x21, 0x06, 0x21,
    0x05, 0x19, 0x06, 0x21, 0x06, 0x21, 0x05, 0x19, 0x06, 0x21, 0x06, 0x21,
    0x05, 0x21, 0x06, 0x19, 0x06, 0x21, 0x05, 0x21, 0x06, 0x21, 0x06, 0x21,
    0x05, 0x21, 0x06, 0x21, 0x06, 0x19, 0x05, 0x21, 0x06, 0x19, 0x05, 0x19,
    0x05, 0x21, 0x06, 0x21, 0x06, 0x19, 0x05, 0x21, 0x06, 0x21, 0x06, 0x19,
    0x06, 0x21, 0x05, 0x21, 0x06, 0x19, 0x06, 0x21, 0x05, 0x21, 0x06, 0x19,
    0x05, 0x21, 0x06, 0x19, 0x05, 0x21, 0x06, 0x21, 0x05, 0x19, 0x06, 0x21,
    0x06, 0x19, 0x05, 0x21, 0x06, 0x19, 0x06, 0x21, 0x05, 0x21, 0x05, 0x21,
    0x06, 0x19, 0x06, 0x21, 0x05, 0x21, 0x06, 0x19, 0x06, 0x21, 0x05, 0x21,
    0x06, 0x21, 0x05, 0x19, 0x06, 0x21, 0x06, 0x21, 0x05, 0x19, 0x06, 0x21,
    0x06, 0x21, 0x05, 0x19, 0x06, 0x21, 0x06, 0x21, 0x05, 0x19, 0x06, 0x21,
    0x06, 0x21, 0x05, 0x19, 0x06, 0x19, 0x06, 0x21, 0x05, 0x21, 0x06, 0x19,
    0x06, 0x21, 0x05, 0x21, 0x06, 0x21, 0x06, 0x21, 0x05, 0x21, 0x06, 0x19,
    0x06, 0x21, 0x05, 0x21, 0x06, 0x21, 0x05, 0x19, 0x06, 0x21, 0x06, 0x21,
    0x05, 0x21, 0x06, 0x19, 0x06, 0x21, 0x05, 0x21, 0x06, 0x21, 0x06, 0x21,
    0x05, 0x21, 0x06, 0x21, 0x05, 0x21, 0x06, 0x21, 0x06, 0x19, 0x05, 0x21,
    0x06, 0x21, 0x05, 0x19, 0x06, 0x21, 0x06, 0x21, 0x05, 0x19, 0x06, 0x21,
    0x06, 0x21, 0x05, 0x21, 0x06, 0x21, 0x06, 0x19, 0x05, 0x21, 0x06, 0x21,
    0x05, 0x21, 0x06, 0x21, 0x05, 0x19, 0x06, 0x21, 0x05, 0x21, 0x06, 0x19,
    0x05, 0x21, 0x06, 0x21, 0x06, 0x21, 0x05, 0x19, 0x06, 0x21, 0x06, 0x21,
    0x05, 0x19, 0x06, 0x21, 0x06, 0x21, 0x05, 0x21, 0x06, 0x21, 0x05, 0x19,
    0x06, 0x21, 0x06, 0x21, 0x05, 0x21, 0x06, 0x21, 0x06, 0x19, 0x05, 0x21,
    0x06, 0x21, 0x05, 0x21, 0x06, 0x21, 0x06, 0x21, 0x05, 0x19, 0x06, 0x21,
    0x06, 0x21, 0x05, 0x21, 0x05, 0x19, 0x06, 0x21, 0x06, 0x21, 0x05, 0x21,
    0x06, 0x21, 0x05, 0x21, 0x06, 0x19, 0x06, 0x21, 0x05, 0x21, 0x06, 0x19,
    0x06, 0x21, 0x05, 0x21, 0x06, 0x21, 0x05, 0x21, 0x05, 0x19, 0x06, 0x21,
    0x06, 0x21, 0x05, 0x21, 0x06, 0x21, 0x06, 0x21, 0x05, 0x19, 0x06, 0x21,
    0x06, 0x21, 0x05, 0x21, 0x06, 0x21, 0x06, 0x21, 0x06, 0x19, 0x06, 0x21,
    0x05, 0x21, 0x06, 0x21, 0x06, 0x19, 0x05, 0x21, 0x06, 0x21, 0x06, 0x21,
    0x05, 0x21, 0x05, 0x21, 0x06, 0x21, 0x06, 0x21, 0x05, 0x19, 0x06, 0x21,
    0x05, 0x21, 0x06, 0x21, 0x05, 0x21, 0x06, 0x21, 0x06, 0x19, 0x05, 0x21,
    0x06, 0x21, 0x05, 0x21, 0x06, 0x19, 0x05, 0x21, 0x06, 0x21, 0x06, 0x21,
    0x05, 0x19, 0x06, 0x21, 0x06, 0x21, 0x05, 0x21, 0x06, 0x19, 0x06, 0x21,
    0x05, 0x21, 0xc4, 0x18, 0x0b, 0x32, 0x1f, 0x7f, 0x1f, 0x7f, 0xff, 0x7e,
    0xff, 0x7e, 0xff, 0x7e, 0xff, 0x7e, 0xff, 0x7e, 0xff, 0x7e, 0xff, 0x7e,
    0xff, 0x7e, 0xff, 0x7e, 0xff, 0x7e, 0xff, 0x7e, 0xff, 0x7e, 0xff, 0x7e,
    0xff, 0x7e, 0xff, 0x7e, 0x7f, 0x87, 0xd2, 0x4b, 0x84, 0x18, 0x06, 0x21,
    0x05, 0x21, 0x06, 0x21, 0x06, 0x21, 0x05, 0x19, 0x06, 0x21, 0x06, 0x21,
    0x05, 0x21, 0x06, 0x19, 0x06, 0x21, 0x05, 0x21, 0x06, 0x21, 0x06, 0x19,
    0x05, 0x21, 0x06, 0x21, 0x05, 0x21, 0x06, 0x21, 0x06, 0x21, 0x05, 0x19,
    0x06, 0x21, 0x05, 0x21, 0x06, 0x21, 0x05, 0x19, 0x06, 0x21, 0x06, 0x21,
    0x05, 0x19, 0x06, 0x21, 0x05, 0x21, 0x06, 0x21, 0x06, 0x21, 0x05, 0x21,
    0x06, 0x21, 0x06, 0x19, 0x05, 0x21, 0x06, 0x21, 0x06, 0x21, 0x05, 0x21,
    0x06, 0x19, 0x05, 0x21, 0x06, 0x21, 0x06, 0x21, 0x05, 0x21, 0x06, 0x21,
    0x06, 0x21, 0x05, 0x21, 0x06, 0x21, 0x06, 0x21, 0x05, 0x21, 0x06, 0x21,
    0x05, 0x21, 0x06, 0x21, 0x06, 0x19, 0x05, 0x21, 0x06, 0x21, 0x06, 0x19,
    0x05, 0x21, 0x06, 0x21, 0x05, 0x21, 0x06, 0x19, 0x05, 0x21, 0x06, 0x21,
    0x06, 0x19, 0x05, 0x21, 0x06, 0x21, 0x06, 0x21, 0x05, 0x21, 0x06, 0x19,
    0x05, 0x21, 0x06, 0x21, 0x06, 0x19, 0x05, 0x21, 0x06, 0x21, 0x06, 0x19,
    0x05, 0x21, 0x06, 0x21, 0x05, 0x21, 0x06, 0x21, 0x06, 0x21, 0x05, 0x19,
    0x06, 0x21, 0x06, 0x21, 0x05, 0x21, 0x06, 0x19, 0x06, 0x21, 0x05, 0x21,
    0x06, 0x21, 0x06, 0x19, 0x05, 0x21, 0x06, 0x21, 0x06, 0x21, 0x05, 0x19,
    0x06, 0x21, 0x05, 0x21, 0x06, 0x21, 0x06, 0x21, 0x05, 0x19, 0x06, 0x21,
    0x06, 0x19, 0x05, 0x21, 0x06, 0x21, 0x06, 0x21, 0x05, 0x21, 0x06, 0x21,
    0x06, 0x19, 0x05, 0x21, 0x06, 0x21, 0x06, 0x21, 0x05, 0x21, 0x06, 0x19,
    0x05, 0x21, 0x06, 0x21, 0x05, 0x19, 0x06, 0x21, 0x05, 0x21, 0x06, 0x21,
    0x06, 0x19, 0x05, 0x21, 0x06, 0x21, 0x06, 0x21, 0x05, 0x21, 0x06, 0x21,
    0x06, 0x19, 0x05, 0x21, 0x06, 0x21, 0x06, 0x19, 0x05, 0x21, 0x06, 0x21,
    0x05, 0x21, 0x06, 0x21, 0x06, 0x19, 0x05, 0x21, 0x06, 0x21, 0x06, 0x19,
    0x05, 0x21, 0x06, 0x19, 0x05, 0x21, 0x05, 0x21, 0x06, 0x19, 0x06, 0x21,
    0x05, 0x21, 0x06, 0x19, 0x06, 0x21, 0x05, 0x21, 0x06, 0x21, 0x05, 0x21,
    0x06, 0x21, 0x06, 0x21, 0x05, 0x21, 0x06, 0x19, 0x06, 0x21, 0x05, 0x21,
    0x06, 0x19, 0x06, 0x21, 0x05, 0x21, 0x06, 0x21, 0x05, 0x21, 0x06, 0x21,
    0x05, 0x21, 0x06, 0x19, 0x06, 0x21, 0x05, 0x21, 0x06, 0x19, 0x06, 0x21,
    0x06, 0x21, 0x05, 0x19, 0x06, 0x21, 0x05, 0x21, 0x06, 0x19, 0x06, 0x21,
    0x05, 0x19, 0x06, 0x21, 0x05, 0x19, 0x06, 0x21, 0x05, 0x21, 0x06, 0x21,
    0x06, 0x21, 0x05, 0x21, 0x06, 0x21, 0x06, 0x21, 0x05, 0x19, 0x06, 0x21,
    0x06, 0x21, 0x06, 0x19, 0x06, 0x21, 0x05, 0x21, 0x06, 0x21, 0x06, 0x21,
    0x05, 0x19, 0x06, 0x21, 0x06, 0x19, 0x05, 0x21, 0x06, 0x21, 0x05, 0x21,
    0x06, 0x19, 0x06, 0x21, 0x05, 0x21, 0x06, 0x21, 0x06, 0x19, 0x05, 0x21,
    0x06, 0x21, 0x05, 0x21, 0x06, 0x19, 0x06, 0x21, 0x05, 0x21, 0x06, 0x21,
    0x06, 0x19, 0x05, 0x21, 0xc4, 0x18, 0x0b, 0x32, 0x1f, 0x7f, 0xff, 0x7e,
    0xff, 0x7e, 0xff, 0x7e, 0xff, 0x7e, 0xff, 0x7e, 0xff, 0x7e, 0xff, 0x7e,
    0xff, 0x7e, 0xff, 0x7e, 0xff, 0x7e, 0xff, 0x7e, 0xff, 0x7e, 0xff, 0x7e,
    0xff, 0x7e, 0xff, 0x7e, 0xff, 0x7e, 0x7f, 0x87, 0xf2, 0x4b, 0x83, 0x18,
    0x06, 0x19, 0x06, 0x21, 0x05, 0x21, 0x06, 0x19, 0x05, 0x21, 0x05, 0x21,
    0x06, 0x21, 0x05, 0x21, 0x06, 0x21, 0x06, 0x19, 0x05, 0x21, 0x06, 0x21,
    0x05, 0x21, 0x06, 0x19, 0x06, 0x21, 0x05, 0x19, 0x06, 0x21, 0x05, 0x21,
    0x06, 0x21, 0x06, 0x19, 0x06, 0x21, 0x05, 0x21, 0x06, 0x21, 0x06, 0x19,
    0x05, 0x21, 0x06, 0x21, 0x06, 0x19, 0x05, 0x21, 0x06, 0x19, 0x06, 0x21,
    0x05, 0x21, 0x06, 0x21, 0x06, 0x21, 0x05, 0x19, 0x06, 0x21, 0x06, 0x21,
    0x05, 0x21, 0x06, 0x21, 0x06, 0x21, 0x05, 0x19, 0x06, 0x21, 0x05, 0x19,
    0x06, 0x21, 0x06, 0x19, 0x05, 0x21, 0x06, 0x21, 0x06, 0x19, 0x05, 0x21,
    0x06, 0x19, 0x06, 0x21, 0x05, 0x21, 0x06, 0x21, 0x05, 0x21, 0x06, 0x21,
    0x06, 0x21, 0x06, 0x19, 0x05, 0x21, 0x06, 0x21, 0x06, 0x21, 0x05, 0x21,
    0x06, 0x21, 0x06, 0x19, 0x05, 0x21, 0x06, 0x21, 0x05, 0x19, 0x06, 0x21,
    0x06, 0x21, 0x05, 0x21, 0x06, 0x21, 0x05, 0x21, 0x06, 0x21, 0x05, 0x21,
    0x06, 0x21, 0x06, 0x21, 0x05, 0x21, 0x06, 0x19, 0x05, 0x21, 0x06, 0x21,
    0x05, 0x21, 0x06, 0x21, 0x05, 0x19, 0x06, 0x21, 0x06, 0x21, 0x05, 0x19,
    0x06, 0x21, 0x05, 0x21, 0x06, 0x21, 0x06, 0x19, 0x05, 0x21, 0x06, 0x21,
    0x06, 0x21, 0x05, 0x19, 0x06, 0x21, 0x05, 0x21, 0x06, 0x19, 0x05, 0x21,
    0x06, 0x21, 0x05, 0x21, 0x06, 0x19, 0x06, 0x19, 0x05, 0x21, 0x06, 0x19,
    0x05, 0x21, 0x06, 0x21, 0x06, 0x19, 0x05, 0x21, 0x06, 0x21, 0x06, 0x19,
    0x05, 0x21, 0x06, 0x21, 0x06, 0x21, 0x06, 0x19, 0x05, 0x21, 0x06, 0x21,
    0x06, 0x19, 0x05, 0x21, 0x06, 0x21, 0x06, 0x19, 0x05, 0x21, 0x06, 0x21,
    0x06, 0x19, 0x05, 0x21, 0x06, 0x21, 0x05, 0x21, 0x06, 0x21, 0x06, 0x21,
    0x05, 0x19, 0x06, 0x21, 0x06, 0x21, 0x05, 0x21, 0x05, 0x19, 0x06, 0x21,
    0x06, 0x21, 0x05, 0x21, 0x06, 0x21, 0x06, 0x19, 0x06, 0x21, 0x05, 0x21,
    0x06, 0x21, 0x06, 0x21, 0x05, 0x19, 0x06, 0x21, 0x06, 0x19, 0x05, 0x21,
    0x06, 0x21, 0x05, 0x19, 0x06, 0x21, 0x06, 0x21, 0x05, 0x21, 0x06, 0x21,
    0x05, 0x19, 0x06, 0x21, 0x06, 0x21, 0x05, 0x19, 0x06, 0x21, 0x06, 0x19,
    0x05, 0x21, 0x06, 0x21, 0x05, 0x21, 0x06, 0x19, 0x06, 0x21, 0x05, 0x21,
    0x06, 0x21, 0x05, 0x21, 0x06, 0x19, 0x06, 0x21, 0x05, 0x21, 0x06, 0x21,
    0x06, 0x21, 0x05, 0x21, 0x06, 0x21, 0x06, 0x19, 0x05, 0x21, 0x06, 0x21,
    0x05, 0x19, 0x06, 0x21, 0x06, 0x19, 0x05, 0x21, 0x06, 0x21, 0x06, 0x21,
    0x05, 0x19, 0x05, 0x21, 0x06, 0x21, 0x06, 0x19, 0x06, 0x21, 0x05, 0x19,
    0x06, 0x21, 0x06, 0x21, 0x05, 0x21, 0x06, 0x21, 0x06, 0x19, 0x05, 0x21,
    0x06, 0x21, 0x06, 0x21, 0x05, 0x19, 0x06, 0x21, 0x06, 0x21, 0x05, 0x21,
    0x06, 0x19, 0x06, 0x21, 0x05, 0x21, 0x06, 0x21, 0x05, 0x19, 0x06, 0x21,
    0x05, 0x21, 0x06, 0x21, 0x06, 0x21, 0xc4, 0x18, 0x0a, 0x32, 0x1f, 0x7f,
    0x1f, 0x7f, 0xff, 0x7e, 0xff, 0x7e, 0xff, 0x7e, 0xff, 0x7e, 0xff, 0x7e,
    0xff, 0x7e, 0xff, 0x7e, 0xff, 0x7e, 0xff, 0x7e, 0xff, 0x7e, 0xff, 0x7e,
    0xff, 0x7e, 0xff, 0x7e, 0xff, 0x7e, 0xff, 0x7e, 0x7f, 0x87, 0xd2, 0x4b,
    0x83, 0x18, 0x06, 0x19, 0x06, 0x21, 0x05, 0x21, 0x06, 0x21, 0x06, 0x21,
    0x06, 0x19, 0x06, 0x21, 0x05, 0x21, 0x06, 0x19, 0x05, 0x21, 0x06, 0x21,
    0x06, 0x19, 0x05, 0x21, 0x06, 0x21, 0x06, 0x21, 0x05, 0x21, 0x06, 0x19,
    0x06, 0x21, 0x05, 0x21, 0x06, 0x21, 0x05, 0x19, 0x06, 0x21, 0x06, 0x21,
    0x05, 0x21, 0x05, 0x21, 0x06, 0x21, 0x06, 0x21, 0x05, 0x19, 0x06, 0x21,
    0x05, 0x21, 0x06, 0x19, 0x06, 0x21, 0x05, 0x21, 0x06, 0x21, 0x06, 0x19,
    0x05, 0x21, 0x06, 0x19, 0x06, 0x21, 0x05, 0x21, 0x06, 0x21, 0x06, 0x21,
    0x05, 0x21, 0x06, 0x19, 0x06, 0x21, 0x05, 0x21, 0x06, 0x19, 0x06, 0x21,
    0x05, 0x21, 0x06, 0x21, 0x06, 0x19, 0x05, 0x21, 0x06, 0x21, 0x06, 0x19,
    0x05, 0x21, 0x05, 0x21, 0x06, 0x21, 0x06, 0x19, 0x05, 0x21, 0x06, 0x21,
    0x06, 0x19, 0x05, 0x21, 0x05, 0x21, 0x06, 0x21, 0x06, 0x21, 0x05, 0x19,
    0x06, 0x21, 0x06, 0x21, 0x05, 0x19, 0x06, 0x21, 0x06, 0x19, 0x05, 0x19,
    0x06, 0x21, 0x05, 0x21, 0x06, 0x19, 0x06, 0x21, 0x05, 0x21, 0x06, 0x19,
    0x06, 0x21, 0x06, 0x21, 0x05, 0x19, 0x06, 0x21, 0x06, 0x21, 0x05, 0x21,
    0x06, 0x21, 0x06, 0x19, 0x05, 0x21, 0x06, 0x21, 0x06, 0x21, 0x05, 0x19,
    0x06, 0x21, 0x06, 0x21, 0x05, 0x21, 0x06, 0x19, 0x06, 0x21, 0x05, 0x21,
    0x06, 0x21, 0x06, 0x21, 0x05, 0x21, 0x06, 0x21, 0x05, 0x21, 0x06, 0x21,
    0x06, 0x21, 0x05, 0x21, 0x06, 0x21, 0x05, 0x21, 0x06, 0x19, 0x05, 0x21,
    0x06, 0x21, 0x06, 0x21, 0x05, 0x21, 0x06, 0x19, 0x05, 0x21, 0x06, 0x21,
    0x06, 0x21, 0x05, 0x21, 0x06, 0x21, 0x06, 0x21, 0x05, 0x19, 0x06, 0x21,
    0x06, 0x21, 0x05, 0x19, 0x06, 0x21, 0x06, 0x21, 0x05, 0x19, 0x06, 0x21,
    0x06, 0x21, 0x05, 0x19, 0x06, 0x21, 0x06, 0x21, 0x05, 0x21, 0x06, 0x21,
    0x06, 0x19, 0x05, 0x21, 0x06, 0x21, 0x06, 0x21, 0x05, 0x21, 0x06, 0x19,
    0x06, 0x21, 0x05, 0x21, 0x06, 0x19, 0x05, 0x21, 0x06, 0x21, 0x06, 0x21,
    0x05, 0x19, 0x06, 0x21, 0x06, 0x21, 0x05, 0x19, 0x06, 0x21, 0x06, 0x21,
    0x05, 0x19, 0x06, 0x21, 0x06, 0x21, 0x05, 0x21, 0x06, 0x21, 0x06, 0x19,
    0x05, 0x21, 0x06, 0x21, 0x06, 0x19, 0x05, 0x21, 0x06, 0x21, 0x06, 0x21,
    0x05, 0x19, 0x06, 0x21, 0x06, 0x21, 0x05, 0x21, 0x06, 0x19, 0x06, 0x21,
    0x05, 0x21, 0x06, 0x19, 0x05, 0x21, 0x06, 0x21, 0x06, 0x21, 0x05, 0x21,
    0x06, 0x19, 0x06, 0x21, 0x05, 0x21, 0x06, 0x19, 0x05, 0x21, 0x06, 0x21,
    0x06, 0x19, 0x05, 0x21, 0x06, 0x21, 0x05, 0x21, 0x05, 0x21, 0x06, 0x21,
    0x05, 0x21, 0x06, 0x19, 0x06, 0x21, 0x05, 0x21, 0x06, 0x21, 0x06, 0x21,
    0x05, 0x19, 0x06, 0x21, 0x05, 0x21, 0x06, 0x21, 0x06, 0x19, 0x05, 0x21,
    0x06, 0x21, 0x06, 0x21, 0x05, 0x19, 0x06, 0x21, 0x06, 0x21, 0x05, 0x21,
    0x06, 0x19, 0x06, 0x21, 0x05, 0x21, 0x06, 0x19, 0xc4, 0x18, 0x0b, 0x32,
    0x1f, 0x7f, 0xff, 0x7e, 0xff, 0x7e, 0xff, 0x7e, 0xff, 0x7e, 0xff, 0x7e,
    0xff, 0x7e, 0xff, 0x7e, 0xff, 0x7e, 0xff, 0x7e, 0xff, 0x7e, 0xff, 0x7e,
    0xff, 0x7e, 0xff, 0x7e, 0xff, 0x7e, 0xff, 0x7e, 0xff, 0x7e, 0x7f, 0x87,
    0xd2, 0x4b, 0x83, 0x18, 0x06, 0x21, 0x06, 0x21, 0x05, 0x19, 0x06, 0x21,
    0x06, 0x21, 0x05, 0x19, 0x06, 0x21, 0x06, 0x21, 0x05, 0x21, 0x06, 0x21,
    0x06, 0x21, 0x05, 0x21, 0x06, 0x19, 0x05, 0x21, 0x06, 0x21, 0x06, 0x21,
    0x05, 0x19, 0x06, 0x21, 0x05, 0x21, 0x06, 0x19, 0x06, 0x21, 0x05, 0x21,
    0x06, 0x19, 0x06, 0x21, 0x05, 0x19, 0x06, 0x21, 0x06, 0x21, 0x05, 0x21,
    0x06, 0x21, 0x06, 0x21, 0x05, 0x19, 0x06, 0x21, 0x05, 0x21, 0x06, 0x19,
    0x05, 0x21, 0x05, 0x21, 0x06, 0x21, 0x05, 0x19, 0x06, 0x21, 0x06, 0x21,
    0x05, 0x19, 0x06, 0x21, 0x05, 0x21, 0x06, 0x21, 0x05, 0x21, 0x06, 0x21,
    0x05, 0x19, 0x06, 0x21, 0x06, 0x21, 0x05, 0x21, 0x06, 0x19, 0x06, 0x21,
    0x05, 0x21, 0x06, 0x19, 0x06, 0x21, 0x05, 0x21, 0x06, 0x21, 0x05, 0x19,
    0x06, 0x21, 0x06, 0x21, 0x05, 0x19, 0x06, 0x21, 0x06, 0x21, 0x05, 0x19,
    0x06, 0x21, 0x06, 0x21, 0x05, 0x21, 0x06, 0x19, 0x06, 0x21, 0x05, 0x21,
    0x06, 0x21, 0x06, 0x21, 0x05, 0x19, 0x06, 0x21, 0x06, 0x21, 0x05, 0x21,
    0x06, 0x21, 0x06, 0x19, 0x05, 0x21, 0x06, 0x21, 0x06, 0x21, 0x05, 0x19,
    0x05, 0x21, 0x06, 0x21, 0x06, 0x21, 0x05, 0x19, 0x06, 0x21, 0x05, 0x21,
    0x05, 0x21, 0x06, 0x19, 0x05, 0x21, 0x06, 0x21, 0x06, 0x21, 0x05, 0x19,
    0x06, 0x21, 0x06, 0x19, 0x05, 0x19, 0x06, 0x21, 0x06, 0x21, 0x05, 0x19,
    0x06, 0x21, 0x06, 0x21, 0x05, 0x19, 0x06, 0x21, 0x06, 0x21, 0x05, 0x21,
    0x06, 0x21, 0x05, 0x19, 0x06, 0x21, 0x06, 0x21, 0x05, 0x21, 0x06, 0x21,
    0x06, 0x19, 0x05, 0x21, 0x05, 0x19, 0x06, 0x21, 0x05, 0x21, 0x06, 0x21,
    0x05, 0x21, 0x06, 0x21, 0x05, 0x21, 0x06, 0x21, 0x06, 0x19, 0x05, 0x21,
    0x06, 0x21, 0x05, 0x21, 0x06, 0x21, 0x05, 0x19, 0x06, 0x21, 0x06, 0x19,
    0x05, 0x21, 0x06, 0x21, 0x05, 0x19, 0x06, 0x21, 0x05, 0x21, 0x05, 0x21,
    0x06, 0x19, 0x06, 0x21, 0x05, 0x21, 0x06, 0x21, 0x06, 0x21, 0x05, 0x21,
    0x06, 0x21, 0x05, 0x21, 0x06, 0x21, 0x06, 0x21, 0x05, 0x19, 0x06, 0x21,
    0x06, 0x21, 0x05, 0x19, 0x06, 0x21, 0x05, 0x21, 0x06, 0x19, 0x06, 0x21,
    0x05, 0x21, 0x06, 0x21, 0x06, 0x21, 0x05, 0x21, 0x06, 0x19, 0x06, 0x21,
    0x05, 0x21, 0x06, 0x19, 0x06, 0x21, 0x05, 0x21, 0x06, 0x21, 0x05, 0x21,
    0x06, 0x19, 0x06, 0x21, 0x05, 0x21, 0x06, 0x19, 0x06, 0x21, 0x05, 0x21,
    0x06, 0x19, 0x06, 0x21, 0x05, 0x21, 0x06, 0x21, 0x06, 0x21, 0x05, 0x21,
    0x06, 0x21, 0x05, 0x21, 0x06, 0x21, 0x06, 0x19, 0x06, 0x21, 0x06, 0x21,
    0x06, 0x21, 0x05, 0x21, 0x06, 0x21, 0x05, 0x19, 0x06, 0x21, 0x05, 0x21,
    0x06, 0x19, 0x06, 0x21, 0x05, 0x21, 0x06, 0x21, 0x06, 0x21, 0x05, 0x21,
    0x05, 0x19, 0x06, 0x21, 0x05, 0x21, 0x06, 0x21, 0x06, 0x19, 0x05, 0x21,
    0x06, 0x21, 0x06, 0x21, 0x05, 0x19, 0x06, 0x21, 0x06, 0x21, 0xc4, 0x18,
    0x0a, 0x32, 0x1f, 0x7f, 0xff, 0x7e, 0xff, 0x7e, 0xff, 0x7e, 0xff, 0x7e,
    0xff, 0x7e, 0xff, 0x7e, 0xff, 0x7e, 0xff, 0x7e, 0xff, 0x7e, 0xff, 0x7e,
    0xff, 0x7e, 0xff, 0x7e, 0xff, 0x7e, 0xff, 0x7e, 0xff, 0x7e, 0xff, 0x7e,
    0x7f, 0x87, 0xd2, 0x4b, 0x83, 0x18, 0x06, 0x21, 0x05, 0x19, 0x06, 0x21,
    0x05, 0x21, 0x05, 0x21, 0x06, 0x21, 0x05, 0x19, 0x06, 0x21, 0x06, 0x19,
    0x05, 0x21, 0x06, 0x21, 0x06, 0x19, 0x05, 0x21, 0x06, 0x21, 0x05, 0x19,
    0x06, 0x21, 0x06, 0x21, 0x05, 0x21, 0x06, 0x21, 0x06, 0x21, 0x05, 0x21,
    0x05, 0x21, 0x06, 0x21, 0x06, 0x19, 0x05, 0x21, 0x06, 0x21, 0x06, 0x19,
    0x05, 0x21, 0x06, 0x21, 0x06, 0x19, 0x05, 0x21, 0x06, 0x21, 0x06, 0x21,
    0x06, 0x21, 0x06, 0x21, 0x06, 0x21, 0x06, 0x21, 0x05, 0x19, 0x06, 0x21,
    0x05, 0x21, 0x06, 0x19, 0x06, 0x21, 0x05, 0x21, 0x06, 0x19, 0x06, 0x21,
    0x05, 0x21, 0x06, 0x21, 0x06, 0x19, 0x05, 0x21, 0x05, 0x21, 0x06, 0x21,
    0x05, 0x21, 0x06, 0x21, 0x06, 0x19, 0x05, 0x21, 0x06, 0x21, 0x06, 0x19,
    0x05, 0x21, 0x06, 0x21, 0x06, 0x21, 0x05, 0x21, 0x06, 0x19, 0x06, 0x21,
    0x05, 0x21, 0x06, 0x21, 0x05, 0x21, 0x06, 0x19, 0x05, 0x21, 0x06, 0x21,
    0x05, 0x21, 0x06, 0x21, 0x06, 0x21, 0x05, 0x21, 0x06, 0x19, 0x05, 0x21,
    0x06, 0x21, 0x05, 0x21, 0x05, 0x21, 0x06, 0x19, 0x05, 0x21, 0x06, 0x21,
    0x06, 0x19, 0x06, 0x21, 0x05, 0x21, 0x06, 0x21, 0x06, 0x21, 0x05, 0x19,
    0x06, 0x21, 0x06, 0x21, 0x06, 0x21, 0x05, 0x19, 0x06, 0x21, 0x06, 0x21,
    0x05, 0x21, 0x06, 0x21, 0x06, 0x21, 0x05, 0x21, 0x06, 0x21, 0x06, 0x19,
    0x05, 0x21, 0x06, 0x21, 0x05, 0x19, 0x06, 0x21, 0x06, 0x21, 0x05, 0x19,
    0x06, 0x21, 0x06, 0x21, 0x05, 0x19, 0x06, 0x21, 0x06, 0x21, 0x05, 0x19,
    0x06, 0x21, 0x06, 0x21, 0x05, 0x21, 0x06, 0x19, 0x06, 0x21, 0x06, 0x21,
    0x05, 0x19, 0x06, 0x19, 0x06, 0x21, 0x05, 0x21, 0x06, 0x19, 0x05, 0x21,
    0x06, 0x21, 0x06, 0x19, 0x05, 0x21, 0x06, 0x21, 0x06, 0x21, 0x05, 0x21,
    0x06, 0x21, 0x06, 0x21, 0x05, 0x21, 0x06, 0x21, 0x06, 0x19, 0x06, 0x21,
    0x06, 0x21, 0x05, 0x21, 0x06, 0x19, 0x05, 0x21, 0x06, 0x21, 0x06, 0x19,
    0x05, 0x19, 0x06, 0x21, 0x06, 0x19, 0x05, 0x21, 0x06, 0x21, 0x05, 0x21,
    0x06, 0x21, 0x05, 0x21, 0x06, 0x21, 0x06, 0x21, 0x05, 0x19, 0x06, 0x21,
    0x05, 0x21, 0x05, 0x19, 0x06, 0x21, 0x06, 0x21, 0x05, 0x21, 0x06, 0x21,
    0x05, 0x21, 0x06, 0x21, 0x05, 0x21, 0x06, 0x19, 0x06, 0x21, 0x05, 0x21,
    0x06, 0x19, 0x05, 0x21, 0x06, 0x21, 0x05, 0x21, 0x06, 0x21, 0x06, 0x19,
    0x05, 0x21, 0x06, 0x21, 0x05, 0x21, 0x06, 0x19, 0x06, 0x21, 0x05, 0x21,
    0x06, 0x19, 0x06, 0x19, 0x05, 0x21, 0x06, 0x21, 0x05, 0x19, 0x06, 0x21,
    0x06, 0x21, 0x06, 0x21, 0x06, 0x19, 0x05, 0x21, 0x06, 0x21, 0x06, 0x19,
    0x05, 0x21, 0x06, 0x21, 0x06, 0x21, 0x05, 0x19, 0x06, 0x19, 0x06, 0x21,
    0x05, 0x21, 0x06, 0x21, 0x06, 0x19, 0x05, 0x21, 0x06, 0x21, 0x05, 0x21,
    0x06, 0x19, 0x06, 0x21, 0x05, 0x21, 0x06, 0x21, 0x06, 0x21, 0x06, 0x21,
    0xc4, 0x18, 0x0a, 0x32, 0x1f, 0x7f, 0x1f, 0x7f, 0xff, 0x7e, 0xff, 0x7e,
    0xff, 0x7e, 0xff, 0x7e, 0xff, 0x7e, 0xff, 0x7e, 0xff, 0x7e, 0xff, 0x7e,
    0xff, 0x7e, 0xff, 0x7e, 0xff, 0x7e, 0xff, 0x7e, 0xff, 0x7e, 0xff, 0x7e,
    0xff, 0x7e, 0x7f, 0x87, 0xd2, 0x4b, 0x84, 0x18, 0x06, 0x19, 0x06, 0x21,
    0x06, 0x21, 0x06, 0x19, 0x06, 0x21, 0x06, 0x21, 0x05, 0x21, 0x06, 0x21,
    0x05, 0x19, 0x06, 0x21, 0x05, 0x21, 0x06, 0x21, 0x06, 0x21, 0x05, 0x21,
    0x06, 0x21, 0x06, 0x19, 0x05, 0x21, 0x06, 0x19, 0x06, 0x21, 0x05, 0x19,
    0x06, 0x21, 0x06, 0x21, 0x05, 0x19, 0x06, 0x21, 0x06, 0x21, 0x05, 0x21,
    0x06, 0x19, 0x05, 0x21, 0x06, 0x21, 0x05, 0x21, 0x06, 0x21, 0x05, 0x19,
    0x06, 0x21, 0x05, 0x19, 0x05, 0x19, 0x06, 0x21, 0x06, 0x21, 0x05, 0x21,
    0x06, 0x21, 0x06, 0x21, 0x05, 0x21, 0x06, 0x21, 0x06, 0x19, 0x05, 0x21,
    0x06, 0x21, 0x06, 0x19, 0x05, 0x21, 0x06, 0x21, 0x06, 0x19, 0x06, 0x21,
    0x05, 0x19, 0x06, 0x21, 0x06, 0x21, 0x05, 0x21, 0x06, 0x21, 0x06, 0x21,
    0x05, 0x21, 0x06, 0x21, 0x05, 0x19, 0x06, 0x21, 0x06, 0x21, 0x05, 0x21,
    0x06, 0x21, 0x06, 0x19, 0x05, 0x21, 0x06, 0x21, 0x06, 0x21, 0x05, 0x21,
    0x06, 0x19, 0x06, 0x21, 0x05, 0x19, 0x06, 0x21, 0x06, 0x21, 0x05, 0x19,
    0x06, 0x21, 0x06, 0x19, 0x06, 0x21, 0x06, 0x21, 0x06, 0x21, 0x05, 0x21,
    0x05, 0x21, 0x06, 0x21, 0x06, 0x19, 0x05, 0x21, 0x06, 0x21, 0x06, 0x19,
    0x05, 0x21, 0x06, 0x21, 0x06, 0x19, 0x05, 0x21, 0x06, 0x21, 0x05, 0x19,
    0x06, 0x21, 0x05, 0x21, 0x06, 0x19, 0x05, 0x21, 0x06, 0x21, 0x05, 0x21,
    0x06, 0x21, 0x06, 0x21, 0x05, 0x21, 0x06, 0x19, 0x06, 0x21, 0x05, 0x21,
    0x06, 0x19, 0x06, 0x21, 0x05, 0x21, 0x06, 0x21, 0x05, 0x21, 0x06, 0x19,
    0x05, 0x21, 0x06, 0x21, 0x05, 0x21, 0x06, 0x21, 0x06, 0x21, 0x05, 0x21,
    0x06, 0x21, 0x06, 0x19, 0x05, 0x21, 0x06, 0x21, 0x06, 0x19, 0x05, 0x21,
    0x06, 0x21, 0x06, 0x21, 0x05, 0x19, 0x06, 0x21, 0x06, 0x21, 0x05, 0x19,
    0x05, 0x21, 0x06, 0x19, 0x06, 0x21, 0x05, 0x21, 0x06, 0x19, 0x05, 0x21,
    0x06, 0x21, 0x06, 0x19, 0x05, 0x21, 0x06, 0x21, 0x06, 0x21, 0x05, 0x21,
    0x06, 0x21, 0x05, 0x21, 0x06, 0x21, 0x06, 0x19, 0x05, 0x21, 0x06, 0x21,
    0x06, 0x19, 0x05, 0x19, 0x06, 0x21, 0x06, 0x21, 0x05, 0x19, 0x06, 0x21,
    0x06, 0x21, 0x06, 0x21, 0x06, 0x19, 0x05, 0x21, 0x06, 0x19, 0x06, 0x19,
    0x05, 0x21, 0x06, 0x19, 0x06, 0x21, 0x05, 0x21, 0x06, 0x21, 0x06, 0x19,
    0x05, 0x21, 0x06, 0x21, 0x06, 0x21, 0x05, 0x19, 0x06, 0x21, 0x05, 0x21,
    0x06, 0x21, 0x06, 0x21, 0x05, 0x21, 0x06, 0x19, 0x06, 0x21, 0x05, 0x21,
    0x05, 0x21, 0x06, 0x21, 0x06, 0x21, 0x06, 0x21, 0x05, 0x21, 0x06, 0x21,
    0x05, 0x19, 0x05, 0x21, 0x05, 0x21, 0x06, 0x21, 0x06, 0x21, 0x05, 0x21,
    0x06, 0x21, 0x06, 0x19, 0x05, 0x21, 0x06, 0x21, 0x05, 0x21, 0x06, 0x21,
    0x06, 0x19, 0x05, 0x21, 0x06, 0x21, 0x06, 0x21, 0x06, 0x19, 0x05, 0x21,
    0x06, 0x21, 0x06, 0x21, 0x05, 0x19, 0x05, 0x21, 0x06, 0x21, 0x05, 0x19,
    0x06, 0x21, 0xc4, 0x18, 0x0b, 0x32, 0x1f, 0x7f, 0x1f, 0x7f, 0xff, 0x7e,
    0xff, 0x7e, 0xff, 0x7e, 0xff, 0x7e, 0xff, 0x7e, 0xff, 0x7e, 0xff, 0x7e,
    0xff, 0x7e, 0xff, 0x7e, 0xff, 0x7e, 0xff, 0x7e, 0xff, 0x7e, 0xff, 0x7e,
    0xff, 0x7e, 0xff, 0x7e, 0x7f, 0x87, 0xf2, 0x4b, 0x83, 0x18, 0x05, 0x21,
    0x06, 0x21, 0x05, 0x21, 0x05, 0x19, 0x06, 0x21, 0x05, 0x21, 0x06, 0x19,
    0x06, 0x21, 0x05, 0x21, 0x06, 0x21, 0x06, 0x19, 0x05, 0x21, 0x06, 0x19,
    0x06, 0x21, 0x05, 0x21, 0x06, 0x21, 0x05, 0x21, 0x06, 0x21, 0x05, 0x19,
    0x06, 0x21, 0x06, 0x21, 0x06, 0x19, 0x05, 0x21, 0x06, 0x21, 0x06, 0x21,
    0x05, 0x19, 0x06, 0x21, 0x06, 0x21, 0x05, 0x19, 0x06, 0x21, 0x06, 0x21,
    0x05, 0x21, 0x06, 0x21, 0x06, 0x21, 0x05, 0x21, 0x06, 0x19, 0x05, 0x21,
    0x06, 0x19, 0x06, 0x21, 0x05, 0x19, 0x06, 0x21, 0x05, 0x21, 0x06, 0x21,
    0x05, 0x21, 0x06, 0x21, 0x06, 0x19, 0x05, 0x21, 0x05, 0x21, 0x06, 0x21,
    0x06, 0x21, 0x05, 0x21, 0x06, 0x19, 0x06, 0x21, 0x05, 0x19, 0x06, 0x19,
    0x05, 0x21, 0x06, 0x21, 0x06, 0x19, 0x05, 0x21, 0x06, 0x21, 0x06, 0x19,
    0x05, 0x21, 0x06, 0x21, 0x06, 0x19, 0x05, 0x21, 0x06, 0x21, 0x06, 0x19,
    0x05, 0x21, 0x06, 0x21, 0x06, 0x21, 0x05, 0x19, 0x06, 0x21, 0x06, 0x21,
    0x05, 0x21, 0x06, 0x21, 0x05, 0x21, 0x05, 0x19, 0x06, 0x21, 0x06, 0x19,
    0x06, 0x21, 0x05, 0x21, 0x06, 0x19, 0x05, 0x21, 0x06, 0x21, 0x05, 0x19,
    0x06, 0x21, 0x06, 0x21, 0x05, 0x21, 0x06, 0x21, 0x06, 0x21, 0x05, 0x21,
    0x06, 0x21, 0x06, 0x19, 0x06, 0x21, 0x05, 0x21, 0x06, 0x19, 0x06, 0x21,
    0x05, 0x19, 0x06, 0x21, 0x06, 0x21, 0x05, 0x19, 0x06, 0x21, 0x05, 0x21,
    0x06, 0x21, 0x06, 0x21, 0x05, 0x19, 0x06, 0x21, 0x06, 0x21, 0x05, 0x19,
    0x06, 0x21, 0x06, 0x21, 0x05, 0x19, 0x06, 0x19, 0x06, 0x21, 0x05, 0x19,
    0x05, 0x21, 0x06, 0x21, 0x06, 0x21, 0x05, 0x21, 0x06, 0x21, 0x06, 0x21,
    0x05, 0x21, 0x06, 0x21, 0x05, 0x21, 0x06, 0x21, 0x06, 0x21, 0x05, 0x19,
    0x06, 0x21, 0x06, 0x21, 0x05, 0x19, 0x06, 0x21, 0x06, 0x21, 0x05, 0x19,
    0x06, 0x21, 0x05, 0x21, 0x06, 0x21, 0x06, 0x19, 0x05, 0x21, 0x06, 0x19,
    0x06, 0x21, 0x05, 0x21, 0x06, 0x21, 0x05, 0x21, 0x06, 0x21, 0x05, 0x21,
    0x06, 0x21, 0x06, 0x19, 0x05, 0x21, 0x06, 0x21, 0x05, 0x21, 0x06, 0x21,
    0x05, 0x21, 0x06, 0x21, 0x05, 0x21, 0x06, 0x21, 0x06, 0x21, 0x05, 0x21,
    0x06, 0x21, 0x06, 0x21, 0x05, 0x21, 0x06, 0x19, 0x06, 0x21, 0x05, 0x21,
    0x06, 0x21, 0x06, 0x19, 0x05, 0x21, 0x06, 0x21, 0x06, 0x19, 0x06, 0x21,
    0x05, 0x21, 0x06, 0x19, 0x06, 0x21, 0x05, 0x21, 0x06, 0x21, 0x06, 0x19,
    0x05, 0x21, 0x06, 0x19, 0x06, 0x21, 0x05, 0x21, 0x05, 0x19, 0x06, 0x21,
    0x06, 0x21, 0x06, 0x21, 0x06, 0x21, 0x06, 0x21, 0x05, 0x19, 0x06, 0x21,
    0x05, 0x21, 0x06, 0x21, 0x05, 0x21, 0x06, 0x19, 0x06, 0x21, 0x05, 0x21,
    0x06, 0x21, 0x05, 0x21, 0x06, 0x19, 0x05, 0x21, 0x06, 0x21, 0x05, 0x21,
    0x06, 0x19, 0x06, 0x21, 0x05, 0x21, 0x06, 0x21, 0x06, 0x19, 0x05, 0x21,
    0x06, 0x21, 0x06, 0x21, 0xc4, 0x18, 0x0a, 0x32, 0x1f, 0x7f, 0xff, 0x7e,
    0xff, 0x7e, 0xff, 0x7e, 0xff, 0x7e, 0xff, 0x7e, 0xff, 0x7e, 0xff, 0x7e,
    0xff, 0x7e, 0xff, 0x7e, 0xff, 0x7e, 0xff, 0x7e, 0xff, 0x7e, 0xff, 0x7e,
    0xff, 0x7e, 0xff, 0x7e, 0xff, 0x7e, 0x7f, 0x87, 0xd2, 0x4b, 0x83, 0x18,
    0x06, 0x19, 0x06, 0x21, 0x05, 0x21, 0x06, 0x21, 0x06, 0x21, 0x05, 0x19,
    0x06, 0x21, 0x06, 0x21, 0x05, 0x21, 0x06, 0x19, 0x06, 0x21, 0x05, 0x21,
    0x06, 0x21, 0x06, 0x19, 0x05, 0x21, 0x06, 0x21, 0x06, 0x19, 0x05, 0x21,
    0x06, 0x21, 0x05, 0x21, 0x06, 0x21, 0x05, 0x21, 0x06, 0x21, 0x05, 0x21,
    0x06, 0x19, 0x06, 0x21, 0x05, 0x21, 0x06, 0x21, 0x06, 0x19, 0x05, 0x21,
    0x06, 0x19, 0x06, 0x21, 0x05, 0x21, 0x06, 0x21, 0x06, 0x21, 0x05, 0x21,
    0x06, 0x21, 0x06, 0x21, 0x05, 0x19, 0x06, 0x21, 0x06, 0x21, 0x05, 0x19,
    0x06, 0x21, 0x06, 0x21, 0x05, 0x19, 0x06, 0x21, 0x06, 0x21, 0x05, 0x21,
    0x06, 0x19, 0x06, 0x21, 0x05, 0x21, 0x06, 0x21, 0x05, 0x21, 0x06, 0x21,
    0x06, 0x21, 0x05, 0x21, 0x06, 0x19, 0x06, 0x21, 0x05, 0x21, 0x06, 0x21,
    0x05, 0x19, 0x05, 0x21, 0x06, 0x21, 0x05, 0x21, 0x06, 0x21, 0x05, 0x19,
    0x06, 0x21, 0x06, 0x21, 0x05, 0x21, 0x06, 0x21, 0x05, 0x21, 0x06, 0x19,
    0x05, 0x21, 0x06, 0x21, 0x06, 0x19, 0x06, 0x21, 0x05, 0x21, 0x05, 0x21,
    0x06, 0x19, 0x06, 0x21, 0x06, 0x21, 0x05, 0x21, 0x06, 0x21, 0x06, 0x21,
    0x05, 0x21, 0x06, 0x21, 0x05, 0x19, 0x06, 0x21, 0x05, 0x21, 0x06, 0x19,
    0x06, 0x21, 0x05, 0x21, 0x06, 0x21, 0x05, 0x21, 0x06, 0x21, 0x06, 0x21,
    0x05, 0x21, 0x06, 0x19, 0x05, 0x21, 0x06, 0x21, 0x06, 0x21, 0x05, 0x21,
    0x06, 0x19, 0x05, 0x21, 0x06, 0x21, 0x05, 0x21, 0x06, 0x19, 0x06, 0x21,
    0x05, 0x21, 0x06, 0x21, 0x06, 0x21, 0x05, 0x21, 0x06, 0x21, 0x06, 0x21,
    0x05, 0x21, 0x06, 0x19, 0x06, 0x21, 0x05, 0x21, 0x06, 0x19, 0x05, 0x21,
    0x06, 0x21, 0x06, 0x19, 0x05, 0x19, 0x06, 0x21, 0x06, 0x21, 0x05, 0x19,
    0x06, 0x21, 0x06, 0x21, 0x05, 0x21, 0x06, 0x21, 0x06, 0x21, 0x05, 0x21,
    0x06, 0x21, 0x06, 0x21, 0x05, 0x21, 0x06, 0x21, 0x05, 0x21, 0x06, 0x21,
    0x05, 0x19, 0x06, 0x21, 0x06, 0x19, 0x05, 0x19, 0x06, 0x21, 0x06, 0x19,
    0x05, 0x21, 0x06, 0x21, 0x05, 0x21, 0x06, 0x21, 0x06, 0x19, 0x06, 0x21,
    0x05, 0x19, 0x06, 0x21, 0x05, 0x19, 0x06, 0x19, 0x05, 0x21, 0x06, 0x21,
    0x05, 0x21, 0x06, 0x19, 0x05, 0x21, 0x06, 0x21, 0x05, 0x21, 0x06, 0x19,
    0x05, 0x21, 0x06, 0x21, 0x05, 0x21, 0x06, 0x21, 0x05, 0x21, 0x06, 0x21,
    0x05, 0x21, 0x06, 0x19, 0x05, 0x21, 0x06, 0x19, 0x05, 0x21, 0x06, 0x21,
    0x06, 0x21, 0x05, 0x21, 0x06, 0x19, 0x06, 0x21, 0x05, 0x21, 0x06, 0x19,
    0x06, 0x21, 0x05, 0x21, 0x06, 0x19, 0x05, 0x21, 0x06, 0x21, 0x06, 0x21,
    0x05, 0x19, 0x06, 0x19, 0x06, 0x21, 0x05, 0x21, 0x06, 0x21, 0x06, 0x19,
    0x05, 0x21, 0x06, 0x21, 0x06, 0x21, 0x05, 0x21, 0x06, 0x19, 0x06, 0x21,
    0x05, 0x21, 0x06, 0x21, 0x05, 0x19, 0x06, 0x21, 0x06, 0x21, 0x06, 0x21,
    0x05, 0x19, 0x06, 0x21, 0x06, 0x21, 0xc4, 0x18, 0x0a, 0x32, 0x1f, 0x7f,
    0xff, 0x7e, 0xff, 0x7e, 0xff, 0x7e, 0xff, 0x7e, 0xff, 0x7e, 0xff, 0x7e,
    0xff, 0x7e, 0xff, 0x7e, 0xff, 0x7e, 0xff, 0x7e, 0xff, 0x7e, 0xff, 0x7e,
    0xff, 0x7e, 0xff, 0x7e, 0xff, 0x7e, 0xff, 0x7e, 0x7f, 0x87, 0xd2, 0x4b,
    0x84, 0x18, 0x06, 0x21, 0x06, 0x19, 0x05, 0x21, 0x06, 0x21, 0x06, 0x19,
    0x05, 0x21, 0x06, 0x21, 0x06, 0x21, 0x05, 0x19, 0x06, 0x21, 0x05, 0x21,
    0x06, 0x21, 0x05, 0x21, 0x06, 0x19, 0x06, 0x21, 0x05, 0x21, 0x06, 0x19,
    0x06, 0x21, 0x05, 0x21, 0x06, 0x19, 0x06, 0x21, 0x05, 0x19, 0x06, 0x21,
    0x06, 0x21, 0x05, 0x21, 0x06, 0x21, 0x05, 0x21, 0x06, 0x19, 0x06, 0x21,
    0x05, 0x21, 0x06, 0x21, 0x06, 0x19, 0x05, 0x19, 0x06, 0x21, 0x06, 0x19,
    0x05, 0x21, 0x06, 0x21, 0x05, 0x21, 0x06, 0x21, 0x06, 0x21, 0x05, 0x21,
    0x06, 0x19, 0x06, 0x21, 0x05, 0x21, 0x06, 0x21, 0x06, 0x21, 0x05, 0x21,
    0x06, 0x19, 0x06, 0x21, 0x05, 0x21, 0x06, 0x19, 0x06, 0x21, 0x05, 0x21,
    0x06, 0x19, 0x06, 0x21, 0x05, 0x21, 0x06, 0x21, 0x05, 0x21, 0x06, 0x21,
    0x06, 0x19, 0x06, 0x21, 0x06, 0x21, 0x05, 0x19, 0x06, 0x21, 0x06, 0x21,
    0x05, 0x21, 0x06, 0x21, 0x06, 0x19, 0x05, 0x19, 0x06, 0x21, 0x06, 0x21,
    0x05, 0x21, 0x06, 0x19, 0x05, 0x21, 0x06, 0x21, 0x06, 0x19, 0x06, 0x21,
    0x06, 0x21, 0x05, 0x21, 0x05, 0x19, 0x06, 0x21, 0x06, 0x21, 0x05, 0x19,
    0x06, 0x19, 0x06, 0x21, 0x05, 0x21, 0x06, 0x19, 0x06, 0x21, 0x05, 0x21,
    0x06, 0x19, 0x06, 0x21, 0x05, 0x21, 0x06, 0x19, 0x06, 0x21, 0x05, 0x19,
    0x06, 0x21, 0x06, 0x21, 0x05, 0x21, 0x06, 0x19, 0x05, 0x21, 0x06, 0x21,
    0x06, 0x19, 0x05, 0x21, 0x06, 0x21, 0x06, 0x21, 0x05, 0x21, 0x06, 0x21,
    0x05, 0x19, 0x06, 0x21, 0x06, 0x21, 0x05, 0x19, 0x06, 0x21, 0x05, 0x21,
    0x06, 0x21, 0x06, 0x21, 0x06, 0x19, 0x05, 0x21, 0x06, 0x21, 0x06, 0x19,
    0x05, 0x21, 0x06, 0x21, 0x06, 0x21, 0x05, 0x21, 0x06, 0x19, 0x05, 0x21,
    0x05, 0x21, 0x06, 0x21, 0x06, 0x19, 0x05, 0x21, 0x06, 0x21, 0x05, 0x19,
    0x06, 0x21, 0x06, 0x19, 0x05, 0x19, 0x06, 0x21, 0x06, 0x19, 0x05, 0x21,
    0x06, 0x21, 0x06, 0x21, 0x05, 0x21, 0x06, 0x21, 0x06, 0x21, 0x05, 0x21,
    0x06, 0x19, 0x06, 0x21, 0x05, 0x21, 0x06, 0x19, 0x05, 0x21, 0x06, 0x21,
    0x05, 0x21, 0x06, 0x21, 0x06, 0x21, 0x06, 0x21, 0x05, 0x21, 0x06, 0x19,
    0x06, 0x21, 0x06, 0x21, 0x05, 0x19, 0x06, 0x21, 0x06, 0x21, 0x06, 0x21,
    0x05, 0x19, 0x06, 0x21, 0x06, 0x21, 0x05, 0x19, 0x06, 0x21, 0x06, 0x19,
    0x05, 0x21, 0x06, 0x21, 0x06, 0x21, 0x05, 0x21, 0x06, 0x21, 0x06, 0x19,
    0x05, 0x21, 0x06, 0x21, 0x05, 0x21, 0x06, 0x21, 0x06, 0x21, 0x05, 0x21,
    0x06, 0x21, 0x06, 0x19, 0x05, 0x21, 0x06, 0x21, 0x06, 0x19, 0x05, 0x21,
    0x06, 0x21, 0x06, 0x21, 0x05, 0x21, 0x06, 0x19, 0x06, 0x21, 0x05, 0x21,
    0x06, 0x21, 0x05, 0x19, 0x06, 0x19, 0x06, 0x21, 0x05, 0x21, 0x06, 0x21,
    0x06, 0x19, 0x05, 0x21, 0x06, 0x21, 0x06, 0x21, 0x05, 0x19, 0x05, 0x21,
    0x06, 0x21, 0x06, 0x21, 0x05, 0x19, 0x06, 0x21, 0xc4, 0x18, 0x0b, 0x32,
    0x1f, 0x7f, 0x1f, 0x7f, 0xff, 0x7e, 0xff, 0x7e, 0xff, 0x7e, 0xff, 0x7e,
    0xff, 0x7e, 0xff, 0x7e, 0xff, 0x7e, 0xff, 0x7e, 0xff, 0x7e, 0xff, 0x7e,
    0xff, 0x7e, 0xff, 0x7e, 0xff, 0x7e, 0xff, 0x7e, 0xff, 0x7e, 0x7f, 0x87,
    0xd2, 0x4b, 0x83, 0x18, 0x06, 0x21, 0x05, 0x21, 0x06, 0x19, 0x06, 0x21,
    0x05, 0x21, 0x06, 0x21, 0x05, 0x21, 0x06, 0x19, 0x06, 0x21, 0x05, 0x21,
    0x06, 0x19, 0x06, 0x21, 0x05, 0x21, 0x06, 0x21, 0x05, 0x21, 0x06, 0x21,
    0x06, 0x21, 0x05, 0x21, 0x06, 0x21, 0x06, 0x21, 0x05, 0x19, 0x06, 0x21,
    0x06, 0x21, 0x05, 0x19, 0x06, 0x21, 0x06, 0x21, 0x05, 0x19, 0x06, 0x21,
    0x05, 0x21, 0x06, 0x21, 0x05, 0x21, 0x06, 0x21, 0x05, 0x21, 0x06, 0x21,
    0x06, 0x19, 0x05, 0x21, 0x06, 0x19, 0x06, 0x19, 0x05, 0x21, 0x06, 0x21,
    0x05, 0x19, 0x06, 0x21, 0x06, 0x21, 0x05, 0x19, 0x06, 0x21, 0x05, 0x21,
    0x06, 0x19, 0x06, 0x21, 0x05, 0x21, 0x05, 0x21, 0x06, 0x19, 0x06, 0x21,
    0x05, 0x21, 0x06, 0x19, 0x05, 0x21, 0x06, 0x21, 0x06, 0x19, 0x05, 0x21,
    0x06, 0x21, 0x05, 0x21, 0x06, 0x21, 0x06, 0x21, 0x05, 0x19, 0x06, 0x21,
    0x06, 0x21, 0x05, 0x19, 0x06, 0x21, 0x05, 0x21, 0x06, 0x21, 0x06, 0x19,
    0x05, 0x21, 0x06, 0x21, 0x06, 0x21, 0x05, 0x21, 0x05, 0x21, 0x06, 0x21,
    0x05, 0x19, 0x06, 0x21, 0x06, 0x21, 0x05, 0x21, 0x06, 0x19, 0x06, 0x21,
    0x05, 0x21, 0x06, 0x21, 0x06, 0x21, 0x05, 0x21, 0x06, 0x21, 0x06, 0x21,
    0x05, 0x21, 0x06, 0x21, 0x05, 0x19, 0x06, 0x21, 0x06, 0x21, 0x05, 0x19,
    0x05, 0x21, 0x06, 0x21, 0x06, 0x19, 0x05, 0x21, 0x06, 0x21, 0x06, 0x21,
    0x05, 0x19, 0x06, 0x21, 0x06, 0x21, 0x05, 0x19, 0x06, 0x19, 0x06, 0x21,
    0x05, 0x21, 0x06, 0x21, 0x06, 0x19, 0x05, 0x21, 0x06, 0x21, 0x06, 0x19,
    0x05, 0x19, 0x05, 0x21, 0x06, 0x21, 0x05, 0x21, 0x06, 0x21, 0x06, 0x21,
    0x05, 0x21, 0x06, 0x19, 0x05, 0x21, 0x06, 0x21, 0x06, 0x21, 0x05, 0x21,
    0x06, 0x19, 0x06, 0x21, 0x05, 0x21, 0x06, 0x19, 0x06, 0x21, 0x05, 0x21,
    0x06, 0x19, 0x06, 0x21, 0x05, 0x21, 0x06, 0x21, 0x06, 0x21, 0x05, 0x21,
    0x06, 0x19, 0x06, 0x21, 0x05, 0x21, 0x06, 0x19, 0x05, 0x21, 0x06, 0x21,
    0x05, 0x21, 0x06, 0x21, 0x06, 0x21, 0x05, 0x19, 0x06, 0x21, 0x06, 0x21,
    0x05, 0x19, 0x06, 0x21, 0x05, 0x21, 0x06, 0x19, 0x06, 0x21, 0x05, 0x21,
    0x06, 0x21, 0x05, 0x21, 0x06, 0x21, 0x06, 0x21, 0x05, 0x19, 0x06, 0x21,
    0x05, 0x21, 0x06, 0x21, 0x06, 0x21, 0x05, 0x19, 0x06, 0x21, 0x06, 0x21,
    0x05, 0x19, 0x06, 0x21, 0x06, 0x21, 0x05, 0x19, 0x06, 0x21, 0x06, 0x21,
    0x05, 0x21, 0x06, 0x19, 0x06, 0x21, 0x05, 0x19, 0x06, 0x21, 0x06, 0x19,
    0x05, 0x21, 0x06, 0x21, 0x05, 0x21, 0x06, 0x21, 0x05, 0x21, 0x06, 0x21,
    0x06, 0x21, 0x05, 0x19, 0x06, 0x21, 0x05, 0x21, 0x06, 0x21, 0x06, 0x19,
    0x05, 0x21, 0x06, 0x21, 0x06, 0x21, 0x05, 0x21, 0x06, 0x19, 0x06, 0x21,
    0x05, 0x21, 0x06, 0x21, 0x06, 0x19, 0x05, 0x21, 0x06, 0x21, 0x06, 0x21,
    0x05, 0x19, 0x06, 0x21, 0x06, 0x21, 0x05, 0x21, 0x06, 0x21, 0xc4, 0x18,
    0x0a, 0x32, 0x1f, 0x7f, 0xff, 0x7e, 0xff, 0x7e, 0xff, 0x7e, 0xff, 0x7e,
    0xff, 0x7e, 0xff, 0x7e, 0xff, 0x7e, 0xff, 0x7e, 0xff, 0x7e, 0xff, 0x7e,
    0xff, 0x7e, 0xff, 0x7e, 0xff, 0x7e, 0xff, 0x7e, 0xff, 0x7e, 0xff, 0x7e,
    0x7f, 0x87, 0xd2, 0x4b, 0x83, 0x18, 0x06, 0x19, 0x06, 0x21, 0x05, 0x21,
    0x06, 0x21, 0x06, 0x19, 0x05, 0x21, 0x06, 0x21, 0x05, 0x21, 0x06, 0x21,
    0x06, 0x21, 0x05, 0x19, 0x06, 0x21, 0x06, 0x21, 0x05, 0x19, 0x06, 0x19,
    0x05, 0x21, 0x06, 0x21, 0x05, 0x19, 0x06, 0x21, 0x06, 0x21, 0x05, 0x21,
    0x06, 0x21, 0x05, 0x21, 0x06, 0x19, 0x06, 0x21, 0x05, 0x21, 0x06, 0x21,
    0x06, 0x21, 0x05, 0x19, 0x06, 0x21, 0x06, 0x21, 0x05, 0x19, 0x06, 0x21,
    0x05, 0x21, 0x06, 0x21, 0x06, 0x21, 0x05, 0x21, 0x06, 0x21, 0x06, 0x21,
    0x05, 0x19, 0x06, 0x21, 0x05, 0x21, 0x06, 0x21, 0x06, 0x19, 0x05, 0x21,
    0x06, 0x21, 0x06, 0x19, 0x05, 0x21, 0x06, 0x21, 0x06, 0x19, 0x05, 0x21,
    0x06, 0x21, 0x06, 0x21, 0x05, 0x21, 0x06, 0x21, 0x06, 0x19, 0x05, 0x21,
    0x06, 0x19, 0x06, 0x21, 0x05, 0x19, 0x05, 0x21, 0x06, 0x21, 0x06, 0x21,
    0x05, 0x21, 0x06, 0x19, 0x06, 0x21, 0x05, 0x21, 0x06, 0x21, 0x05, 0x21,
    0x06, 0x21, 0x05, 0x19, 0x06, 0x21, 0x06, 0x21, 0x06, 0x19, 0x06, 0x21,
    0x05, 0x21, 0x06, 0x21, 0x05, 0x19, 0x06, 0x21, 0x06, 0x21, 0x05, 0x21,
    0x06, 0x21, 0x05, 0x21, 0x06, 0x19, 0x05, 0x21, 0x06, 0x19, 0x06, 0x21,
    0x05, 0x19, 0x06, 0x21, 0x06, 0x21, 0x05, 0x21, 0x06, 0x21, 0x06, 0x21,
    0x05, 0x21, 0x06, 0x21, 0x06, 0x21, 0x05, 0x21, 0x06, 0x19, 0x06, 0x21,
    0x05, 0x21, 0x06, 0x21, 0x06, 0x21, 0x05, 0x21, 0x06, 0x21, 0x05, 0x21,
    0x06, 0x19, 0x06, 0x21, 0x05, 0x21, 0x06, 0x21, 0x05, 0x21, 0x06, 0x21,
    0x06, 0x21, 0x06, 0x21, 0x06, 0x19, 0x05, 0x21, 0x06, 0x19, 0x06, 0x21,
    0x05, 0x21, 0x06, 0x19, 0x06, 0x21, 0x05, 0x21, 0x06, 0x19, 0x06, 0x21,
    0x05, 0x21, 0x06, 0x21, 0x06, 0x21, 0x05, 0x21, 0x06, 0x21, 0x06, 0x21,
    0x05, 0x21, 0x06, 0x21, 0x05, 0x21, 0x06, 0x21, 0x05, 0x21, 0x06, 0x21,
    0x05, 0x21, 0x06, 0x19, 0x05, 0x21, 0x06, 0x21, 0x06, 0x19, 0x05, 0x21,
    0x06, 0x21, 0x06, 0x19, 0x05, 0x21, 0x06, 0x21, 0x06, 0x21, 0x05, 0x21,
    0x06, 0x21, 0x06, 0x19, 0x06, 0x21, 0x05, 0x21, 0x06, 0x19, 0x05, 0x21,
    0x06, 0x21, 0x06, 0x19, 0x05, 0x21, 0x05, 0x21, 0x06, 0x19, 0x06, 0x21,
    0x05, 0x21, 0x06, 0x19, 0x06, 0x21, 0x05, 0x21, 0x06, 0x21, 0x06, 0x21,
    0x05, 0x21, 0x06, 0x21, 0x06, 0x21, 0x05, 0x19, 0x06, 0x21, 0x06, 0x21,
    0x05, 0x19, 0x05, 0x21, 0x06, 0x21, 0x06, 0x21, 0x05, 0x21, 0x06, 0x19,
    0x05, 0x21, 0x06, 0x21, 0x06, 0x19, 0x05, 0x21, 0x06, 0x19, 0x06, 0x21,
    0x05, 0x21, 0x06, 0x21, 0x06, 0x21, 0x05, 0x19, 0x06, 0x21, 0x05, 0x21,
    0x06, 0x21, 0x05, 0x19, 0x06, 0x21, 0x06, 0x21, 0x05, 0x21, 0x06, 0x21,
    0x05, 0x19, 0x06, 0x21, 0x05, 0x21, 0x06, 0x21, 0x05, 0x19, 0x06, 0x21,
    0x06, 0x21, 0x05, 0x21, 0x06, 0x19, 0x05, 0x21, 0x06, 0x21, 0x06, 0x19,
    0xc4, 0x18, 0x0a, 0x32, 0x1f, 0x7f, 0x1f, 0x7f, 0xff, 0x7e, 0xff, 0x7e,
    0xff, 0x7e, 0xff, 0x7e, 0xff, 0x7e, 0xff, 0x7e, 0xff, 0x7e, 0xff, 0x7e,
    0xff, 0x7e, 0xff, 0x7e, 0xff, 0x7e, 0xff, 0x7e, 0xff, 0x7e, 0xff, 0x7e,
    0xff, 0x7e, 0x7f, 0x87, 0xd2, 0x4b, 0x84, 0x18, 0x06, 0x21, 0x05, 0x19,
    0x05, 0x21, 0x06, 0x21, 0x06, 0x19, 0x05, 0x21, 0x06, 0x21, 0x06, 0x19,
    0x05, 0x21, 0x06, 0x21, 0x05, 0x21, 0x06, 0x21, 0x06, 0x21, 0x05, 0x21,
    0x06, 0x21, 0x06, 0x19, 0x05, 0x21, 0x06, 0x21, 0x05, 0x19, 0x06, 0x21,
    0x06, 0x19, 0x05, 0x21, 0x06, 0x21, 0x05, 0x21, 0x06, 0x19, 0x05, 0x21,
    0x06, 0x21, 0x06, 0x19, 0x05, 0x21, 0x06, 0x21, 0x06, 0x19, 0x05, 0x21,
    0x06, 0x21, 0x06, 0x19, 0x05, 0x21, 0x06, 0x21, 0x05, 0x21, 0x06, 0x21,
    0x06, 0x21, 0x05, 0x21, 0x06, 0x21, 0x06, 0x21, 0x05, 0x19, 0x06, 0x21,
    0x05, 0x21, 0x06, 0x21, 0x05, 0x21, 0x06, 0x21, 0x06, 0x21, 0x05, 0x21,
    0x06, 0x21, 0x06, 0x19, 0x05, 0x21, 0x06, 0x21, 0x06, 0x19, 0x05, 0x21,
    0x06, 0x21, 0x06, 0x21, 0x05, 0x21, 0x06, 0x21, 0x06, 0x19, 0x05, 0x21,
    0x06, 0x21, 0x05, 0x19, 0x06, 0x21, 0x06, 0x21, 0x05, 0x19, 0x06, 0x21,
    0x06, 0x21, 0x05, 0x21, 0x06, 0x21, 0x05, 0x19, 0x05, 0x21, 0x06, 0x21,
    0x06, 0x19, 0x06, 0x21, 0x05, 0x21, 0x06, 0x21, 0x06, 0x19, 0x05, 0x21,
    0x06, 0x21, 0x06, 0x19, 0x06, 0x21, 0x05, 0x21, 0x06, 0x19, 0x06, 0x21,
    0x05, 0x21, 0x05, 0x21, 0x06, 0x19, 0x06, 0x21, 0x05, 0x19, 0x06, 0x21,
    0x05, 0x19, 0x06, 0x21, 0x06, 0x19, 0x05, 0x21, 0x06, 0x21, 0x06, 0x21,
    0x05, 0x19, 0x06, 0x21, 0x05, 0x21, 0x06, 0x19, 0x06, 0x21, 0x05, 0x21,
    0x06, 0x21, 0x06, 0x21, 0x05, 0x19, 0x06, 0x21, 0x06, 0x21, 0x05, 0x19,
    0x05, 0x21, 0x06, 0x21, 0x05, 0x21, 0x06, 0x21, 0x06, 0x21, 0x05, 0x19,
    0x06, 0x21, 0x05, 0x21, 0x06, 0x19, 0x06, 0x21, 0x05, 0x21, 0x06, 0x19,
    0x05, 0x21, 0x06, 0x21, 0x06, 0x19, 0x05, 0x21, 0x06, 0x19, 0x05, 0x21,
    0x06, 0x19, 0x06, 0x21, 0x05, 0x19, 0x06, 0x21, 0x06, 0x19, 0x05, 0x19,
    0x06, 0x21, 0x06, 0x21, 0x05, 0x21, 0x06, 0x21, 0x06, 0x21, 0x05, 0x21,
    0x06, 0x21, 0x06, 0x19, 0x05, 0x21, 0x06, 0x21, 0x05, 0x19, 0x06, 0x21,
    0x06, 0x21, 0x05, 0x19, 0x06, 0x21, 0x05, 0x21, 0x06, 0x21, 0x06, 0x21,
    0x05, 0x21, 0x06, 0x19, 0x06, 0x21, 0x06, 0x21, 0x05, 0x19, 0x06, 0x21,
    0x06, 0x21, 0x05, 0x21, 0x06, 0x19, 0x05, 0x21, 0x05, 0x21, 0x06, 0x19,
    0x05, 0x21, 0x06, 0x19, 0x05, 0x21, 0x06, 0x21, 0x05, 0x21, 0x06, 0x21,
    0x06, 0x21, 0x05, 0x19, 0x06, 0x21, 0x06, 0x21, 0x05, 0x19, 0x06, 0x21,
    0x06, 0x21, 0x05, 0x21, 0x06, 0x21, 0x06, 0x19, 0x05, 0x21, 0x06, 0x21,
    0x06, 0x19, 0x05, 0x21, 0x05, 0x21, 0x06, 0x21, 0x06, 0x21, 0x05, 0x19,
    0x06, 0x21, 0x06, 0x21, 0x05, 0x21, 0x06, 0x19, 0x05, 0x21, 0x06, 0x21,
    0x06, 0x21, 0x05, 0x21, 0x06, 0x19, 0x06, 0x21, 0x05, 0x21, 0x06, 0x21,
    0x06, 0x19, 0x05, 0x21, 0x06, 0x21, 0x06, 0x21, 0x05, 0x19, 0x06, 0x21,
    0x06, 0x21, 0xc4, 0x18, 0x0b, 0x32, 0x1f, 0x7f, 0xff, 0x7e, 0xff, 0x7e,
    0xff, 0x7e, 0xff, 0x7e, 0xff, 0x7e, 0xff, 0x7e, 0xff, 0x7e, 0xff, 0x7e,
    0xff, 0x7e, 0xff, 0x7e, 0xff, 0x7e, 0xff, 0x7e, 0xff, 0x7e, 0xff, 0x7e,
    0xff, 0x7e, 0xff, 0x7e, 0x7f, 0x87, 0xf2, 0x4b, 0x83, 0x18, 0x06, 0x21,
    0x06, 0x21, 0x05, 0x21, 0x06, 0x21, 0x06, 0x21, 0x05, 0x21, 0x06, 0x19,
    0x06, 0x21, 0x05, 0x19, 0x06, 0x21, 0x06, 0x19, 0x05, 0x19, 0x06, 0x21,
    0x06, 0x21, 0x05, 0x21, 0x06, 0x21, 0x06, 0x21, 0x06, 0x21, 0x05, 0x21,
    0x06, 0x19, 0x06, 0x21, 0x05, 0x21, 0x06, 0x19, 0x06, 0x21, 0x05, 0x21,
    0x06, 0x19, 0x05, 0x21, 0x06, 0x21, 0x06, 0x21, 0x05, 0x21, 0x06, 0x21,
    0x06, 0x21, 0x05, 0x21, 0x06, 0x19, 0x06, 0x21, 0x05, 0x19, 0x06, 0x19,
    0x05, 0x21, 0x06, 0x19, 0x06, 0x21, 0x05, 0x21, 0x06, 0x19, 0x06, 0x21,
    0x05, 0x21, 0x06, 0x19, 0x06, 0x21, 0x05, 0x21, 0x06, 0x19, 0x06, 0x21,
    0x05, 0x21, 0x06, 0x19, 0x05, 0x21, 0x06, 0x21, 0x05, 0x19, 0x06, 0x21,
    0x05, 0x21, 0x06, 0x21, 0x05, 0x19, 0x06, 0x21, 0x06, 0x21, 0x05, 0x21,
    0x06, 0x19, 0x06, 0x21, 0x05, 0x21, 0x06, 0x21, 0x05, 0x21, 0x06, 0x19,
    0x06, 0x21, 0x05, 0x19, 0x06, 0x21, 0x06, 0x21, 0x06, 0x21, 0x05, 0x21,
    0x05, 0x21, 0x06, 0x19, 0x05, 0x21, 0x06, 0x21, 0x06, 0x21, 0x05, 0x21,
    0x06, 0x19, 0x05, 0x21, 0x06, 0x21, 0x05, 0x21, 0x06, 0x21, 0x06, 0x21,
    0x05, 0x21, 0x06, 0x21, 0x06, 0x21, 0x05, 0x21, 0x06, 0x19, 0x06, 0x21,
    0x05, 0x21, 0x06, 0x21, 0x06, 0x21, 0x05, 0x19, 0x06, 0x21, 0x06, 0x21,
    0x05, 0x21, 0x06, 0x21, 0x06, 0x19, 0x05, 0x21, 0x06, 0x21, 0x06, 0x19,
    0x05, 0x21, 0x06, 0x21, 0x05, 0x19, 0x06, 0x21, 0x06, 0x21, 0x05, 0x19,
    0x06, 0x21, 0x06, 0x19, 0x05, 0x21, 0x06, 0x19, 0x05, 0x21, 0x06, 0x21,
    0x06, 0x21, 0x05, 0x21, 0x06, 0x21, 0x05, 0x21, 0x06, 0x21, 0x06, 0x21,
    0x05, 0x21, 0x06, 0x21, 0x06, 0x19, 0x05, 0x21, 0x06, 0x21, 0x06, 0x21,
    0x05, 0x19, 0x06, 0x21, 0x06, 0x21, 0x05, 0x21, 0x06, 0x21, 0x06, 0x21,
    0x05, 0x21, 0x06, 0x19, 0x06, 0x21, 0x05, 0x19, 0x06, 0x21, 0x06, 0x19,
    0x05, 0x21, 0x06, 0x21, 0x05, 0x21, 0x06, 0x21, 0x06, 0x19, 0x05, 0x21,
    0x06, 0x21, 0x06, 0x19, 0x05, 0x21, 0x06, 0x21, 0x06, 0x19, 0x05, 0x21,
    0x06, 0x21, 0x06, 0x19, 0x05, 0x21, 0x06, 0x21, 0x06, 0x21, 0x05, 0x21,
    0x06, 0x21, 0x05, 0x21, 0x06, 0x19, 0x06, 0x21, 0x06, 0x21, 0x06, 0x19,
    0x06, 0x21, 0x05, 0x21, 0x06, 0x19, 0x06, 0x21, 0x05, 0x21, 0x06, 0x19,
    0x05, 0x21, 0x06, 0x21, 0x06, 0x21, 0x05, 0x21, 0x06, 0x21, 0x05, 0x19,
    0x06, 0x21, 0x06, 0x21, 0x05, 0x19, 0x06, 0x21, 0x05, 0x21, 0x06, 0x21,
    0x06, 0x21, 0x05, 0x21, 0x06, 0x21, 0x06, 0x21, 0x05, 0x21, 0x06, 0x21,
    0x06, 0x21, 0x05, 0x19, 0x06, 0x21, 0x06, 0x21, 0x05, 0x21, 0x06, 0x19,
    0x06, 0x21, 0x05, 0x19, 0x06, 0x21, 0x06, 0x21, 0x05, 0x19, 0x06, 0x21,
    0x06, 0x21, 0x05, 0x21, 0x06, 0x19, 0x06, 0x21, 0x05, 0x21, 0x06, 0x21,
    0x06, 0x21, 0x05, 0x21, 0xc4, 0x18, 0x0b, 0x32, 0x1f, 0x7f, 0x1f, 0x7f,
    0xff, 0x7e, 0xff, 0x7e, 0xff, 0x7e, 0xff, 0x7e, 0xff, 0x7e, 0xff, 0x7e,
    0xff, 0x7e, 0xff, 0x7e, 0xff, 0x7e, 0xff, 0x7e, 0xff, 0x7e, 0xff, 0x7e,
    0xff, 0x7e, 0xff, 0x7e, 0xff, 0x7e, 0x7f, 0x87, 0xd2, 0x4b, 0x83, 0x18,
    0x06, 0x19, 0x06, 0x21, 0x05, 0x19, 0x06, 0x21, 0x06, 0x21, 0x05, 0x19,
    0x06, 0x21, 0x05, 0x21, 0x06, 0x21, 0x06, 0x21, 0x05, 0x21, 0x05, 0x21,
    0x06, 0x19, 0x06, 0x21, 0x05, 0x19, 0x05, 0x21, 0x06, 0x19, 0x05, 0x21,
    0x06, 0x21, 0x05, 0x21, 0x06, 0x21, 0x06, 0x21, 0x05, 0x19, 0x06, 0x21,
    0x06, 0x21, 0x05, 0x21, 0x06, 0x19, 0x05, 0x21, 0x06, 0x19, 0x05, 0x21,
    0x06, 0x19, 0x06, 0x21, 0x05, 0x21, 0x06, 0x21, 0x06, 0x21, 0x05, 0x21,
    0x06, 0x21, 0x06, 0x21, 0x05, 0x19, 0x06, 0x21, 0x05, 0x21, 0x06, 0x19,
    0x06, 0x21, 0x05, 0x21, 0x06, 0x21, 0x06, 0x19, 0x05, 0x21, 0x06, 0x21,
    0x05, 0x19, 0x06, 0x21, 0x06, 0x21, 0x05, 0x21, 0x06, 0x21, 0x06, 0x21,
    0x05, 0x21, 0x06, 0x21, 0x06, 0x19, 0x05, 0x21, 0x06, 0x21, 0x06, 0x19,
    0x05, 0x21, 0x06, 0x21, 0x06, 0x21, 0x05, 0x19, 0x06, 0x21, 0x06, 0x21,
    0x05, 0x21, 0x06, 0x21, 0x06, 0x21, 0x05, 0x19, 0x06, 0x21, 0x06, 0x19,
    0x06, 0x21, 0x06, 0x21, 0x05, 0x21, 0x06, 0x19, 0x06, 0x21, 0x05, 0x21,
    0x06, 0x19, 0x06, 0x21, 0x05, 0x21, 0x06, 0x19, 0x06, 0x21, 0x05, 0x19,
    0x06, 0x21, 0x05, 0x19, 0x06, 0x19, 0x06, 0x21, 0x05, 0x21, 0x06, 0x21,
    0x06, 0x21, 0x05, 0x19, 0x06, 0x21, 0x05, 0x21, 0x06, 0x21, 0x05, 0x19,
    0x06, 0x21, 0x05, 0x21, 0x06, 0x19, 0x06, 0x21, 0x05, 0x21, 0x05, 0x21,
    0x06, 0x19, 0x06, 0x21, 0x05, 0x21, 0x06, 0x21, 0x06, 0x21, 0x05, 0x21,
    0x06, 0x21, 0x06, 0x21, 0x06, 0x21, 0x06, 0x21, 0x05, 0x21, 0x06, 0x19,
    0x05, 0x21, 0x06, 0x21, 0x06, 0x19, 0x05, 0x19, 0x06, 0x21, 0x05, 0x21,
    0x06, 0x19, 0x05, 0x21, 0x06, 0x21, 0x05, 0x21, 0x06, 0x19, 0x06, 0x21,
    0x05, 0x21, 0x06, 0x21, 0x05, 0x21, 0x06, 0x19, 0x05, 0x21, 0x06, 0x21,
    0x06, 0x21, 0x05, 0x21, 0x06, 0x21, 0x06, 0x21, 0x05, 0x21, 0x06, 0x19,
    0x05, 0x21, 0x06, 0x21, 0x06, 0x19, 0x05, 0x21, 0x06, 0x21, 0x06, 0x21,
    0x05, 0x21, 0x06, 0x21, 0x05, 0x21, 0x06, 0x21, 0x06, 0x21, 0x05, 0x19,
    0x05, 0x21, 0x06, 0x21, 0x06, 0x21, 0x05, 0x21, 0x05, 0x19, 0x06, 0x21,
    0x06, 0x19, 0x05, 0x21, 0x06, 0x21, 0x05, 0x21, 0x06, 0x21, 0x05, 0x21,
    0x06, 0x21, 0x06, 0x21, 0x05, 0x21, 0x06, 0x21, 0x06, 0x21, 0x05, 0x19,
    0x06, 0x21, 0x06, 0x19, 0x05, 0x21, 0x06, 0x19, 0x06, 0x21, 0x05, 0x21,
    0x06, 0x21, 0x06, 0x21, 0x05, 0x21, 0x06, 0x19, 0x06, 0x21, 0x05, 0x21,
    0x06, 0x19, 0x05, 0x21, 0x06, 0x21, 0x06, 0x19, 0x06, 0x19, 0x05, 0x21,
    0x06, 0x19, 0x06, 0x21, 0x05, 0x21, 0x06, 0x19, 0x06, 0x21, 0x05, 0x21,
    0x06, 0x21, 0x05, 0x21, 0x06, 0x21, 0x06, 0x21, 0x05, 0x21, 0x06, 0x21,
    0x06, 0x19, 0x05, 0x21, 0x05, 0x21, 0x06, 0x21, 0x05, 0x19, 0x06, 0x21,
    0x06, 0x21, 0x05, 0x19, 0x06, 0x21, 0xc4, 0x18, 0x0a, 0x32, 0x1f, 0x7f,
    0xff, 0x7e, 0xff, 0x7e, 0xff, 0x7e, 0xff, 0x7e, 0xff, 0x7e, 0xff, 0x7e,
    0xff, 0x7e, 0xff, 0x7e, 0xff, 0x7e, 0xff, 0x7e, 0xff, 0x7e, 0xff, 0x7e,
    0xff, 0x7e, 0xff, 0x7e, 0xff, 0x7e, 0xff, 0x7e, 0x7f, 0x87, 0xd2, 0x4b,
    0x83, 0x18, 0x06, 0x21, 0x06, 0x21, 0x05, 0x19, 0x06, 0x21, 0x05, 0x21,
    0x06, 0x21, 0x06, 0x21, 0x05, 0x21, 0x06, 0x19, 0x06, 0x21, 0x05, 0x21,
    0x06, 0x21, 0x06, 0x21, 0x05, 0x21, 0x06, 0x21, 0x06, 0x19, 0x06, 0x21,
    0x05, 0x21, 0x06, 0x19, 0x06, 0x21, 0x05, 0x21, 0x06, 0x19, 0x05, 0x21,
    0x06, 0x21, 0x06, 0x21, 0x06, 0x21, 0x05, 0x21, 0x06, 0x21, 0x06, 0x21,
    0x05, 0x19, 0x06, 0x21, 0x05, 0x21, 0x06, 0x19, 0x05, 0x21, 0x06, 0x21,
    0x06, 0x21, 0x05, 0x21, 0x06, 0x21, 0x06, 0x21, 0x05, 0x21, 0x06, 0x21,
    0x05, 0x21, 0x06, 0x21, 0x05, 0x21, 0x06, 0x21, 0x05, 0x21, 0x06, 0x21,
    0x06, 0x21, 0x05, 0x19, 0x06, 0x21, 0x06, 0x21, 0x05, 0x19, 0x06, 0x21,
    0x06, 0x19, 0x05, 0x21, 0x06, 0x21, 0x06, 0x21, 0x05, 0x21, 0x06, 0x21,
    0x05, 0x19, 0x06, 0x21, 0x06, 0x21, 0x05, 0x19, 0x06, 0x21, 0x06, 0x21,
    0x05, 0x19, 0x06, 0x21, 0x05, 0x21, 0x06, 0x21, 0x05, 0x21, 0x05, 0x19,
    0x06, 0x21, 0x06, 0x21, 0x05, 0x19, 0x06, 0x21, 0x06, 0x21, 0x05, 0x19,
    0x05, 0x21, 0x06, 0x21, 0x06, 0x21, 0x05, 0x21, 0x06, 0x21, 0x06, 0x19,
    0x05, 0x21, 0x06, 0x21, 0x06, 0x21, 0x05, 0x21, 0x06, 0x19, 0x05, 0x21,
    0x06, 0x21, 0x05, 0x19, 0x06, 0x21, 0x06, 0x21, 0x05, 0x21, 0x06, 0x21,
    0x06, 0x19, 0x05, 0x21, 0x06, 0x21, 0x05, 0x21, 0x06, 0x21, 0x06, 0x19,
    0x05, 0x21, 0x06, 0x21, 0x06, 0x19, 0x05, 0x21, 0x06, 0x21, 0x05, 0x19,
    0x06, 0x21, 0x05, 0x21, 0x05, 0x19, 0x06, 0x21, 0x05, 0x21, 0x06, 0x21,
    0x06, 0x19, 0x05, 0x21, 0x06, 0x21, 0x06, 0x21, 0x05, 0x21, 0x06, 0x21,
    0x06, 0x19, 0x05, 0x21, 0x06, 0x19, 0x06, 0x21, 0x05, 0x21, 0x06, 0x21,
    0x05, 0x19, 0x06, 0x21, 0x06, 0x21, 0x05, 0x19, 0x06, 0x21, 0x06, 0x21,
    0x05, 0x19, 0x06, 0x19, 0x05, 0x21, 0x06, 0x21, 0x05, 0x19, 0x06, 0x21,
    0x06, 0x21, 0x05, 0x21, 0x06, 0x21, 0x06, 0x19, 0x05, 0x21, 0x06, 0x19,
    0x05, 0x21, 0x06, 0x19, 0x06, 0x19, 0x05, 0x21, 0x06, 0x21, 0x06, 0x21,
    0x05, 0x21, 0x06, 0x19, 0x06, 0x21, 0x05, 0x21, 0x06, 0x19, 0x06, 0x21,
    0x05, 0x21, 0x06, 0x19, 0x06, 0x21, 0x05, 0x21, 0x06, 0x19, 0x05, 0x21,
    0x06, 0x19, 0x05, 0x21, 0x05, 0x19, 0x06, 0x21, 0x06, 0x21, 0x05, 0x19,
    0x06, 0x21, 0x06, 0x21, 0x05, 0x21, 0x06, 0x21, 0x05, 0x21, 0x06, 0x19,
    0x06, 0x21, 0x05, 0x19, 0x06, 0x21, 0x05, 0x21, 0x06, 0x21, 0x06, 0x21,
    0x05, 0x21, 0x06, 0x19, 0x06, 0x21, 0x05, 0x21, 0x06, 0x21, 0x06, 0x21,
    0x05, 0x21, 0x06, 0x21, 0x05, 0x21, 0x06, 0x21, 0x05, 0x21, 0x06, 0x19,
    0x06, 0x21, 0x05, 0x21, 0x06, 0x19, 0x06, 0x21, 0x05, 0x19, 0x05, 0x21,
    0x06, 0x21, 0x06, 0x21, 0x05, 0x19, 0x06, 0x21, 0x06, 0x21, 0x05, 0x21,
    0x06, 0x19, 0x05, 0x21, 0x06, 0x21, 0x06, 0x21, 0xc4, 0x18, 0x0a, 0x32,
    0x1f, 0x7f, 0x1f, 0x7f, 0xff, 0x7e, 0xff, 0x7e, 0xff, 0x7e, 0xff, 0x7e,
    0xff, 0x7e, 0xff, 0x7e, 0xff, 0x7e, 0xff, 0x7e, 0xff, 0x7e, 0xff, 0x7e,
    0xff, 0x7e, 0xff, 0x7e, 0xff, 0x7e, 0xff, 0x7e, 0xff, 0x7e, 0x7f, 0x87,
    0xd2, 0x4b, 0x84, 0x18, 0x05, 0x21, 0x06, 0x21, 0x06, 0x21, 0x05, 0x19,
    0x06, 0x21, 0x06, 0x19, 0x05, 0x21, 0x06, 0x21, 0x05, 0x19, 0x06, 0x21,
    0x06, 0x21, 0x05, 0x19, 0x06, 0x21, 0x06, 0x21, 0x05, 0x21, 0x06, 0x21,
    0x06, 0x21, 0x05, 0x21, 0x06, 0x19, 0x06, 0x21, 0x05, 0x21, 0x06, 0x21,
    0x06, 0x21, 0x05, 0x19, 0x05, 0x21, 0x06, 0x19, 0x06, 0x21, 0x05, 0x21,
    0x06, 0x21, 0x06, 0x21, 0x05, 0x21, 0x06, 0x21, 0x06, 0x19, 0x05, 0x21,
    0x06, 0x19, 0x05, 0x19, 0x06, 0x21, 0x05, 0x19, 0x06, 0x21, 0x06, 0x19,
    0x05, 0x21, 0x06, 0x19, 0x06, 0x21, 0x06, 0x19, 0x05, 0x19, 0x06, 0x21,
    0x06, 0x21, 0x05, 0x19, 0x06, 0x21, 0x05, 0x21, 0x06, 0x19, 0x06, 0x21,
    0x05, 0x21, 0x06, 0x19, 0x06, 0x21, 0x05, 0x21, 0x06, 0x19, 0x06, 0x21,
    0x05, 0x21, 0x06, 0x21, 0x05, 0x21, 0x06, 0x21, 0x05, 0x21, 0x06, 0x21,
    0x05, 0x21, 0x06, 0x19, 0x06, 0x21, 0x05, 0x19, 0x06, 0x21, 0x06, 0x21,
    0x05, 0x21, 0x06, 0x21, 0x05, 0x21, 0x06, 0x19, 0x06, 0x21, 0x05, 0x21,
    0x06, 0x21, 0x06, 0x21, 0x05, 0x19, 0x06, 0x21, 0x05, 0x21, 0x06, 0x21,
    0x05, 0x21, 0x06, 0x21, 0x06, 0x21, 0x05, 0x21, 0x06, 0x21, 0x06, 0x21,
    0x06, 0x19, 0x05, 0x21, 0x06, 0x21, 0x06, 0x21, 0x05, 0x19, 0x06, 0x21,
    0x06, 0x21, 0x05, 0x21, 0x06, 0x19, 0x06, 0x21, 0x05, 0x21, 0x06, 0x19,
    0x06, 0x21, 0x05, 0x21, 0x06, 0x21, 0x06, 0x21, 0x05, 0x19, 0x06, 0x21,
    0x06, 0x21, 0x06, 0x19, 0x05, 0x21, 0x06, 0x21, 0x06, 0x19, 0x05, 0x21,
    0x06, 0x21, 0x06, 0x21, 0x05, 0x19, 0x06, 0x21, 0x06, 0x21, 0x05, 0x21,
    0x06, 0x19, 0x06, 0x21, 0x05, 0x21, 0x06, 0x21, 0x06, 0x19, 0x05, 0x21,
    0x06, 0x21, 0x06, 0x21, 0x05, 0x21, 0x06, 0x19, 0x06, 0x21, 0x05, 0x21,
    0x06, 0x21, 0x06, 0x21, 0x05, 0x21, 0x06, 0x19, 0x06, 0x21, 0x05, 0x21,
    0x06, 0x19, 0x06, 0x21, 0x05, 0x21, 0x06, 0x19, 0x05, 0x21, 0x06, 0x21,
    0x06, 0x21, 0x05, 0x21, 0x06, 0x21, 0x06, 0x21, 0x05, 0x19, 0x05, 0x21,
    0x06, 0x21, 0x06, 0x19, 0x06, 0x21, 0x05, 0x21, 0x06, 0x19, 0x06, 0x21,
    0x05, 0x21, 0x06, 0x21, 0x06, 0x21, 0x05, 0x21, 0x06, 0x19, 0x06, 0x21,
    0x06, 0x21, 0x06, 0x21, 0x06, 0x19, 0x05, 0x21, 0x06, 0x21, 0x06, 0x19,
    0x05, 0x21, 0x06, 0x21, 0x05, 0x21, 0x06, 0x19, 0x06, 0x21, 0x05, 0x21,
    0x06, 0x21, 0x06, 0x21, 0x05, 0x19, 0x06, 0x21, 0x06, 0x21, 0x05, 0x19,
    0x06, 0x21, 0x05, 0x21, 0x06, 0x21, 0x06, 0x19, 0x05, 0x21, 0x05, 0x21,
    0x06, 0x21, 0x06, 0x21, 0x05, 0x19, 0x06, 0x21, 0x06, 0x21, 0x05, 0x19,
    0x06, 0x21, 0x06, 0x21, 0x05, 0x19, 0x06, 0x21, 0x06, 0x21, 0x05, 0x19,
    0x06, 0x21, 0x06, 0x21, 0x05, 0x19, 0x06, 0x21, 0x06, 0x21, 0x06, 0x19,
    0x06, 0x21, 0x05, 0x21, 0x06, 0x19, 0x06, 0x21, 0x06, 0x21, 0xc4, 0x18,
    0x0b, 0x32, 0x1f, 0x7f, 0xff, 0x7e, 0xff, 0x7e, 0xff, 0x7e, 0xff, 0x7e,
    0xff, 0x7e, 0xff, 0x7e, 0xff, 0x7e, 0xff, 0x7e, 0xff, 0x7e, 0xff, 0x7e,
    0xff, 0x7e, 0xff, 0x7e, 0xff, 0x7e, 0xff, 0x7e, 0xff, 0x7e, 0xff, 0x7e,
    0x7f, 0x87, 0xd2, 0x4b, 0x83, 0x18, 0x06, 0x19, 0x06, 0x21, 0x05, 0x21,
    0x06, 0x21, 0x06, 0x21, 0x05, 0x19, 0x06, 0x21, 0x06, 0x21, 0x05, 0x21,
    0x06, 0x21, 0x06, 0x19, 0x05, 0x21, 0x06, 0x19, 0x06, 0x21, 0x05, 0x19,
    0x05, 0x21, 0x06, 0x21, 0x06, 0x19, 0x05, 0x21, 0x06, 0x21, 0x05, 0x19,
    0x06, 0x21, 0x06, 0x21, 0x05, 0x21, 0x06, 0x19, 0x06, 0x21, 0x05, 0x21,
    0x06, 0x19, 0x06, 0x19, 0x05, 0x21, 0x06, 0x21, 0x06, 0x19, 0x05, 0x21,
    0x06, 0x21, 0x06, 0x21, 0x05, 0x21, 0x06, 0x21, 0x06, 0x21, 0x05, 0x19,
    0x06, 0x21, 0x06, 0x21, 0x05, 0x21, 0x06, 0x21, 0x05, 0x21, 0x06, 0x21,
    0x06, 0x21, 0x05, 0x19, 0x06, 0x21, 0x06, 0x21, 0x05, 0x21, 0x06, 0x21,
    0x06, 0x21, 0x05, 0x21, 0x06, 0x21, 0x05, 0x21, 0x05, 0x19, 0x06, 0x21,
    0x06, 0x19, 0x05, 0x21, 0x06, 0x21, 0x06, 0x19, 0x05, 0x21, 0x06, 0x19,
    0x06, 0x21, 0x05, 0x21, 0x06, 0x21, 0x06, 0x21, 0x05, 0x21, 0x06, 0x19,
    0x06, 0x21, 0x06, 0x19, 0x05, 0x21, 0x06, 0x21, 0x06, 0x21, 0x05, 0x21,
    0x06, 0x19, 0x06, 0x21, 0x05, 0x21, 0x06, 0x19, 0x06, 0x21, 0x06, 0x19,
    0x05, 0x19, 0x06, 0x21, 0x06, 0x19, 0x05, 0x19, 0x05, 0x21, 0x06, 0x21,
    0x06, 0x21, 0x05, 0x21, 0x06, 0x19, 0x06, 0x21, 0x05, 0x21, 0x06, 0x19,
    0x06, 0x21, 0x05, 0x21, 0x06, 0x19, 0x06, 0x21, 0x05, 0x21, 0x06, 0x19,
    0x06, 0x21, 0x05, 0x21, 0x06, 0x19, 0x05, 0x21, 0x06, 0x21, 0x06, 0x21,
    0x05, 0x21, 0x06, 0x21, 0x05, 0x19, 0x06, 0x21, 0x06, 0x21, 0x05, 0x19,
    0x06, 0x21, 0x06, 0x21, 0x05, 0x19, 0x06, 0x21, 0x05, 0x21, 0x06, 0x19,
    0x05, 0x21, 0x06, 0x21, 0x06, 0x21, 0x05, 0x21, 0x06, 0x21, 0x06, 0x21,
    0x05, 0x19, 0x06, 0x21, 0x06, 0x21, 0x05, 0x19, 0x06, 0x21, 0x06, 0x21,
    0x05, 0x21, 0x06, 0x19, 0x06, 0x21, 0x05, 0x21, 0x06, 0x21, 0x06, 0x21,
    0x05, 0x21, 0x06, 0x21, 0x05, 0x21, 0x06, 0x19, 0x06, 0x21, 0x05, 0x21,
    0x06, 0x21, 0x06, 0x19, 0x05, 0x21, 0x06, 0x21, 0x06, 0x21, 0x05, 0x21,
    0x06, 0x19, 0x06, 0x21, 0x05, 0x21, 0x05, 0x21, 0x06, 0x21, 0x06, 0x21,
    0x05, 0x21, 0x06, 0x19, 0x06, 0x21, 0x05, 0x21, 0x06, 0x19, 0x05, 0x21,
    0x06, 0x21, 0x05, 0x21, 0x05, 0x21, 0x06, 0x21, 0x06, 0x21, 0x05, 0x21,
    0x06, 0x21, 0x06, 0x21, 0x05, 0x21, 0x06, 0x19, 0x06, 0x21, 0x05, 0x21,
    0x06, 0x19, 0x05, 0x21, 0x06, 0x21, 0x06, 0x21, 0x05, 0x21, 0x06, 0x19,
    0x06, 0x21, 0x05, 0x21, 0x06, 0x19, 0x05, 0x21, 0x06, 0x21, 0x06, 0x19,
    0x06, 0x21, 0x05, 0x21, 0x06, 0x19, 0x06, 0x21, 0x05, 0x21, 0x06, 0x19,
    0x06, 0x21, 0x05, 0x21, 0x06, 0x21, 0x05, 0x21, 0x06, 0x21, 0x06, 0x21,
    0x05, 0x21, 0x06, 0x21, 0x06, 0x21, 0x05, 0x19, 0x06, 0x21, 0x05, 0x21,
    0x05, 0x21, 0x06, 0x21, 0x06, 0x21, 0x05, 0x21, 0x05, 0x19, 0x06, 0x21,
    0xc4, 0x18, 0x0a, 0x32, 0x1f, 0x7f, 0x1f, 0x7f, 0xff, 0x7e, 0xff, 0x7e,
    0xff, 0x7e, 0xff, 0x7e, 0xff, 0x7e, 0xff, 0x7e, 0xff, 0x7e, 0xff, 0x7e,
    0xff, 0x7e, 0xff, 0x7e, 0xff, 0x7e, 0xff, 0x7e, 0xff, 0x7e, 0xff, 0x7e,
    0xff, 0x7e, 0x7f, 0x87, 0xd2, 0x4b, 0x83, 0x18, 0x06, 0x19, 0x06, 0x21,
    0x05, 0x21, 0x06, 0x19, 0x05, 0x21, 0x05, 0x21, 0x06, 0x21, 0x06, 0x19,
    0x05, 0x21, 0x06, 0x21, 0x05, 0x21, 0x06, 0x21, 0x05, 0x21, 0x06, 0x21,
    0x06, 0x19, 0x05, 0x21, 0x06, 0x21, 0x06, 0x19, 0x05, 0x21, 0x06, 0x21,
    0x06, 0x19, 0x05, 0x21, 0x06, 0x21, 0x06, 0x21, 0x05, 0x21, 0x06, 0x21,
    0x05, 0x21, 0x06, 0x21, 0x05, 0x21, 0x06, 0x21, 0x06, 0x19, 0x05, 0x21,
    0x06, 0x21, 0x06, 0x21, 0x05, 0x21, 0x06, 0x19, 0x06, 0x21, 0x05, 0x21,
    0x06, 0x21, 0x05, 0x21, 0x06, 0x19, 0x06, 0x21, 0x05, 0x21, 0x06, 0x19,
    0x06, 0x21, 0x05, 0x21, 0x05, 0x21, 0x06, 0x21, 0x06, 0x19, 0x05, 0x21,
    0x06, 0x21, 0x05, 0x19, 0x06, 0x21, 0x06, 0x21, 0x06, 0x19, 0x05, 0x21,
    0x06, 0x21, 0x06, 0x21, 0x05, 0x19, 0x06, 0x21, 0x06, 0x21, 0x05, 0x19,
    0x06, 0x21, 0x06, 0x21, 0x05, 0x19, 0x06, 0x21, 0x06, 0x21, 0x05, 0x19,
    0x06, 0x21, 0x05, 0x21, 0x06, 0x21, 0x06, 0x19, 0x05, 0x21, 0x06, 0x21,
    0x05, 0x19, 0x06, 0x21, 0x06, 0x21, 0x05, 0x21, 0x06, 0x21, 0x05, 0x21,
    0x06, 0x21, 0x06, 0x21, 0x05, 0x21, 0x06, 0x21, 0x06, 0x21, 0x05, 0x19,
    0x06, 0x21, 0x05, 0x21, 0x05, 0x19, 0x06, 0x21, 0x05, 0x21, 0x06, 0x21,
    0x05, 0x21, 0x06, 0x21, 0x05, 0x19, 0x06, 0x21, 0x05, 0x21, 0x06, 0x21,
    0x06, 0x21, 0x05, 0x21, 0x06, 0x21, 0x06, 0x21, 0x05, 0x19, 0x06, 0x21,
    0x05, 0x19, 0x06, 0x21, 0x05, 0x21, 0x06, 0x21, 0x06, 0x21, 0x05, 0x21,
    0x06, 0x21, 0x06, 0x21, 0x05, 0x19, 0x06, 0x21, 0x06, 0x21, 0x05, 0x21,
    0x06, 0x19, 0x06, 0x21, 0x05, 0x21, 0x06, 0x19, 0x05, 0x19, 0x06, 0x21,
    0x05, 0x21, 0x06, 0x21, 0x05, 0x19, 0x06, 0x21, 0x05, 0x21, 0x06, 0x21,
    0x05, 0x21, 0x06, 0x19, 0x05, 0x21, 0x06, 0x21, 0x05, 0x19, 0x06, 0x21,
    0x05, 0x19, 0x06, 0x21, 0x06, 0x21, 0x05, 0x19, 0x06, 0x21, 0x06, 0x21,
    0x05, 0x21, 0x06, 0x19, 0x05, 0x21, 0x06, 0x21, 0x05, 0x19, 0x06, 0x21,
    0x06, 0x21, 0x05, 0x21, 0x06, 0x19, 0x06, 0x21, 0x05, 0x21, 0x06, 0x19,
    0x05, 0x21, 0x06, 0x21, 0x05, 0x19, 0x06, 0x21, 0x06, 0x21, 0x05, 0x21,
    0x06, 0x21, 0x06, 0x19, 0x05, 0x19, 0x06, 0x21, 0x06, 0x21, 0x05, 0x19,
    0x06, 0x21, 0x05, 0x19, 0x06, 0x21, 0x06, 0x21, 0x05, 0x19, 0x06, 0x21,
    0x06, 0x21, 0x05, 0x19, 0x06, 0x21, 0x05, 0x21, 0x06, 0x19, 0x05, 0x21,
    0x06, 0x21, 0x06, 0x21, 0x05, 0x21, 0x06, 0x19, 0x06, 0x21, 0x05, 0x21,
    0x06, 0x21, 0x06, 0x21, 0x06, 0x21, 0x05, 0x21, 0x06, 0x21, 0x05, 0x21,
    0x06, 0x21, 0x06, 0x21, 0x05, 0x19, 0x06, 0x21, 0x06, 0x21, 0x05, 0x19,
    0x06, 0x19, 0x05, 0x21, 0x06, 0x21, 0x06, 0x19, 0x05, 0x21, 0x06, 0x21,
    0x06, 0x21, 0x05, 0x19, 0x06, 0x21, 0x06, 0x21, 0x05, 0x21, 0x06, 0x21,
    0x06, 0x21, 0xc4, 0x18, 0x0a, 0x32, 0x1f, 0x7f, 0xff, 0x7e, 0xff, 0x7e,
    0xff, 0x7e, 0xff, 0x7e, 0xff, 0x7e, 0xff, 0x7e, 0xff, 0x7e, 0xff, 0x7e,
    0xff, 0x7e, 0xff, 0x7e, 0xff, 0x7e, 0xff, 0x7e, 0xff, 0x7e, 0xff, 0x7e,
    0xff, 0x7e, 0xff, 0x7e, 0x7f, 0x87, 0xf2, 0x4b, 0x84, 0x18, 0x06, 0x21,
    0x05, 0x21, 0x06, 0x19, 0x06, 0x21, 0x06, 0x21, 0x06, 0x21, 0x05, 0x19,
    0x06, 0x21, 0x06, 0x21, 0x05, 0x19, 0x06, 0x21, 0x06, 0x21, 0x05, 0x19,
    0x06, 0x21, 0x06, 0x21, 0x05, 0x21, 0x06, 0x21, 0x06, 0x21, 0x05, 0x21,
    0x06, 0x21, 0x06, 0x21, 0x05, 0x19, 0x06, 0x21, 0x06, 0x19, 0x05, 0x21,
    0x06, 0x19, 0x06, 0x21, 0x05, 0x21, 0x06, 0x21, 0x06, 0x19, 0x05, 0x21,
    0x05, 0x21, 0x06, 0x21, 0x06, 0x19, 0x05, 0x21, 0x06, 0x21, 0x05, 0x19,
    0x06, 0x21, 0x06, 0x21, 0x05, 0x19, 0x06, 0x21, 0x06, 0x21, 0x05, 0x19,
    0x06, 0x21, 0x06, 0x21, 0x05, 0x19, 0x06, 0x21, 0x06, 0x21, 0x05, 0x19,
    0x06, 0x21, 0x06, 0x21, 0x05, 0x19, 0x05, 0x21, 0x06, 0x21, 0x06, 0x21,
    0x05, 0x21, 0x06, 0x21, 0x06, 0x21, 0x05, 0x21, 0x06, 0x21, 0x06, 0x21,
    0x05, 0x21, 0x06, 0x21, 0x05, 0x21, 0x06, 0x19, 0x05, 0x21, 0x06, 0x21,
    0x06, 0x21, 0x05, 0x21, 0x06, 0x21, 0x05, 0x21, 0x06, 0x19, 0x06, 0x21,
    0x05, 0x21, 0x06, 0x21, 0x05, 0x21, 0x06, 0x19, 0x06, 0x21, 0x05, 0x21,
    0x06, 0x19, 0x05, 0x21, 0x06, 0x21, 0x05, 0x21, 0x06, 0x21, 0x06, 0x21,
    0x06, 0x21, 0x06, 0x19, 0x06, 0x21, 0x06, 0x21, 0x06, 0x21, 0x05, 0x19,
    0x06, 0x21, 0x06, 0x21, 0x05, 0x19, 0x06, 0x21, 0x06, 0x21, 0x05, 0x21,
    0x06, 0x19, 0x05, 0x21, 0x05, 0x19, 0x06, 0x21, 0x06, 0x21, 0x05, 0x21,
    0x06, 0x21, 0x06, 0x19, 0x05, 0x21, 0x06, 0x21, 0x06, 0x19, 0x05, 0x21,
    0x06, 0x19, 0x05, 0x21, 0x06, 0x21, 0x05, 0x21, 0x06, 0x21, 0x06, 0x21,
    0x05, 0x19, 0x06, 0x21, 0x06, 0x21, 0x05, 0x21, 0x06, 0x21, 0x06, 0x21,
    0x05, 0x19, 0x06, 0x21, 0x06, 0x21, 0x06, 0x21, 0x05, 0x19, 0x06, 0x21,
    0x06, 0x21, 0x05, 0x19, 0x06, 0x21, 0x06, 0x21, 0x05, 0x21, 0x06, 0x21,
    0x06, 0x19, 0x05, 0x21, 0x06, 0x21, 0x06, 0x19, 0x05, 0x21, 0x06, 0x21,
    0x05, 0x21, 0x06, 0x19, 0x06, 0x21, 0x05, 0x21, 0x06, 0x21, 0x06, 0x19,
    0x05, 0x21, 0x06, 0x21, 0x05, 0x21, 0x06, 0x19, 0x06, 0x21, 0x06, 0x21,
    0x05, 0x19, 0x06, 0x21, 0x06, 0x21, 0x05, 0x21, 0x06, 0x19, 0x06, 0x21,
    0x05, 0x21, 0x06, 0x21, 0x06, 0x21, 0x05, 0x21, 0x06, 0x21, 0x06, 0x19,
    0x05, 0x21, 0x06, 0x21, 0x06, 0x19, 0x05, 0x21, 0x06, 0x21, 0x05, 0x21,
    0x06, 0x21, 0x06, 0x21, 0x05, 0x21, 0x06, 0x21, 0x06, 0x19, 0x05, 0x21,
    0x06, 0x21, 0x05, 0x19, 0x06, 0x21, 0x06, 0x21, 0x05, 0x21, 0x06, 0x21,
    0x05, 0x19, 0x05, 0x21, 0x06, 0x21, 0x06, 0x21, 0x06, 0x19, 0x05, 0x21,
    0x06, 0x19, 0x05, 0x21, 0x06, 0x21, 0x05, 0x19, 0x06, 0x21, 0x06, 0x21,
    0x05, 0x21, 0x06, 0x21, 0x06, 0x21, 0x05, 0x19, 0x06, 0x21, 0x05, 0x21,
    0x06, 0x21, 0x06, 0x19, 0x05, 0x21, 0x06, 0x19, 0x06, 0x21, 0x05, 0x19,
    0x06, 0x21, 0x06, 0x21, 0xc4, 0x18, 0x0b, 0x32, 0x1f, 0x7f, 0x1f, 0x7f,
    0xff, 0x7e, 0xff, 0x7e, 0xff, 0x7e, 0xff, 0x7e, 0xff, 0x7e, 0xff, 0x7e,
    0xff, 0x7e, 0xff, 0x7e, 0xff, 0x7e, 0xff, 0x7e, 0xff, 0x7e, 0xff, 0x7e,
    0xff, 0x7e, 0xff, 0x7e, 0xff, 0x7e, 0x7f, 0x87, 0xd2, 0x4b, 0x83, 0x18,
    0x06, 0x21, 0x05, 0x21, 0x05, 0x21, 0x06, 0x19, 0x06, 0x21, 0x05, 0x21,
    0x06, 0x21, 0x05, 0x21, 0x06, 0x21, 0x06, 0x19, 0x05, 0x21, 0x06, 0x21,
    0x06, 0x19, 0x05, 0x21, 0x06, 0x21, 0x06, 0x19, 0x05, 0x21, 0x06, 0x21,
    0x05, 0x19, 0x06, 0x21, 0x05, 0x21, 0x06, 0x21, 0x05, 0x21, 0x06, 0x21,
    0x06, 0x19, 0x05, 0x21, 0x06, 0x19, 0x06, 0x21, 0x05, 0x21, 0x06, 0x21,
    0x06, 0x21, 0x05, 0x21, 0x06, 0x19, 0x05, 0x21, 0x06, 0x21, 0x06, 0x21,
    0x05, 0x21, 0x06, 0x19, 0x06, 0x21, 0x05, 0x21, 0x06, 0x21, 0x05, 0x21,
    0x06, 0x21, 0x05, 0x21, 0x06, 0x21, 0x06, 0x19, 0x05, 0x21, 0x06, 0x21,
    0x05, 0x21, 0x06, 0x21, 0x06, 0x21, 0x06, 0x21, 0x05, 0x19, 0x06, 0x21,
    0x06, 0x19, 0x05, 0x21, 0x06, 0x19, 0x05, 0x19, 0x06, 0x21, 0x05, 0x19,
    0x06, 0x21, 0x06, 0x19, 0x05, 0x21, 0x06, 0x21, 0x06, 0x21, 0x05, 0x19,
    0x06, 0x21, 0x06, 0x21, 0x05, 0x19, 0x06, 0x21, 0x06, 0x21, 0x05, 0x21,
    0x06, 0x19, 0x06, 0x21, 0x05, 0x21, 0x06, 0x19, 0x05, 0x21, 0x06, 0x21,
    0x06, 0x19, 0x05, 0x21, 0x06, 0x21, 0x06, 0x19, 0x05, 0x19, 0x05, 0x21,
    0x06, 0x21, 0x05, 0x19, 0x05, 0x21, 0x06, 0x21, 0x05, 0x21, 0x06, 0x19,
    0x06, 0x21, 0x05, 0x21, 0x06, 0x19, 0x06, 0x21, 0x05, 0x21, 0x06, 0x21,
    0x06, 0x19, 0x06, 0x21, 0x06, 0x21, 0x05, 0x21, 0x06, 0x19, 0x06, 0x21,
    0x05, 0x21, 0x06, 0x21, 0x06, 0x21, 0x05, 0x21, 0x06, 0x19, 0x06, 0x21,
    0x05, 0x21, 0x06, 0x19, 0x06, 0x21, 0x05, 0x21, 0x06, 0x19, 0x05, 0x21,
    0x06, 0x21, 0x05, 0x21, 0x06, 0x21, 0x05, 0x19, 0x06, 0x21, 0x06, 0x21,
    0x05, 0x21, 0x06, 0x21, 0x06, 0x19, 0x05, 0x21, 0x06, 0x21, 0x06, 0x21,
    0x05, 0x21, 0x06, 0x19, 0x06, 0x21, 0x05, 0x21, 0x06, 0x19, 0x06, 0x21,
    0x05, 0x21, 0x06, 0x21, 0x06, 0x21, 0x05, 0x21, 0x06, 0x21, 0x06, 0x21,
    0x05, 0x21, 0x06, 0x19, 0x06, 0x21, 0x05, 0x21, 0x06, 0x21, 0x06, 0x19,
    0x05, 0x21, 0x06, 0x21, 0x06, 0x19, 0x05, 0x21, 0x05, 0x21, 0x06, 0x21,
    0x06, 0x21, 0x05, 0x21, 0x06, 0x19, 0x06, 0x21, 0x05, 0x21, 0x06, 0x21,
    0x05, 0x19, 0x06, 0x21, 0x05, 0x19, 0x06, 0x21, 0x06, 0x21, 0x05, 0x19,
    0x06, 0x21, 0x06, 0x21, 0x05, 0x21, 0x06, 0x21, 0x06, 0x21, 0x05, 0x19,
    0x06, 0x21, 0x05, 0x21, 0x06, 0x19, 0x06, 0x21, 0x05, 0x21, 0x06, 0x21,
    0x06, 0x21, 0x05, 0x21, 0x06, 0x19, 0x05, 0x21, 0x06, 0x21, 0x06, 0x19,
    0x05, 0x21, 0x06, 0x21, 0x06, 0x19, 0x05, 0x21, 0x05, 0x21, 0x06, 0x21,
    0x06, 0x21, 0x05, 0x19, 0x06, 0x21, 0x06, 0x21, 0x05, 0x21, 0x06, 0x19,
    0x05, 0x21, 0x06, 0x21, 0x06, 0x21, 0x05, 0x19, 0x06, 0x21, 0x06, 0x21,
    0x05, 0x21, 0x06, 0x19, 0x06, 0x21, 0x05, 0x21, 0x06, 0x21, 0x05, 0x21,
    0x06, 0x19, 0x06, 0x21, 0x05, 0x21, 0xc4, 0x18, 0x0b, 0x32, 0x1f, 0x7f,
    0xff, 0x7e, 0xff, 0x7e, 0xff, 0x7e, 0xff, 0x7e, 0xff, 0x7e, 0xff, 0x7e,
    0xff, 0x7e, 0xff, 0x7e, 0xff, 0x7e, 0xff, 0x7e, 0xff, 0x7e, 0xff, 0x7e,
    0xff, 0x7e, 0xff, 0x7e, 0xff, 0x7e, 0xff, 0x7e, 0x7f, 0x87, 0xd2, 0x4b,
    0x83, 0x18, 0x06, 0x19, 0x06, 0x21, 0x05, 0x21, 0x06, 0x21, 0x05, 0x19,
    0x06, 0x21, 0x06, 0x19, 0x05, 0x21, 0x06, 0x21, 0x06, 0x21, 0x05, 0x21,
    0x06, 0x21, 0x05, 0x21, 0x06, 0x21, 0x05, 0x19, 0x06, 0x21, 0x06, 0x21,
    0x05, 0x19, 0x06, 0x21, 0x06, 0x21, 0x05, 0x19, 0x06, 0x21, 0x06, 0x21,
    0x05, 0x21, 0x06, 0x21, 0x05, 0x21, 0x06, 0x21, 0x06, 0x19, 0x05, 0x21,
    0x06, 0x19, 0x06, 0x21, 0x06, 0x21, 0x05, 0x19, 0x06, 0x21, 0x06, 0x21,
    0x05, 0x19, 0x06, 0x21, 0x05, 0x21, 0x06, 0x21, 0x06, 0x19, 0x05, 0x21,
    0x06, 0x19, 0x06, 0x21, 0x05, 0x21, 0x06, 0x19, 0x06, 0x21, 0x05, 0x21,
    0x06, 0x19, 0x06, 0x21, 0x05, 0x19, 0x06, 0x21, 0x06, 0x21, 0x05, 0x21,
    0x06, 0x21, 0x05, 0x21, 0x06, 0x21, 0x06, 0x21, 0x05, 0x21, 0x06, 0x21,
    0x06, 0x21, 0x05, 0x21, 0x06, 0x19, 0x06, 0x21, 0x05, 0x21, 0x06, 0x19,
    0x06, 0x21, 0x05, 0x21, 0x06, 0x19, 0x05, 0x21, 0x06, 0x19, 0x06, 0x21,
    0x05, 0x21, 0x06, 0x21, 0x06, 0x19, 0x05, 0x21, 0x06, 0x21, 0x06, 0x21,
    0x05, 0x21, 0x06, 0x21, 0x06, 0x21, 0x05, 0x21, 0x06, 0x21, 0x06, 0x21,
    0x06, 0x19, 0x05, 0x21, 0x06, 0x21, 0x06, 0x21, 0x05, 0x19, 0x06, 0x21,
    0x05, 0x21, 0x06, 0x21, 0x05, 0x21, 0x06, 0x21, 0x06, 0x21, 0x05, 0x21,
    0x05, 0x19, 0x06, 0x21, 0x05, 0x21, 0x06, 0x21, 0x06, 0x21, 0x05, 0x19,
    0x06, 0x21, 0x06, 0x19, 0x05, 0x19, 0x06, 0x21, 0x06, 0x21, 0x05, 0x21,
    0x06, 0x21, 0x05, 0x21, 0x06, 0x21, 0x06, 0x21, 0x05, 0x19, 0x06, 0x21,
    0x06, 0x19, 0x05, 0x21, 0x06, 0x21, 0x06, 0x19, 0x05, 0x21, 0x06, 0x21,
    0x06, 0x19, 0x05, 0x21, 0x06, 0x21, 0x05, 0x21, 0x05, 0x19, 0x06, 0x21,
    0x06, 0x21, 0x05, 0x19, 0x06, 0x21, 0x06, 0x21, 0x05, 0x21, 0x06, 0x21,
    0x06, 0x19, 0x05, 0x21, 0x06, 0x21, 0x05, 0x19, 0x06, 0x21, 0x05, 0x19,
    0x06, 0x21, 0x06, 0x21, 0x05, 0x21, 0x06, 0x21, 0x05, 0x21, 0x06, 0x19,
    0x06, 0x21, 0x05, 0x21, 0x06, 0x21, 0x06, 0x21, 0x06, 0x19, 0x05, 0x21,
    0x06, 0x21, 0x05, 0x19, 0x06, 0x21, 0x06, 0x21, 0x05, 0x19, 0x06, 0x21,
    0x06, 0x21, 0x05, 0x21, 0x06, 0x21, 0x06, 0x19, 0x05, 0x21, 0x06, 0x21,
    0x05, 0x21, 0x06, 0x21, 0x06, 0x19, 0x05, 0x21, 0x06, 0x21, 0x06, 0x19,
    0x05, 0x21, 0x06, 0x21, 0x06, 0x19, 0x05, 0x21, 0x06, 0x21, 0x05, 0x19,
    0x06, 0x21, 0x06, 0x21, 0x06, 0x19, 0x05, 0x21, 0x06, 0x21, 0x06, 0x19,
    0x05, 0x21, 0x06, 0x21, 0x06, 0x21, 0x06, 0x21, 0x06, 0x21, 0x06, 0x21,
    0x05, 0x21, 0x06, 0x21, 0x06, 0x21, 0x05, 0x19, 0x06, 0x21, 0x06, 0x21,
    0x05, 0x21, 0x06, 0x19, 0x06, 0x21, 0x05, 0x21, 0x05, 0x19, 0x06, 0x21,
    0x06, 0x21, 0x05, 0x19, 0x06, 0x21, 0x05, 0x21, 0x06, 0x21, 0x06, 0x21,
    0x05, 0x21, 0x06, 0x21, 0x06, 0x19, 0x05, 0x21, 0xc4, 0x18, 0x0a, 0x32,
    0x1f, 0x7f, 0xff, 0x7e, 0xff, 0x7e, 0xff, 0x7e, 0xff, 0x7e, 0xff, 0x7e,
    0xff, 0x7e, 0xff, 0x7e, 0xff, 0x7e, 0xff, 0x7e, 0xff, 0x7e, 0xff, 0x7e,
    0xff, 0x7e, 0xff, 0x7e, 0xff, 0x7e, 0xff, 0x7e, 0xff, 0x7e, 0x7f, 0x87,
    0xd2, 0x4b, 0x84, 0x18, 0x06, 0x21, 0x06, 0x19, 0x06, 0x21, 0x05, 0x21,
    0x06, 0x21, 0x06, 0x21, 0x05, 0x19, 0x06, 0x21, 0x05, 0x21, 0x06, 0x19,
    0x06, 0x19, 0x05, 0x21, 0x06, 0x21, 0x06, 0x19, 0x05, 0x21, 0x06, 0x21,
    0x06, 0x21, 0x05, 0x21, 0x06, 0x21, 0x06, 0x19, 0x05, 0x21, 0x06, 0x19,
    0x06, 0x21, 0x05, 0x19, 0x06, 0x21, 0x06, 0x21, 0x05, 0x21, 0x06, 0x21,
    0x05, 0x21, 0x05, 0x19, 0x06, 0x21, 0x05, 0x21, 0x06, 0x21, 0x06, 0x21,
    0x05, 0x19, 0x06, 0x21, 0x06, 0x21, 0x05, 0x21, 0x06, 0x19, 0x06, 0x21,
    0x05, 0x21, 0x06, 0x21, 0x06, 0x19, 0x05, 0x21, 0x06, 0x21, 0x05, 0x21,
    0x06, 0x21, 0x06, 0x21, 0x05, 0x21, 0x05, 0x19, 0x06, 0x21, 0x05, 0x21,
    0x06, 0x19, 0x06, 0x21, 0x05, 0x21, 0x06, 0x19, 0x06, 0x21, 0x05, 0x21,
    0x06, 0x19, 0x06, 0x21, 0x05, 0x21, 0x06, 0x21, 0x05, 0x21, 0x06, 0x21,
    0x05, 0x21, 0x06, 0x21, 0x06, 0x21, 0x05, 0x21, 0x06, 0x21, 0x05, 0x21,
    0x06, 0x19, 0x05, 0x21, 0x06, 0x21, 0x05, 0x21, 0x06, 0x19, 0x06, 0x21,
    0x05, 0x19, 0x06, 0x21, 0x05, 0x19, 0x06, 0x19, 0x06, 0x21, 0x05, 0x21,
    0x06, 0x21, 0x06, 0x21, 0x05, 0x19, 0x06, 0x21, 0x06, 0x21, 0x06, 0x21,
    0x05, 0x19, 0x06, 0x21, 0x06, 0x21, 0x05, 0x19, 0x06, 0x21, 0x06, 0x21,
    0x05, 0x19, 0x06, 0x21, 0x06, 0x21, 0x05, 0x19, 0x06, 0x21, 0x06, 0x21,
    0x05, 0x21, 0x06, 0x21, 0x05, 0x21, 0x06, 0x21, 0x05, 0x21, 0x06, 0x19,
    0x06, 0x21, 0x05, 0x19, 0x06, 0x21, 0x06, 0x21, 0x05, 0x19, 0x06, 0x21,
    0x06, 0x21, 0x05, 0x21, 0x06, 0x19, 0x06, 0x21, 0x05, 0x21, 0x06, 0x21,
    0x05, 0x21, 0x06, 0x19, 0x06, 0x21, 0x05, 0x21, 0x06, 0x21, 0x06, 0x21,
    0x05, 0x19, 0x06, 0x21, 0x05, 0x21, 0x06, 0x21, 0x05, 0x19, 0x06, 0x21,
    0x05, 0x21, 0x06, 0x21, 0x06, 0x19, 0x05, 0x21, 0x06, 0x21, 0x06, 0x19,
    0x05, 0x21, 0x06, 0x21, 0x05, 0x19, 0x06, 0x21, 0x06, 0x21, 0x05, 0x19,
    0x06, 0x21, 0x05, 0x21, 0x06, 0x19, 0x05, 0x21, 0x06, 0x21, 0x06, 0x21,
    0x06, 0x19, 0x05, 0x21, 0x06, 0x21, 0x06, 0x21, 0x05, 0x21, 0x05, 0x21,
    0x06, 0x19, 0x06, 0x21, 0x05, 0x21, 0x06, 0x21, 0x06, 0x21, 0x05, 0x19,
    0x06, 0x21, 0x06, 0x21, 0x05, 0x19, 0x05, 0x21, 0x06, 0x21, 0x05, 0x19,
    0x06, 0x21, 0x06, 0x21, 0x05, 0x21, 0x06, 0x21, 0x06, 0x21, 0x05, 0x19,
    0x06, 0x21, 0x05, 0x21, 0x06, 0x19, 0x05, 0x21, 0x06, 0x21, 0x06, 0x21,
    0x05, 0x21, 0x06, 0x21, 0x05, 0x19, 0x05, 0x21, 0x06, 0x21, 0x05, 0x19,
    0x06, 0x19, 0x05, 0x21, 0x06, 0x21, 0x06, 0x19, 0x05, 0x21, 0x06, 0x21,
    0x06, 0x21, 0x05, 0x19, 0x06, 0x21, 0x06, 0x21, 0x05, 0x21, 0x06, 0x21,
    0x06, 0x21, 0x05, 0x21, 0x06, 0x21, 0x06, 0x21, 0x05, 0x19, 0x06, 0x19,
    0x06, 0x21, 0x05, 0x21, 0x06, 0x19, 0x06, 0x21, 0x06, 0x21, 0xc4, 0x18,
    0x0b, 0x32, 0x1f, 0x7f, 0x1f, 0x7f, 0xff, 0x7e, 0xff, 0x7e, 0xff, 0x7e,
    0xff, 0x7e, 0xff, 0x7e, 0xff, 0x7e, 0xff, 0x7e, 0xff, 0x7e, 0xff, 0x7e,
    0xff, 0x7e, 0xff, 0x7e, 0xff, 0x7e, 0xff, 0x7e, 0xff, 0x7e, 0xff, 0x7e,
    0x7f, 0x87, 0xd2, 0x4b, 0x83, 0x18, 0x05, 0x21, 0x06, 0x21, 0x05, 0x19,
    0x06, 0x21, 0x06, 0x21, 0x05, 0x21, 0x06, 0x21, 0x06, 0x21, 0x05, 0x21,
    0x06, 0x21, 0x06, 0x21, 0x05, 0x21, 0x06, 0x19, 0x06, 0x21, 0x05, 0x21,
    0x06, 0x19, 0x05, 0x21, 0x06, 0x21, 0x05, 0x19, 0x06, 0x21, 0x06, 0x21,
    0x05, 0x21, 0x06, 0x21, 0x05, 0x21, 0x06, 0x19, 0x06, 0x21, 0x05, 0x19,
    0x06, 0x21, 0x06, 0x21, 0x06, 0x21, 0x05, 0x19, 0x06, 0x21, 0x06, 0x21,
    0x05, 0x19, 0x06, 0x21, 0x06, 0x21, 0x05, 0x21, 0x06, 0x19, 0x05, 0x21,
    0x06, 0x21, 0x05, 0x21, 0x06, 0x21, 0x05, 0x21, 0x06, 0x19, 0x06, 0x21,
    0x05, 0x21, 0x06, 0x19, 0x06, 0x21, 0x05, 0x21, 0x06, 0x21, 0x06, 0x21,
    0x05, 0x19, 0x06, 0x21, 0x06, 0x21, 0x05, 0x19, 0x06, 0x21, 0x05, 0x21,
    0x06, 0x19, 0x05, 0x21, 0x06, 0x21, 0x06, 0x19, 0x05, 0x21, 0x06, 0x19,
    0x06, 0x21, 0x05, 0x19, 0x06, 0x21, 0x06, 0x19, 0x05, 0x21, 0x06, 0x21,
    0x06, 0x21, 0x05, 0x19, 0x06, 0x21, 0x06, 0x21, 0x05, 0x21, 0x06, 0x21,
    0x06, 0x21, 0x05, 0x21, 0x06, 0x21, 0x06, 0x21, 0x05, 0x21, 0x06, 0x19,
    0x05, 0x21, 0x06, 0x21, 0x05, 0x19, 0x06, 0x21, 0x05, 0x21, 0x06, 0x21,
    0x05, 0x21, 0x06, 0x19, 0x06, 0x21, 0x05, 0x21, 0x06, 0x19, 0x06, 0x21,
    0x05, 0x21, 0x06, 0x19, 0x06, 0x21, 0x05, 0x21, 0x06, 0x21, 0x05, 0x19,
    0x06, 0x21, 0x06, 0x21, 0x05, 0x19, 0x06, 0x21, 0x06, 0x21, 0x05, 0x21,
    0x06, 0x21, 0x06, 0x19, 0x05, 0x21, 0x06, 0x21, 0x05, 0x19, 0x06, 0x21,
    0x06, 0x21, 0x05, 0x21, 0x06, 0x21, 0x06, 0x21, 0x05, 0x19, 0x06, 0x21,
    0x06, 0x21, 0x05, 0x19, 0x06, 0x21, 0x06, 0x21, 0x05, 0x19, 0x06, 0x21,
    0x06, 0x21, 0x05, 0x21, 0x06, 0x19, 0x06, 0x21, 0x05, 0x21, 0x06, 0x21,
    0x06, 0x19, 0x05, 0x21, 0x06, 0x21, 0x06, 0x21, 0x05, 0x21, 0x06, 0x21,
    0x06, 0x21, 0x05, 0x21, 0x06, 0x21, 0x06, 0x19, 0x05, 0x21, 0x06, 0x21,
    0x06, 0x19, 0x05, 0x21, 0x06, 0x21, 0x06, 0x21, 0x05, 0x19, 0x05, 0x21,
    0x06, 0x21, 0x05, 0x21, 0x06, 0x19, 0x06, 0x21, 0x05, 0x19, 0x06, 0x21,
    0x06, 0x21, 0x05, 0x21, 0x06, 0x19, 0x06, 0x21, 0x05, 0x21, 0x06, 0x19,
    0x05, 0x21, 0x06, 0x21, 0x06, 0x19, 0x05, 0x21, 0x06, 0x21, 0x06, 0x21,
    0x05, 0x21, 0x06, 0x21, 0x05, 0x19, 0x06, 0x21, 0x05, 0x21, 0x06, 0x19,
    0x06, 0x21, 0x05, 0x21, 0x06, 0x21, 0x06, 0x21, 0x05, 0x21, 0x06, 0x19,
    0x05, 0x21, 0x06, 0x21, 0x06, 0x19, 0x06, 0x21, 0x05, 0x21, 0x06, 0x19,
    0x06, 0x21, 0x06, 0x21, 0x05, 0x21, 0x06, 0x19, 0x05, 0x21, 0x06, 0x21,
    0x05, 0x21, 0x06, 0x19, 0x05, 0x21, 0x06, 0x21, 0x06, 0x19, 0x05, 0x21,
    0x06, 0x19, 0x06, 0x21, 0x05, 0x19, 0x06, 0x21, 0x06, 0x21, 0x05, 0x21,
    0x06, 0x21, 0x05, 0x21, 0x06, 0x19, 0x05, 0x21, 0x06, 0x21, 0x06, 0x21,
    0xc4, 0x18, 0x0a, 0x32, 0x1f, 0x7f, 0x1f, 0x7f, 0xff, 0x7e, 0xff, 0x7e,
    0xff, 0x7e, 0xff, 0x7e, 0xff, 0x7e, 0xff, 0x7e, 0xff, 0x7e, 0xff, 0x7e,
    0xff, 0x7e, 0xff, 0x7e, 0xff, 0x7e, 0xff, 0x7e, 0xff, 0x7e, 0xff, 0x7e,
    0xff, 0x7e, 0x7f, 0x87, 0xd2, 0x4b, 0x84, 0x18, 0x06, 0x19, 0x05, 0x21,
    0x06, 0x21, 0x06, 0x19, 0x05, 0x21, 0x05, 0x19, 0x06, 0x21, 0x06, 0x19,
    0x05, 0x19, 0x06, 0x21, 0x05, 0x21, 0x06, 0x21, 0x05, 0x21, 0x06, 0x21,
    0x06, 0x21, 0x05, 0x19, 0x06, 0x21, 0x06, 0x21, 0x05, 0x21, 0x06, 0x21,
    0x05, 0x21, 0x06, 0x19, 0x06, 0x21, 0x05, 0x21, 0x06, 0x21, 0x05, 0x21,
    0x06, 0x19, 0x06, 0x21, 0x05, 0x21, 0x06, 0x21, 0x06, 0x21, 0x05, 0x19,
    0x06, 0x21, 0x05, 0x21, 0x06, 0x21, 0x05, 0x21, 0x06, 0x19, 0x06, 0x21,
    0x05, 0x21, 0x06, 0x19, 0x06, 0x21, 0x05, 0x21, 0x06, 0x19, 0x06, 0x21,
    0x05, 0x21, 0x06, 0x19, 0x05, 0x21, 0x06, 0x21, 0x06, 0x19, 0x06, 0x21,
    0x05, 0x21, 0x06, 0x19, 0x06, 0x21, 0x05, 0x21, 0x06, 0x21, 0x06, 0x21,
    0x06, 0x21, 0x05, 0x21, 0x06, 0x21, 0x05, 0x21, 0x06, 0x21, 0x06, 0x19,
    0x05, 0x21, 0x06, 0x21, 0x06, 0x21, 0x05, 0x19, 0x06, 0x21, 0x06, 0x21,
    0x05, 0x19, 0x06, 0x21, 0x06, 0x21, 0x05, 0x19, 0x06, 0x21, 0x06, 0x19,
    0x05, 0x21, 0x06, 0x21, 0x05, 0x19, 0x06, 0x21, 0x06, 0x21, 0x05, 0x21,
    0x06, 0x21, 0x06, 0x19, 0x05, 0x21, 0x06, 0x21, 0x06, 0x21, 0x05, 0x19,
    0x06, 0x21, 0x06, 0x21, 0x05, 0x21, 0x06, 0x21, 0x05, 0x21, 0x06, 0x21,
    0x05, 0x21, 0x06, 0x21, 0x06, 0x21, 0x05, 0x21, 0x06, 0x21, 0x06, 0x19,
    0x05, 0x21, 0x06, 0x21, 0x06, 0x19, 0x05, 0x21, 0x06, 0x21, 0x06, 0x19,
    0x05, 0x21, 0x06, 0x21, 0x05, 0x21, 0x06, 0x21, 0x06, 0x21, 0x05, 0x21,
    0x06, 0x21, 0x05, 0x19, 0x06, 0x21, 0x06, 0x21, 0x05, 0x21, 0x06, 0x21,
    0x06, 0x19, 0x05, 0x21, 0x06, 0x21, 0x05, 0x21, 0x06, 0x21, 0x06, 0x19,
    0x05, 0x21, 0x06, 0x21, 0x06, 0x19, 0x05, 0x21, 0x06, 0x21, 0x06, 0x21,
    0x05, 0x21, 0x06, 0x19, 0x06, 0x21, 0x05, 0x21, 0x05, 0x19, 0x06, 0x19,
    0x06, 0x21, 0x05, 0x21, 0x06, 0x19, 0x06, 0x21, 0x05, 0x21, 0x06, 0x21,
    0x05, 0x21, 0x06, 0x21, 0x06, 0x21, 0x05, 0x21, 0x06, 0x21, 0x06, 0x21,
    0x06, 0x19, 0x05, 0x21, 0x06, 0x21, 0x06, 0x21, 0x05, 0x21, 0x06, 0x21,
    0x06, 0x19, 0x05, 0x21, 0x06, 0x21, 0x06, 0x19, 0x05, 0x21, 0x06, 0x21,
    0x06, 0x21, 0x05, 0x21, 0x06, 0x21, 0x06, 0x21, 0x05, 0x21, 0x06, 0x19,
    0x06, 0x21, 0x06, 0x21, 0x05, 0x19, 0x06, 0x21, 0x06, 0x21, 0x05, 0x19,
    0x06, 0x21, 0x06, 0x21, 0x05, 0x19, 0x06, 0x21, 0x06, 0x21, 0x05, 0x19,
    0x06, 0x21, 0x06, 0x21, 0x05, 0x19, 0x06, 0x21, 0x06, 0x21, 0x05, 0x21,
    0x06, 0x21, 0x06, 0x21, 0x06, 0x21, 0x06, 0x21, 0x05, 0x21, 0x06, 0x21,
    0x06, 0x19, 0x06, 0x21, 0x05, 0x21, 0x06, 0x21, 0x05, 0x21, 0x06, 0x21,
    0x06, 0x19, 0x05, 0x21, 0x06, 0x21, 0x05, 0x21, 0x06, 0x19, 0x05, 0x21,
    0x06, 0x21, 0x06, 0x21, 0x05, 0x19, 0x06, 0x21, 0x06, 0x21, 0x05, 0x21,
    0x06, 0x19, 0xc4, 0x18, 0x0a, 0x32, 0x1f, 0x7f, 0xff, 0x7e, 0xff, 0x7e,
    0xff, 0x7e, 0xff, 0x7e, 0xff, 0x7e, 0xff, 0x7e, 0xff, 0x7e, 0xff, 0x7e,
    0xff, 0x7e, 0xff, 0x7e, 0xff, 0x7e, 0xff, 0x7e, 0xff, 0x7e, 0xff, 0x7e,
    0xff, 0x7e, 0xff, 0x7e, 0x7f, 0x87, 0xf2, 0x4b, 0x83, 0x18, 0x06, 0x21,
    0x06, 0x21, 0x05, 0x21, 0x06, 0x21, 0x06, 0x19, 0x05, 0x21, 0x06, 0x21,
    0x06, 0x21, 0x05, 0x21, 0x06, 0x19, 0x06, 0x21, 0x05, 0x19, 0x06, 0x21,
    0x05, 0x21, 0x06, 0x19, 0x06, 0x21, 0x05, 0x21, 0x06, 0x19, 0x06, 0x21,
    0x05, 0x21, 0x06, 0x19, 0x06, 0x21, 0x05, 0x21, 0x06, 0x19, 0x06, 0x21,
    0x05, 0x21, 0x06, 0x21, 0x05, 0x19, 0x05, 0x21, 0x06, 0x21, 0x06, 0x19,
    0x05, 0x21, 0x06, 0x21, 0x06, 0x21, 0x05, 0x19, 0x06, 0x21, 0x06, 0x21,
    0x05, 0x21, 0x06, 0x21, 0x06, 0x19, 0x05, 0x21, 0x06, 0x21, 0x06, 0x21,
    0x05, 0x21, 0x06, 0x21, 0x06, 0x21, 0x05, 0x21, 0x05, 0x19, 0x06, 0x21,
    0x05, 0x21, 0x06, 0x21, 0x06, 0x21, 0x05, 0x19, 0x05, 0x21, 0x06, 0x21,
    0x05, 0x19, 0x06, 0x19, 0x06, 0x21, 0x05, 0x19, 0x06, 0x21, 0x05, 0x21,
    0x06, 0x21, 0x05, 0x21, 0x06, 0x21, 0x06, 0x21, 0x05, 0x21, 0x05, 0x21,
    0x06, 0x21, 0x05, 0x19, 0x06, 0x21, 0x06, 0x21, 0x05, 0x21, 0x06, 0x21,
    0x05, 0x19, 0x06, 0x21, 0x06, 0x21, 0x05, 0x19, 0x06, 0x21, 0x05, 0x19,
    0x06, 0x21, 0x06, 0x21, 0x05, 0x21, 0x06, 0x19, 0x06, 0x21, 0x05, 0x21,
    0x06, 0x19, 0x06, 0x21, 0x05, 0x19, 0x06, 0x21, 0x06, 0x19, 0x06, 0x19,
    0x05, 0x21, 0x06, 0x19, 0x06, 0x21, 0x05, 0x19, 0x06, 0x21, 0x06, 0x21,
    0x05, 0x21, 0x06, 0x21, 0x05, 0x21, 0x06, 0x21, 0x05, 0x21, 0x06, 0x21,
    0x05, 0x19, 0x06, 0x21, 0x06, 0x21, 0x05, 0x19, 0x06, 0x21, 0x06, 0x19,
    0x05, 0x21, 0x06, 0x21, 0x06, 0x19, 0x05, 0x21, 0x05, 0x19, 0x06, 0x21,
    0x05, 0x21, 0x06, 0x21, 0x06, 0x19, 0x05, 0x21, 0x06, 0x21, 0x05, 0x19,
    0x06, 0x21, 0x05, 0x21, 0x06, 0x21, 0x06, 0x21, 0x05, 0x21, 0x06, 0x19,
    0x06, 0x21, 0x05, 0x21, 0x06, 0x21, 0x06, 0x21, 0x05, 0x21, 0x06, 0x21,
    0x06, 0x21, 0x05, 0x19, 0x06, 0x21, 0x05, 0x21, 0x06, 0x19, 0x06, 0x21,
    0x05, 0x19, 0x06, 0x21, 0x06, 0x19, 0x05, 0x21, 0x06, 0x19, 0x05, 0x21,
    0x06, 0x21, 0x06, 0x21, 0x05, 0x19, 0x06, 0x21, 0x05, 0x21, 0x06, 0x19,
    0x06, 0x21, 0x05, 0x21, 0x06, 0x21, 0x06, 0x21, 0x05, 0x21, 0x05, 0x19,
    0x06, 0x21, 0x06, 0x19, 0x05, 0x21, 0x06, 0x19, 0x05, 0x21, 0x06, 0x21,
    0x05, 0x19, 0x06, 0x21, 0x05, 0x21, 0x06, 0x21, 0x06, 0x21, 0x05, 0x21,
    0x06, 0x21, 0x05, 0x21, 0x06, 0x21, 0x06, 0x19, 0x05, 0x21, 0x06, 0x21,
    0x06, 0x21, 0x05, 0x21, 0x06, 0x21, 0x05, 0x21, 0x05, 0x21, 0x06, 0x19,
    0x06, 0x21, 0x05, 0x21, 0x05, 0x19, 0x05, 0x21, 0x06, 0x19, 0x06, 0x21,
    0x05, 0x21, 0x06, 0x19, 0x05, 0x21, 0x06, 0x21, 0x06, 0x19, 0x05, 0x21,
    0x06, 0x21, 0x05, 0x21, 0x06, 0x21, 0x06, 0x21, 0x06, 0x21, 0x05, 0x21,
    0x06, 0x19, 0x06, 0x21, 0x05, 0x21, 0x06, 0x21, 0x06, 0x21, 0x05, 0x19,
    0x06, 0x21, 0x06, 0x21, 0xc4, 0x18, 0x0b, 0x32, 0x1f, 0x7f, 0xff, 0x7e,
    0xff, 0x7e, 0xff, 0x7e, 0xff, 0x7e, 0xff, 0x7e, 0xff, 0x7e, 0xff, 0x7e,
    0xff, 0x7e, 0xff, 0x7e, 0xff, 0x7e, 0xff, 0x7e, 0xff, 0x7e, 0xff, 0x7e,
    0xff, 0x7e, 0xff, 0x7e, 0xff, 0x7e, 0x7f, 0x87, 0xd2, 0x4b, 0x83, 0x18,
    0x06, 0x19, 0x06, 0x21, 0x05, 0x21, 0x06, 0x21, 0x06, 0x21, 0x05, 0x21,
    0x06, 0x21, 0x06, 0x21, 0x05, 0x21, 0x06, 0x21, 0x06, 0x21, 0x05, 0x19,
    0x06, 0x21, 0x06, 0x21, 0x05, 0x21, 0x06, 0x21, 0x05, 0x21, 0x06, 0x19,
    0x06, 0x21, 0x05, 0x21, 0x06, 0x19, 0x05, 0x21, 0x06, 0x21, 0x06, 0x19,
    0x05, 0x21, 0x06, 0x21, 0x06, 0x21, 0x06, 0x19, 0x06, 0x21, 0x05, 0x21,
    0x06, 0x21, 0x06, 0x21, 0x05, 0x19, 0x06, 0x21, 0x06, 0x21, 0x05, 0x19,
    0x06, 0x21, 0x05, 0x21, 0x06, 0x21, 0x06, 0x21, 0x05, 0x19, 0x06, 0x21,
    0x05, 0x21, 0x06, 0x19, 0x06, 0x19, 0x05, 0x21, 0x06, 0x21, 0x06, 0x21,
    0x06, 0x19, 0x05, 0x21, 0x06, 0x21, 0x06, 0x21, 0x05, 0x21, 0x06, 0x19,
    0x06, 0x21, 0x05, 0x21, 0x06, 0x21, 0x06, 0x21, 0x05, 0x21, 0x06, 0x19,
    0x06, 0x21, 0x05, 0x21, 0x06, 0x19, 0x05, 0x19, 0x06, 0x21, 0x06, 0x21,
    0x06, 0x19, 0x06, 0x21, 0x05, 0x21, 0x06, 0x21, 0x05, 0x19, 0x06, 0x21,
    0x06, 0x21, 0x05, 0x21, 0x06, 0x21, 0x06, 0x21, 0x05, 0x21, 0x06, 0x21,
    0x06, 0x21, 0x05, 0x19, 0x06, 0x21, 0x05, 0x21, 0x06, 0x21, 0x06, 0x21,
    0x05, 0x21, 0x06, 0x21, 0x05, 0x21, 0x06, 0x21, 0x05, 0x21, 0x06, 0x21,
    0x05, 0x21, 0x06, 0x21, 0x06, 0x21, 0x05, 0x19, 0x05, 0x21, 0x06, 0x21,
    0x05, 0x19, 0x06, 0x21, 0x06, 0x19, 0x05, 0x21, 0x06, 0x19, 0x06, 0x21,
    0x05, 0x21, 0x06, 0x21, 0x06, 0x19, 0x05, 0x21, 0x06, 0x21, 0x05, 0x19,
    0x06, 0x21, 0x06, 0x21, 0x05, 0x21, 0x06, 0x21, 0x06, 0x21, 0x06, 0x21,
    0x06, 0x19, 0x05, 0x21, 0x06, 0x21, 0x06, 0x21, 0x05, 0x19, 0x06, 0x21,
    0x06, 0x21, 0x05, 0x21, 0x06, 0x19, 0x05, 0x21, 0x06, 0x21, 0x05, 0x19,
    0x06, 0x21, 0x05, 0x19, 0x06, 0x21, 0x05, 0x19, 0x06, 0x19, 0x06, 0x21,
    0x05, 0x21, 0x06, 0x21, 0x06, 0x21, 0x05, 0x21, 0x06, 0x21, 0x05, 0x21,
    0x06, 0x21, 0x06, 0x21, 0x05, 0x19, 0x06, 0x21, 0x06, 0x21, 0x05, 0x19,
    0x06, 0x21, 0x05, 0x21, 0x06, 0x19, 0x06, 0x21, 0x05, 0x21, 0x06, 0x19,
    0x05, 0x21, 0x06, 0x21, 0x05, 0x19, 0x06, 0x21, 0x06, 0x21, 0x05, 0x19,
    0x06, 0x21, 0x06, 0x21, 0x05, 0x21, 0x06, 0x21, 0x06, 0x19, 0x05, 0x21,
    0x06, 0x21, 0x06, 0x21, 0x05, 0x19, 0x06, 0x21, 0x06, 0x21, 0x05, 0x19,
    0x06, 0x19, 0x06, 0x21, 0x05, 0x21, 0x06, 0x21, 0x05, 0x21, 0x06, 0x19,
    0x05, 0x21, 0x06, 0x19, 0x06, 0x21, 0x05, 0x19, 0x06, 0x21, 0x06, 0x21,
    0x05, 0x19, 0x06, 0x21, 0x06, 0x21, 0x06, 0x21, 0x06, 0x21, 0x05, 0x21,
    0x06, 0x19, 0x06, 0x21, 0x05, 0x21, 0x06, 0x21, 0x06, 0x21, 0x05, 0x19,
    0x06, 0x21, 0x06, 0x21, 0x05, 0x19, 0x06, 0x21, 0x05, 0x19, 0x06, 0x21,
    0x06, 0x21, 0x05, 0x19, 0x06, 0x21, 0x05, 0x21, 0x06, 0x19, 0x05, 0x21,
    0x06, 0x21, 0x05, 0x21, 0x06, 0x21, 0xc4, 0x18, 0x0a, 0x32, 0x1f, 0x7f,
    0x1f, 0x7f, 0xff, 0x7e, 0xff, 0x7e, 0xff, 0x7e, 0xff, 0x7e, 0xff, 0x7e,
    0xff, 0x7e, 0xff, 0x7e, 0xff, 0x7e, 0xff, 0x7e, 0xff, 0x7e, 0xff, 0x7e,
    0xff, 0x7e, 0xff, 0x7e, 0xff, 0x7e, 0xff, 0x7e, 0x7f, 0x87, 0xd2, 0x4b,
    0x84, 0x18, 0x05, 0x21, 0x06, 0x19, 0x05, 0x19, 0x06, 0x21, 0x06, 0x21,
    0x05, 0x19, 0x06, 0x19, 0x05, 0x21, 0x06, 0x19, 0x05, 0x21, 0x06, 0x21,
    0x06, 0x21, 0x05, 0x19, 0x06, 0x21, 0x06, 0x21, 0x05, 0x19, 0x06, 0x21,
    0x05, 0x21, 0x06, 0x21, 0x06, 0x21, 0x05, 0x21, 0x06, 0x21, 0x06, 0x21,
    0x05, 0x21, 0x05, 0x19, 0x06, 0x21, 0x05, 0x21, 0x06, 0x21, 0x06, 0x19,
    0x05, 0x21, 0x06, 0x21, 0x06, 0x19, 0x05, 0x21, 0x06, 0x21, 0x05, 0x21,
    0x06, 0x21, 0x06, 0x19, 0x05, 0x21, 0x06, 0x21, 0x05, 0x19, 0x06, 0x21,
    0x06, 0x21, 0x05, 0x21, 0x06, 0x21, 0x05, 0x21, 0x06, 0x19, 0x06, 0x21,
    0x05, 0x21, 0x06, 0x21, 0x06, 0x19, 0x05, 0x19, 0x06, 0x21, 0x06, 0x21,
    0x06, 0x21, 0x05, 0x21, 0x06, 0x21, 0x06, 0x19, 0x05, 0x21, 0x06, 0x21,
    0x06, 0x21, 0x05, 0x19, 0x06, 0x21, 0x06, 0x21, 0x05, 0x21, 0x06, 0x21,
    0x05, 0x19, 0x06, 0x21, 0x05, 0x21, 0x06, 0x21, 0x06, 0x19, 0x05, 0x21,
    0x06, 0x21, 0x06, 0x19, 0x05, 0x21, 0x06, 0x19, 0x05, 0x21, 0x06, 0x21,
    0x06, 0x19, 0x05, 0x21, 0x06, 0x21, 0x06, 0x19, 0x05, 0x21, 0x06, 0x21,
    0x05, 0x19, 0x06, 0x21, 0x06, 0x21, 0x05, 0x19, 0x06, 0x21, 0x06, 0x21,
    0x05, 0x19, 0x06, 0x21, 0x05, 0x21, 0x06, 0x21, 0x06, 0x21, 0x06, 0x21,
    0x05, 0x21, 0x06, 0x19, 0x06, 0x21, 0x05, 0x21, 0x06, 0x19, 0x06, 0x21,
    0x05, 0x21, 0x06, 0x19, 0x06, 0x21, 0x05, 0x21, 0x06, 0x21, 0x06, 0x21,
    0x05, 0x21, 0x06, 0x21, 0x05, 0x19, 0x06, 0x21, 0x05, 0x21, 0x06, 0x19,
    0x05, 0x21, 0x06, 0x21, 0x06, 0x19, 0x05, 0x21, 0x06, 0x21, 0x06, 0x21,
    0x05, 0x21, 0x06, 0x21, 0x06, 0x19, 0x06, 0x21, 0x06, 0x21, 0x05, 0x19,
    0x06, 0x21, 0x06, 0x21, 0x05, 0x21, 0x06, 0x21, 0x06, 0x21, 0x05, 0x21,
    0x06, 0x19, 0x05, 0x21, 0x06, 0x19, 0x06, 0x21, 0x05, 0x19, 0x06, 0x21,
    0x06, 0x21, 0x05, 0x19, 0x06, 0x21, 0x05, 0x21, 0x06, 0x21, 0x06, 0x21,
    0x05, 0x21, 0x06, 0x21, 0x06, 0x21, 0x05, 0x19, 0x06, 0x21, 0x06, 0x21,
    0x05, 0x21, 0x06, 0x21, 0x06, 0x21, 0x05, 0x19, 0x06, 0x21, 0x05, 0x21,
    0x06, 0x21, 0x06, 0x21, 0x05, 0x21, 0x06, 0x21, 0x06, 0x21, 0x05, 0x21,
    0x06, 0x19, 0x06, 0x21, 0x05, 0x21, 0x06, 0x21, 0x06, 0x19, 0x05, 0x21,
    0x05, 0x21, 0x06, 0x21, 0x06, 0x19, 0x05, 0x21, 0x06, 0x21, 0x06, 0x19,
    0x05, 0x21, 0x06, 0x21, 0x05, 0x21, 0x06, 0x21, 0x06, 0x19, 0x06, 0x21,
    0x06, 0x21, 0x05, 0x21, 0x06, 0x19, 0x06, 0x21, 0x05, 0x21, 0x06, 0x21,
    0x05, 0x21, 0x06, 0x21, 0x06, 0x21, 0x05, 0x19, 0x06, 0x21, 0x05, 0x21,
    0x06, 0x21, 0x06, 0x21, 0x05, 0x19, 0x06, 0x21, 0x06, 0x21, 0x05, 0x19,
    0x05, 0x21, 0x06, 0x21, 0x06, 0x21, 0x05, 0x21, 0x06, 0x19, 0x06, 0x21,
    0x06, 0x21, 0x05, 0x19, 0x06, 0x21, 0x06, 0x21, 0xc4, 0x18, 0x0a, 0x32,
    0x1f, 0x7f, 0xff, 0x7e, 0xff, 0x7e, 0xff, 0x7e, 0xff, 0x7e, 0xff, 0x7e,
    0xff, 0x7e, 0xff, 0x7e, 0xff, 0x7e, 0xff, 0x7e, 0xff, 0x7e, 0xff, 0x7e,
    0xff, 0x7e, 0xff, 0x7e, 0xff, 0x7e, 0xff, 0x7e, 0xff, 0x7e, 0x7f, 0x87,
    0xd2, 0x4b, 0x83, 0x18, 0x06, 0x21, 0x06, 0x21, 0x05, 0x21, 0x06, 0x21,
    0x05, 0x19, 0x06, 0x21, 0x06, 0x21, 0x05, 0x21, 0x06, 0x21, 0x06, 0x19,
    0x05, 0x21, 0x06, 0x21, 0x05, 0x21, 0x06, 0x19, 0x06, 0x21, 0x05, 0x21,
    0x06, 0x19, 0x06, 0x21, 0x05, 0x21, 0x06, 0x19, 0x06, 0x21, 0x05, 0x19,
    0x06, 0x21, 0x06, 0x21, 0x06, 0x21, 0x05, 0x19, 0x06, 0x21, 0x05, 0x21,
    0x06, 0x21, 0x05, 0x19, 0x06, 0x21, 0x05, 0x21, 0x06, 0x21, 0x06, 0x19,
    0x05, 0x21, 0x06, 0x21, 0x06, 0x19, 0x05, 0x21, 0x06, 0x21, 0x06, 0x21,
    0x05, 0x19, 0x06, 0x21, 0x06, 0x19, 0x05, 0x21, 0x06, 0x21, 0x06, 0x21,
    0x05, 0x19, 0x05, 0x21, 0x06, 0x21, 0x06, 0x21, 0x05, 0x21, 0x05, 0x19,
    0x06, 0x21, 0x05, 0x21, 0x06, 0x19, 0x06, 0x21, 0x05, 0x21, 0x05, 0x19,
    0x06, 0x21, 0x06, 0x21, 0x05, 0x21, 0x06, 0x19, 0x06, 0x21, 0x06, 0x21,
    0x05, 0x21, 0x06, 0x21, 0x05, 0x19, 0x06, 0x21, 0x06, 0x21, 0x05, 0x21,
    0x06, 0x21, 0x06, 0x21, 0x05, 0x21, 0x06, 0x19, 0x06, 0x21, 0x05, 0x21,
    0x06, 0x19, 0x05, 0x21, 0x06, 0x21, 0x06, 0x21, 0x05, 0x21, 0x06, 0x19,
    0x06, 0x21, 0x05, 0x21, 0x06, 0x19, 0x06, 0x21, 0x05, 0x21, 0x06, 0x19,
    0x06, 0x21, 0x05, 0x21, 0x06, 0x19, 0x06, 0x21, 0x05, 0x19, 0x06, 0x21,
    0x06, 0x21, 0x05, 0x19, 0x06, 0x21, 0x06, 0x21, 0x05, 0x21, 0x06, 0x21,
    0x06, 0x21, 0x05, 0x21, 0x06, 0x19, 0x05, 0x21, 0x06, 0x21, 0x06, 0x19,
    0x05, 0x21, 0x06, 0x21, 0x06, 0x19, 0x05, 0x21, 0x06, 0x21, 0x06, 0x19,
    0x05, 0x21, 0x05, 0x21, 0x06, 0x21, 0x05, 0x21, 0x05, 0x19, 0x06, 0x21,
    0x06, 0x21, 0x05, 0x19, 0x05, 0x21, 0x06, 0x21, 0x05, 0x21, 0x06, 0x21,
    0x06, 0x21, 0x05, 0x21, 0x06, 0x21, 0x06, 0x19, 0x05, 0x21, 0x06, 0x21,
    0x06, 0x21, 0x05, 0x21, 0x06, 0x21, 0x05, 0x21, 0x06, 0x19, 0x06, 0x21,
    0x05, 0x21, 0x06, 0x19, 0x06, 0x21, 0x05, 0x21, 0x06, 0x21, 0x05, 0x19,
    0x06, 0x21, 0x06, 0x21, 0x05, 0x19, 0x06, 0x21, 0x05, 0x21, 0x06, 0x21,
    0x06, 0x19, 0x05, 0x21, 0x06, 0x21, 0x06, 0x19, 0x05, 0x21, 0x06, 0x21,
    0x06, 0x19, 0x05, 0x21, 0x06, 0x19, 0x05, 0x19, 0x06, 0x21, 0x05, 0x19,
    0x06, 0x21, 0x06, 0x21, 0x05, 0x19, 0x06, 0x21, 0x06, 0x21, 0x05, 0x21,
    0x06, 0x21, 0x06, 0x21, 0x05, 0x21, 0x06, 0x21, 0x06, 0x19, 0x05, 0x21,
    0x06, 0x21, 0x06, 0x21, 0x05, 0x21, 0x06, 0x21, 0x05, 0x21, 0x05, 0x21,
    0x06, 0x19, 0x05, 0x21, 0x06, 0x21, 0x05, 0x21, 0x06, 0x19, 0x05, 0x21,
    0x06, 0x21, 0x05, 0x19, 0x06, 0x21, 0x05, 0x21, 0x06, 0x19, 0x06, 0x21,
    0x05, 0x21, 0x06, 0x19, 0x06, 0x21, 0x05, 0x21, 0x06, 0x21, 0x06, 0x21,
    0x06, 0x21, 0x05, 0x19, 0x06, 0x21, 0x06, 0x21, 0x05, 0x19, 0x06, 0x21,
    0x05, 0x21, 0x06, 0x21, 0x06, 0x19, 0x05, 0x21, 0x06, 0x21, 0xc4, 0x18,
    0x0b, 0x32, 0x1f, 0x7f, 0x1f, 0x7f, 0xff, 0x7e, 0xff, 0x7e, 0xff, 0x7e,
    0xff, 0x7e, 0xff, 0x7e, 0xff, 0x7e, 0xff, 0x7e, 0xff, 0x7e, 0xff, 0x7e,
    0xff, 0x7e, 0xff, 0x7e, 0xff, 0x7e, 0xff, 0x7e, 0xff, 0x7e, 0xff, 0x7e,
    0x7f, 0x87, 0xd2, 0x4b, 0x83, 0x18, 0x06, 0x19, 0x06, 0x21, 0x06, 0x21,
    0x05, 0x21, 0x06, 0x21, 0x06, 0x21, 0x05, 0x21, 0x06, 0x21, 0x06, 0x21,
    0x05, 0x19, 0x06, 0x21, 0x06, 0x21, 0x05, 0x21, 0x06, 0x21, 0x05, 0x21,
    0x06, 0x21, 0x06, 0x21, 0x05, 0x19, 0x06, 0x21, 0x05, 0x21, 0x06, 0x19,
    0x05, 0x21, 0x05, 0x21, 0x06, 0x19, 0x06, 0x21, 0x06, 0x21, 0x05, 0x19,
    0x06, 0x21, 0x06, 0x21, 0x06, 0x21, 0x05, 0x19, 0x06, 0x21, 0x06, 0x21,
    0x05, 0x19, 0x06, 0x21, 0x05, 0x21, 0x06, 0x21, 0x06, 0x19, 0x05, 0x21,
    0x06, 0x21, 0x05, 0x21, 0x06, 0x21, 0x06, 0x21, 0x05, 0x19, 0x06, 0x21,
    0x06, 0x21, 0x05, 0x21, 0x06, 0x19, 0x06, 0x21, 0x05, 0x21, 0x06, 0x21,
    0x06, 0x21, 0x05, 0x19, 0x06, 0x21, 0x06, 0x21, 0x05, 0x19, 0x06, 0x21,
    0x06, 0x21, 0x05, 0x19, 0x06, 0x21, 0x06, 0x21, 0x05, 0x21, 0x05, 0x19,
    0x06, 0x21, 0x06, 0x21, 0x05, 0x19, 0x06, 0x21, 0x06, 0x21, 0x05, 0x19,
    0x06, 0x21, 0x06, 0x19, 0x05, 0x21, 0x05, 0x21, 0x06, 0x21, 0x06, 0x21,
    0x05, 0x21, 0x06, 0x21, 0x06, 0x19, 0x05, 0x21, 0x06, 0x21, 0x05, 0x21,
    0x06, 0x21, 0x06, 0x21, 0x05, 0x21, 0x06, 0x19, 0x05, 0x21, 0x06, 0x21,
    0x06, 0x21, 0x05, 0x21, 0x06, 0x21, 0x06, 0x21, 0x05, 0x21, 0x05, 0x19,
    0x06, 0x21, 0x05, 0x21, 0x06, 0x21, 0x06, 0x21, 0x05, 0x19, 0x06, 0x21,
    0x05, 0x21, 0x06, 0x19, 0x06, 0x21, 0x05, 0x21, 0x06, 0x21, 0x05, 0x19,
    0x06, 0x21, 0x05, 0x21, 0x06, 0x19, 0x06, 0x21, 0x05, 0x21, 0x06, 0x21,
    0x06, 0x21, 0x06, 0x19, 0x06, 0x21, 0x06, 0x21, 0x06, 0x21, 0x05, 0x19,
    0x06, 0x21, 0x06, 0x21, 0x05, 0x19, 0x06, 0x21, 0x06, 0x21, 0x05, 0x19,
    0x05, 0x19, 0x06, 0x21, 0x05, 0x21, 0x06, 0x19, 0x06, 0x21, 0x05, 0x21,
    0x06, 0x19, 0x06, 0x21, 0x05, 0x21, 0x06, 0x19, 0x06, 0x21, 0x05, 0x21,
    0x06, 0x21, 0x05, 0x21, 0x06, 0x21, 0x06, 0x19, 0x05, 0x21, 0x06, 0x21,
    0x06, 0x19, 0x05, 0x21, 0x06, 0x21, 0x06, 0x19, 0x05, 0x21, 0x06, 0x21,
    0x05, 0x21, 0x06, 0x19, 0x05, 0x21, 0x06, 0x21, 0x06, 0x21, 0x05, 0x21,
    0x06, 0x21, 0x06, 0x21, 0x05, 0x21, 0x06, 0x21, 0x06, 0x21, 0x05, 0x21,
    0x06, 0x21, 0x06, 0x21, 0x05, 0x21, 0x05, 0x21, 0x06, 0x19, 0x06, 0x21,
    0x05, 0x21, 0x06, 0x19, 0x06, 0x19, 0x05, 0x21, 0x06, 0x21, 0x06, 0x21,
    0x05, 0x19, 0x06, 0x21, 0x06, 0x19, 0x05, 0x19, 0x06, 0x21, 0x06, 0x21,
    0x06, 0x19, 0x05, 0x21, 0x06, 0x21, 0x06, 0x21, 0x05, 0x21, 0x06, 0x21,
    0x06, 0x21, 0x06, 0x21, 0x06, 0x21, 0x05, 0x19, 0x06, 0x21, 0x06, 0x21,
    0x05, 0x21, 0x06, 0x19, 0x05, 0x21, 0x06, 0x21, 0x05, 0x19, 0x05, 0x21,
    0x06, 0x21, 0x06, 0x21, 0x05, 0x21, 0x06, 0x19, 0x06, 0x21, 0x05, 0x21,
    0x06, 0x21, 0x05, 0x21, 0x06, 0x19, 0x06, 0x21, 0x05, 0x21, 0x06, 0x19,
    0xc4, 0x18, 0x0a, 0x32, 0x1f, 0x7f, 0xff, 0x7e, 0xff, 0x7e, 0xff, 0x7e,
    0xff, 0x7e, 0xff, 0x7e, 0xff, 0x7e, 0xff, 0x7e, 0xff, 0x7e, 0xff, 0x7e,
    0xff, 0x7e, 0xff, 0x7e, 0xff, 0x7e, 0xff, 0x7e, 0xff, 0x7e, 0xff, 0x7e,
    0xff, 0x7e, 0x7f, 0x87, 0xd2, 0x4b, 0x84, 0x18, 0x05, 0x21, 0x06, 0x19,
    0x05, 0x21, 0x06, 0x19, 0x06, 0x21, 0x05, 0x19, 0x06, 0x19, 0x06, 0x21,
    0x05, 0x21, 0x05, 0x21, 0x06, 0x19, 0x06, 0x21, 0x05, 0x19, 0x06, 0x21,
    0x06, 0x19, 0x05, 0x21, 0x06, 0x21, 0x06, 0x21, 0x05, 0x21, 0x06, 0x21,
    0x06, 0x21, 0x06, 0x21, 0x05, 0x21, 0x06, 0x21, 0x05, 0x21, 0x06, 0x21,
    0x06, 0x21, 0x05, 0x19, 0x06, 0x21, 0x05, 0x21, 0x06, 0x21, 0x06, 0x21,
    0x05, 0x21, 0x06, 0x21, 0x06, 0x19, 0x05, 0x21, 0x06, 0x21, 0x06, 0x21,
    0x05, 0x19, 0x06, 0x21, 0x06, 0x21, 0x05, 0x19, 0x06, 0x21, 0x05, 0x21,
    0x06, 0x19, 0x06, 0x21, 0x05, 0x21, 0x06, 0x21, 0x06, 0x19, 0x05, 0x21,
    0x06, 0x21, 0x06, 0x21, 0x05, 0x21, 0x06, 0x21, 0x05, 0x21, 0x06, 0x21,
    0x06, 0x21, 0x05, 0x21, 0x06, 0x21, 0x06, 0x19, 0x05, 0x21, 0x06, 0x21,
    0x06, 0x21, 0x05, 0x19, 0x06, 0x21, 0x06, 0x21, 0x05, 0x21, 0x06, 0x21,
    0x05, 0x21, 0x06, 0x19, 0x06, 0x21, 0x05, 0x21, 0x06, 0x19, 0x06, 0x21,
    0x05, 0x19, 0x06, 0x21, 0x06, 0x21, 0x05, 0x21, 0x06, 0x19, 0x06, 0x21,
    0x05, 0x19, 0x06, 0x19, 0x05, 0x21, 0x06, 0x21, 0x06, 0x21, 0x05, 0x19,
    0x06, 0x21, 0x05, 0x21, 0x06, 0x19, 0x06, 0x19, 0x05, 0x21, 0x06, 0x21,
    0x06, 0x21, 0x06, 0x19, 0x05, 0x21, 0x06, 0x21, 0x05, 0x19, 0x06, 0x21,
    0x06, 0x21, 0x05, 0x19, 0x06, 0x21, 0x06, 0x21, 0x05, 0x21, 0x06, 0x19,
    0x06, 0x21, 0x05, 0x21, 0x06, 0x21, 0x05, 0x21, 0x06, 0x21, 0x06, 0x19,
    0x05, 0x21, 0x05, 0x21, 0x06, 0x21, 0x05, 0x19, 0x06, 0x21, 0x06, 0x21,
    0x05, 0x21, 0x06, 0x21, 0x06, 0x21, 0x05, 0x21, 0x06, 0x19, 0x06, 0x21,
    0x06, 0x21, 0x06, 0x21, 0x06, 0x21, 0x05, 0x19, 0x06, 0x21, 0x05, 0x21,
    0x06, 0x21, 0x05, 0x19, 0x06, 0x21, 0x06, 0x21, 0x05, 0x19, 0x06, 0x21,
    0x06, 0x21, 0x05, 0x19, 0x06, 0x21, 0x05, 0x21, 0x06, 0x21, 0x06, 0x21,
    0x05, 0x21, 0x06, 0x21, 0x05, 0x21, 0x06, 0x21, 0x06, 0x21, 0x05, 0x19,
    0x06, 0x21, 0x06, 0x21, 0x05, 0x21, 0x06, 0x19, 0x06, 0x21, 0x05, 0x21,
    0x06, 0x19, 0x05, 0x21, 0x06, 0x19, 0x06, 0x21, 0x05, 0x21, 0x06, 0x19,
    0x06, 0x21, 0x05, 0x21, 0x06, 0x19, 0x06, 0x21, 0x05, 0x21, 0x06, 0x21,
    0x05, 0x19, 0x06, 0x21, 0x06, 0x21, 0x05, 0x21, 0x06, 0x19, 0x05, 0x21,
    0x06, 0x21, 0x05, 0x21, 0x06, 0x21, 0x06, 0x21, 0x05, 0x21, 0x06, 0x21,
    0x06, 0x19, 0x05, 0x21, 0x06, 0x21, 0x06, 0x19, 0x05, 0x19, 0x06, 0x21,
    0x06, 0x21, 0x05, 0x19, 0x05, 0x21, 0x06, 0x21, 0x06, 0x21, 0x05, 0x21,
    0x06, 0x21, 0x06, 0x19, 0x05, 0x21, 0x06, 0x21, 0x06, 0x21, 0x06, 0x19,
    0x05, 0x21, 0x06, 0x19, 0x05, 0x21, 0x06, 0x21, 0x05, 0x21, 0x06, 0x19,
    0x06, 0x21, 0x05, 0x21, 0x06, 0x19, 0x06, 0x21, 0x05, 0x21, 0x06, 0x21,
    0x06, 0x21, 0xc4, 0x18, 0x0b, 0x32, 0x1f, 0x7f, 0x1f, 0x7f, 0xff, 0x7e,
    0xff, 0x7e, 0xff, 0x7e, 0xff, 0x7e, 0xff, 0x7e, 0xff, 0x7e, 0xff, 0x7e,
    0xff, 0x7e, 0xff, 0x7e, 0xff, 0x7e, 0xff, 0x7e, 0xff, 0x7e, 0xff, 0x7e,
    0xff, 0x7e, 0xff, 0x7e, 0x7f, 0x87, 0xf2, 0x4b, 0x84, 0x18, 0x06, 0x21,
    0x05, 0x21, 0x06, 0x21, 0x05, 0x21, 0x06, 0x21, 0x05, 0x21, 0x06, 0x21,
    0x06, 0x19, 0x05, 0x21, 0x06, 0x21, 0x06, 0x21, 0x05, 0x21, 0x06, 0x21,
    0x06, 0x19, 0x05, 0x21, 0x06, 0x21, 0x05, 0x19, 0x06, 0x21, 0x06, 0x19,
    0x05, 0x21, 0x06, 0x21, 0x06, 0x19, 0x06, 0x19, 0x05, 0x21, 0x06, 0x19,
    0x05, 0x21, 0x06, 0x21, 0x06, 0x21, 0x05, 0x19, 0x06, 0x21, 0x05, 0x21,
    0x06, 0x19, 0x05, 0x21, 0x06, 0x21, 0x06, 0x21, 0x05, 0x19, 0x06, 0x21,
    0x05, 0x21, 0x06, 0x21, 0x06, 0x19, 0x05, 0x21, 0x06, 0x21, 0x06, 0x21,
    0x05, 0x21, 0x06, 0x21, 0x05, 0x19, 0x06, 0x21, 0x06, 0x21, 0x05, 0x21,
    0x06, 0x19, 0x06, 0x21, 0x05, 0x19, 0x06, 0x21, 0x06, 0x19, 0x05, 0x21,
    0x06, 0x19, 0x06, 0x21, 0x05, 0x21, 0x06, 0x21, 0x05, 0x21, 0x06, 0x19,
    0x06, 0x21, 0x05, 0x21, 0x06, 0x21, 0x06, 0x19, 0x05, 0x21, 0x06, 0x19,
    0x06, 0x21, 0x05, 0x21, 0x06, 0x21, 0x05, 0x21, 0x06, 0x21, 0x06, 0x21,
    0x05, 0x19, 0x06, 0x21, 0x06, 0x21, 0x05, 0x19, 0x05, 0x21, 0x06, 0x21,
    0x06, 0x21, 0x05, 0x21, 0x06, 0x21, 0x06, 0x19, 0x05, 0x21, 0x06, 0x21,
    0x06, 0x21, 0x05, 0x19, 0x06, 0x21, 0x05, 0x21, 0x06, 0x21, 0x06, 0x21,
    0x05, 0x19, 0x06, 0x21, 0x06, 0x21, 0x05, 0x21, 0x06, 0x19, 0x06, 0x21,
    0x05, 0x21, 0x06, 0x21, 0x05, 0x21, 0x06, 0x21, 0x05, 0x19, 0x06, 0x21,
    0x06, 0x21, 0x05, 0x21, 0x06, 0x19, 0x06, 0x21, 0x05, 0x21, 0x06, 0x19,
    0x06, 0x21, 0x05, 0x21, 0x06, 0x19, 0x06, 0x21, 0x05, 0x21, 0x05, 0x19,
    0x06, 0x21, 0x06, 0x19, 0x05, 0x21, 0x06, 0x21, 0x06, 0x19, 0x05, 0x21,
    0x05, 0x21, 0x06, 0x21, 0x06, 0x21, 0x05, 0x21, 0x06, 0x21, 0x06, 0x21,
    0x05, 0x21, 0x06, 0x19, 0x06, 0x21, 0x05, 0x21, 0x06, 0x21, 0x05, 0x21,
    0x06, 0x21, 0x06, 0x21, 0x05, 0x19, 0x06, 0x21, 0x06, 0x21, 0x05, 0x19,
    0x06, 0x19, 0x06, 0x21, 0x05, 0x19, 0x06, 0x21, 0x05, 0x21, 0x06, 0x19,
    0x06, 0x21, 0x05, 0x21, 0x06, 0x21, 0x06, 0x21, 0x05, 0x19, 0x06, 0x21,
    0x06, 0x21, 0x05, 0x19, 0x06, 0x21, 0x05, 0x21, 0x06, 0x19, 0x05, 0x21,
    0x06, 0x21, 0x06, 0x19, 0x05, 0x21, 0x06, 0x21, 0x06, 0x19, 0x06, 0x21,
    0x05, 0x21, 0x06, 0x21, 0x06, 0x21, 0x05, 0x21, 0x06, 0x21, 0x06, 0x21,
    0x05, 0x19, 0x06, 0x21, 0x06, 0x21, 0x05, 0x19, 0x06, 0x21, 0x05, 0x21,
    0x06, 0x21, 0x05, 0x21, 0x06, 0x21, 0x06, 0x21, 0x05, 0x21, 0x06, 0x21,
    0x06, 0x21, 0x05, 0x19, 0x06, 0x21, 0x06, 0x21, 0x05, 0x19, 0x06, 0x21,
    0x05, 0x21, 0x06, 0x19, 0x06, 0x21, 0x05, 0x21, 0x06, 0x21, 0x06, 0x21,
    0x05, 0x21, 0x06, 0x21, 0x06, 0x21, 0x06, 0x19, 0x05, 0x21, 0x06, 0x21,
    0x05, 0x21, 0x06, 0x19, 0x06, 0x21, 0x05, 0x21, 0x06, 0x21, 0x05, 0x19,
    0x06, 0x21, 0x06, 0x21, 0xc4, 0x18, 0x0a, 0x32, 0x1f, 0x7f, 0xff, 0x7e,
    0xff, 0x7e, 0xff, 0x7e, 0xff, 0x7e, 0xff, 0x7e, 0xff, 0x7e, 0xff, 0x7e,
    0xff, 0x7e, 0xff, 0x7e, 0xff, 0x7e, 0xff, 0x7e, 0xff, 0x7e, 0xff, 0x7e,
    0xff, 0x7e, 0xff, 0x7e, 0xff, 0x7e, 0x7f, 0x87, 0xd2, 0x4b, 0x83, 0x18,
    0x06, 0x19, 0x06, 0x21, 0x05, 0x21, 0x06, 0x19, 0x06, 0x21, 0x05, 0x21,
    0x06, 0x21, 0x05, 0x21, 0x06, 0x19, 0x06, 0x21, 0x05, 0x21, 0x06, 0x19,
    0x06, 0x21, 0x05, 0x21, 0x06, 0x21, 0x06, 0x21, 0x05, 0x21, 0x06, 0x19,
    0x06, 0x21, 0x05, 0x21, 0x05, 0x21, 0x06, 0x21, 0x05, 0x21, 0x06, 0x21,
    0x06, 0x21, 0x05, 0x19, 0x06, 0x21, 0x06, 0x21, 0x05, 0x21, 0x06, 0x19,
    0x06, 0x21, 0x05, 0x21, 0x06, 0x19, 0x05, 0x21, 0x06, 0x21, 0x06, 0x21,
    0x05, 0x19, 0x06, 0x21, 0x05, 0x21, 0x06, 0x21, 0x05, 0x19, 0x06, 0x21,
    0x06, 0x21, 0x05, 0x19, 0x06, 0x21, 0x06, 0x21, 0x05, 0x19, 0x06, 0x21,
    0x05, 0x21, 0x06, 0x21, 0x05, 0x19, 0x06, 0x21, 0x06, 0x21, 0x05, 0x21,
    0x06, 0x19, 0x05, 0x21, 0x06, 0x19, 0x06, 0x21, 0x05, 0x19, 0x06, 0x21,
    0x06, 0x21, 0x05, 0x19, 0x06, 0x21, 0x06, 0x21, 0x05, 0x21, 0x05, 0x21,
    0x06, 0x21, 0x06, 0x19, 0x05, 0x21, 0x06, 0x19, 0x06, 0x21, 0x05, 0x21,
    0x06, 0x21, 0x05, 0x21, 0x06, 0x21, 0x06, 0x21, 0x05, 0x19, 0x06, 0x21,
    0x06, 0x21, 0x05, 0x19, 0x06, 0x21, 0x06, 0x21, 0x05, 0x21, 0x06, 0x19,
    0x05, 0x21, 0x06, 0x21, 0x06, 0x21, 0x05, 0x21, 0x06, 0x21, 0x05, 0x21,
    0x06, 0x19, 0x05, 0x21, 0x06, 0x21, 0x05, 0x21, 0x06, 0x19, 0x06, 0x21,
    0x05, 0x21, 0x06, 0x21, 0x06, 0x19, 0x06, 0x21, 0x05, 0x21, 0x06, 0x19,
    0x06, 0x21, 0x05, 0x21, 0x06, 0x21, 0x06, 0x19, 0x05, 0x21, 0x06, 0x21,
    0x05, 0x19, 0x06, 0x21, 0x06, 0x21, 0x05, 0x21, 0x06, 0x21, 0x06, 0x21,
    0x05, 0x21, 0x06, 0x21, 0x06, 0x19, 0x05, 0x21, 0x06, 0x21, 0x06, 0x21,
    0x05, 0x21, 0x06, 0x19, 0x05, 0x19, 0x05, 0x21, 0x06, 0x19, 0x06, 0x21,
    0x05, 0x19, 0x06, 0x21, 0x06, 0x21, 0x05, 0x21, 0x06, 0x19, 0x06, 0x21,
    0x05, 0x19, 0x06, 0x21, 0x05, 0x21, 0x06, 0x21, 0x06, 0x19, 0x05, 0x21,
    0x06, 0x21, 0x05, 0x21, 0x06, 0x21, 0x06, 0x19, 0x05, 0x21, 0x06, 0x21,
    0x05, 0x19, 0x06, 0x21, 0x05, 0x21, 0x06, 0x19, 0x06, 0x21, 0x05, 0x21,
    0x05, 0x21, 0x06, 0x21, 0x06, 0x21, 0x05, 0x21, 0x06, 0x21, 0x06, 0x21,
    0x05, 0x21, 0x06, 0x21, 0x05, 0x21, 0x06, 0x21, 0x05, 0x21, 0x05, 0x19,
    0x06, 0x21, 0x06, 0x21, 0x05, 0x19, 0x06, 0x19, 0x05, 0x21, 0x06, 0x21,
    0x06, 0x21, 0x05, 0x19, 0x06, 0x21, 0x06, 0x21, 0x05, 0x19, 0x06, 0x21,
    0x06, 0x19, 0x05, 0x19, 0x06, 0x21, 0x06, 0x19, 0x05, 0x21, 0x05, 0x21,
    0x06, 0x21, 0x05, 0x19, 0x06, 0x21, 0x06, 0x21, 0x06, 0x21, 0x06, 0x21,
    0x05, 0x19, 0x06, 0x21, 0x05, 0x21, 0x06, 0x21, 0x05, 0x19, 0x06, 0x19,
    0x05, 0x21, 0x06, 0x21, 0x05, 0x19, 0x06, 0x21, 0x06, 0x21, 0x05, 0x19,
    0x06, 0x21, 0x06, 0x21, 0x05, 0x21, 0x06, 0x21, 0x06, 0x21, 0x05, 0x19,
    0x06, 0x21, 0x05, 0x21, 0x06, 0x21, 0xc4, 0x18, 0x0a, 0x32, 0x1f, 0x7f,
    0x1f, 0x7f, 0xff, 0x7e, 0xff, 0x7e, 0xff, 0x7e, 0xff, 0x7e, 0xff, 0x7e,
    0xff, 0x7e, 0xff, 0x7e, 0xff, 0x7e, 0xff, 0x7e, 0xff, 0x7e, 0xff, 0x7e,
    0xff, 0x7e, 0xff, 0x7e, 0xff, 0x7e, 0xff, 0x7e, 0x7f, 0x87, 0xd2, 0x4b,
    0x83, 0x18, 0x06, 0x21, 0x06, 0x19, 0x05, 0x21, 0x06, 0x21, 0x06, 0x19,
    0x05, 0x21, 0x06, 0x21, 0x06, 0x19, 0x05, 0x21, 0x06, 0x21, 0x05, 0x19,
    0x06, 0x21, 0x05, 0x21, 0x06, 0x19, 0x06, 0x21, 0x05, 0x21, 0x06, 0x19,
    0x05, 0x21, 0x06, 0x21, 0x06, 0x19, 0x05, 0x21, 0x06, 0x21, 0x06, 0x19,
    0x05, 0x21, 0x06, 0x21, 0x06, 0x21, 0x05, 0x19, 0x05, 0x21, 0x06, 0x21,
    0x06, 0x21, 0x05, 0x21, 0x06, 0x21, 0x06, 0x19, 0x05, 0x21, 0x06, 0x21,
    0x06, 0x21, 0x05, 0x21, 0x06, 0x19, 0x06, 0x21, 0x05, 0x21, 0x06, 0x21,
    0x05, 0x19, 0x06, 0x21, 0x06, 0x21, 0x05, 0x21, 0x06, 0x21, 0x06, 0x21,
    0x05, 0x19, 0x06, 0x21, 0x06, 0x21, 0x05, 0x21, 0x06, 0x21, 0x05, 0x21,
    0x06, 0x21, 0x06, 0x21, 0x05, 0x21, 0x06, 0x21, 0x06, 0x21, 0x05, 0x21,
    0x06, 0x21, 0x05, 0x21, 0x06, 0x21, 0x05, 0x19, 0x06, 0x21, 0x06, 0x21,
    0x06, 0x19, 0x05, 0x21, 0x06, 0x21, 0x06, 0x21, 0x05, 0x21, 0x06, 0x19,
    0x06, 0x19, 0x05, 0x21, 0x06, 0x19, 0x05, 0x21, 0x06, 0x21, 0x06, 0x21,
    0x05, 0x21, 0x06, 0x21, 0x05, 0x19, 0x06, 0x21, 0x05, 0x21, 0x06, 0x21,
    0x06, 0x21, 0x05, 0x19, 0x06, 0x21, 0x06, 0x21, 0x05, 0x19, 0x06, 0x19,
    0x06, 0x21, 0x05, 0x21, 0x06, 0x21, 0x06, 0x21, 0x05, 0x19, 0x06, 0x21,
    0x06, 0x21, 0x05, 0x21, 0x05, 0x19, 0x06, 0x21, 0x05, 0x21, 0x06, 0x21,
    0x06, 0x21, 0x05, 0x19, 0x05, 0x21, 0x06, 0x21, 0x06, 0x21, 0x05, 0x21,
    0x06, 0x21, 0x06, 0x21, 0x05, 0x21, 0x06, 0x19, 0x05, 0x21, 0x06, 0x19,
    0x06, 0x21, 0x05, 0x21, 0x06, 0x21, 0x05, 0x21, 0x06, 0x19, 0x05, 0x21,
    0x06, 0x21, 0x06, 0x21, 0x06, 0x21, 0x06, 0x21, 0x05, 0x21, 0x06, 0x21,
    0x06, 0x19, 0x05, 0x21, 0x06, 0x21, 0x05, 0x21, 0x06, 0x19, 0x06, 0x21,
    0x05, 0x21, 0x06, 0x21, 0x06, 0x19, 0x05, 0x21, 0x06, 0x21, 0x05, 0x21,
    0x06, 0x21, 0x06, 0x21, 0x05, 0x21, 0x06, 0x21, 0x06, 0x21, 0x05, 0x21,
    0x06, 0x21, 0x06, 0x21, 0x05, 0x21, 0x06, 0x19, 0x06, 0x21, 0x05, 0x21,
    0x06, 0x19, 0x06, 0x21, 0x05, 0x19, 0x06, 0x21, 0x06, 0x19, 0x05, 0x21,
    0x06, 0x21, 0x06, 0x19, 0x05, 0x19, 0x06, 0x21, 0x06, 0x21, 0x06, 0x19,
    0x05, 0x21, 0x06, 0x21, 0x06, 0x21, 0x05, 0x21, 0x06, 0x21, 0x06, 0x19,
    0x05, 0x21, 0x06, 0x21, 0x05, 0x21, 0x06, 0x21, 0x05, 0x21, 0x06, 0x21,
    0x06, 0x21, 0x05, 0x21, 0x06, 0x21, 0x06, 0x21, 0x05, 0x21, 0x06, 0x19,
    0x06, 0x21, 0x06, 0x21, 0x05, 0x21, 0x06, 0x21, 0x05, 0x21, 0x05, 0x21,
    0x06, 0x21, 0x06, 0x21, 0x05, 0x19, 0x06, 0x21, 0x06, 0x21, 0x06, 0x21,
    0x05, 0x21, 0x06, 0x21, 0x06, 0x19, 0x05, 0x21, 0x05, 0x21, 0x06, 0x21,
    0x06, 0x21, 0x05, 0x19, 0x06, 0x21, 0x05, 0x21, 0x06, 0x19, 0x06, 0x21,
    0x05, 0x21, 0x06, 0x21, 0x06, 0x19, 0x06, 0x21, 0xc4, 0x18, 0x0b, 0x32,
    0x1f, 0x7f, 0xff, 0x7e, 0xff, 0x7e, 0xff, 0x7e, 0xff, 0x7e, 0xff, 0x7e,
    0xff, 0x7e, 0xff, 0x7e, 0xff, 0x7e, 0xff, 0x7e, 0xff, 0x7e, 0xff, 0x7e,
    0xff, 0x7e, 0xff, 0x7e, 0xff, 0x7e, 0xff, 0x7e, 0xff, 0x7e, 0x7f, 0x87,
    0xd2, 0x4b, 0x84, 0x18, 0x05, 0x21, 0x06, 0x21, 0x06, 0x21, 0x05, 0x21,
    0x06, 0x19, 0x06, 0x21, 0x05, 0x21, 0x06, 0x21, 0x06, 0x21, 0x05, 0x21,
    0x06, 0x21, 0x06, 0x21, 0x05, 0x21, 0x06, 0x19, 0x05, 0x21, 0x06, 0x21,
    0x06, 0x21, 0x05, 0x21, 0x06, 0x21, 0x06, 0x19, 0x05, 0x21, 0x06, 0x21,
    0x06, 0x19, 0x05, 0x21, 0x06, 0x21, 0x06, 0x21, 0x05, 0x19, 0x06, 0x21,
    0x06, 0x21, 0x05, 0x19, 0x06, 0x21, 0x06, 0x21, 0x05, 0x21, 0x06, 0x19,
    0x05, 0x21, 0x06, 0x21, 0x06, 0x19, 0x05, 0x21, 0x06, 0x21, 0x06, 0x21,
    0x05, 0x21, 0x06, 0x21, 0x06, 0x19, 0x05, 0x21, 0x05, 0x19, 0x06, 0x21,
    0x06, 0x21, 0x05, 0x21, 0x06, 0x19, 0x06, 0x21, 0x05, 0x21, 0x06, 0x19,
    0x06, 0x19, 0x05, 0x21, 0x06, 0x21, 0x06, 0x19, 0x05, 0x21, 0x06, 0x21,
    0x06, 0x19, 0x05, 0x21, 0x06, 0x21, 0x06, 0x19, 0x05, 0x21, 0x05, 0x21,
    0x06, 0x19, 0x06, 0x21, 0x05, 0x21, 0x06, 0x19, 0x06, 0x21, 0x05, 0x21,
    0x06, 0x21, 0x06, 0x21, 0x05, 0x21, 0x06, 0x21, 0x06, 0x19, 0x05, 0x21,
    0x06, 0x19, 0x06, 0x21, 0x05, 0x21, 0x06, 0x21, 0x06, 0x19, 0x05, 0x21,
    0x06, 0x21, 0x06, 0x21, 0x05, 0x19, 0x06, 0x21, 0x06, 0x21, 0x05, 0x21,
    0x06, 0x21, 0x06, 0x21, 0x05, 0x19, 0x06, 0x21, 0x06, 0x21, 0x05, 0x21,
    0x06, 0x21, 0x06, 0x21, 0x05, 0x19, 0x06, 0x21, 0x06, 0x21, 0x05, 0x19,
    0x06, 0x21, 0x06, 0x21, 0x05, 0x21, 0x06, 0x19, 0x06, 0x21, 0x05, 0x21,
    0x06, 0x19, 0x06, 0x19, 0x05, 0x21, 0x06, 0x21, 0x06, 0x21, 0x05, 0x19,
    0x06, 0x21, 0x06, 0x19, 0x05, 0x21, 0x06, 0x19, 0x06, 0x21, 0x05, 0x21,
    0x06, 0x19, 0x05, 0x21, 0x05, 0x19, 0x06, 0x21, 0x06, 0x21, 0x05, 0x19,
    0x06, 0x21, 0x06, 0x21, 0x05, 0x21, 0x06, 0x21, 0x06, 0x19, 0x05, 0x21,
    0x06, 0x21, 0x05, 0x21, 0x06, 0x21, 0x06, 0x19, 0x05, 0x21, 0x06, 0x21,
    0x06, 0x19, 0x05, 0x19, 0x06, 0x21, 0x06, 0x19, 0x05, 0x19, 0x06, 0x21,
    0x06, 0x19, 0x05, 0x21, 0x06, 0x21, 0x06, 0x19, 0x05, 0x21, 0x06, 0x21,
    0x05, 0x21, 0x06, 0x21, 0x06, 0x19, 0x05, 0x21, 0x06, 0x21, 0x06, 0x21,
    0x05, 0x19, 0x06, 0x21, 0x06, 0x21, 0x05, 0x21, 0x06, 0x21, 0x06, 0x19,
    0x05, 0x21, 0x06, 0x21, 0x06, 0x19, 0x05, 0x21, 0x06, 0x21, 0x06, 0x21,
    0x05, 0x21, 0x06, 0x19, 0x06, 0x21, 0x06, 0x19, 0x05, 0x21, 0x06, 0x19,
    0x06, 0x21, 0x05, 0x21, 0x06, 0x21, 0x06, 0x21, 0x05, 0x21, 0x06, 0x21,
    0x06, 0x19, 0x05, 0x21, 0x06, 0x21, 0x06, 0x19, 0x05, 0x21, 0x06, 0x21,
    0x06, 0x21, 0x05, 0x19, 0x06, 0x21, 0x06, 0x21, 0x05, 0x19, 0x06, 0x21,
    0x05, 0x21, 0x06, 0x21, 0x06, 0x19, 0x05, 0x21, 0x06, 0x21, 0x06, 0x19,
    0x05, 0x21, 0x06, 0x21, 0x06, 0x21, 0x05, 0x19, 0x06, 0x21, 0x06, 0x21,
    0x05, 0x19, 0x06, 0x21, 0x05, 0x21, 0x06, 0x21, 0x06, 0x19, 0xc4, 0x18,
    0x0a, 0x32, 0x1f, 0x7f, 0x1f, 0x7f, 0xff, 0x7e, 0xff, 0x7e, 0xff, 0x7e,
    0xff, 0x7e, 0xff, 0x7e, 0xff, 0x7e, 0xff, 0x7e, 0xff, 0x7e, 0xff, 0x7e,
    0xff, 0x7e, 0xff, 0x7e, 0xff, 0x7e, 0xff, 0x7e, 0xff, 0x7e, 0xff, 0x7e,
    0x7f, 0x87, 0xd2, 0x4b, 0x83, 0x18, 0x06, 0x19, 0x05, 0x21, 0x06, 0x21,
    0x05, 0x19, 0x06, 0x21, 0x06, 0x21, 0x05, 0x19, 0x06, 0x21, 0x06, 0x19,
    0x05, 0x21, 0x06, 0x19, 0x06, 0x21, 0x05, 0x21, 0x06, 0x21, 0x06, 0x19,
    0x05, 0x21, 0x06, 0x21, 0x06, 0x19, 0x05, 0x21, 0x06, 0x21, 0x06, 0x21,
    0x05, 0x21, 0x06, 0x21, 0x05, 0x19, 0x06, 0x21, 0x06, 0x21, 0x05, 0x21,
    0x06, 0x21, 0x06, 0x19, 0x05, 0x21, 0x06, 0x19, 0x05, 0x21, 0x06, 0x21,
    0x06, 0x19, 0x05, 0x21, 0x06, 0x21, 0x06, 0x21, 0x05, 0x21, 0x06, 0x19,
    0x06, 0x19, 0x05, 0x21, 0x06, 0x21, 0x06, 0x21, 0x05, 0x21, 0x06, 0x21,
    0x06, 0x19, 0x05, 0x21, 0x06, 0x21, 0x05, 0x21, 0x06, 0x19, 0x06, 0x21,
    0x05, 0x21, 0x06, 0x21, 0x05, 0x21, 0x06, 0x19, 0x06, 0x21, 0x05, 0x21,
    0x05, 0x19, 0x06, 0x21, 0x06, 0x21, 0x05, 0x19, 0x06, 0x21, 0x06, 0x21,
    0x05, 0x21, 0x06, 0x21, 0x05, 0x21, 0x06, 0x21, 0x05, 0x19, 0x06, 0x21,
    0x05, 0x21, 0x06, 0x19, 0x05, 0x21, 0x06, 0x21, 0x06, 0x21, 0x05, 0x21,
    0x06, 0x21, 0x05, 0x19, 0x06, 0x21, 0x06, 0x21, 0x05, 0x21, 0x06, 0x21,
    0x06, 0x19, 0x05, 0x21, 0x06, 0x21, 0x05, 0x21, 0x06, 0x19, 0x05, 0x21,
    0x06, 0x21, 0x06, 0x21, 0x05, 0x19, 0x06, 0x21, 0x06, 0x21, 0x05, 0x19,
    0x06, 0x21, 0x05, 0x19, 0x06, 0x21, 0x06, 0x21, 0x06, 0x21, 0x05, 0x21,
    0x06, 0x19, 0x06, 0x21, 0x05, 0x21, 0x06, 0x21, 0x06, 0x19, 0x05, 0x21,
    0x06, 0x21, 0x06, 0x21, 0x05, 0x21, 0x06, 0x19, 0x06, 0x21, 0x05, 0x21,
    0x06, 0x21, 0x06, 0x21, 0x05, 0x21, 0x06, 0x21, 0x06, 0x21, 0x05, 0x21,
    0x06, 0x21, 0x06, 0x21, 0x06, 0x19, 0x05, 0x21, 0x06, 0x21, 0x06, 0x19,
    0x05, 0x21, 0x06, 0x21, 0x05, 0x21, 0x06, 0x19, 0x06, 0x21, 0x05, 0x21,
    0x06, 0x21, 0x06, 0x19, 0x05, 0x21, 0x06, 0x21, 0x05, 0x21, 0x06, 0x21,
    0x06, 0x21, 0x05, 0x21, 0x06, 0x21, 0x05, 0x21, 0x06, 0x21, 0x05, 0x21,
    0x06, 0x21, 0x06, 0x21, 0x05, 0x19, 0x06, 0x21, 0x06, 0x21, 0x05, 0x21,
    0x06, 0x19, 0x06, 0x21, 0x05, 0x21, 0x06, 0x21, 0x06, 0x21, 0x05, 0x21,
    0x06, 0x21, 0x05, 0x21, 0x06, 0x19, 0x05, 0x21, 0x06, 0x21, 0x05, 0x21,
    0x05, 0x21, 0x06, 0x21, 0x06, 0x21, 0x05, 0x19, 0x05, 0x21, 0x06, 0x19,
    0x05, 0x21, 0x06, 0x21, 0x05, 0x21, 0x06, 0x21, 0x05, 0x21, 0x06, 0x19,
    0x06, 0x21, 0x05, 0x21, 0x05, 0x19, 0x06, 0x19, 0x05, 0x21, 0x06, 0x19,
    0x05, 0x21, 0x06, 0x21, 0x05, 0x21, 0x06, 0x19, 0x06, 0x21, 0x05, 0x21,
    0x06, 0x19, 0x06, 0x21, 0x05, 0x21, 0x06, 0x21, 0x06, 0x21, 0x05, 0x21,
    0x06, 0x19, 0x05, 0x21, 0x06, 0x21, 0x06, 0x21, 0x05, 0x21, 0x06, 0x21,
    0x06, 0x19, 0x05, 0x21, 0x06, 0x21, 0x06, 0x19, 0x05, 0x21, 0x06, 0x21,
    0x05, 0x21, 0x06, 0x21, 0x06, 0x19, 0x05, 0x21, 0x05, 0x21, 0x06, 0x21,
    0xc4, 0x18, 0x0a, 0x32, 0x1f, 0x7f, 0xff, 0x7e, 0xff, 0x7e, 0xff, 0x7e,
    0xff, 0x7e, 0xff, 0x7e, 0xff, 0x7e, 0xff, 0x7e, 0xff, 0x7e, 0xff, 0x7e,
    0xff, 0x7e, 0xff, 0x7e, 0xff, 0x7e, 0xff, 0x7e, 0xff, 0x7e, 0xff, 0x7e,
    0xff, 0x7e, 0x7f, 0x87, 0xd2, 0x4b, 0x84, 0x18, 0x06, 0x21, 0x06, 0x19,
    0x05, 0x21, 0x06, 0x21, 0x05, 0x21, 0x06, 0x21, 0x05, 0x21, 0x06, 0x19,
    0x05, 0x21, 0x06, 0x21, 0x06, 0x21, 0x05, 0x19, 0x06, 0x21, 0x06, 0x21,
    0x05, 0x21, 0x06, 0x19, 0x05, 0x21, 0x06, 0x21, 0x05, 0x19, 0x06, 0x21,
    0x05, 0x19, 0x06, 0x21, 0x06, 0x21, 0x05, 0x19, 0x06, 0x21, 0x05, 0x21,
    0x06, 0x19, 0x06, 0x21, 0x05, 0x21, 0x06, 0x21, 0x06, 0x21, 0x05, 0x21,
    0x06, 0x21, 0x06, 0x21, 0x05, 0x19, 0x06, 0x21, 0x05, 0x21, 0x06, 0x21,
    0x05, 0x21, 0x06, 0x21, 0x06, 0x19, 0x05, 0x21, 0x06, 0x21, 0x06, 0x19,
    0x05, 0x21, 0x06, 0x21, 0x06, 0x19, 0x05, 0x21, 0x06, 0x21, 0x05, 0x21,
    0x06, 0x21, 0x06, 0x21, 0x05, 0x21, 0x06, 0x19, 0x05, 0x21, 0x06, 0x21,
    0x06, 0x21, 0x05, 0x21, 0x06, 0x21, 0x06, 0x21, 0x05, 0x21, 0x06, 0x21,
    0x06, 0x19, 0x06, 0x21, 0x05, 0x21, 0x06, 0x19, 0x06, 0x21, 0x06, 0x21,
    0x05, 0x21, 0x06, 0x21, 0x06, 0x19, 0x05, 0x21, 0x06, 0x19, 0x06, 0x19,
    0x05, 0x21, 0x06, 0x21, 0x06, 0x21, 0x05, 0x19, 0x06, 0x21, 0x06, 0x21,
    0x05, 0x19, 0x06, 0x21, 0x06, 0x21, 0x05, 0x19, 0x06, 0x21, 0x06, 0x21,
    0x05, 0x19, 0x06, 0x21, 0x05, 0x21, 0x06, 0x19, 0x06, 0x21, 0x05, 0x21,
    0x06, 0x21, 0x06, 0x19, 0x05, 0x21, 0x05, 0x21, 0x06, 0x19, 0x05, 0x21,
    0x06, 0x21, 0x06, 0x21, 0x05, 0x19, 0x05, 0x21, 0x06, 0x21, 0x06, 0x21,
    0x05, 0x19, 0x06, 0x21, 0x05, 0x21, 0x05, 0x21, 0x06, 0x21, 0x05, 0x19,
    0x06, 0x21, 0x06, 0x21, 0x05, 0x19, 0x05, 0x21, 0x06, 0x21, 0x06, 0x19,
    0x05, 0x21, 0x06, 0x21, 0x06, 0x21, 0x05, 0x21, 0x06, 0x21, 0x06, 0x21,
    0x05, 0x21, 0x06, 0x21, 0x06, 0x19, 0x05, 0x21, 0x06, 0x21, 0x05, 0x19,
    0x05, 0x21, 0x06, 0x21, 0x06, 0x19, 0x05, 0x21, 0x06, 0x21, 0x06, 0x19,
    0x05, 0x19, 0x06, 0x21, 0x06, 0x21, 0x05, 0x19, 0x06, 0x21, 0x06, 0x21,
    0x05, 0x21, 0x06, 0x21, 0x05, 0x21, 0x06, 0x21, 0x05, 0x19, 0x06, 0x21,
    0x06, 0x21, 0x05, 0x21, 0x06, 0x19, 0x05, 0x21, 0x06, 0x21, 0x06, 0x19,
    0x05, 0x19, 0x06, 0x21, 0x06, 0x21, 0x05, 0x21, 0x06, 0x19, 0x06, 0x21,
    0x06, 0x19, 0x05, 0x21, 0x06, 0x21, 0x06, 0x19, 0x05, 0x21, 0x06, 0x21,
    0x06, 0x21, 0x06, 0x19, 0x05, 0x21, 0x06, 0x19, 0x05, 0x21, 0x06, 0x21,
    0x06, 0x21, 0x05, 0x21, 0x06, 0x21, 0x06, 0x21, 0x06, 0x21, 0x06, 0x21,
    0x05, 0x19, 0x06, 0x21, 0x06, 0x21, 0x05, 0x19, 0x06, 0x21, 0x05, 0x21,
    0x06, 0x21, 0x06, 0x21, 0x06, 0x21, 0x05, 0x19, 0x06, 0x21, 0x05, 0x21,
    0x06, 0x19, 0x06, 0x21, 0x05, 0x21, 0x06, 0x19, 0x05, 0x21, 0x06, 0x21,
    0x06, 0x19, 0x05, 0x21, 0x06, 0x21, 0x06, 0x21, 0x05, 0x21, 0x06, 0x21,
    0x06, 0x19, 0x05, 0x21, 0x06, 0x21, 0x06, 0x21, 0x06, 0x19, 0x06, 0x21,
    0x06, 0x21, 0xc4, 0x18, 0x0b, 0x32, 0x1f, 0x7f, 0x1f, 0x7f, 0xff, 0x7e,
    0xff, 0x7e, 0xff, 0x7e, 0xff, 0x7e, 0xff, 0x7e, 0xff, 0x7e, 0xff, 0x7e,
    0xff, 0x7e, 0xff, 0x7e, 0xff, 0x7e, 0xff, 0x7e, 0xff, 0x7e, 0xff, 0x7e,
    0xff, 0x7e, 0xff, 0x7e, 0x7f, 0x87, 0xf2, 0x4b, 0x83, 0x18, 0x06, 0x21,
    0x05, 0x21, 0x06, 0x21, 0x06, 0x19, 0x05, 0x21, 0x06, 0x21, 0x06, 0x21,
    0x05, 0x21, 0x06, 0x21, 0x06, 0x21, 0x05, 0x21, 0x05, 0x19, 0x06, 0x21,
    0x06, 0x21, 0x05, 0x21, 0x06, 0x21, 0x06, 0x21, 0x05, 0x21, 0x06, 0x21,
    0x06, 0x21, 0x05, 0x21, 0x06, 0x19, 0x06, 0x21, 0x05, 0x21, 0x06, 0x21,
    0x06, 0x19, 0x05, 0x21, 0x06, 0x21, 0x05, 0x21, 0x06, 0x19, 0x06, 0x21,
    0x05, 0x19, 0x06, 0x21, 0x05, 0x21, 0x06, 0x21, 0x06, 0x19, 0x05, 0x19,
    0x06, 0x21, 0x06, 0x21, 0x05, 0x21, 0x06, 0x21, 0x05, 0x19, 0x06, 0x21,
    0x06, 0x21, 0x05, 0x21, 0x06, 0x21, 0x06, 0x21, 0x05, 0x19, 0x06, 0x21,
    0x06, 0x21, 0x05, 0x19, 0x06, 0x19, 0x06, 0x21, 0x05, 0x21, 0x06, 0x21,
    0x06, 0x19, 0x05, 0x21, 0x06, 0x19, 0x06, 0x19, 0x05, 0x21, 0x06, 0x21,
    0x05, 0x19, 0x06, 0x21, 0x06, 0x21, 0x05, 0x19, 0x06, 0x21, 0x06, 0x21,
    0x05, 0x19, 0x06, 0x21, 0x06, 0x21, 0x05, 0x21, 0x06, 0x21, 0x05, 0x21,
    0x06, 0x21, 0x06, 0x21, 0x05, 0x21, 0x06, 0x21, 0x05, 0x19, 0x06, 0x21,
    0x06, 0x21, 0x05, 0x19, 0x06, 0x21, 0x06, 0x21, 0x05, 0x21, 0x06, 0x21,
    0x06, 0x21, 0x05, 0x19, 0x06, 0x21, 0x06, 0x21, 0x05, 0x21, 0x06, 0x21,
    0x05, 0x21, 0x06, 0x21, 0x06, 0x21, 0x06, 0x21, 0x06, 0x21, 0x05, 0x19,
    0x06, 0x21, 0x06, 0x21, 0x05, 0x21, 0x06, 0x19, 0x06, 0x21, 0x05, 0x21,
    0x06, 0x21, 0x06, 0x21, 0x05, 0x19, 0x06, 0x21, 0x06, 0x21, 0x06, 0x21,
    0x05, 0x21, 0x06, 0x19, 0x06, 0x21, 0x05, 0x21, 0x06, 0x19, 0x06, 0x21,
    0x05, 0x21, 0x06, 0x19, 0x05, 0x19, 0x06, 0x21, 0x05, 0x19, 0x06, 0x21,
    0x05, 0x19, 0x06, 0x21, 0x06, 0x21, 0x05, 0x19, 0x06, 0x21, 0x06, 0x21,
    0x06, 0x21, 0x06, 0x21, 0x05, 0x21, 0x06, 0x21, 0x06, 0x19, 0x05, 0x21,
    0x06, 0x21, 0x05, 0x21, 0x06, 0x21, 0x06, 0x19, 0x05, 0x21, 0x06, 0x21,
    0x06, 0x19, 0x05, 0x19, 0x06, 0x21, 0x06, 0x19, 0x05, 0x21, 0x06, 0x21,
    0x05, 0x19, 0x06, 0x21, 0x06, 0x21, 0x05, 0x21, 0x06, 0x19, 0x05, 0x21,
    0x06, 0x21, 0x05, 0x21, 0x06, 0x19, 0x06, 0x21, 0x05, 0x21, 0x06, 0x21,
    0x06, 0x21, 0x05, 0x19, 0x06, 0x21, 0x06, 0x21, 0x05, 0x21, 0x06, 0x21,
    0x06, 0x21, 0x05, 0x21, 0x06, 0x21, 0x06, 0x21, 0x06, 0x19, 0x05, 0x21,
    0x06, 0x21, 0x05, 0x19, 0x06, 0x21, 0x06, 0x19, 0x05, 0x21, 0x05, 0x21,
    0x06, 0x21, 0x06, 0x21, 0x05, 0x21, 0x06, 0x21, 0x06, 0x21, 0x05, 0x21,
    0x06, 0x19, 0x06, 0x21, 0x05, 0x21, 0x06, 0x21, 0x06, 0x21, 0x05, 0x19,
    0x06, 0x21, 0x06, 0x21, 0x05, 0x21, 0x06, 0x21, 0x06, 0x19, 0x05, 0x21,
    0x06, 0x21, 0x06, 0x21, 0x05, 0x21, 0x06, 0x19, 0x05, 0x21, 0x06, 0x21,
    0x06, 0x19, 0x05, 0x21, 0x06, 0x21, 0x05, 0x19, 0x05, 0x21, 0x06, 0x21,
    0x06, 0x21, 0x05, 0x21, 0xc4, 0x18, 0x0b, 0x32, 0x1f, 0x7f, 0xff, 0x7e,
    0xff, 0x7e, 0xff, 0x7e, 0xff, 0x7e, 0xff, 0x7e, 0xff, 0x7e, 0xff, 0x7e,
    0xff, 0x7e, 0xff, 0x7e, 0xff, 0x7e, 0xff, 0x7e, 0xff, 0x7e, 0xff, 0x7e,
    0xff, 0x7e, 0xff, 0x7e, 0xff, 0x7e, 0x7f, 0x87, 0xd2, 0x4b, 0x83, 0x18,
    0x06, 0x19, 0x06, 0x21, 0x05, 0x21, 0x06, 0x19, 0x06, 0x21, 0x05, 0x19,
    0x06, 0x19, 0x06, 0x21, 0x05, 0x19, 0x06, 0x21, 0x06, 0x21, 0x05, 0x21,
    0x06, 0x19, 0x06, 0x21, 0x05, 0x19, 0x06, 0x21, 0x06, 0x19, 0x05, 0x21,
    0x06, 0x21, 0x06, 0x19, 0x05, 0x21, 0x06, 0x21, 0x05, 0x21, 0x06, 0x21,
    0x06, 0x19, 0x05, 0x21, 0x06, 0x21, 0x06, 0x21, 0x05, 0x19, 0x06, 0x21,
    0x05, 0x21, 0x06, 0x21, 0x06, 0x19, 0x05, 0x21, 0x06, 0x21, 0x06, 0x21,
    0x05, 0x21, 0x06, 0x19, 0x06, 0x21, 0x05, 0x21, 0x06, 0x19, 0x06, 0x21,
    0x05, 0x21, 0x06, 0x19, 0x05, 0x21, 0x06, 0x21, 0x05, 0x19, 0x06, 0x21,
    0x06, 0x21, 0x05, 0x21, 0x06, 0x21, 0x05, 0x21, 0x06, 0x21, 0x06, 0x21,
    0x05, 0x19, 0x06, 0x21, 0x05, 0x21, 0x06, 0x21, 0x06, 0x21, 0x05, 0x21,
    0x06, 0x19, 0x06, 0x21, 0x05, 0x21, 0x05, 0x21, 0x06, 0x21, 0x05, 0x21,
    0x05, 0x21, 0x06, 0x19, 0x06, 0x21, 0x05, 0x21, 0x06, 0x19, 0x06, 0x21,
    0x05, 0x21, 0x06, 0x19, 0x05, 0x21, 0x06, 0x21, 0x06, 0x19, 0x05, 0x21,
    0x06, 0x21, 0x05, 0x21, 0x05, 0x21, 0x06, 0x21, 0x05, 0x19, 0x06, 0x21,
    0x05, 0x21, 0x06, 0x19, 0x06, 0x21, 0x05, 0x21, 0x06, 0x19, 0x06, 0x21,
    0x05, 0x19, 0x06, 0x19, 0x05, 0x21, 0x05, 0x19, 0x06, 0x21, 0x06, 0x21,
    0x05, 0x21, 0x06, 0x19, 0x05, 0x21, 0x06, 0x21, 0x06, 0x21, 0x05, 0x19,
    0x06, 0x21, 0x06, 0x21, 0x05, 0x19, 0x06, 0x21, 0x06, 0x21, 0x06, 0x19,
    0x05, 0x21, 0x06, 0x21, 0x05, 0x21, 0x06, 0x21, 0x06, 0x21, 0x05, 0x21,
    0x06, 0x21, 0x06, 0x21, 0x05, 0x21, 0x06, 0x21, 0x06, 0x21, 0x06, 0x21,
    0x05, 0x19, 0x06, 0x21, 0x05, 0x21, 0x06, 0x21, 0x05, 0x21, 0x06, 0x21,
    0x05, 0x19, 0x06, 0x21, 0x06, 0x19, 0x05, 0x21, 0x06, 0x21, 0x06, 0x21,
    0x05, 0x21, 0x06, 0x21, 0x06, 0x21, 0x05, 0x19, 0x06, 0x21, 0x05, 0x21,
    0x06, 0x21, 0x05, 0x21, 0x06, 0x21, 0x06, 0x21, 0x05, 0x21, 0x06, 0x21,
    0x06, 0x21, 0x05, 0x21, 0x06, 0x19, 0x06, 0x21, 0x05, 0x21, 0x06, 0x21,
    0x06, 0x21, 0x05, 0x21, 0x06, 0x21, 0x06, 0x21, 0x05, 0x19, 0x06, 0x21,
    0x05, 0x21, 0x06, 0x21, 0x05, 0x21, 0x06, 0x19, 0x06, 0x21, 0x05, 0x21,
    0x06, 0x19, 0x06, 0x19, 0x05, 0x21, 0x05, 0x21, 0x06, 0x21, 0x05, 0x21,
    0x06, 0x21, 0x06, 0x19, 0x05, 0x21, 0x06, 0x21, 0x06, 0x21, 0x05, 0x19,
    0x06, 0x21, 0x06, 0x19, 0x05, 0x21, 0x06, 0x19, 0x05, 0x21, 0x06, 0x21,
    0x06, 0x19, 0x05, 0x21, 0x06, 0x21, 0x06, 0x19, 0x05, 0x21, 0x06, 0x21,
    0x06, 0x21, 0x05, 0x19, 0x06, 0x21, 0x05, 0x21, 0x06, 0x19, 0x06, 0x21,
    0x05, 0x21, 0x06, 0x19, 0x05, 0x21, 0x06, 0x21, 0x06, 0x19, 0x05, 0x21,
    0x06, 0x21, 0x05, 0x19, 0x06, 0x21, 0x06, 0x21, 0x06, 0x21, 0x05, 0x19,
    0x06, 0x21, 0x05, 0x21, 0x06, 0x19, 0xc4, 0x18, 0x0a, 0x32, 0x1f, 0x7f,
    0xff, 0x7e, 0xff, 0x7e, 0xff, 0x7e, 0xff, 0x7e, 0xff, 0x7e, 0xff, 0x7e,
    0xff, 0x7e, 0xff, 0x7e, 0xff, 0x7e, 0xff, 0x7e, 0xff, 0x7e, 0xff, 0x7e,
    0xff, 0x7e, 0xff, 0x7e, 0xff, 0x7e, 0xff, 0x7e, 0x7f, 0x87, 0xd2, 0x4b,
    0x84, 0x18, 0x06, 0x21, 0x05, 0x21, 0x06, 0x21, 0x06, 0x21, 0x05, 0x21,
    0x06, 0x21, 0x05, 0x21, 0x06, 0x21, 0x05, 0x21, 0x06, 0x19, 0x06, 0x21,
    0x05, 0x21, 0x06, 0x21, 0x05, 0x21, 0x06, 0x21, 0x05, 0x19, 0x06, 0x21,
    0x06, 0x21, 0x05, 0x19, 0x06, 0x21, 0x06, 0x21, 0x05, 0x19, 0x06, 0x21,
    0x06, 0x21, 0x05, 0x21, 0x05, 0x21, 0x06, 0x19, 0x06, 0x21, 0x05, 0x21,
    0x06, 0x21, 0x06, 0x21, 0x05, 0x21, 0x06, 0x19, 0x06, 0x21, 0x05, 0x21,
    0x06, 0x21, 0x05, 0x21, 0x06, 0x21, 0x05, 0x19, 0x06, 0x21, 0x06, 0x21,
    0x05, 0x21, 0x06, 0x21, 0x06, 0x19, 0x05, 0x21, 0x06, 0x21, 0x06, 0x21,
    0x05, 0x21, 0x06, 0x19, 0x06, 0x21, 0x05, 0x21, 0x06, 0x19, 0x06, 0x21,
    0x05, 0x21, 0x06, 0x21, 0x06, 0x21, 0x05, 0x21, 0x06, 0x19, 0x05, 0x21,
    0x06, 0x21, 0x06, 0x21, 0x05, 0x21, 0x06, 0x19, 0x06, 0x21, 0x06, 0x19,
    0x06, 0x21, 0x05, 0x21, 0x06, 0x21, 0x05, 0x21, 0x06, 0x19, 0x06, 0x21,
    0x05, 0x21, 0x06, 0x19, 0x06, 0x21, 0x05, 0x21, 0x06, 0x19, 0x06, 0x21,
    0x05, 0x21, 0x06, 0x19, 0x06, 0x21, 0x06, 0x21, 0x06, 0x19, 0x05, 0x21,
    0x06, 0x21, 0x06, 0x19, 0x05, 0x21, 0x06, 0x21, 0x05, 0x21, 0x06, 0x21,
    0x06, 0x21, 0x05, 0x21, 0x06, 0x21, 0x06, 0x21, 0x05, 0x21, 0x06, 0x19,
    0x05, 0x21, 0x06, 0x21, 0x06, 0x21, 0x05, 0x19, 0x06, 0x21, 0x06, 0x21,
    0x05, 0x21, 0x06, 0x19, 0x05, 0x21, 0x06, 0x21, 0x05, 0x21, 0x05, 0x19,
    0x06, 0x21, 0x06, 0x19, 0x05, 0x21, 0x06, 0x19, 0x06, 0x21, 0x05, 0x19,
    0x06, 0x21, 0x05, 0x19, 0x06, 0x21, 0x06, 0x21, 0x05, 0x19, 0x06, 0x21,
    0x05, 0x21, 0x06, 0x21, 0x06, 0x21, 0x06, 0x19, 0x05, 0x21, 0x06, 0x21,
    0x06, 0x19, 0x05, 0x21, 0x05, 0x21, 0x06, 0x21, 0x05, 0x19, 0x06, 0x21,
    0x05, 0x19, 0x06, 0x19, 0x06, 0x21, 0x05, 0x21, 0x06, 0x21, 0x06, 0x21,
    0x05, 0x19, 0x06, 0x21, 0x06, 0x21, 0x05, 0x19, 0x06, 0x21, 0x05, 0x21,
    0x06, 0x19, 0x06, 0x21, 0x05, 0x21, 0x06, 0x21, 0x05, 0x19, 0x06, 0x21,
    0x06, 0x21, 0x05, 0x19, 0x06, 0x19, 0x06, 0x21, 0x05, 0x21, 0x06, 0x21,
    0x06, 0x19, 0x05, 0x21, 0x06, 0x21, 0x06, 0x19, 0x05, 0x21, 0x06, 0x21,
    0x05, 0x21, 0x06, 0x21, 0x06, 0x21, 0x05, 0x19, 0x06, 0x21, 0x06, 0x19,
    0x05, 0x21, 0x06, 0x21, 0x06, 0x21, 0x05, 0x21, 0x06, 0x21, 0x05, 0x21,
    0x06, 0x21, 0x06, 0x19, 0x05, 0x21, 0x06, 0x21, 0x06, 0x19, 0x05, 0x21,
    0x06, 0x21, 0x06, 0x19, 0x05, 0x21, 0x05, 0x21, 0x06, 0x21, 0x06, 0x21,
    0x05, 0x19, 0x06, 0x21, 0x06, 0x21, 0x05, 0x21, 0x06, 0x19, 0x06, 0x21,
    0x05, 0x21, 0x06, 0x21, 0x06, 0x19, 0x05, 0x21, 0x06, 0x21, 0x06, 0x21,
    0x05, 0x21, 0x06, 0x21, 0x06, 0x21, 0x05, 0x21, 0x06, 0x21, 0x06, 0x21,
    0x06, 0x21, 0x05, 0x19, 0x06, 0x21, 0x06, 0x21, 0xc4, 0x18, 0x0a, 0x32,
    0x1f, 0x7f, 0x1f, 0x7f, 0xff, 0x7e, 0xff, 0x7e, 0xff, 0x7e, 0xff, 0x7e,
    0xff, 0x7e, 0xff, 0x7e, 0xff, 0x7e, 0xff, 0x7e, 0xff, 0x7e, 0xff, 0x7e,
    0xff, 0x7e, 0xff, 0x7e, 0xff, 0x7e, 0xff, 0x7e, 0xff, 0x7e, 0x7f, 0x87,
    0xd2, 0x4b, 0x83, 0x18, 0x06, 0x21, 0x05, 0x19, 0x06, 0x21, 0x05, 0x21,
    0x06, 0x19, 0x06, 0x21, 0x06, 0x21, 0x05, 0x21, 0x06, 0x21, 0x06, 0x19,
    0x05, 0x21, 0x06, 0x21, 0x06, 0x19, 0x06, 0x21, 0x05, 0x21, 0x06, 0x21,
    0x05, 0x21, 0x06, 0x21, 0x05, 0x21, 0x06, 0x21, 0x06, 0x21, 0x05, 0x19,
    0x06, 0x21, 0x06, 0x21, 0x05, 0x19, 0x06, 0x21, 0x06, 0x21, 0x05, 0x19,
    0x06, 0x21, 0x06, 0x19, 0x05, 0x21, 0x06, 0x21, 0x05, 0x21, 0x06, 0x19,
    0x06, 0x21, 0x05, 0x19, 0x06, 0x21, 0x06, 0x21, 0x05, 0x21, 0x06, 0x19,
    0x05, 0x21, 0x05, 0x21, 0x06, 0x19, 0x06, 0x21, 0x05, 0x21, 0x06, 0x19,
    0x06, 0x21, 0x05, 0x21, 0x06, 0x19, 0x06, 0x21, 0x05, 0x21, 0x06, 0x19,
    0x05, 0x21, 0x06, 0x19, 0x06, 0x21, 0x05, 0x21, 0x06, 0x19, 0x06, 0x21,
    0x05, 0x21, 0x06, 0x19, 0x05, 0x21, 0x06, 0x21, 0x06, 0x21, 0x05, 0x19,
    0x06, 0x21, 0x06, 0x21, 0x06, 0x19, 0x05, 0x21, 0x06, 0x21, 0x06, 0x21,
    0x05, 0x21, 0x05, 0x21, 0x06, 0x21, 0x06, 0x21, 0x05, 0x21, 0x06, 0x21,
    0x05, 0x21, 0x06, 0x21, 0x06, 0x19, 0x05, 0x21, 0x06, 0x21, 0x06, 0x21,
    0x05, 0x21, 0x06, 0x21, 0x06, 0x21, 0x05, 0x21, 0x06, 0x19, 0x06, 0x21,
    0x05, 0x21, 0x06, 0x19, 0x06, 0x21, 0x05, 0x21, 0x06, 0x21, 0x06, 0x21,
    0x05, 0x19, 0x06, 0x21, 0x06, 0x21, 0x05, 0x21, 0x06, 0x19, 0x05, 0x21,
    0x06, 0x21, 0x06, 0x19, 0x05, 0x21, 0x06, 0x21, 0x06, 0x21, 0x06, 0x19,
    0x05, 0x21, 0x06, 0x21, 0x06, 0x21, 0x05, 0x21, 0x06, 0x21, 0x05, 0x19,
    0x06, 0x21, 0x06, 0x21, 0x05, 0x21, 0x06, 0x19, 0x06, 0x21, 0x05, 0x21,
    0x06, 0x19, 0x06, 0x21, 0x05, 0x21, 0x06, 0x19, 0x05, 0x21, 0x06, 0x21,
    0x06, 0x19, 0x05, 0x21, 0x06, 0x21, 0x06, 0x21, 0x06, 0x21, 0x06, 0x21,
    0x05, 0x21, 0x06, 0x21, 0x05, 0x21, 0x06, 0x19, 0x05, 0x21, 0x06, 0x21,
    0x06, 0x19, 0x05, 0x21, 0x06, 0x21, 0x06, 0x19, 0x05, 0x21, 0x06, 0x21,
    0x06, 0x19, 0x05, 0x21, 0x06, 0x19, 0x06, 0x21, 0x05, 0x21, 0x06, 0x21,
    0x06, 0x19, 0x05, 0x21, 0x06, 0x21, 0x06, 0x21, 0x05, 0x19, 0x05, 0x21,
    0x06, 0x21, 0x06, 0x21, 0x05, 0x19, 0x06, 0x21, 0x06, 0x21, 0x05, 0x21,
    0x06, 0x19, 0x06, 0x21, 0x05, 0x21, 0x06, 0x21, 0x06, 0x21, 0x06, 0x21,
    0x05, 0x19, 0x06, 0x21, 0x06, 0x21, 0x05, 0x19, 0x06, 0x19, 0x06, 0x21,
    0x05, 0x19, 0x06, 0x21, 0x06, 0x21, 0x05, 0x21, 0x06, 0x21, 0x06, 0x21,
    0x05, 0x21, 0x06, 0x21, 0x06, 0x21, 0x05, 0x21, 0x06, 0x19, 0x06, 0x21,
    0x06, 0x21, 0x05, 0x21, 0x06, 0x19, 0x06, 0x21, 0x05, 0x21, 0x06, 0x21,
    0x05, 0x21, 0x06, 0x21, 0x06, 0x21, 0x05, 0x21, 0x06, 0x19, 0x05, 0x21,
    0x06, 0x21, 0x06, 0x19, 0x05, 0x21, 0x06, 0x19, 0x05, 0x19, 0x05, 0x21,
    0x06, 0x21, 0x05, 0x19, 0x06, 0x21, 0x06, 0x21, 0x06, 0x21, 0xc4, 0x18,
    0x0b, 0x32, 0x1f, 0x7f, 0x1f, 0x7f, 0xff, 0x7e, 0xff, 0x7e, 0xff, 0x7e,
    0xff, 0x7e, 0xff, 0x7e, 0xff, 0x7e, 0xff, 0x7e, 0xff, 0x7e, 0xff, 0x7e,
    0xff, 0x7e, 0xff, 0x7e, 0xff, 0x7e, 0xff, 0x7e, 0xff, 0x7e, 0xff, 0x7e,
    0x7f, 0x87, 0xd2, 0x4b, 0x83, 0x18, 0x06, 0x21, 0x06, 0x19, 0x05, 0x21,
    0x06, 0x21, 0x05, 0x19, 0x06, 0x21, 0x05, 0x19, 0x06, 0x21, 0x06, 0x21,
    0x05, 0x21, 0x06, 0x21, 0x05, 0x19, 0x06, 0x21, 0x05, 0x21, 0x06, 0x19,
    0x06, 0x21, 0x06, 0x19, 0x05, 0x21, 0x06, 0x19, 0x05, 0x21, 0x06, 0x21,
    0x05, 0x21, 0x06, 0x21, 0x06, 0x19, 0x05, 0x21, 0x06, 0x21, 0x06, 0x21,
    0x05, 0x21, 0x06, 0x21, 0x05, 0x19, 0x06, 0x21, 0x06, 0x21, 0x05, 0x19,
    0x06, 0x21, 0x06, 0x21, 0x05, 0x21, 0x06, 0x19, 0x06, 0x21, 0x05, 0x21,
    0x06, 0x21, 0x06, 0x19, 0x06, 0x21, 0x05, 0x21, 0x06, 0x21, 0x05, 0x21,
    0x06, 0x19, 0x05, 0x21, 0x06, 0x21, 0x05, 0x21, 0x06, 0x21, 0x06, 0x21,
    0x05, 0x21, 0x06, 0x21, 0x06, 0x19, 0x05, 0x21, 0x06, 0x21, 0x06, 0x19,
    0x05, 0x21, 0x06, 0x21, 0x06, 0x21, 0x05, 0x19, 0x06, 0x21, 0x05, 0x21,
    0x05, 0x21, 0x06, 0x21, 0x05, 0x21, 0x06, 0x19, 0x06, 0x21, 0x05, 0x21,
    0x06, 0x19, 0x06, 0x21, 0x06, 0x19, 0x05, 0x21, 0x06, 0x19, 0x06, 0x21,
    0x05, 0x19, 0x06, 0x21, 0x06, 0x21, 0x05, 0x21, 0x05, 0x19, 0x06, 0x21,
    0x05, 0x21, 0x06, 0x19, 0x05, 0x19, 0x06, 0x21, 0x06, 0x21, 0x05, 0x19,
    0x06, 0x21, 0x05, 0x21, 0x06, 0x19, 0x06, 0x21, 0x05, 0x19, 0x06, 0x21,
    0x06, 0x21, 0x05, 0x21, 0x06, 0x19, 0x06, 0x21, 0x05, 0x21, 0x06, 0x21,
    0x06, 0x21, 0x05, 0x21, 0x06, 0x21, 0x06, 0x21, 0x05, 0x19, 0x06, 0x21,
    0x06, 0x21, 0x05, 0x21, 0x06, 0x21, 0x05, 0x19, 0x06, 0x21, 0x06, 0x21,
    0x05, 0x21, 0x06, 0x21, 0x06, 0x21, 0x05, 0x21, 0x06, 0x21, 0x05, 0x21,
    0x06, 0x21, 0x06, 0x21, 0x05, 0x19, 0x06, 0x21, 0x05, 0x21, 0x06, 0x21,
    0x06, 0x21, 0x05, 0x21, 0x06, 0x21, 0x06, 0x19, 0x05, 0x19, 0x05, 0x21,
    0x06, 0x21, 0x06, 0x19, 0x05, 0x21, 0x06, 0x21, 0x06, 0x21, 0x05, 0x19,
    0x06, 0x21, 0x05, 0x21, 0x06, 0x21, 0x05, 0x21, 0x06, 0x21, 0x06, 0x21,
    0x05, 0x21, 0x06, 0x21, 0x05, 0x21, 0x06, 0x21, 0x06, 0x19, 0x05, 0x21,
    0x06, 0x21, 0x05, 0x21, 0x06, 0x19, 0x06, 0x21, 0x05, 0x21, 0x06, 0x21,
    0x06, 0x19, 0x05, 0x21, 0x06, 0x21, 0x06, 0x21, 0x05, 0x19, 0x06, 0x21,
    0x05, 0x21, 0x06, 0x19, 0x06, 0x21, 0x05, 0x19, 0x05, 0x19, 0x06, 0x21,
    0x05, 0x21, 0x06, 0x21, 0x06, 0x21, 0x05, 0x21, 0x06, 0x19, 0x06, 0x21,
    0x05, 0x21, 0x06, 0x21, 0x05, 0x19, 0x06, 0x21, 0x05, 0x21, 0x06, 0x19,
    0x05, 0x21, 0x06, 0x19, 0x05, 0x21, 0x06, 0x21, 0x06, 0x19, 0x05, 0x21,
    0x06, 0x21, 0x06, 0x21, 0x05, 0x21, 0x06, 0x21, 0x05, 0x19, 0x06, 0x21,
    0x06, 0x21, 0x05, 0x19, 0x06, 0x19, 0x05, 0x21, 0x06, 0x21, 0x06, 0x21,
    0x05, 0x19, 0x06, 0x21, 0x05, 0x21, 0x06, 0x21, 0x06, 0x21, 0x06, 0x21,
    0x06, 0x21, 0x05, 0x19, 0x06, 0x21, 0x05, 0x21, 0x05, 0x21, 0x06, 0x19,
    0xc4, 0x18, 0x0a, 0x32, 0x1f, 0x7f, 0xff, 0x7e, 0xff, 0x7e, 0xff, 0x7e,
    0xff, 0x7e, 0xff, 0x7e, 0xff, 0x7e, 0xff, 0x7e, 0xff, 0x7e, 0xff, 0x7e,
    0xff, 0x7e, 0xff, 0x7e, 0xff, 0x7e, 0xff, 0x7e, 0xff, 0x7e, 0xff, 0x7e,
    0xff, 0x7e, 0x7f, 0x87, 0xd2, 0x4b, 0x84, 0x18, 0x06, 0x21, 0x05, 0x21,
    0x06, 0x21, 0x06, 0x21, 0x06, 0x21, 0x05, 0x21, 0x06, 0x21, 0x06, 0x19,
    0x05, 0x21, 0x06, 0x21, 0x06, 0x19, 0x05, 0x21, 0x06, 0x21, 0x06, 0x21,
    0x05, 0x21, 0x06, 0x19, 0x05, 0x21, 0x06, 0x21, 0x06, 0x21, 0x05, 0x19,
    0x06, 0x21, 0x06, 0x21, 0x05, 0x19, 0x06, 0x21, 0x05, 0x21, 0x06, 0x19,
    0x06, 0x21, 0x05, 0x21, 0x06, 0x21, 0x06, 0x21, 0x05, 0x21, 0x06, 0x19,
    0x06, 0x21, 0x05, 0x21, 0x05, 0x21, 0x06, 0x21, 0x06, 0x19, 0x05, 0x21,
    0x06, 0x21, 0x06, 0x21, 0x05, 0x21, 0x06, 0x19, 0x06, 0x21, 0x05, 0x21,
    0x06, 0x21, 0x06, 0x21, 0x06, 0x19, 0x05, 0x21, 0x06, 0x19, 0x05, 0x21,
    0x06, 0x19, 0x06, 0x21, 0x05, 0x21, 0x06, 0x21, 0x05, 0x21, 0x06, 0x21,
    0x05, 0x21, 0x06, 0x21, 0x06, 0x21, 0x05, 0x19, 0x06, 0x21, 0x06, 0x21,
    0x06, 0x19, 0x06, 0x21, 0x05, 0x21, 0x06, 0x19, 0x05, 0x21, 0x06, 0x21,
    0x05, 0x19, 0x05, 0x21, 0x06, 0x21, 0x06, 0x21, 0x05, 0x19, 0x06, 0x21,
    0x06, 0x21, 0x05, 0x21, 0x06, 0x19, 0x06, 0x21, 0x05, 0x21, 0x06, 0x21,
    0x06, 0x19, 0x06, 0x21, 0x05, 0x21, 0x06, 0x21, 0x05, 0x21, 0x06, 0x21,
    0x06, 0x21, 0x05, 0x21, 0x06, 0x21, 0x05, 0x21, 0x06, 0x21, 0x05, 0x21,
    0x06, 0x19, 0x06, 0x21, 0x05, 0x21, 0x06, 0x19, 0x05, 0x21, 0x06, 0x21,
    0x06, 0x19, 0x05, 0x19, 0x05, 0x21, 0x06, 0x21, 0x06, 0x19, 0x05, 0x21,
    0x05, 0x21, 0x06, 0x19, 0x06, 0x21, 0x05, 0x21, 0x06, 0x19, 0x06, 0x21,
    0x05, 0x21, 0x06, 0x19, 0x05, 0x21, 0x06, 0x19, 0x06, 0x19, 0x05, 0x21,
    0x06, 0x19, 0x05, 0x21, 0x06, 0x21, 0x06, 0x21, 0x05, 0x19, 0x06, 0x21,
    0x06, 0x21, 0x05, 0x19, 0x05, 0x21, 0x06, 0x21, 0x06, 0x21, 0x05, 0x21,
    0x06, 0x21, 0x06, 0x19, 0x05, 0x21, 0x06, 0x21, 0x06, 0x21, 0x05, 0x21,
    0x06, 0x21, 0x06, 0x19, 0x06, 0x21, 0x05, 0x19, 0x06, 0x21, 0x05, 0x19,
    0x06, 0x19, 0x06, 0x21, 0x05, 0x21, 0x06, 0x19, 0x05, 0x21, 0x06, 0x21,
    0x06, 0x19, 0x05, 0x21, 0x06, 0x21, 0x05, 0x21, 0x06, 0x19, 0x05, 0x21,
    0x06, 0x21, 0x06, 0x21, 0x05, 0x19, 0x06, 0x21, 0x06, 0x21, 0x05, 0x21,
    0x06, 0x21, 0x06, 0x21, 0x05, 0x21, 0x06, 0x21, 0x06, 0x21, 0x06, 0x21,
    0x05, 0x21, 0x06, 0x19, 0x06, 0x21, 0x05, 0x21, 0x05, 0x19, 0x06, 0x21,
    0x05, 0x21, 0x06, 0x21, 0x06, 0x21, 0x05, 0x21, 0x06, 0x21, 0x06, 0x19,
    0x05, 0x21, 0x06, 0x21, 0x06, 0x21, 0x05, 0x19, 0x06, 0x21, 0x06, 0x21,
    0x05, 0x21, 0x06, 0x21, 0x06, 0x21, 0x06, 0x21, 0x05, 0x21, 0x06, 0x19,
    0x06, 0x21, 0x05, 0x21, 0x06, 0x21, 0x06, 0x21, 0x05, 0x19, 0x06, 0x21,
    0x06, 0x21, 0x05, 0x21, 0x06, 0x19, 0x06, 0x21, 0x05, 0x21, 0x05, 0x19,
    0x06, 0x21, 0x06, 0x21, 0x05, 0x21, 0x06, 0x21, 0x06, 0x19, 0x06, 0x21,
    0x06, 0x21, 0xc4, 0x18, 0x0a, 0x32, 0x1f, 0x7f, 0xff, 0x7e, 0xff, 0x7e,
    0xff, 0x7e, 0xff, 0x7e, 0xff, 0x7e, 0xff, 0x7e, 0xff, 0x7e, 0xff, 0x7e,
    0xff, 0x7e, 0xff, 0x7e, 0xff, 0x7e, 0xff, 0x7e, 0xff, 0x7e, 0xff, 0x7e,
    0xff, 0x7e, 0xff, 0x7e, 0x7f, 0x87, 0xf2, 0x4b, 0x83, 0x18, 0x06, 0x19,
    0x06, 0x21, 0x05, 0x19, 0x06, 0x21, 0x05, 0x19, 0x06, 0x21, 0x06, 0x21,
    0x05, 0x19, 0x05, 0x21, 0x06, 0x21, 0x06, 0x19, 0x05, 0x21, 0x06, 0x21,
    0x06, 0x19, 0x05, 0x21, 0x06, 0x21, 0x06, 0x21, 0x05, 0x21, 0x06, 0x21,
    0x06, 0x19, 0x05, 0x21, 0x06, 0x21, 0x06, 0x21, 0x05, 0x21, 0x06, 0x21,
    0x05, 0x19, 0x06, 0x21, 0x06, 0x19, 0x05, 0x19, 0x06, 0x21, 0x05, 0x21,
    0x06, 0x21, 0x06, 0x21, 0x05, 0x19, 0x06, 0x21, 0x06, 0x21, 0x05, 0x21,
    0x06, 0x19, 0x06, 0x21, 0x05, 0x21, 0x05, 0x19, 0x06, 0x21, 0x06, 0x21,
    0x05, 0x19, 0x06, 0x21, 0x06, 0x21, 0x05, 0x21, 0x06, 0x21, 0x06, 0x21,
    0x05, 0x19, 0x06, 0x21, 0x05, 0x21, 0x06, 0x19, 0x06, 0x21, 0x05, 0x19,
    0x06, 0x21, 0x06, 0x19, 0x05, 0x21, 0x06, 0x21, 0x05, 0x19, 0x06, 0x21,
    0x05, 0x21, 0x06, 0x19, 0x06, 0x21, 0x05, 0x21, 0x06, 0x21, 0x06, 0x21,
    0x06, 0x21, 0x06, 0x21, 0x05, 0x21, 0x06, 0x21, 0x05, 0x21, 0x06, 0x21,
    0x05, 0x21, 0x06, 0x21, 0x05, 0x21, 0x06, 0x19, 0x06, 0x21, 0x05, 0x21,
    0x06, 0x21, 0x06, 0x21, 0x05, 0x19, 0x06, 0x21, 0x06, 0x21, 0x05, 0x19,
    0x06, 0x21, 0x06, 0x19, 0x05, 0x21, 0x06, 0x19, 0x06, 0x21, 0x05, 0x21,
    0x06, 0x19, 0x05, 0x21, 0x06, 0x21, 0x06, 0x21, 0x05, 0x21, 0x06, 0x21,
    0x06, 0x21, 0x05, 0x21, 0x06, 0x21, 0x06, 0x19, 0x05, 0x21, 0x06, 0x21,
    0x06, 0x21, 0x05, 0x21, 0x06, 0x19, 0x06, 0x21, 0x05, 0x21, 0x06, 0x21,
    0x06, 0x21, 0x05, 0x19, 0x06, 0x21, 0x06, 0x21, 0x05, 0x21, 0x06, 0x21,
    0x06, 0x21, 0x05, 0x19, 0x06, 0x21, 0x05, 0x21, 0x06, 0x21, 0x06, 0x21,
    0x05, 0x19, 0x06, 0x21, 0x06, 0x21, 0x06, 0x19, 0x05, 0x21, 0x06, 0x21,
    0x06, 0x21, 0x05, 0x19, 0x06, 0x21, 0x05, 0x21, 0x06, 0x19, 0x06, 0x19,
    0x05, 0x21, 0x06, 0x21, 0x05, 0x21, 0x06, 0x21, 0x06, 0x21, 0x05, 0x21,
    0x06, 0x21, 0x06, 0x21, 0x05, 0x21, 0x06, 0x19, 0x06, 0x21, 0x05, 0x21,
    0x06, 0x21, 0x06, 0x21, 0x05, 0x19, 0x06, 0x21, 0x06, 0x21, 0x05, 0x21,
    0x06, 0x21, 0x06, 0x21, 0x05, 0x21, 0x06, 0x21, 0x05, 0x19, 0x06, 0x21,
    0x05, 0x19, 0x06, 0x21, 0x06, 0x19, 0x05, 0x21, 0x05, 0x21, 0x06, 0x19,
    0x06, 0x21, 0x05, 0x21, 0x06, 0x19, 0x06, 0x21, 0x05, 0x21, 0x06, 0x21,
    0x06, 0x21, 0x05, 0x19, 0x06, 0x21, 0x06, 0x19, 0x05, 0x21, 0x06, 0x21,
    0x06, 0x21, 0x05, 0x21, 0x06, 0x21, 0x06, 0x21, 0x05, 0x21, 0x06, 0x19,
    0x05, 0x21, 0x06, 0x21, 0x06, 0x19, 0x05, 0x19, 0x06, 0x21, 0x06, 0x21,
    0x05, 0x21, 0x06, 0x19, 0x05, 0x21, 0x06, 0x21, 0x06, 0x21, 0x05, 0x21,
    0x06, 0x19, 0x05, 0x21, 0x06, 0x21, 0x06, 0x21, 0x05, 0x19, 0x06, 0x21,
    0x06, 0x21, 0x05, 0x19, 0x06, 0x21, 0x06, 0x21, 0x05, 0x19, 0x06, 0x21,
    0x05, 0x21, 0x06, 0x21, 0xc4, 0x18, 0x0b, 0x32, 0x1f, 0x7f, 0x1f, 0x7f,
    0xff, 0x7e, 0xff, 0x7e, 0xff, 0x7e, 0xff, 0x7e, 0xff, 0x7e, 0xff, 0x7e,
    0xff, 0x7e, 0xff, 0x7e, 0xff, 0x7e, 0xff, 0x7e, 0xff, 0x7e, 0xff, 0x7e,
    0xff, 0x7e, 0xff, 0x7e, 0xff, 0x7e, 0x7f, 0x87, 0xd2, 0x4b, 0x83, 0x18,
    0x06, 0x21, 0x06, 0x21, 0x05, 0x21, 0x06, 0x19, 0x06, 0x21, 0x05, 0x21,
    0x06, 0x21, 0x06, 0x21, 0x05, 0x21, 0x06, 0x21, 0x06, 0x21, 0x05, 0x21,
    0x06, 0x19, 0x05, 0x21, 0x06, 0x21, 0x06, 0x19, 0x05, 0x21, 0x06, 0x21,
    0x05, 0x19, 0x06, 0x21, 0x05, 0x21, 0x06, 0x19, 0x06, 0x21, 0x05, 0x21,
    0x06, 0x19, 0x06, 0x21, 0x05, 0x21, 0x06, 0x21, 0x06, 0x21, 0x05, 0x21,
    0x06, 0x19, 0x05, 0x21, 0x06, 0x21, 0x06, 0x19, 0x05, 0x21, 0x06, 0x21,
    0x05, 0x19, 0x06, 0x21, 0x06, 0x21, 0x05, 0x19, 0x06, 0x21, 0x06, 0x21,
    0x05, 0x21, 0x06, 0x19, 0x05, 0x21, 0x05, 0x21, 0x06, 0x19, 0x06, 0x21,
    0x05, 0x21, 0x06, 0x21, 0x06, 0x21, 0x05, 0x21, 0x06, 0x21, 0x06, 0x19,
    0x05, 0x21, 0x06, 0x21, 0x06, 0x21, 0x05, 0x19, 0x06, 0x21, 0x06, 0x21,
    0x05, 0x21, 0x06, 0x21, 0x05, 0x21, 0x06, 0x19, 0x06, 0x21, 0x05, 0x21,
    0x05, 0x19, 0x06, 0x21, 0x06, 0x19, 0x06, 0x19, 0x05, 0x21, 0x06, 0x19,
    0x06, 0x21, 0x06, 0x19, 0x05, 0x21, 0x06, 0x21, 0x05, 0x21, 0x06, 0x19,
    0x06, 0x21, 0x05, 0x21, 0x05, 0x19, 0x06, 0x21, 0x06, 0x21, 0x05, 0x19,
    0x06, 0x21, 0x05, 0x21, 0x06, 0x21, 0x06, 0x19, 0x05, 0x21, 0x06, 0x21,
    0x06, 0x19, 0x05, 0x21, 0x06, 0x21, 0x05, 0x19, 0x06, 0x21, 0x06, 0x19,
    0x05, 0x19, 0x06, 0x21, 0x05, 0x21, 0x06, 0x21, 0x06, 0x21, 0x05, 0x19,
    0x06, 0x21, 0x06, 0x21, 0x05, 0x21, 0x06, 0x21, 0x06, 0x19, 0x05, 0x21,
    0x06, 0x21, 0x05, 0x19, 0x06, 0x21, 0x06, 0x21, 0x05, 0x21, 0x06, 0x21,
    0x05, 0x21, 0x06, 0x21, 0x06, 0x21, 0x05, 0x19, 0x06, 0x21, 0x05, 0x21,
    0x06, 0x19, 0x05, 0x21, 0x05, 0x21, 0x06, 0x21, 0x06, 0x19, 0x05, 0x21,
    0x06, 0x21, 0x06, 0x19, 0x05, 0x21, 0x06, 0x21, 0x06, 0x21, 0x05, 0x21,
    0x06, 0x21, 0x06, 0x19, 0x05, 0x21, 0x06, 0x21, 0x05, 0x19, 0x06, 0x21,
    0x06, 0x21, 0x05, 0x19, 0x06, 0x21, 0x05, 0x21, 0x06, 0x21, 0x06, 0x21,
    0x05, 0x19, 0x06, 0x21, 0x05, 0x21, 0x06, 0x21, 0x06, 0x19, 0x05, 0x21,
    0x06, 0x21, 0x06, 0x19, 0x05, 0x19, 0x06, 0x21, 0x06, 0x21, 0x05, 0x21,
    0x06, 0x21, 0x06, 0x21, 0x05, 0x19, 0x06, 0x21, 0x06, 0x21, 0x05, 0x19,
    0x06, 0x21, 0x05, 0x21, 0x06, 0x21, 0x05, 0x21, 0x06, 0x19, 0x06, 0x21,
    0x06, 0x21, 0x05, 0x19, 0x06, 0x21, 0x06, 0x21, 0x05, 0x21, 0x06, 0x19,
    0x06, 0x21, 0x05, 0x19, 0x06, 0x19, 0x05, 0x21, 0x06, 0x21, 0x06, 0x19,
    0x05, 0x21, 0x06, 0x21, 0x05, 0x21, 0x06, 0x21, 0x06, 0x21, 0x05, 0x19,
    0x06, 0x21, 0x06, 0x21, 0x05, 0x21, 0x06, 0x19, 0x05, 0x21, 0x06, 0x21,
    0x06, 0x19, 0x05, 0x21, 0x06, 0x21, 0x06, 0x21, 0x05, 0x21, 0x06, 0x21,
    0x06, 0x21, 0x05, 0x21, 0x06, 0x21, 0x05, 0x19, 0x06, 0x21, 0x06, 0x21,
    0x05, 0x21, 0x06, 0x21, 0x06, 0x19, 0xc4, 0x18, 0x0a, 0x32, 0x1f, 0x7f,
    0xff, 0x7e, 0xff, 0x7e, 0xff, 0x7e, 0xff, 0x7e, 0xff, 0x7e, 0xff, 0x7e,
    0xff, 0x7e, 0xff, 0x7e, 0xff, 0x7e, 0xff, 0x7e, 0xff, 0x7e, 0xff, 0x7e,
    0xff, 0x7e, 0xff, 0x7e, 0xff, 0x7e, 0xff, 0x7e, 0x7f, 0x87, 0xd2, 0x4b,
    0x84, 0x18, 0x06, 0x21, 0x05, 0x19, 0x06, 0x21, 0x06, 0x21, 0x05, 0x21,
    0x05, 0x19, 0x06, 0x21, 0x06, 0x19, 0x05, 0x21, 0x06, 0x19, 0x05, 0x21,
    0x06, 0x21, 0x06, 0x21, 0x05, 0x21, 0x06, 0x21, 0x05, 0x19, 0x06, 0x21,
    0x06, 0x21, 0x06, 0x21, 0x05, 0x21, 0x06, 0x21, 0x05, 0x19, 0x06, 0x21,
    0x06, 0x21, 0x05, 0x21, 0x06, 0x21, 0x05, 0x21, 0x06, 0x21, 0x06, 0x21,
    0x05, 0x19, 0x06, 0x21, 0x06, 0x21, 0x05, 0x21, 0x06, 0x21, 0x06, 0x21,
    0x05, 0x19, 0x06, 0x21, 0x05, 0x21, 0x06, 0x21, 0x06, 0x21, 0x05, 0x21,
    0x06, 0x21, 0x06, 0x19, 0x06, 0x21, 0x06, 0x21, 0x05, 0x19, 0x06, 0x21,
    0x06, 0x21, 0x05, 0x19, 0x06, 0x21, 0x06, 0x19, 0x05, 0x21, 0x06, 0x21,
    0x05, 0x21, 0x06, 0x21, 0x05, 0x21, 0x06, 0x21, 0x06, 0x21, 0x05, 0x21,
    0x06, 0x19, 0x06, 0x21, 0x05, 0x21, 0x06, 0x21, 0x05, 0x21, 0x06, 0x19,
    0x06, 0x21, 0x05, 0x21, 0x05, 0x21, 0x06, 0x21, 0x05, 0x21, 0x06, 0x21,
    0x06, 0x21, 0x05, 0x19, 0x06, 0x21, 0x06, 0x21, 0x05, 0x19, 0x06, 0x21,
    0x05, 0x21, 0x06, 0x19, 0x06, 0x21, 0x05, 0x21, 0x06, 0x21, 0x06, 0x21,
    0x05, 0x21, 0x06, 0x21, 0x06, 0x21, 0x05, 0x21, 0x06, 0x21, 0x05, 0x21,
    0x06, 0x21, 0x06, 0x21, 0x05, 0x21, 0x06, 0x21, 0x06, 0x21, 0x05, 0x21,
    0x06, 0x21, 0x06, 0x21, 0x05, 0x19, 0x06, 0x21, 0x06, 0x21, 0x05, 0x19,
    0x06, 0x21, 0x06, 0x21, 0x05, 0x19, 0x06, 0x21, 0x05, 0x21, 0x06, 0x21,
    0x06, 0x21, 0x05, 0x19, 0x06, 0x21, 0x06, 0x21, 0x05, 0x19, 0x06, 0x19,
    0x06, 0x21, 0x05, 0x19, 0x06, 0x21, 0x06, 0x21, 0x05, 0x19, 0x06, 0x21,
    0x06, 0x21, 0x06, 0x21, 0x06, 0x21, 0x05, 0x21, 0x06, 0x19, 0x05, 0x21,
    0x06, 0x21, 0x05, 0x21, 0x06, 0x19, 0x06, 0x21, 0x05, 0x21, 0x06, 0x19,
    0x05, 0x21, 0x06, 0x21, 0x06, 0x21, 0x05, 0x19, 0x06, 0x21, 0x06, 0x21,
    0x05, 0x19, 0x06, 0x21, 0x06, 0x21, 0x05, 0x19, 0x06, 0x21, 0x06, 0x21,
    0x05, 0x19, 0x06, 0x21, 0x06, 0x21, 0x05, 0x19, 0x06, 0x21, 0x06, 0x21,
    0x05, 0x19, 0x06, 0x21, 0x05, 0x21, 0x06, 0x21, 0x06, 0x19, 0x05, 0x21,
    0x06, 0x21, 0x06, 0x19, 0x05, 0x21, 0x06, 0x21, 0x06, 0x21, 0x05, 0x21,
    0x06, 0x21, 0x06, 0x21, 0x06, 0x19, 0x05, 0x21, 0x06, 0x21, 0x05, 0x21,
    0x06, 0x19, 0x05, 0x21, 0x06, 0x21, 0x06, 0x21, 0x05, 0x21, 0x05, 0x21,
    0x06, 0x21, 0x05, 0x21, 0x06, 0x21, 0x06, 0x21, 0x05, 0x21, 0x06, 0x19,
    0x06, 0x21, 0x05, 0x21, 0x06, 0x19, 0x06, 0x21, 0x05, 0x21, 0x06, 0x21,
    0x05, 0x21, 0x06, 0x19, 0x06, 0x21, 0x05, 0x21, 0x06, 0x21, 0x06, 0x19,
    0x05, 0x21, 0x06, 0x21, 0x05, 0x21, 0x06, 0x19, 0x05, 0x19, 0x06, 0x21,
    0x06, 0x19, 0x05, 0x21, 0x06, 0x21, 0x06, 0x19, 0x05, 0x21, 0x06, 0x21,
    0x06, 0x19, 0x05, 0x21, 0x06, 0x21, 0x06, 0x21, 0xc4, 0x18, 0x0a, 0x32,
    0x1f, 0x7f, 0x1f, 0x7f, 0xff, 0x7e, 0xff, 0x7e, 0xff, 0x7e, 0xff, 0x7e,
    0xff, 0x7e, 0xff, 0x7e, 0xff, 0x7e, 0xff, 0x7e, 0xff, 0x7e, 0xff, 0x7e,
    0xff, 0x7e, 0xff, 0x7e, 0xff, 0x7e, 0xff, 0x7e, 0xff, 0x7e, 0x7f, 0x87,
    0xd2, 0x4b, 0x83, 0x18, 0x06, 0x21, 0x05, 0x19, 0x06, 0x21, 0x06, 0x21,
    0x05, 0x21, 0x06, 0x21, 0x06, 0x19, 0x05, 0x21, 0x06, 0x21, 0x06, 0x21,
    0x05, 0x19, 0x06, 0x21, 0x06, 0x21, 0x05, 0x19, 0x06, 0x21, 0x06, 0x21,
    0x05, 0x19, 0x06, 0x21, 0x05, 0x19, 0x06, 0x21, 0x06, 0x21, 0x05, 0x21,
    0x06, 0x19, 0x06, 0x21, 0x05, 0x21, 0x06, 0x19, 0x06, 0x19, 0x05, 0x21,
    0x06, 0x21, 0x05, 0x21, 0x06, 0x19, 0x06, 0x21, 0x05, 0x19, 0x06, 0x21,
    0x06, 0x21, 0x05, 0x21, 0x06, 0x21, 0x06, 0x19, 0x05, 0x21, 0x06, 0x21,
    0x05, 0x19, 0x05, 0x21, 0x06, 0x21, 0x05, 0x21, 0x06, 0x21, 0x06, 0x21,
    0x05, 0x21, 0x06, 0x21, 0x05, 0x21, 0x06, 0x19, 0x05, 0x21, 0x06, 0x21,
    0x06, 0x19, 0x05, 0x21, 0x06, 0x19, 0x06, 0x19, 0x05, 0x21, 0x06, 0x21,
    0x05, 0x19, 0x06, 0x21, 0x06, 0x21, 0x05, 0x19, 0x06, 0x21, 0x06, 0x21,
    0x05, 0x21, 0x06, 0x19, 0x06, 0x21, 0x06, 0x21, 0x05, 0x19, 0x06, 0x21,
    0x06, 0x21, 0x05, 0x21, 0x05, 0x21, 0x06, 0x21, 0x06, 0x21, 0x05, 0x19,
    0x06, 0x21, 0x06, 0x21, 0x05, 0x21, 0x06, 0x21, 0x06, 0x19, 0x05, 0x21,
    0x06, 0x21, 0x06, 0x19, 0x05, 0x19, 0x06, 0x21, 0x06, 0x19, 0x05, 0x21,
    0x06, 0x19, 0x06, 0x21, 0x05, 0x21, 0x06, 0x19, 0x06, 0x21, 0x05, 0x19,
    0x06, 0x21, 0x05, 0x21, 0x06, 0x21, 0x06, 0x21, 0x05, 0x19, 0x06, 0x21,
    0x05, 0x21, 0x06, 0x21, 0x05, 0x21, 0x06, 0x19, 0x06, 0x21, 0x05, 0x21,
    0x06, 0x19, 0x06, 0x21, 0x05, 0x21, 0x06, 0x21, 0x05, 0x21, 0x05, 0x21,
    0x06, 0x21, 0x06, 0x21, 0x05, 0x19, 0x06, 0x21, 0x06, 0x21, 0x05, 0x21,
    0x06, 0x19, 0x05, 0x21, 0x06, 0x19, 0x06, 0x21, 0x06, 0x21, 0x05, 0x21,
    0x06, 0x21, 0x06, 0x19, 0x05, 0x21, 0x06, 0x21, 0x06, 0x21, 0x05, 0x21,
    0x06, 0x19, 0x06, 0x21, 0x05, 0x21, 0x06, 0x21, 0x05, 0x21, 0x06, 0x21,
    0x06, 0x21, 0x05, 0x21, 0x06, 0x21, 0x06, 0x21, 0x05, 0x19, 0x06, 0x21,
    0x05, 0x21, 0x06, 0x19, 0x06, 0x21, 0x05, 0x21, 0x06, 0x21, 0x05, 0x21,
    0x06, 0x21, 0x06, 0x21, 0x05, 0x21, 0x06, 0x21, 0x06, 0x21, 0x05, 0x21,
    0x06, 0x19, 0x06, 0x21, 0x05, 0x21, 0x05, 0x19, 0x06, 0x21, 0x06, 0x21,
    0x05, 0x19, 0x06, 0x21, 0x06, 0x21, 0x05, 0x19, 0x06, 0x21, 0x06, 0x21,
    0x05, 0x21, 0x06, 0x21, 0x06, 0x19, 0x05, 0x21, 0x06, 0x19, 0x06, 0x21,
    0x06, 0x19, 0x06, 0x21, 0x05, 0x21, 0x06, 0x19, 0x06, 0x21, 0x05, 0x21,
    0x06, 0x21, 0x05, 0x21, 0x06, 0x21, 0x06, 0x19, 0x05, 0x21, 0x06, 0x21,
    0x06, 0x21, 0x05, 0x21, 0x06, 0x21, 0x05, 0x19, 0x06, 0x21, 0x06, 0x21,
    0x05, 0x21, 0x06, 0x19, 0x06, 0x21, 0x06, 0x21, 0x05, 0x21, 0x06, 0x21,
    0x05, 0x21, 0x06, 0x19, 0x05, 0x21, 0x06, 0x21, 0x06, 0x21, 0x05, 0x21,
    0x06, 0x21, 0x05, 0x19, 0x06, 0x21, 0x05, 0x21, 0x06, 0x21, 0xc4, 0x18,
    0x0b, 0x32, 0x1f, 0x7f, 0xff, 0x7e, 0xff, 0x7e, 0xff, 0x7e, 0xff, 0x7e,
    0xff, 0x7e, 0xff, 0x7e, 0xff, 0x7e, 0xff, 0x7e, 0xff, 0x7e, 0xff, 0x7e,
    0xff, 0x7e, 0xff, 0x7e, 0xff, 0x7e, 0xff, 0x7e, 0xff, 0x7e, 0xff, 0x7e,
    0x7f, 0x87, 0xd2, 0x4b, 0x84, 0x18, 0x05, 0x21, 0x06, 0x21, 0x05, 0x19,
    0x06, 0x21, 0x06, 0x21, 0x05, 0x21, 0x06, 0x21, 0x06, 0x21, 0x05, 0x21,
    0x06, 0x21, 0x06, 0x19, 0x05, 0x21, 0x06, 0x21, 0x05, 0x19, 0x06, 0x21,
    0x06, 0x21, 0x05, 0x21, 0x06, 0x21, 0x06, 0x21, 0x05, 0x19, 0x06, 0x21,
    0x06, 0x21, 0x05, 0x21, 0x06, 0x19, 0x05, 0x21, 0x06, 0x21, 0x06, 0x21,
    0x05, 0x19, 0x06, 0x21, 0x06, 0x21, 0x05, 0x21, 0x06, 0x21, 0x05, 0x19,
    0x06, 0x21, 0x05, 0x21, 0x06, 0x19, 0x06, 0x21, 0x05, 0x21, 0x06, 0x19,
    0x06, 0x21, 0x06, 0x21, 0x06, 0x19, 0x05, 0x21, 0x06, 0x21, 0x05, 0x19,
    0x06, 0x21, 0x06, 0x19, 0x05, 0x21, 0x06, 0x21, 0x06, 0x21, 0x05, 0x21,
    0x06, 0x21, 0x06, 0x21, 0x05, 0x21, 0x06, 0x21, 0x06, 0x21, 0x05, 0x21,
    0x06, 0x19, 0x06, 0x21, 0x05, 0x21, 0x06, 0x21, 0x06, 0x19, 0x05, 0x21,
    0x06, 0x21, 0x06, 0x19, 0x05, 0x21, 0x06, 0x21, 0x06, 0x19, 0x05, 0x21,
    0x06, 0x21, 0x06, 0x19, 0x05, 0x19, 0x06, 0x21, 0x06, 0x21, 0x05, 0x19,
    0x06, 0x21, 0x06, 0x21, 0x05, 0x21, 0x06, 0x19, 0x06, 0x21, 0x05, 0x21,
    0x06, 0x19, 0x05, 0x21, 0x06, 0x21, 0x05, 0x21, 0x06, 0x21, 0x06, 0x21,
    0x05, 0x19, 0x06, 0x21, 0x05, 0x21, 0x06, 0x19, 0x06, 0x21, 0x05, 0x21,
    0x06, 0x19, 0x06, 0x21, 0x05, 0x19, 0x06, 0x21, 0x05, 0x21, 0x06, 0x21,
    0x06, 0x19, 0x06, 0x21, 0x05, 0x21, 0x06, 0x19, 0x06, 0x21, 0x05, 0x21,
    0x06, 0x19, 0x05, 0x21, 0x06, 0x21, 0x06, 0x19, 0x05, 0x21, 0x06, 0x21,
    0x06, 0x19, 0x05, 0x21, 0x06, 0x21, 0x05, 0x21, 0x06, 0x21, 0x05, 0x21,
    0x06, 0x21, 0x06, 0x21, 0x05, 0x21, 0x05, 0x19, 0x06, 0x21, 0x05, 0x21,
    0x06, 0x19, 0x06, 0x21, 0x05, 0x21, 0x06, 0x19, 0x05, 0x21, 0x06, 0x21,
    0x06, 0x19, 0x05, 0x21, 0x06, 0x21, 0x06, 0x19, 0x05, 0x21, 0x06, 0x19,
    0x05, 0x21, 0x06, 0x19, 0x05, 0x21, 0x06, 0x21, 0x05, 0x19, 0x06, 0x21,
    0x06, 0x21, 0x05, 0x21, 0x06, 0x21, 0x05, 0x21, 0x06, 0x19, 0x06, 0x21,
    0x05, 0x19, 0x06, 0x21, 0x06, 0x21, 0x05, 0x19, 0x06, 0x19, 0x05, 0x21,
    0x05, 0x21, 0x06, 0x21, 0x06, 0x21, 0x05, 0x21, 0x06, 0x21, 0x06, 0x21,
    0x05, 0x19, 0x06, 0x21, 0x05, 0x21, 0x05, 0x21, 0x06, 0x21, 0x06, 0x19,
    0x05, 0x21, 0x06, 0x19, 0x06, 0x21, 0x05, 0x21, 0x05, 0x21, 0x06, 0x21,
    0x05, 0x19, 0x06, 0x21, 0x06, 0x21, 0x05, 0x19, 0x06, 0x21, 0x05, 0x21,
    0x06, 0x19, 0x06, 0x21, 0x05, 0x21, 0x06, 0x19, 0x05, 0x21, 0x06, 0x21,
    0x06, 0x19, 0x06, 0x21, 0x06, 0x21, 0x05, 0x21, 0x06, 0x21, 0x06, 0x19,
    0x05, 0x21, 0x05, 0x21, 0x06, 0x21, 0x06, 0x19, 0x05, 0x21, 0x06, 0x21,
    0x06, 0x21, 0x05, 0x21, 0x06, 0x21, 0x06, 0x19, 0x05, 0x21, 0x06, 0x19,
    0x06, 0x21, 0x05, 0x21, 0x06, 0x21, 0x06, 0x19, 0x05, 0x21, 0x06, 0x21,
    0xc4, 0x18, 0x0a, 0x32, 0x1f, 0x7f, 0x1f, 0x7f, 0xff, 0x7e, 0xff, 0x7e,
    0xff, 0x7e, 0xff, 0x7e, 0xff, 0x7e, 0xff, 0x7e, 0xff, 0x7e, 0xff, 0x7e,
    0xff, 0x7e, 0xff, 0x7e, 0xff, 0x7e, 0xff, 0x7e, 0xff, 0x7e, 0xff, 0x7e,
    0xff, 0x7e, 0x7f, 0x87, 0xd2, 0x4b, 0x84, 0x18, 0x06, 0x21, 0x05, 0x21,
    0x06, 0x21, 0x06, 0x19, 0x05, 0x21, 0x06, 0x19, 0x06, 0x21, 0x05, 0x19,
    0x06, 0x21, 0x05, 0x21, 0x06, 0x21, 0x06, 0x21, 0x05, 0x21, 0x06, 0x21,
    0x05, 0x21, 0x06, 0x19, 0x05, 0x21, 0x06, 0x21, 0x06, 0x21, 0x05, 0x19,
    0x06, 0x21, 0x05, 0x21, 0x06, 0x21, 0x06, 0x21, 0x05, 0x19, 0x06, 0x21,
    0x05, 0x21, 0x06, 0x21, 0x06, 0x19, 0x05, 0x21, 0x06, 0x21, 0x06, 0x21,
    0x05, 0x21, 0x06, 0x21, 0x06, 0x19, 0x05, 0x21, 0x06, 0x21, 0x05, 0x21,
    0x06, 0x21, 0x05, 0x21, 0x06, 0x21, 0x06, 0x19, 0x06, 0x21, 0x05, 0x21,
    0x06, 0x19, 0x06, 0x21, 0x05, 0x21, 0x06, 0x19, 0x06, 0x21, 0x05, 0x21,
    0x06, 0x19, 0x06, 0x19, 0x05, 0x21, 0x06, 0x21, 0x05, 0x19, 0x06, 0x21,
    0x06, 0x21, 0x05, 0x21, 0x06, 0x21, 0x05, 0x21, 0x06, 0x19, 0x06, 0x21,
    0x05, 0x21, 0x06, 0x21, 0x06, 0x21, 0x05, 0x21, 0x05, 0x21, 0x06, 0x21,
    0x06, 0x21, 0x05, 0x21, 0x06, 0x21, 0x06, 0x21, 0x05, 0x21, 0x06, 0x19,
    0x05, 0x21, 0x06, 0x21, 0x06, 0x21, 0x05, 0x19, 0x06, 0x21, 0x05, 0x21,
    0x06, 0x21, 0x06, 0x21, 0x06, 0x21, 0x05, 0x21, 0x06, 0x19, 0x05, 0x21,
    0x06, 0x21, 0x06, 0x21, 0x05, 0x21, 0x06, 0x21, 0x06, 0x21, 0x05, 0x21,
    0x05, 0x21, 0x06, 0x21, 0x06, 0x21, 0x05, 0x21, 0x06, 0x19, 0x06, 0x21,
    0x05, 0x21, 0x06, 0x21, 0x05, 0x19, 0x06, 0x21, 0x06, 0x21, 0x05, 0x21,
    0x06, 0x21, 0x06, 0x21, 0x05, 0x21, 0x06, 0x21, 0x06, 0x19, 0x05, 0x21,
    0x06, 0x21, 0x06, 0x19, 0x06, 0x21, 0x05, 0x21, 0x06, 0x19, 0x06, 0x21,
    0x05, 0x19, 0x06, 0x19, 0x06, 0x21, 0x06, 0x21, 0x05, 0x21, 0x06, 0x21,
    0x06, 0x19, 0x05, 0x21, 0x06, 0x21, 0x06, 0x21, 0x05, 0x21, 0x06, 0x21,
    0x05, 0x19, 0x06, 0x21, 0x05, 0x21, 0x06, 0x21, 0x06, 0x21, 0x05, 0x19,
    0x06, 0x21, 0x06, 0x21, 0x05, 0x19, 0x06, 0x21, 0x06, 0x21, 0x05, 0x21,
    0x06, 0x21, 0x06, 0x19, 0x05, 0x21, 0x06, 0x21, 0x06, 0x19, 0x05, 0x21,
    0x06, 0x21, 0x06, 0x21, 0x05, 0x19, 0x06, 0x21, 0x06, 0x21, 0x05, 0x21,
    0x06, 0x19, 0x06, 0x21, 0x05, 0x21, 0x06, 0x19, 0x06, 0x19, 0x05, 0x21,
    0x06, 0x21, 0x06, 0x21, 0x05, 0x19, 0x06, 0x21, 0x06, 0x21, 0x05, 0x19,
    0x06, 0x21, 0x05, 0x21, 0x06, 0x21, 0x06, 0x19, 0x05, 0x21, 0x06, 0x21,
    0x06, 0x21, 0x05, 0x21, 0x05, 0x21, 0x06, 0x21, 0x06, 0x21, 0x05, 0x21,
    0x06, 0x21, 0x06, 0x19, 0x05, 0x21, 0x06, 0x21, 0x06, 0x21, 0x05, 0x21,
    0x06, 0x21, 0x05, 0x21, 0x05, 0x21, 0x06, 0x19, 0x06, 0x21, 0x05, 0x21,
    0x06, 0x21, 0x06, 0x19, 0x05, 0x21, 0x06, 0x21, 0x05, 0x21, 0x05, 0x19,
    0x06, 0x21, 0x06, 0x19, 0x05, 0x21, 0x06, 0x21, 0x06, 0x21, 0x05, 0x21,
    0x05, 0x19, 0x06, 0x21, 0x06, 0x21, 0x05, 0x21, 0x06, 0x19, 0x06, 0x21,
    0x06, 0x21, 0xc4, 0x18, 0x0a, 0x32, 0x1f, 0x7f, 0xff, 0x7e, 0xff, 0x7e,
    0xff, 0x7e, 0xff, 0x7e, 0xff, 0x7e, 0xff, 0x7e, 0xff, 0x7e, 0xff, 0x7e,
    0xff, 0x7e, 0xff, 0x7e, 0xff, 0x7e, 0xff, 0x7e, 0xff, 0x7e, 0xff, 0x7e,
    0xff, 0x7e, 0xff, 0x7e, 0x7f, 0x87, 0xd2, 0x4b, 0x83, 0x18, 0x06, 0x19,
    0x06, 0x21, 0x05, 0x21, 0x06, 0x21, 0x05, 0x19, 0x06, 0x21, 0x05, 0x21,
    0x06, 0x21, 0x06, 0x19, 0x05, 0x21, 0x06, 0x19, 0x06, 0x21, 0x05, 0x19,
    0x06, 0x21, 0x06, 0x21, 0x05, 0x19, 0x06, 0x21, 0x05, 0x21, 0x06, 0x19,
    0x06, 0x21, 0x05, 0x21, 0x06, 0x19, 0x06, 0x21, 0x05, 0x21, 0x06, 0x21,
    0x06, 0x19, 0x05, 0x21, 0x06, 0x21, 0x05, 0x21, 0x06, 0x19, 0x06, 0x21,
    0x05, 0x19, 0x06, 0x21, 0x06, 0x21, 0x05, 0x21, 0x06, 0x19, 0x06, 0x21,
    0x06, 0x19, 0x05, 0x21, 0x06, 0x21, 0x05, 0x19, 0x05, 0x21, 0x06, 0x21,
    0x06, 0x21, 0x05, 0x21, 0x06, 0x21, 0x05, 0x21, 0x06, 0x21, 0x06, 0x19,
    0x05, 0x21, 0x06, 0x21, 0x05, 0x21, 0x06, 0x21, 0x06, 0x19, 0x05, 0x21,
    0x06, 0x21, 0x05, 0x19, 0x06, 0x21, 0x06, 0x21, 0x05, 0x19, 0x06, 0x21,
    0x05, 0x21, 0x06, 0x19, 0x05, 0x21, 0x06, 0x19, 0x06, 0x21, 0x05, 0x19,
    0x06, 0x21, 0x06, 0x19, 0x05, 0x21, 0x06, 0x21, 0x06, 0x21, 0x05, 0x21,
    0x06, 0x21, 0x06, 0x21, 0x05, 0x21, 0x06, 0x19, 0x06, 0x21, 0x05, 0x21,
    0x06, 0x19, 0x05, 0x21, 0x06, 0x21, 0x05, 0x19, 0x06, 0x21, 0x06, 0x21,
    0x05, 0x19, 0x06, 0x21, 0x06, 0x21, 0x05, 0x19, 0x06, 0x21, 0x06, 0x19,
    0x05, 0x21, 0x06, 0x19, 0x06, 0x21, 0x05, 0x21, 0x06, 0x21, 0x06, 0x21,
    0x05, 0x19, 0x06, 0x21, 0x05, 0x21, 0x06, 0x21, 0x06, 0x21, 0x05, 0x19,
    0x05, 0x21, 0x06, 0x19, 0x06, 0x21, 0x05, 0x21, 0x06, 0x19, 0x05, 0x21,
    0x06, 0x21, 0x05, 0x21, 0x06, 0x21, 0x06, 0x21, 0x05, 0x21, 0x06, 0x19,
    0x06, 0x21, 0x05, 0x21, 0x05, 0x21, 0x06, 0x21, 0x06, 0x19, 0x05, 0x21,
    0x06, 0x21, 0x06, 0x21, 0x05, 0x19, 0x06, 0x21, 0x06, 0x19, 0x05, 0x21,
    0x06, 0x21, 0x06, 0x21, 0x05, 0x21, 0x06, 0x19, 0x05, 0x21, 0x06, 0x21,
    0x06, 0x21, 0x05, 0x21, 0x06, 0x21, 0x06, 0x21, 0x05, 0x19, 0x06, 0x21,
    0x06, 0x21, 0x05, 0x19, 0x06, 0x21, 0x05, 0x21, 0x06, 0x19, 0x06, 0x21,
    0x05, 0x21, 0x06, 0x21, 0x05, 0x21, 0x05, 0x21, 0x06, 0x19, 0x06, 0x21,
    0x05, 0x21, 0x06, 0x21, 0x06, 0x19, 0x05, 0x21, 0x06, 0x21, 0x06, 0x21,
    0x05, 0x19, 0x06, 0x21, 0x06, 0x21, 0x05, 0x21, 0x06, 0x19, 0x06, 0x21,
    0x06, 0x21, 0x05, 0x21, 0x06, 0x21, 0x06, 0x21, 0x05, 0x21, 0x06, 0x19,
    0x06, 0x21, 0x06, 0x19, 0x06, 0x21, 0x05, 0x19, 0x06, 0x21, 0x06, 0x19,
    0x05, 0x21, 0x06, 0x21, 0x05, 0x21, 0x06, 0x19, 0x06, 0x21, 0x05, 0x21,
    0x06, 0x19, 0x06, 0x21, 0x05, 0x21, 0x06, 0x21, 0x05, 0x19, 0x06, 0x21,
    0x05, 0x21, 0x06, 0x19, 0x06, 0x21, 0x06, 0x21, 0x06, 0x21, 0x06, 0x19,
    0x06, 0x21, 0x05, 0x21, 0x06, 0x21, 0x06, 0x19, 0x05, 0x21, 0x06, 0x21,
    0x06, 0x21, 0x05, 0x21, 0x06, 0x19, 0x06, 0x21, 0x05, 0x21, 0x05, 0x21,
    0x06, 0x19, 0x06, 0x21, 0xc4, 0x18, 0x0b, 0x32, 0x1f, 0x7f, 0x1f, 0x7f,
    0xff, 0x7e, 0xff, 0x7e, 0xff, 0x7e, 0xff, 0x7e, 0xff, 0x7e, 0xff, 0x7e,
    0xff, 0x7e, 0xff, 0x7e, 0xff, 0x7e, 0xff, 0x7e, 0xff, 0x7e, 0xff, 0x7e,
    0xff, 0x7e, 0xff, 0x7e, 0xff, 0x7e, 0x7f, 0x87, 0xf2, 0x4b, 0x83, 0x18,
    0x06, 0x21, 0x06, 0x19, 0x05, 0x21, 0x06, 0x21, 0x06, 0x21, 0x05, 0x21,
    0x06, 0x21, 0x06, 0x21, 0x05, 0x21, 0x06, 0x19, 0x05, 0x21, 0x06, 0x21,
    0x06, 0x21, 0x05, 0x19, 0x06, 0x21, 0x06, 0x21, 0x06, 0x21, 0x05, 0x21,
    0x06, 0x21, 0x06, 0x21, 0x05, 0x21, 0x06, 0x19, 0x05, 0x21, 0x06, 0x21,
    0x06, 0x21, 0x05, 0x21, 0x06, 0x19, 0x06, 0x21, 0x05, 0x21, 0x06, 0x21,
    0x05, 0x21, 0x06, 0x19, 0x06, 0x21, 0x05, 0x21, 0x05, 0x19, 0x06, 0x21,
    0x05, 0x21, 0x06, 0x21, 0x06, 0x19, 0x06, 0x21, 0x05, 0x21, 0x06, 0x21,
    0x06, 0x19, 0x05, 0x21, 0x06, 0x21, 0x06, 0x19, 0x05, 0x21, 0x06, 0x21,
    0x05, 0x21, 0x06, 0x19, 0x06, 0x21, 0x05, 0x21, 0x06, 0x21, 0x06, 0x21,
    0x05, 0x21, 0x06, 0x21, 0x06, 0x19, 0x05, 0x21, 0x06, 0x21, 0x06, 0x19,
    0x05, 0x21, 0x06, 0x21, 0x06, 0x21, 0x05, 0x21, 0x06, 0x21, 0x06, 0x19,
    0x05, 0x21, 0x06, 0x21, 0x06, 0x21, 0x05, 0x19, 0x06, 0x19, 0x05, 0x21,
    0x06, 0x19, 0x06, 0x21, 0x05, 0x21, 0x06, 0x19, 0x05, 0x21, 0x06, 0x21,
    0x06, 0x21, 0x05, 0x19, 0x06, 0x21, 0x06, 0x21, 0x05, 0x19, 0x06, 0x21,
    0x06, 0x21, 0x05, 0x21, 0x06, 0x21, 0x05, 0x19, 0x06, 0x21, 0x05, 0x21,
    0x06, 0x21, 0x06, 0x19, 0x05, 0x21, 0x06, 0x21, 0x05, 0x19, 0x06, 0x21,
    0x05, 0x21, 0x06, 0x19, 0x06, 0x21, 0x05, 0x21, 0x06, 0x19, 0x06, 0x21,
    0x05, 0x21, 0x06, 0x21, 0x06, 0x21, 0x05, 0x19, 0x06, 0x21, 0x06, 0x21,
    0x05, 0x21, 0x06, 0x19, 0x06, 0x21, 0x05, 0x21, 0x06, 0x19, 0x05, 0x21,
    0x06, 0x21, 0x06, 0x21, 0x06, 0x21, 0x05, 0x21, 0x06, 0x21, 0x05, 0x19,
    0x06, 0x21, 0x06, 0x21, 0x05, 0x21, 0x06, 0x21, 0x05, 0x21, 0x06, 0x21,
    0x06, 0x19, 0x05, 0x21, 0x06, 0x21, 0x06, 0x19, 0x05, 0x21, 0x06, 0x21,
    0x05, 0x19, 0x06, 0x21, 0x05, 0x21, 0x06, 0x19, 0x06, 0x21, 0x05, 0x21,
    0x06, 0x19, 0x05, 0x21, 0x06, 0x21, 0x06, 0x21, 0x05, 0x21, 0x06, 0x21,
    0x05, 0x21, 0x06, 0x19, 0x06, 0x19, 0x06, 0x21, 0x05, 0x21, 0x06, 0x21,
    0x06, 0x19, 0x05, 0x21, 0x06, 0x21, 0x06, 0x21, 0x05, 0x21, 0x06, 0x21,
    0x05, 0x21, 0x06, 0x21, 0x05, 0x19, 0x06, 0x21, 0x06, 0x21, 0x05, 0x21,
    0x06, 0x19, 0x05, 0x21, 0x06, 0x19, 0x06, 0x19, 0x05, 0x21, 0x06, 0x21,
    0x05, 0x21, 0x05, 0x21, 0x06, 0x21, 0x06, 0x21, 0x05, 0x21, 0x06, 0x19,
    0x06, 0x21, 0x05, 0x21, 0x06, 0x19, 0x06, 0x21, 0x05, 0x21, 0x06, 0x19,
    0x05, 0x21, 0x06, 0x21, 0x06, 0x19, 0x06, 0x21, 0x06, 0x21, 0x06, 0x21,
    0x05, 0x21, 0x06, 0x21, 0x05, 0x19, 0x05, 0x21, 0x06, 0x21, 0x05, 0x19,
    0x06, 0x21, 0x06, 0x21, 0x05, 0x21, 0x06, 0x21, 0x06, 0x19, 0x05, 0x21,
    0x06, 0x19, 0x06, 0x21, 0x05, 0x21, 0x06, 0x21, 0x06, 0x19, 0x06, 0x21,
    0x05, 0x21, 0x06, 0x21, 0x06, 0x21, 0xc4, 0x18, 0x0a, 0x32, 0x1f, 0x7f,
    0xff, 0x7e, 0xff, 0x7e, 0xff, 0x7e, 0xff, 0x7e, 0xff, 0x7e, 0xff, 0x7e,
    0xff, 0x7e, 0xff, 0x7e, 0xff, 0x7e, 0xff, 0x7e, 0xff, 0x7e, 0xff, 0x7e,
    0xff, 0x7e, 0xff, 0x7e, 0xff, 0x7e, 0xff, 0x7e, 0x7f, 0x87, 0xd2, 0x4b,
    0x84, 0x18, 0x05, 0x21, 0x06, 0x21, 0x06, 0x19, 0x05, 0x21, 0x06, 0x21,
    0x06, 0x19, 0x05, 0x19, 0x06, 0x21, 0x06, 0x21, 0x05, 0x21, 0x06, 0x21,
    0x05, 0x21, 0x06, 0x21, 0x05, 0x21, 0x06, 0x19, 0x06, 0x21, 0x05, 0x19,
    0x06, 0x21, 0x05, 0x19, 0x06, 0x21, 0x06, 0x21, 0x05, 0x21, 0x06, 0x19,
    0x06, 0x21, 0x05, 0x21, 0x05, 0x19, 0x06, 0x21, 0x06, 0x21, 0x05, 0x19,
    0x06, 0x21, 0x06, 0x21, 0x05, 0x21, 0x06, 0x21, 0x06, 0x21, 0x06, 0x21,
    0x05, 0x21, 0x06, 0x21, 0x05, 0x21, 0x06, 0x21, 0x05, 0x19, 0x06, 0x21,
    0x06, 0x21, 0x05, 0x19, 0x06, 0x21, 0x06, 0x21, 0x05, 0x19, 0x06, 0x21,
    0x06, 0x21, 0x05, 0x21, 0x06, 0x21, 0x06, 0x19, 0x05, 0x21, 0x06, 0x19,
    0x05, 0x21, 0x06, 0x21, 0x06, 0x19, 0x05, 0x21, 0x06, 0x21, 0x05, 0x21,
    0x06, 0x21, 0x06, 0x21, 0x05, 0x19, 0x06, 0x21, 0x06, 0x21, 0x05, 0x21,
    0x06, 0x21, 0x05, 0x21, 0x06, 0x21, 0x05, 0x21, 0x06, 0x21, 0x06, 0x21,
    0x05, 0x21, 0x06, 0x19, 0x05, 0x21, 0x06, 0x21, 0x06, 0x19, 0x05, 0x21,
    0x06, 0x21, 0x06, 0x21, 0x05, 0x21, 0x06, 0x21, 0x06, 0x21, 0x05, 0x21,
    0x06, 0x19, 0x05, 0x21, 0x06, 0x21, 0x06, 0x19, 0x05, 0x21, 0x06, 0x21,
    0x06, 0x21, 0x05, 0x21, 0x06, 0x21, 0x06, 0x21, 0x05, 0x21, 0x06, 0x19,
    0x06, 0x21, 0x05, 0x21, 0x06, 0x21, 0x06, 0x21, 0x05, 0x19, 0x06, 0x21,
    0x06, 0x21, 0x05, 0x19, 0x06, 0x21, 0x06, 0x21, 0x05, 0x21, 0x06, 0x19,
    0x06, 0x21, 0x05, 0x21, 0x06, 0x21, 0x06, 0x19, 0x05, 0x21, 0x06, 0x21,
    0x06, 0x19, 0x05, 0x21, 0x05, 0x21, 0x06, 0x19, 0x06, 0x19, 0x05, 0x21,
    0x06, 0x21, 0x06, 0x19, 0x05, 0x21, 0x06, 0x19, 0x06, 0x21, 0x05, 0x21,
    0x06, 0x21, 0x06, 0x19, 0x05, 0x21, 0x06, 0x21, 0x06, 0x21, 0x06, 0x21,
    0x05, 0x21, 0x06, 0x19, 0x06, 0x21, 0x05, 0x21, 0x06, 0x19, 0x05, 0x21,
    0x06, 0x21, 0x06, 0x21, 0x05, 0x21, 0x06, 0x19, 0x06, 0x21, 0x05, 0x19,
    0x06, 0x21, 0x06, 0x21, 0x05, 0x21, 0x06, 0x21, 0x06, 0x21, 0x05, 0x19,
    0x06, 0x21, 0x06, 0x21, 0x05, 0x21, 0x06, 0x19, 0x05, 0x21, 0x06, 0x19,
    0x06, 0x19, 0x05, 0x21, 0x06, 0x21, 0x06, 0x21, 0x05, 0x19, 0x06, 0x21,
    0x06, 0x21, 0x05, 0x21, 0x06, 0x21, 0x06, 0x21, 0x05, 0x21, 0x06, 0x21,
    0x06, 0x19, 0x06, 0x21, 0x05, 0x21, 0x06, 0x19, 0x05, 0x21, 0x06, 0x21,
    0x05, 0x21, 0x06, 0x21, 0x06, 0x21, 0x05, 0x19, 0x06, 0x21, 0x06, 0x21,
    0x05, 0x21, 0x06, 0x21, 0x05, 0x21, 0x05, 0x21, 0x06, 0x21, 0x05, 0x21,
    0x06, 0x19, 0x06, 0x21, 0x06, 0x21, 0x06, 0x21, 0x05, 0x21, 0x06, 0x21,
    0x05, 0x21, 0x05, 0x21, 0x06, 0x19, 0x05, 0x21, 0x06, 0x21, 0x05, 0x21,
    0x06, 0x21, 0x05, 0x21, 0x06, 0x19, 0x06, 0x21, 0x05, 0x21, 0x05, 0x21,
    0x06, 0x19, 0x06, 0x21, 0x05, 0x21, 0x06, 0x19, 0xc4, 0x18, 0x0a, 0x32,
    0x1f, 0x7f, 0x1f, 0x7f, 0xff, 0x7e, 0xff, 0x7e, 0xff, 0x7e, 0xff, 0x7e,
    0xff, 0x7e, 0xff, 0x7e, 0xff, 0x7e, 0xff, 0x7e, 0xff, 0x7e, 0xff, 0x7e,
    0xff, 0x7e, 0xff, 0x7e, 0xff, 0x7e, 0xff, 0x7e, 0xff, 0x7e, 0x7f, 0x87,
    0xd2, 0x4b, 0x83, 0x18, 0x06, 0x21, 0x05, 0x21, 0x06, 0x19, 0x05, 0x21,
    0x06, 0x21, 0x06, 0x21, 0x05, 0x21, 0x06, 0x19, 0x06, 0x21, 0x05, 0x21,
    0x06, 0x19, 0x06, 0x19, 0x05, 0x21, 0x06, 0x21, 0x05, 0x21, 0x05, 0x21,
    0x06, 0x21, 0x06, 0x19, 0x05, 0x21, 0x06, 0x21, 0x06, 0x19, 0x05, 0x21,
    0x06, 0x21, 0x06, 0x19, 0x05, 0x21, 0x06, 0x21, 0x06, 0x21, 0x05, 0x21,
    0x06, 0x19, 0x06, 0x21, 0x05, 0x21, 0x05, 0x19, 0x06, 0x19, 0x06, 0x21,
    0x05, 0x21, 0x06, 0x19, 0x06, 0x19, 0x05, 0x21, 0x06, 0x21, 0x06, 0x21,
    0x05, 0x21, 0x06, 0x21, 0x05, 0x21, 0x06, 0x21, 0x05, 0x21, 0x05, 0x21,
    0x06, 0x19, 0x06, 0x21, 0x05, 0x19, 0x06, 0x21, 0x05, 0x21, 0x06, 0x21,
    0x06, 0x19, 0x05, 0x21, 0x06, 0x21, 0x05, 0x19, 0x06, 0x21, 0x06, 0x21,
    0x05, 0x19, 0x06, 0x21, 0x06, 0x21, 0x05, 0x19, 0x06, 0x21, 0x05, 0x19,
    0x06, 0x19, 0x06, 0x21, 0x06, 0x19, 0x05, 0x19, 0x06, 0x21, 0x06, 0x21,
    0x05, 0x21, 0x06, 0x21, 0x06, 0x21, 0x05, 0x21, 0x06, 0x21, 0x06, 0x21,
    0x05, 0x19, 0x06, 0x21, 0x05, 0x19, 0x06, 0x21, 0x06, 0x19, 0x05, 0x21,
    0x06, 0x21, 0x06, 0x21, 0x05, 0x19, 0x06, 0x21, 0x06, 0x21, 0x05, 0x21,
    0x06, 0x19, 0x06, 0x19, 0x05, 0x21, 0x06, 0x21, 0x06, 0x19, 0x05, 0x21,
    0x06, 0x21, 0x06, 0x19, 0x05, 0x21, 0x06, 0x21, 0x05, 0x19, 0x06, 0x21,
    0x05, 0x21, 0x06, 0x21, 0x06, 0x19, 0x05, 0x21, 0x06, 0x21, 0x05, 0x21,
    0x06, 0x21, 0x05, 0x19, 0x06, 0x21, 0x06, 0x21, 0x05, 0x21, 0x06, 0x21,
    0x05, 0x21, 0x06, 0x21, 0x06, 0x19, 0x05, 0x21, 0x06, 0x21, 0x06, 0x21,
    0x05, 0x21, 0x06, 0x21, 0x05, 0x21, 0x06, 0x21, 0x06, 0x19, 0x05, 0x21,
    0x06, 0x21, 0x05, 0x19, 0x06, 0x21, 0x05, 0x21, 0x05, 0x19, 0x06, 0x21,
    0x06, 0x21, 0x05, 0x19, 0x06, 0x21, 0x06, 0x21, 0x06, 0x21, 0x05, 0x21,
    0x06, 0x21, 0x06, 0x19, 0x05, 0x21, 0x06, 0x21, 0x05, 0x21, 0x06, 0x19,
    0x06, 0x21, 0x05, 0x21, 0x06, 0x19, 0x05, 0x21, 0x05, 0x21, 0x06, 0x21,
    0x06, 0x21, 0x05, 0x19, 0x06, 0x21, 0x06, 0x21, 0x05, 0x21, 0x06, 0x21,
    0x06, 0x21, 0x05, 0x21, 0x06, 0x21, 0x06, 0x19, 0x05, 0x21, 0x05, 0x21,
    0x06, 0x19, 0x06, 0x21, 0x05, 0x21, 0x06, 0x19, 0x05, 0x21, 0x05, 0x21,
    0x06, 0x21, 0x06, 0x19, 0x05, 0x21, 0x06, 0x21, 0x06, 0x19, 0x06, 0x21,
    0x05, 0x21, 0x06, 0x19, 0x05, 0x21, 0x06, 0x21, 0x05, 0x21, 0x06, 0x21,
    0x06, 0x19, 0x05, 0x21, 0x06, 0x19, 0x06, 0x19, 0x05, 0x21, 0x06, 0x21,
    0x06, 0x21, 0x05, 0x21, 0x05, 0x19, 0x06, 0x21, 0x06, 0x19, 0x06, 0x21,
    0x06, 0x19, 0x06, 0x21, 0x06, 0x21, 0x05, 0x19, 0x06, 0x21, 0x06, 0x21,
    0x05, 0x19, 0x06, 0x21, 0x06, 0x21, 0x05, 0x19, 0x06, 0x21, 0x06, 0x21,
    0x05, 0x19, 0x06, 0x21, 0x06, 0x21, 0x05, 0x21, 0x06, 0x21, 0xc4, 0x18,
    0x0b, 0x32, 0x1f, 0x7f, 0xff, 0x7e, 0xff, 0x7e, 0xff, 0x7e, 0xff, 0x7e,
    0xff, 0x7e, 0xff, 0x7e, 0xff, 0x7e, 0xff, 0x7e, 0xff, 0x7e, 0xff, 0x7e,
    0xff, 0x7e, 0xff, 0x7e, 0xff, 0x7e, 0xff, 0x7e, 0xff, 0x7e, 0xff, 0x7e,
    0x7f, 0x87, 0xd2, 0x4b, 0x84, 0x18, 0x06, 0x19, 0x06, 0x21, 0x05, 0x21,
    0x06, 0x19, 0x05, 0x21, 0x06, 0x21, 0x05, 0x21, 0x06, 0x21, 0x05, 0x19,
    0x06, 0x21, 0x06, 0x21, 0x05, 0x21, 0x06, 0x19, 0x06, 0x21, 0x06, 0x21,
    0x05, 0x19, 0x06, 0x21, 0x06, 0x21, 0x05, 0x21, 0x06, 0x21, 0x05, 0x19,
    0x06, 0x21, 0x05, 0x21, 0x06, 0x21, 0x06, 0x19, 0x05, 0x21, 0x06, 0x21,
    0x06, 0x21, 0x05, 0x21, 0x06, 0x21, 0x06, 0x21, 0x05, 0x21, 0x06, 0x21,
    0x05, 0x19, 0x06, 0x21, 0x06, 0x21, 0x05, 0x21, 0x06, 0x19, 0x06, 0x21,
    0x05, 0x21, 0x06, 0x19, 0x06, 0x21, 0x06, 0x19, 0x05, 0x21, 0x06, 0x21,
    0x06, 0x19, 0x05, 0x21, 0x06, 0x21, 0x06, 0x21, 0x05, 0x19, 0x06, 0x21,
    0x06, 0x21, 0x05, 0x21, 0x06, 0x21, 0x06, 0x21, 0x05, 0x21, 0x06, 0x21,
    0x06, 0x19, 0x05, 0x21, 0x06, 0x21, 0x05, 0x21, 0x06, 0x21, 0x06, 0x21,
    0x05, 0x21, 0x05, 0x21, 0x06, 0x21, 0x06, 0x21, 0x05, 0x21, 0x06, 0x19,
    0x05, 0x21, 0x06, 0x19, 0x06, 0x19, 0x05, 0x21, 0x06, 0x19, 0x05, 0x21,
    0x06, 0x21, 0x06, 0x21, 0x05, 0x21, 0x06, 0x21, 0x06, 0x19, 0x05, 0x21,
    0x05, 0x21, 0x06, 0x19, 0x06, 0x21, 0x05, 0x21, 0x06, 0x21, 0x05, 0x21,
    0x06, 0x21, 0x05, 0x21, 0x06, 0x21, 0x05, 0x21, 0x06, 0x19, 0x05, 0x21,
    0x06, 0x21, 0x06, 0x21, 0x05, 0x21, 0x06, 0x19, 0x06, 0x21, 0x06, 0x21,
    0x05, 0x21, 0x06, 0x21, 0x05, 0x21, 0x06, 0x21, 0x06, 0x19, 0x05, 0x21,
    0x06, 0x21, 0x06, 0x19, 0x05, 0x21, 0x06, 0x21, 0x05, 0x19, 0x06, 0x21,
    0x06, 0x19, 0x05, 0x21, 0x06, 0x21, 0x06, 0x21, 0x05, 0x21, 0x06, 0x21,
    0x06, 0x19, 0x05, 0x21, 0x06, 0x21, 0x06, 0x19, 0x05, 0x21, 0x06, 0x21,
    0x05, 0x21, 0x06, 0x19, 0x06, 0x21, 0x05, 0x21, 0x06, 0x21, 0x06, 0x19,
    0x05, 0x21, 0x06, 0x21, 0x05, 0x21, 0x05, 0x21, 0x06, 0x19, 0x05, 0x21,
    0x06, 0x21, 0x06, 0x19, 0x05, 0x21, 0x06, 0x21, 0x06, 0x19, 0x05, 0x21,
    0x06, 0x21, 0x06, 0x21, 0x05, 0x21, 0x06, 0x19, 0x06, 0x21, 0x06, 0x19,
    0x05, 0x21, 0x06, 0x21, 0x05, 0x21, 0x06, 0x19, 0x06, 0x21, 0x05, 0x21,
    0x06, 0x19, 0x05, 0x21, 0x06, 0x21, 0x06, 0x21, 0x05, 0x21, 0x06, 0x21,
    0x06, 0x21, 0x05, 0x21, 0x06, 0x19, 0x06, 0x21, 0x05, 0x21, 0x06, 0x19,
    0x06, 0x21, 0x05, 0x21, 0x06, 0x21, 0x05, 0x21, 0x06, 0x21, 0x05, 0x21,
    0x06, 0x19, 0x06, 0x21, 0x05, 0x21, 0x06, 0x19, 0x06, 0x21, 0x05, 0x21,
    0x06, 0x19, 0x05, 0x21, 0x06, 0x21, 0x06, 0x21, 0x06, 0x21, 0x06, 0x21,
    0x05, 0x19, 0x06, 0x21, 0x06, 0x21, 0x05, 0x21, 0x05, 0x21, 0x06, 0x21,
    0x05, 0x19, 0x05, 0x21, 0x06, 0x21, 0x06, 0x21, 0x05, 0x21, 0x06, 0x19,
    0x06, 0x21, 0x05, 0x21, 0x06, 0x19, 0x06, 0x21, 0x05, 0x21, 0x06, 0x21,
    0x06, 0x21, 0x05, 0x21, 0x06, 0x19, 0x06, 0x21, 0x05, 0x21, 0x06, 0x21,
    0xc4, 0x18, 0x0a, 0x32, 0x1f, 0x7f, 0xff, 0x7e, 0xff, 0x7e, 0xff, 0x7e,
    0xff, 0x7e, 0xff, 0x7e, 0xff, 0x7e, 0xff, 0x7e, 0xff, 0x7e, 0xff, 0x7e,
    0xff, 0x7e, 0xff, 0x7e, 0xff, 0x7e, 0xff, 0x7e, 0xff, 0x7e, 0xff, 0x7e,
    0xff, 0x7e, 0x7f, 0x87, 0xd2, 0x4b, 0x83, 0x18, 0x06, 0x21, 0x05, 0x21,
    0x06, 0x21, 0x06, 0x21, 0x06, 0x19, 0x05, 0x21, 0x06, 0x21, 0x06, 0x19,
    0x05, 0x21, 0x06, 0x21, 0x06, 0x21, 0x05, 0x21, 0x06, 0x21, 0x06, 0x19,
    0x05, 0x21, 0x06, 0x21, 0x06, 0x21, 0x05, 0x21, 0x06, 0x19, 0x06, 0x21,
    0x05, 0x21, 0x06, 0x21, 0x06, 0x21, 0x05, 0x21, 0x06, 0x21, 0x05, 0x19,
    0x06, 0x21, 0x06, 0x19, 0x05, 0x21, 0x06, 0x19, 0x06, 0x21, 0x06, 0x21,
    0x05, 0x21, 0x06, 0x21, 0x06, 0x19, 0x05, 0x21, 0x06, 0x21, 0x06, 0x21,
    0x05, 0x19, 0x05, 0x21, 0x06, 0x21, 0x05, 0x19, 0x06, 0x21, 0x06, 0x21,
    0x06, 0x19, 0x06, 0x21, 0x05, 0x21, 0x06, 0x21, 0x06, 0x21, 0x05, 0x21,
    0x06, 0x19, 0x05, 0x21, 0x06, 0x21, 0x06, 0x19, 0x05, 0x21, 0x06, 0x21,
    0x05, 0x19, 0x06, 0x21, 0x06, 0x21, 0x05, 0x19, 0x06, 0x21, 0x06, 0x21,
    0x05, 0x19, 0x06, 0x21, 0x06, 0x21, 0x05, 0x21, 0x06, 0x21, 0x06, 0x21,
    0x05, 0x21, 0x06, 0x21, 0x06, 0x21, 0x05, 0x21, 0x06, 0x21, 0x06, 0x21,
    0x05, 0x19, 0x06, 0x21, 0x06, 0x21, 0x05, 0x19, 0x06, 0x21, 0x06, 0x21,
    0x05, 0x21, 0x06, 0x21, 0x06, 0x21, 0x05, 0x19, 0x06, 0x21, 0x06, 0x19,
    0x06, 0x19, 0x05, 0x21, 0x06, 0x21, 0x06, 0x21, 0x06, 0x19, 0x05, 0x21,
    0x06, 0x21, 0x06, 0x19, 0x05, 0x21, 0x05, 0x21, 0x06, 0x21, 0x06, 0x21,
    0x05, 0x19, 0x06, 0x21, 0x06, 0x19, 0x05, 0x21, 0x06, 0x21, 0x06, 0x19,
    0x05, 0x21, 0x06, 0x21, 0x06, 0x21, 0x05, 0x21, 0x06, 0x21, 0x06, 0x21,
    0x05, 0x19, 0x06, 0x21, 0x06, 0x21, 0x05, 0x19, 0x06, 0x21, 0x05, 0x21,
    0x06, 0x19, 0x06, 0x21, 0x05, 0x21, 0x06, 0x19, 0x06, 0x21, 0x05, 0x21,
    0x06, 0x21, 0x06, 0x19, 0x05, 0x21, 0x06, 0x21, 0x06, 0x21, 0x06, 0x21,
    0x05, 0x21, 0x06, 0x19, 0x06, 0x21, 0x06, 0x21, 0x06, 0x19, 0x05, 0x21,
    0x06, 0x21, 0x06, 0x19, 0x05, 0x21, 0x05, 0x21, 0x06, 0x21, 0x06, 0x21,
    0x05, 0x19, 0x06, 0x21, 0x05, 0x21, 0x06, 0x21, 0x06, 0x21, 0x05, 0x21,
    0x06, 0x21, 0x06, 0x19, 0x05, 0x21, 0x06, 0x21, 0x05, 0x21, 0x06, 0x19,
    0x06, 0x21, 0x05, 0x21, 0x06, 0x19, 0x06, 0x21, 0x05, 0x19, 0x06, 0x21,
    0x06, 0x19, 0x05, 0x21, 0x06, 0x21, 0x05, 0x21, 0x06, 0x21, 0x06, 0x21,
    0x06, 0x21, 0x06, 0x19, 0x05, 0x21, 0x06, 0x19, 0x06, 0x21, 0x05, 0x21,
    0x06, 0x19, 0x05, 0x21, 0x06, 0x21, 0x06, 0x21, 0x05, 0x21, 0x06, 0x19,
    0x06, 0x21, 0x05, 0x21, 0x06, 0x21, 0x05, 0x21, 0x05, 0x21, 0x06, 0x21,
    0x06, 0x21, 0x05, 0x21, 0x05, 0x21, 0x06, 0x19, 0x06, 0x21, 0x06, 0x21,
    0x05, 0x21, 0x06, 0x21, 0x05, 0x21, 0x06, 0x19, 0x05, 0x21, 0x06, 0x21,
    0x06, 0x21, 0x05, 0x21, 0x06, 0x21, 0x05, 0x21, 0x06, 0x21, 0x05, 0x19,
    0x06, 0x21, 0x05, 0x21, 0x06, 0x19, 0x05, 0x21, 0x06, 0x21, 0x06, 0x19,
    0x06, 0x21, 0xc4, 0x18, 0x0b, 0x32, 0x1f, 0x7f, 0x1f, 0x7f, 0xff, 0x7e,
    0xff, 0x7e, 0xff, 0x7e, 0xff, 0x7e, 0xff, 0x7e, 0xff, 0x7e, 0xff, 0x7e,
    0xff, 0x7e, 0xff, 0x7e, 0xff, 0x7e, 0xff, 0x7e, 0xff, 0x7e, 0xff, 0x7e,
    0xff, 0x7e, 0xff, 0x7e, 0x7f, 0x87, 0xd2, 0x4b, 0x83, 0x18, 0x06, 0x21,
    0x06, 0x19, 0x05, 0x21, 0x06, 0x21, 0x05, 0x21, 0x06, 0x19, 0x06, 0x21,
    0x05, 0x21, 0x06, 0x21, 0x05, 0x19, 0x06, 0x21, 0x05, 0x21, 0x06, 0x19,
    0x05, 0x21, 0x06, 0x21, 0x06, 0x19, 0x05, 0x21, 0x06, 0x21, 0x06, 0x19,
    0x05, 0x21, 0x06, 0x21, 0x06, 0x19, 0x05, 0x19, 0x06, 0x21, 0x06, 0x21,
    0x05, 0x21, 0x06, 0x21, 0x05, 0x21, 0x06, 0x19, 0x05, 0x21, 0x05, 0x19,
    0x06, 0x21, 0x06, 0x21, 0x05, 0x19, 0x06, 0x21, 0x05, 0x21, 0x06, 0x21,
    0x06, 0x21, 0x05, 0x21, 0x06, 0x21, 0x06, 0x21, 0x05, 0x21, 0x05, 0x21,
    0x06, 0x21, 0x05, 0x21, 0x05, 0x21, 0x06, 0x19, 0x06, 0x19, 0x05, 0x21,
    0x06, 0x21, 0x06, 0x21, 0x05, 0x19, 0x06, 0x21, 0x05, 0x21, 0x06, 0x19,
    0x06, 0x21, 0x05, 0x21, 0x06, 0x21, 0x06, 0x21, 0x05, 0x19, 0x06, 0x21,
    0x05, 0x21, 0x06, 0x19, 0x06, 0x21, 0x05, 0x19, 0x06, 0x19, 0x05, 0x21,
    0x06, 0x19, 0x06, 0x21, 0x05, 0x21, 0x06, 0x19, 0x05, 0x21, 0x06, 0x21,
    0x06, 0x21, 0x05, 0x19, 0x06, 0x21, 0x05, 0x21, 0x06, 0x19, 0x05, 0x21,
    0x06, 0x21, 0x06, 0x19, 0x05, 0x21, 0x06, 0x21, 0x05, 0x21, 0x06, 0x21,
    0x05, 0x21, 0x06, 0x21, 0x06, 0x19, 0x05, 0x21, 0x06, 0x21, 0x05, 0x19,
    0x06, 0x21, 0x06, 0x21, 0x05, 0x21, 0x06, 0x19, 0x06, 0x21, 0x05, 0x21,
    0x05, 0x19, 0x06, 0x21, 0x06, 0x21, 0x05, 0x21, 0x06, 0x19, 0x05, 0x21,
    0x06, 0x21, 0x05, 0x21, 0x06, 0x19, 0x06, 0x21, 0x05, 0x19, 0x06, 0x21,
    0x06, 0x21, 0x05, 0x21, 0x06, 0x21, 0x05, 0x21, 0x06, 0x19, 0x06, 0x21,
    0x05, 0x21, 0x06, 0x19, 0x05, 0x21, 0x06, 0x21, 0x05, 0x21, 0x06, 0x21,
    0x06, 0x19, 0x05, 0x21, 0x06, 0x21, 0x05, 0x21, 0x06, 0x19, 0x05, 0x21,
    0x06, 0x21, 0x05, 0x19, 0x06, 0x21, 0x05, 0x21, 0x06, 0x19, 0x06, 0x21,
    0x05, 0x21, 0x06, 0x21, 0x06, 0x21, 0x05, 0x21, 0x06, 0x19, 0x06, 0x21,
    0x05, 0x21, 0x06, 0x21, 0x06, 0x19, 0x05, 0x21, 0x06, 0x19, 0x05, 0x21,
    0x05, 0x21, 0x06, 0x21, 0x06, 0x19, 0x05, 0x21, 0x06, 0x21, 0x06, 0x21,
    0x05, 0x21, 0x06, 0x21, 0x05, 0x21, 0x06, 0x21, 0x05, 0x21, 0x06, 0x21,
    0x06, 0x19, 0x05, 0x21, 0x06, 0x21, 0x06, 0x19, 0x05, 0x21, 0x05, 0x19,
    0x06, 0x21, 0x05, 0x21, 0x05, 0x21, 0x06, 0x21, 0x06, 0x19, 0x05, 0x21,
    0x06, 0x21, 0x06, 0x19, 0x05, 0x21, 0x06, 0x21, 0x06, 0x19, 0x05, 0x21,
    0x06, 0x21, 0x06, 0x21, 0x05, 0x19, 0x06, 0x21, 0x06, 0x19, 0x05, 0x19,
    0x06, 0x21, 0x06, 0x19, 0x05, 0x21, 0x06, 0x21, 0x05, 0x21, 0x06, 0x19,
    0x06, 0x19, 0x06, 0x21, 0x06, 0x21, 0x06, 0x19, 0x05, 0x21, 0x06, 0x21,
    0x06, 0x19, 0x05, 0x21, 0x06, 0x19, 0x06, 0x21, 0x05, 0x21, 0x06, 0x19,
    0x06, 0x21, 0x05, 0x21, 0x06, 0x19, 0x06, 0x21, 0x05, 0x21, 0x05, 0x21,
    0x06, 0x19, 0x06, 0x21, 0xc4, 0x18, 0x0a, 0x32, 0x1f, 0x7f, 0x1f, 0x7f,
    0xff, 0x7e, 0xff, 0x7e, 0xff, 0x7e, 0xff, 0x7e, 0xff, 0x7e, 0xff, 0x7e,
    0xff, 0x7e, 0xff, 0x7e, 0xff, 0x7e, 0xff, 0x7e, 0xff, 0x7e, 0xff, 0x7e,
    0xff, 0x7e, 0xff, 0x7e, 0xff, 0x7e, 0x7f, 0x87, 0xf2, 0x4b, 0x84, 0x18,
    0x06, 0x21, 0x05, 0x19, 0x06, 0x21, 0x05, 0x21, 0x06, 0x19, 0x06, 0x21,
    0x05, 0x21, 0x06, 0x21, 0x06, 0x19, 0x05, 0x21, 0x06, 0x21, 0x06, 0x19,
    0x05, 0x21, 0x06, 0x21, 0x06, 0x21, 0x05, 0x19, 0x05, 0x21, 0x06, 0x21,
    0x05, 0x21, 0x06, 0x21, 0x06, 0x21, 0x05, 0x21, 0x05, 0x21, 0x06, 0x19,
    0x06, 0x21, 0x05, 0x21, 0x06, 0x19, 0x06, 0x21, 0x06, 0x21, 0x06, 0x21,
    0x05, 0x21, 0x06, 0x19, 0x06, 0x21, 0x05, 0x21, 0x06, 0x21, 0x06, 0x19,
    0x05, 0x21, 0x06, 0x19, 0x06, 0x21, 0x06, 0x19, 0x06, 0x21, 0x06, 0x19,
    0x06, 0x21, 0x05, 0x19, 0x06, 0x21, 0x06, 0x21, 0x05, 0x21, 0x06, 0x21,
    0x05, 0x21, 0x06, 0x19, 0x06, 0x21, 0x05, 0x21, 0x06, 0x21, 0x06, 0x21,
    0x05, 0x21, 0x06, 0x19, 0x06, 0x21, 0x05, 0x21, 0x05, 0x21, 0x06, 0x21,
    0x06, 0x21, 0x05, 0x21, 0x06, 0x21, 0x06, 0x21, 0x05, 0x21, 0x06, 0x21,
    0x06, 0x21, 0x05, 0x21, 0x06, 0x19, 0x06, 0x21, 0x05, 0x21, 0x06, 0x19,
    0x05, 0x21, 0x06, 0x21, 0x06, 0x21, 0x05, 0x21, 0x06, 0x21, 0x06, 0x21,
    0x05, 0x21, 0x06, 0x21, 0x06, 0x19, 0x05, 0x21, 0x06, 0x21, 0x06, 0x19,
    0x05, 0x21, 0x06, 0x21, 0x05, 0x21, 0x06, 0x21, 0x06, 0x19, 0x05, 0x21,
    0x06, 0x21, 0x05, 0x21, 0x06, 0x21, 0x05, 0x21, 0x06, 0x19, 0x06, 0x21,
    0x06, 0x21, 0x05, 0x21, 0x06, 0x21, 0x06, 0x21, 0x05, 0x21, 0x06, 0x21,
    0x06, 0x19, 0x05, 0x21, 0x06, 0x21, 0x05, 0x21, 0x06, 0x19, 0x05, 0x21,
    0x06, 0x21, 0x05, 0x19, 0x06, 0x21, 0x06, 0x21, 0x05, 0x19, 0x06, 0x21,
    0x06, 0x21, 0x05, 0x21, 0x06, 0x21, 0x06, 0x21, 0x05, 0x19, 0x06, 0x21,
    0x05, 0x21, 0x06, 0x19, 0x06, 0x21, 0x05, 0x21, 0x06, 0x19, 0x06, 0x21,
    0x05, 0x21, 0x06, 0x19, 0x06, 0x21, 0x05, 0x21, 0x06, 0x21, 0x05, 0x21,
    0x06, 0x21, 0x05, 0x19, 0x06, 0x21, 0x06, 0x21, 0x05, 0x19, 0x06, 0x21,
    0x06, 0x21, 0x05, 0x19, 0x06, 0x21, 0x06, 0x21, 0x05, 0x21, 0x06, 0x21,
    0x06, 0x19, 0x06, 0x21, 0x05, 0x21, 0x06, 0x21, 0x06, 0x19, 0x05, 0x21,
    0x06, 0x19, 0x06, 0x21, 0x05, 0x19, 0x06, 0x19, 0x06, 0x21, 0x05, 0x21,
    0x06, 0x21, 0x05, 0x21, 0x06, 0x21, 0x06, 0x21, 0x05, 0x21, 0x06, 0x19,
    0x06, 0x21, 0x06, 0x21, 0x05, 0x19, 0x06, 0x21, 0x06, 0x21, 0x05, 0x21,
    0x06, 0x21, 0x06, 0x21, 0x05, 0x21, 0x06, 0x21, 0x06, 0x21, 0x05, 0x19,
    0x06, 0x21, 0x05, 0x21, 0x06, 0x19, 0x06, 0x21, 0x05, 0x21, 0x06, 0x21,
    0x06, 0x21, 0x05, 0x21, 0x06, 0x21, 0x06, 0x19, 0x06, 0x21, 0x05, 0x21,
    0x05, 0x21, 0x06, 0x21, 0x05, 0x21, 0x05, 0x19, 0x06, 0x21, 0x06, 0x21,
    0x05, 0x21, 0x06, 0x21, 0x05, 0x19, 0x06, 0x21, 0x06, 0x21, 0x05, 0x19,
    0x06, 0x21, 0x06, 0x21, 0x05, 0x21, 0x06, 0x21, 0x06, 0x21, 0x06, 0x21,
    0x05, 0x19, 0x06, 0x21, 0x06, 0x21, 0xc4, 0x18, 0x0a, 0x32, 0x1f, 0x7f,
    0xff, 0x7e, 0xff, 0x7e, 0xff, 0x7e, 0xff, 0x7e, 0xff, 0x7e, 0xff, 0x7e,
    0xff, 0x7e, 0xff, 0x7e, 0xff, 0x7e, 0xff, 0x7e, 0xff, 0x7e, 0xff, 0x7e,
    0xff, 0x7e, 0xff, 0x7e, 0xff, 0x7e, 0xff, 0x7e, 0x7f, 0x87, 0xd2, 0x4b,
    0x83, 0x18, 0x06, 0x21, 0x06, 0x21, 0x05, 0x21, 0x06, 0x19, 0x06, 0x21,
    0x05, 0x21, 0x05, 0x21, 0x06, 0x19, 0x06, 0x21, 0x05, 0x21, 0x06, 0x21,
    0x06, 0x21, 0x05, 0x21, 0x06, 0x21, 0x06, 0x21, 0x05, 0x21, 0x06, 0x19,
    0x06, 0x21, 0x05, 0x21, 0x06, 0x19, 0x06, 0x21, 0x05, 0x21, 0x06, 0x21,
    0x06, 0x21, 0x05, 0x19, 0x06, 0x21, 0x05, 0x21, 0x06, 0x19, 0x05, 0x21,
    0x06, 0x21, 0x06, 0x21, 0x05, 0x21, 0x06, 0x19, 0x06, 0x21, 0x05, 0x21,
    0x06, 0x21, 0x05, 0x19, 0x05, 0x21, 0x06, 0x21, 0x05, 0x21, 0x05, 0x19,
    0x06, 0x21, 0x06, 0x21, 0x05, 0x21, 0x06, 0x19, 0x06, 0x21, 0x05, 0x21,
    0x06, 0x21, 0x06, 0x19, 0x05, 0x21, 0x06, 0x21, 0x05, 0x19, 0x06, 0x21,
    0x06, 0x21, 0x05, 0x19, 0x06, 0x21, 0x06, 0x21, 0x05, 0x19, 0x06, 0x19,
    0x06, 0x21, 0x05, 0x19, 0x06, 0x21, 0x06, 0x21, 0x05, 0x19, 0x06, 0x21,
    0x06, 0x21, 0x05, 0x21, 0x05, 0x21, 0x06, 0x21, 0x06, 0x21, 0x05, 0x21,
    0x06, 0x19, 0x06, 0x21, 0x05, 0x21, 0x06, 0x19, 0x05, 0x19, 0x06, 0x21,
    0x06, 0x21, 0x05, 0x19, 0x06, 0x21, 0x05, 0x21, 0x06, 0x21, 0x06, 0x19,
    0x05, 0x21, 0x06, 0x21, 0x06, 0x19, 0x05, 0x21, 0x06, 0x21, 0x06, 0x21,
    0x05, 0x21, 0x06, 0x19, 0x06, 0x21, 0x05, 0x21, 0x06, 0x19, 0x05, 0x21,
    0x06, 0x21, 0x06, 0x19, 0x05, 0x21, 0x06, 0x19, 0x06, 0x19, 0x05, 0x21,
    0x06, 0x21, 0x06, 0x21, 0x05, 0x19, 0x06, 0x21, 0x06, 0x21, 0x05, 0x21,
    0x06, 0x21, 0x06, 0x21, 0x05, 0x19, 0x06, 0x21, 0x06, 0x21, 0x05, 0x21,
    0x06, 0x21, 0x05, 0x19, 0x06, 0x21, 0x06, 0x21, 0x05, 0x19, 0x06, 0x21,
    0x06, 0x21, 0x05, 0x21, 0x06, 0x21, 0x06, 0x21, 0x05, 0x21, 0x06, 0x21,
    0x06, 0x21, 0x05, 0x21, 0x06, 0x21, 0x06, 0x21, 0x05, 0x19, 0x06, 0x21,
    0x06, 0x21, 0x05, 0x19, 0x06, 0x21, 0x06, 0x21, 0x05, 0x19, 0x06, 0x21,
    0x06, 0x21, 0x05, 0x21, 0x06, 0x21, 0x05, 0x19, 0x06, 0x21, 0x06, 0x21,
    0x05, 0x21, 0x06, 0x19, 0x06, 0x21, 0x05, 0x21, 0x06, 0x19, 0x06, 0x21,
    0x05, 0x21, 0x06, 0x21, 0x06, 0x21, 0x05, 0x21, 0x06, 0x21, 0x06, 0x19,
    0x05, 0x21, 0x06, 0x19, 0x06, 0x21, 0x05, 0x19, 0x06, 0x21, 0x06, 0x21,
    0x05, 0x21, 0x06, 0x21, 0x06, 0x21, 0x05, 0x19, 0x06, 0x21, 0x06, 0x21,
    0x05, 0x19, 0x06, 0x19, 0x06, 0x21, 0x05, 0x21, 0x06, 0x19, 0x05, 0x21,
    0x06, 0x21, 0x06, 0x21, 0x05, 0x21, 0x06, 0x21, 0x06, 0x21, 0x05, 0x21,
    0x06, 0x19, 0x06, 0x21, 0x05, 0x21, 0x06, 0x21, 0x06, 0x21, 0x06, 0x21,
    0x06, 0x19, 0x06, 0x21, 0x05, 0x21, 0x06, 0x21, 0x06, 0x21, 0x05, 0x21,
    0x06, 0x19, 0x06, 0x21, 0x05, 0x21, 0x06, 0x21, 0x05, 0x21, 0x06, 0x21,
    0x06, 0x21, 0x05, 0x21, 0x06, 0x19, 0x06, 0x21, 0x05, 0x19, 0x06, 0x21,
    0x06, 0x21, 0x05, 0x21, 0x06, 0x21, 0x06, 0x21, 0xc4, 0x18, 0x2b, 0x32,
    0x3f, 0x7f, 0x1f, 0x7f, 0x1f, 0x7f, 0x1f, 0x87, 0x1f, 0x7f, 0x1f, 0x7f,
    0x1f, 0x7f, 0x1f, 0x7f, 0x1f, 0x7f, 0x1f, 0x7f, 0x1f, 0x7f, 0x1f, 0x7f,
    0x1f, 0x7f, 0x1f, 0x7f, 0x1f, 0x7f, 0x1f, 0x7f, 0x1f, 0x7f, 0x9f, 0x87,
    0xf2, 0x4b, 0x83, 0x18, 0x06, 0x19, 0x06, 0x21, 0x05, 0x21, 0x06, 0x21,
    0x06, 0x21, 0x05, 0x19, 0x06, 0x21, 0x06, 0x21, 0x05, 0x21, 0x06, 0x19,
    0x06, 0x21, 0x05, 0x21, 0x06, 0x19, 0x05, 0x19, 0x06, 0x21, 0x06, 0x21,
    0x06, 0x21, 0x05, 0x19, 0x06, 0x21, 0x06, 0x21, 0x05, 0x19, 0x06, 0x19,
    0x06, 0x21, 0x05, 0x21, 0x06, 0x21, 0x06, 0x21, 0x05, 0x21, 0x06, 0x21,
    0x05, 0x19, 0x05, 0x21, 0x06, 0x21, 0x05, 0x21, 0x06, 0x21, 0x05, 0x19,
    0x06, 0x21, 0x06, 0x21, 0x06, 0x21, 0x06, 0x21, 0x05, 0x21, 0x06, 0x21,
    0x05, 0x21, 0x06, 0x21, 0x05, 0x21, 0x06, 0x21, 0x06, 0x19, 0x05, 0x21,
    0x06, 0x21, 0x06, 0x19, 0x05, 0x21, 0x06, 0x21, 0x06, 0x21, 0x05, 0x19,
    0x06, 0x21, 0x05, 0x21, 0x06, 0x21, 0x05, 0x21, 0x06, 0x21, 0x06, 0x21,
    0x05, 0x21, 0x06, 0x21, 0x06, 0x19, 0x05, 0x21, 0x06, 0x21, 0x05, 0x19,
    0x06, 0x21, 0x06, 0x19, 0x05, 0x19, 0x06, 0x21, 0x06, 0x19, 0x05, 0x21,
    0x06, 0x21, 0x06, 0x21, 0x05, 0x21, 0x06, 0x21, 0x06, 0x21, 0x05, 0x21,
    0x06, 0x21, 0x05, 0x19, 0x06, 0x21, 0x06, 0x21, 0x05, 0x21, 0x06, 0x19,
    0x06, 0x21, 0x05, 0x21, 0x06, 0x21, 0x06, 0x19, 0x05, 0x21, 0x06, 0x21,
    0x05, 0x19, 0x06, 0x21, 0x06, 0x21, 0x05, 0x19, 0x06, 0x21, 0x06, 0x21,
    0x05, 0x21, 0x06, 0x21, 0x05, 0x21, 0x06, 0x21, 0x06, 0x21, 0x05, 0x21,
    0x06, 0x19, 0x05, 0x21, 0x06, 0x21, 0x06, 0x21, 0x05, 0x19, 0x06, 0x21,
    0x06, 0x21, 0x05, 0x19, 0x06, 0x21, 0x06, 0x21, 0x05, 0x19, 0x06, 0x21,
    0x06, 0x21, 0x05, 0x19, 0x06, 0x21, 0x06, 0x21, 0x05, 0x19, 0x06, 0x21,
    0x06, 0x21, 0x05, 0x19, 0x06, 0x21, 0x05, 0x21, 0x06, 0x19, 0x05, 0x21,
    0x06, 0x19, 0x06, 0x21, 0x05, 0x19, 0x06, 0x21, 0x06, 0x21, 0x05, 0x19,
    0x06, 0x21, 0x06, 0x21, 0x05, 0x21, 0x06, 0x21, 0x05, 0x21, 0x06, 0x21,
    0x06, 0x21, 0x05, 0x19, 0x06, 0x21, 0x06, 0x21, 0x05, 0x21, 0x06, 0x19,
    0x06, 0x21, 0x05, 0x21, 0x05, 0x21, 0x06, 0x21, 0x06, 0x19, 0x05, 0x21,
    0x05, 0x21, 0x06, 0x21, 0x05, 0x19, 0x06, 0x21, 0x05, 0x21, 0x06, 0x21,
    0x06, 0x21, 0x05, 0x21, 0x06, 0x21, 0x06, 0x19, 0x05, 0x21, 0x06, 0x21,
    0x06, 0x19, 0x05, 0x21, 0x06, 0x21, 0x05, 0x19, 0x06, 0x21, 0x06, 0x21,
    0x05, 0x21, 0x06, 0x21, 0x05, 0x21, 0x06, 0x21, 0x06, 0x19, 0x05, 0x21,
    0x06, 0x21, 0x06, 0x19, 0x05, 0x21, 0x06, 0x19, 0x05, 0x21, 0x06, 0x21,
    0x06, 0x19, 0x05, 0x21, 0x06, 0x21, 0x05, 0x19, 0x05, 0x21, 0x06, 0x21,
    0x05, 0x21, 0x06, 0x21, 0x06, 0x19, 0x05, 0x21, 0x06, 0x19, 0x06, 0x21,
    0x05, 0x21, 0x06, 0x19, 0x06, 0x21, 0x05, 0x21, 0x06, 0x19, 0x06, 0x21,
    0x05, 0x19, 0x06, 0x21, 0x05, 0x21, 0x06, 0x21, 0x05, 0x19, 0x05, 0x21,
    0x06, 0x21, 0x05, 0x19, 0x06, 0x21, 0x05, 0x21, 0x06, 0x19, 0xc4, 0x18,
    0x0a, 0x32, 0xdf, 0x7e, 0xdf, 0x7e, 0xbf, 0x7e, 0xbf, 0x7e, 0xbf, 0x7e,
    0xbf, 0x7e, 0xbf, 0x7e, 0xbf, 0x7e, 0xbf, 0x7e, 0xbf, 0x7e, 0xbf, 0x7e,
    0xbf, 0x7e, 0xbf, 0x7e, 0xbf, 0x7e, 0xbf, 0x7e, 0xbf, 0x7e, 0xbf, 0x7e,
    0x3f, 0x7f, 0xd2, 0x4b, 0x84, 0x18, 0x05, 0x21, 0x06, 0x19, 0x06, 0x21,
    0x05, 0x21, 0x06, 0x19, 0x06, 0x21, 0x06, 0x21, 0x05, 0x21, 0x06, 0x19,
    0x06, 0x21, 0x05, 0x21, 0x06, 0x19, 0x06, 0x21, 0x05, 0x21, 0x05, 0x21,
    0x06, 0x19, 0x05, 0x21, 0x06, 0x21, 0x06, 0x21, 0x05, 0x21, 0x05, 0x21,
    0x06, 0x21, 0x06, 0x19, 0x05, 0x21, 0x06, 0x21, 0x06, 0x19, 0x06, 0x21,
    0x06, 0x21, 0x06, 0x21, 0x06, 0x19, 0x06, 0x21, 0x06, 0x19, 0x05, 0x21,
    0x06, 0x21, 0x05, 0x19, 0x06, 0x21, 0x05, 0x21, 0x06, 0x19, 0x06, 0x19,
    0x06, 0x21, 0x06, 0x21, 0x05, 0x19, 0x06, 0x21, 0x06, 0x21, 0x05, 0x21,
    0x06, 0x19, 0x06, 0x21, 0x05, 0x21, 0x05, 0x21, 0x06, 0x21, 0x06, 0x21,
    0x05, 0x21, 0x06, 0x19, 0x06, 0x21, 0x05, 0x21, 0x06, 0x19, 0x05, 0x21,
    0x06, 0x21, 0x06, 0x21, 0x05, 0x21, 0x06, 0x21, 0x06, 0x21, 0x05, 0x21,
    0x06, 0x21, 0x05, 0x21, 0x06, 0x21, 0x06, 0x21, 0x05, 0x21, 0x06, 0x21,
    0x05, 0x19, 0x06, 0x21, 0x05, 0x19, 0x06, 0x21, 0x06, 0x19, 0x05, 0x21,
    0x06, 0x21, 0x06, 0x19, 0x05, 0x21, 0x06, 0x21, 0x06, 0x19, 0x05, 0x21,
    0x06, 0x21, 0x05, 0x21, 0x06, 0x21, 0x05, 0x19, 0x06, 0x21, 0x06, 0x21,
    0x05, 0x19, 0x06, 0x21, 0x06, 0x21, 0x05, 0x21, 0x06, 0x21, 0x06, 0x19,
    0x05, 0x21, 0x06, 0x21, 0x06, 0x19, 0x05, 0x21, 0x06, 0x21, 0x05, 0x21,
    0x06, 0x21, 0x06, 0x21, 0x05, 0x19, 0x06, 0x21, 0x06, 0x21, 0x05, 0x21,
    0x06, 0x19, 0x06, 0x21, 0x05, 0x21, 0x06, 0x21, 0x06, 0x21, 0x05, 0x21,
    0x05, 0x19, 0x06, 0x21, 0x06, 0x21, 0x05, 0x21, 0x06, 0x21, 0x05, 0x21,
    0x06, 0x21, 0x06, 0x21, 0x05, 0x19, 0x06, 0x21, 0x06, 0x21, 0x05, 0x19,
    0x06, 0x21, 0x05, 0x21, 0x06, 0x21, 0x05, 0x19, 0x06, 0x21, 0x05, 0x21,
    0x06, 0x21, 0x06, 0x19, 0x05, 0x21, 0x06, 0x21, 0x06, 0x19, 0x05, 0x21,
    0x06, 0x21, 0x05, 0x19, 0x05, 0x21, 0x06, 0x21, 0x06, 0x19, 0x05, 0x21,
    0x06, 0x21, 0x06, 0x19, 0x05, 0x21, 0x06, 0x21, 0x06, 0x19, 0x05, 0x21,
    0x06, 0x21, 0x06, 0x21, 0x06, 0x19, 0x05, 0x21, 0x06, 0x21, 0x06, 0x19,
    0x05, 0x19, 0x06, 0x21, 0x05, 0x21, 0x06, 0x21, 0x05, 0x21, 0x06, 0x21,
    0x05, 0x21, 0x05, 0x19, 0x06, 0x21, 0x06, 0x21, 0x05, 0x21, 0x06, 0x21,
    0x05, 0x19, 0x06, 0x21, 0x06, 0x21, 0x05, 0x19, 0x06, 0x21, 0x06, 0x21,
    0x05, 0x21, 0x06, 0x21, 0x05, 0x21, 0x06, 0x19, 0x06, 0x21, 0x05, 0x21,
    0x06, 0x19, 0x05, 0x21, 0x06, 0x21, 0x06, 0x21, 0x06, 0x19, 0x05, 0x21,
    0x06, 0x21, 0x06, 0x21, 0x05, 0x21, 0x06, 0x21, 0x06, 0x21, 0x05, 0x19,
    0x06, 0x21, 0x05, 0x21, 0x06, 0x21, 0x05, 0x21, 0x06, 0x19, 0x06, 0x21,
    0x05, 0x21, 0x06, 0x19, 0x06, 0x21, 0x05, 0x21, 0x06, 0x21, 0x06, 0x21,
    0x06, 0x21, 0x06, 0x21, 0x05, 0x19, 0x06, 0x21, 0x06, 0x21, 0x05, 0x21,
    0x06, 0x21, 0x26, 0x21, 0xa8, 0x29, 0xa8, 0x29, 0xa8, 0x29, 0xa8, 0x29,
    0xa8, 0x29, 0xa8, 0x29, 0xa8, 0x29, 0xa8, 0x29, 0xa8, 0x29, 0xa8, 0x29,
    0xa8, 0x29, 0xa8, 0x29, 0xa8, 0x29, 0xa8, 0x29, 0xa8, 0x29, 0xa8, 0x29,
    0xa8, 0x29, 0xa8, 0x29, 0x47, 0x21, 0x05, 0x21, 0x06, 0x21, 0x06, 0x21,
    0x05, 0x19, 0x06, 0x21, 0x05, 0x21, 0x06, 0x21, 0x05, 0x19, 0x06, 0x21,
    0x05, 0x21, 0x06, 0x21, 0x05, 0x21, 0x06, 0x21, 0x06, 0x21, 0x06, 0x21,
    0x06, 0x21, 0x05, 0x21, 0x06, 0x19, 0x06, 0x21, 0x05, 0x21, 0x06, 0x19,
    0x06, 0x21, 0x05, 0x21, 0x06, 0x21, 0x06, 0x19, 0x05, 0x21, 0x05, 0x21,
    0x05, 0x19, 0x06, 0x21, 0x05, 0x21, 0x05, 0x21, 0x06, 0x21, 0x06, 0x21,
    0x05, 0x21, 0x06, 0x21, 0x06, 0x21, 0x05, 0x19, 0x06, 0x21, 0x05, 0x21,
    0x05, 0x21, 0x06, 0x21, 0x06, 0x19, 0x05, 0x21, 0x06, 0x19, 0x05, 0x21,
    0x05, 0x21, 0x06, 0x21, 0x06, 0x19, 0x05, 0x21, 0x06, 0x19, 0x06, 0x19,
    0x05, 0x21, 0x06, 0x21, 0x06, 0x21, 0x05, 0x19, 0x06, 0x21, 0x06, 0x21,
    0x05, 0x19, 0x06, 0x19, 0x06, 0x21, 0x05, 0x19, 0x05, 0x21, 0x06, 0x19,
    0x06, 0x21, 0x05, 0x21, 0x06, 0x19, 0x06, 0x21, 0x05, 0x21, 0x06, 0x21,
    0x06, 0x21, 0x06, 0x21, 0x05, 0x19, 0x06, 0x21, 0x06, 0x21, 0x05, 0x19,
    0x05, 0x21, 0x06, 0x21, 0x06, 0x21, 0x05, 0x21, 0x06, 0x21, 0x05, 0x19,
    0x06, 0x21, 0x06, 0x21, 0x05, 0x19, 0x06, 0x21, 0x06, 0x21, 0x05, 0x21,
    0x06, 0x21, 0x05, 0x21, 0x06, 0x21, 0x05, 0x19, 0x06, 0x21, 0x06, 0x21,
    0x05, 0x21, 0x06, 0x19, 0x06, 0x21, 0x05, 0x21, 0x06, 0x19, 0x06, 0x19,
    0x05, 0x21, 0x06, 0x21, 0x06, 0x19, 0x05, 0x21, 0x06, 0x21, 0x05, 0x21,
    0x06, 0x21, 0x05, 0x21, 0x06, 0x19, 0x05, 0x21, 0x06, 0x19, 0x06, 0x21,
    0x05, 0x21, 0x06, 0x21, 0x06, 0x19, 0x05, 0x21, 0x06, 0x19, 0x06, 0x21,
    0x05, 0x19, 0x06, 0x21, 0x05, 0x21, 0x06, 0x21, 0x06, 0x21, 0x05, 0x21,
    0x06, 0x21, 0x06, 0x21, 0x06, 0x21, 0x05, 0x21, 0x06, 0x21, 0x06, 0x19,
    0x05, 0x21, 0x06, 0x21, 0x05, 0x21, 0x06, 0x19, 0x06, 0x21, 0x05, 0x21,
    0x06, 0x19, 0x06, 0x21, 0x06, 0x21, 0x05, 0x21, 0x06, 0x21, 0x06, 0x21,
    0x05, 0x21, 0x05, 0x21, 0x06, 0x21, 0x06, 0x19, 0x05, 0x21, 0x06, 0x21,
    0x06, 0x21, 0x05, 0x21, 0x06, 0x19, 0x06, 0x21, 0x05, 0x21, 0x06, 0x21,
    0x06, 0x21, 0x05, 0x21, 0x06, 0x19, 0x06, 0x21, 0x05, 0x19, 0x06, 0x21,
    0x06, 0x21, 0x06, 0x19, 0x05, 0x21, 0x06, 0x21, 0x06, 0x19, 0x05, 0x21,
    0x06, 0x21, 0x06, 0x19, 0x05, 0x21, 0x06, 0x21, 0x06, 0x19, 0x05, 0x21,
    0x05, 0x21, 0x06, 0x19, 0x06, 0x21, 0x05, 0x21, 0x06, 0x21, 0x06, 0x21,
    0x05, 0x21, 0x06, 0x21, 0x06, 0x21, 0x05, 0x21, 0x06, 0x19, 0x06, 0x21,
    0x05, 0x21, 0x06, 0x19, 0x06, 0x21, 0x05, 0x19, 0x06, 0x21, 0x05, 0x21,
    0x06, 0x21, 0x06, 0x19, 0x06, 0x21, 0x05, 0x21, 0x06, 0x19, 0x06, 0x21,
    0x05, 0x21, 0x05, 0x21, 0x06, 0x21, 0x06, 0x19, 0x05, 0x21, 0x06, 0x19,
    0x06, 0x21, 0x05, 0x21, 0x06, 0x19, 0x06, 0x21, 0x05, 0x21, 0x06, 0x19,
    0x06, 0x21, 0x06, 0x21, 0xe5, 0x18, 0xc5, 0x18, 0xc5, 0x18, 0xc5, 0x18,
    0xe5, 0x18, 0xc5, 0x18, 0xe5, 0x18, 0xc5, 0x18, 0xe5, 0x18, 0xc5, 0x18,
    0xe5, 0x18, 0xc5, 0x18, 0xe5, 0x18, 0xe5, 0x18, 0xc5, 0x18, 0xe5, 0x18,
    0xe5, 0x18, 0xc5, 0x18, 0xc5, 0x18, 0xe5, 0x20, 0x06, 0x21, 0x06, 0x21,
    0x05, 0x21, 0x06, 0x21, 0x06, 0x19, 0x05, 0x21, 0x06, 0x21, 0x06, 0x21,
    0x05, 0x19, 0x06, 0x21, 0x06, 0x19, 0x05, 0x21, 0x05, 0x21, 0x06, 0x19,
    0x05, 0x19, 0x06, 0x21, 0x06, 0x21, 0x05, 0x21, 0x06, 0x19, 0x05, 0x21,
    0x06, 0x21, 0x06, 0x19, 0x05, 0x21, 0x06, 0x21, 0x06, 0x21, 0x05, 0x21,
    0x06, 0x21, 0x06, 0x19, 0x05, 0x21, 0x06, 0x21, 0x06, 0x19, 0x05, 0x21,
    0x05, 0x19, 0x06, 0x21, 0x06, 0x21, 0x05, 0x19, 0x06, 0x21, 0x06, 0x21,
    0x06, 0x21, 0x05, 0x21, 0x06, 0x19, 0x05, 0x21, 0x06, 0x21, 0x06, 0x21,
    0x06, 0x19, 0x06, 0x21, 0x05, 0x21, 0x06, 0x21, 0x06, 0x21, 0x06, 0x21,
    0x05, 0x21, 0x06, 0x19, 0x06, 0x21, 0x05, 0x21, 0x06, 0x21, 0x06, 0x21,
    0x05, 0x21, 0x06, 0x21, 0x05, 0x21, 0x06, 0x21, 0x06, 0x21, 0x05, 0x19,
    0x06, 0x21, 0x06, 0x21, 0x05, 0x19, 0x06, 0x21, 0x06, 0x21, 0x05, 0x19,
    0x06, 0x19, 0x05, 0x21, 0x06, 0x21, 0x06, 0x21, 0x05, 0x21, 0x06, 0x21,
    0x06, 0x21, 0x06, 0x19, 0x05, 0x21, 0x06, 0x21, 0x06, 0x19, 0x05, 0x21,
    0x06, 0x21, 0x06, 0x21, 0x05, 0x21, 0x06, 0x19, 0x06, 0x21, 0x05, 0x21,
    0x06, 0x19, 0x06, 0x21, 0x06, 0x21, 0x05, 0x19, 0x06, 0x21, 0x05, 0x21,
    0x06, 0x19, 0x05, 0x21, 0x06, 0x21, 0x05, 0x21, 0x06, 0x21, 0x06, 0x21,
    0x05, 0x21, 0x06, 0x19, 0x05, 0x21, 0x06, 0x21, 0x06, 0x21, 0x05, 0x19,
    0x06, 0x19, 0x06, 0x21, 0x05, 0x21, 0x06, 0x21, 0x06, 0x21, 0x05, 0x21,
    0x06, 0x19, 0x06, 0x21, 0x05, 0x21, 0x06, 0x21, 0x05, 0x21, 0x06, 0x21,
    0x06, 0x19, 0x05, 0x21, 0x06, 0x21, 0x06, 0x19, 0x05, 0x21, 0x06, 0x19,
    0x05, 0x19, 0x06, 0x21, 0x06, 0x19, 0x05, 0x19, 0x06, 0x21, 0x06, 0x21,
    0x05, 0x21, 0x06, 0x19, 0x06, 0x21, 0x05, 0x21, 0x06, 0x21, 0x05, 0x21,
    0x06, 0x21, 0x05, 0x19, 0x06, 0x21, 0x06, 0x21, 0x05, 0x19, 0x06, 0x21,
    0x06, 0x19, 0x05, 0x21, 0x06, 0x21, 0x06, 0x19, 0x05, 0x21, 0x06, 0x21,
    0x06, 0x19, 0x05, 0x21, 0x05, 0x21, 0x06, 0x21, 0x05, 0x21, 0x06, 0x19,
    0x06, 0x21, 0x05, 0x21, 0x06, 0x21, 0x06, 0x21, 0x05, 0x21, 0x06, 0x19,
    0x06, 0x21, 0x05, 0x21, 0x06, 0x21, 0x06, 0x21, 0x05, 0x21, 0x06, 0x19,
    0x06, 0x21, 0x05, 0x21, 0x06, 0x21, 0x05, 0x21, 0x06, 0x21, 0x06, 0x21,
    0x05, 0x21, 0x06, 0x19, 0x06, 0x21, 0x05, 0x21, 0x06, 0x19, 0x06, 0x21,
    0x05, 0x19, 0x06, 0x21, 0x06, 0x19, 0x05, 0x21, 0x05, 0x21, 0x06, 0x19,
    0x05, 0x21, 0x06, 0x21, 0x06, 0x21, 0x06, 0x21, 0x06, 0x21, 0x05, 0x19,
    0x06, 0x21, 0x05, 0x21, 0x06, 0x21, 0x05, 0x19, 0x06, 0x21, 0x06, 0x21,
    0x05, 0x21, 0x06, 0x19, 0x06, 0x21, 0x05, 0x21, 0x06, 0x21, 0x06, 0x21,
    0x05, 0x19, 0x05, 0x21, 0x06, 0x21, 0x05, 0x19, 0x06, 0x21, 0x05, 0x21,
    0x05, 0x21, 0x06, 0x19, 0x06, 0x21, 0x06, 0x21, 0x06, 0x21, 0x06, 0x21,
    0x06, 0x21, 0x06, 0x21, 0x06, 0x21, 0x06, 0x21, 0x06, 0x21, 0x06, 0x21,
    0x06, 0x21, 0x06, 0x21, 0x06, 0x21, 0x06, 0x21, 0x06, 0x21, 0x06, 0x21,
    0x06, 0x21, 0x06, 0x21, 0x06, 0x21, 0x06, 0x21, 0x05, 0x21, 0x06, 0x19,
    0x06, 0x19, 0x05, 0x21, 0x06, 0x21, 0x06, 0x21, 0x05, 0x19, 0x06, 0x21,
    0x06, 0x21, 0x05, 0x21, 0x06, 0x21, 0x06, 0x21, 0x06, 0x19, 0x06, 0x21,
    0x05, 0x21, 0x06, 0x21, 0x05, 0x19, 0x06, 0x21, 0x06, 0x21, 0x05, 0x21,
    0x06, 0x21, 0x06, 0x21, 0x05, 0x21, 0x06, 0x19, 0x05, 0x21, 0x06, 0x21,
    0x06, 0x19, 0x06, 0x21, 0x06, 0x21, 0x05, 0x21, 0x06, 0x19, 0x06, 0x21,
    0x06, 0x21, 0x05, 0x19, 0x06, 0x21, 0x06, 0x21, 0x05, 0x21, 0x06, 0x21,
    0x06, 0x19, 0x05, 0x21, 0x06, 0x21, 0x06, 0x21, 0x05, 0x21, 0x06, 0x21,
    0x05, 0x21, 0x06, 0x21, 0x06, 0x19, 0x05, 0x21, 0x05, 0x21, 0x06, 0x19,
    0x05, 0x21, 0x06, 0x21, 0x05, 0x21, 0x06, 0x19, 0x05, 0x21, 0x06, 0x21,
    0x06, 0x19, 0x05, 0x21, 0x06, 0x21, 0x06, 0x19, 0x05, 0x21, 0x06, 0x21,
    0x06, 0x21, 0x05, 0x21, 0x06, 0x21, 0x06, 0x21, 0x05, 0x21, 0x06, 0x21,
    0x06, 0x21, 0x05, 0x21, 0x06, 0x19, 0x05, 0x21, 0x06, 0x21, 0x05, 0x19,
    0x05, 0x21, 0x06, 0x21, 0x06, 0x21, 0x05, 0x19, 0x06, 0x21, 0x06, 0x21,
    0x05, 0x19, 0x06, 0x21, 0x05, 0x21, 0x06, 0x19, 0x06, 0x21, 0x05, 0x21,
    0x06, 0x21, 0x05, 0x19, 0x06, 0x21, 0x05, 0x21, 0x06, 0x19, 0x06, 0x21,
    0x06, 0x21, 0x05, 0x21, 0x06, 0x19, 0x06, 0x21, 0x05, 0x21, 0x06, 0x19,
    0x05, 0x21, 0x06, 0x21, 0x06, 0x21, 0x05, 0x19, 0x06, 0x21, 0x06, 0x21,
    0x05, 0x21, 0x06, 0x21, 0x06, 0x19, 0x05, 0x21, 0x06, 0x21, 0x06, 0x19,
    0x05, 0x21, 0x06, 0x21, 0x05, 0x19, 0x06, 0x21, 0x06, 0x21, 0x05, 0x19,
    0x06, 0x21, 0x05, 0x21, 0x06, 0x21, 0x06, 0x21, 0x05, 0x21, 0x06, 0x21,
    0x06, 0x21, 0x05, 0x21, 0x06, 0x21, 0x05, 0x21, 0x05, 0x21, 0x06, 0x19,
    0x06, 0x21, 0x05, 0x21, 0x06, 0x21, 0x06, 0x19, 0x05, 0x21, 0x06, 0x21,
    0x06, 0x19, 0x05, 0x21, 0x06, 0x21, 0x05, 0x21, 0x06, 0x19, 0x06, 0x21,
    0x05, 0x21, 0x06, 0x19, 0x06, 0x21, 0x05, 0x21, 0x06, 0x21, 0x05, 0x21,
    0x06, 0x21, 0x06, 0x19, 0x05, 0x21, 0x06, 0x21, 0x06, 0x19, 0x05, 0x21,
    0x06, 0x21, 0x05, 0x19, 0x06, 0x21, 0x05, 0x19, 0x06, 0x21, 0x05, 0x21,
    0x06, 0x21, 0x05, 0x19, 0x05, 0x21, 0x06, 0x19, 0x06, 0x21, 0x05, 0x21,
    0x06, 0x21, 0x06, 0x19, 0x05, 0x21, 0x06, 0x21, 0x06, 0x19, 0x05, 0x19,
    0x06, 0x21, 0x06, 0x21, 0x05, 0x21, 0x06, 0x21, 0x05, 0x21, 0x06, 0x21,
    0x05, 0x19, 0x06, 0x21, 0x05, 0x21, 0x06, 0x21, 0x06, 0x19, 0x06, 0x21,
    0x06, 0x21, 0x05, 0x21, 0x06, 0x21, 0x05, 0x21, 0x05, 0x21, 0x06, 0x21,
    0x06, 0x21, 0x05, 0x19, 0x06, 0x21, 0x06, 0x21, 0x05, 0x21, 0x06, 0x19,
    0x05, 0x21, 0x06, 0x21, 0x06, 0x21, 0x06, 0x19, 0x05, 0x21, 0x06, 0x21,
    0x06, 0x21, 0x05, 0x21, 0x06, 0x21, 0x06, 0x21, 0x06, 0x21, 0x06, 0x21,
    0x06, 0x21, 0x05, 0x21, 0x06, 0x21, 0x05, 0x21, 0x05, 0x21, 0x06, 0x21,
    0x05, 0x21, 0x05, 0x21, 0x06, 0x21, 0x05, 0x21, 0x05, 0x21, 0x06, 0x21,
    0x05, 0x21, 0x05, 0x21, 0x06, 0x21, 0x05, 0x21, 0x05, 0x21, 0x05, 0x21,
    0x05, 0x21, 0x06, 0x21, 0x05, 0x21, 0x05, 0x21, 0x06, 0x21, 0x06, 0x21,
    0x05, 0x21, 0x06, 0x21, 0x05, 0x21, 0x06, 0x19, 0x05, 0x21, 0x06, 0x21,
    0x05, 0x19, 0x06, 0x21, 0x05, 0x21, 0x05, 0x19, 0x06, 0x21, 0x05, 0x21,
    0x06, 0x21, 0x06, 0x21, 0x05, 0x21, 0x06, 0x21, 0x06, 0x19, 0x05, 0x21,
    0x06, 0x21, 0x06, 0x19, 0x05, 0x21, 0x06, 0x21, 0x06, 0x21, 0x05, 0x19,
    0x05, 0x21, 0x06, 0x21, 0x05, 0x19, 0x05, 0x21, 0x06, 0x21, 0x05, 0x21,
    0x06, 0x21, 0x06, 0x21, 0x05, 0x21, 0x06, 0x19, 0x06, 0x21, 0x05, 0x21,
    0x05, 0x19, 0x06, 0x21, 0x05, 0x21, 0x06, 0x19, 0x06, 0x21, 0x05, 0x19,
    0x06, 0x19, 0x05, 0x21, 0x05, 0x21, 0x06, 0x21, 0x06, 0x19, 0x06, 0x21,
    0x05, 0x21, 0x06, 0x19, 0x06, 0x21, 0x05, 0x21, 0x06, 0x21, 0x06, 0x19,
    0x05, 0x21, 0x06, 0x21, 0x06, 0x19, 0x05, 0x21, 0x06, 0x21, 0x05, 0x19,
    0x06, 0x21, 0x06, 0x21, 0x05, 0x19, 0x06, 0x21, 0x05, 0x19, 0x05, 0x21,
    0x06, 0x19, 0x06, 0x21, 0x05, 0x21, 0x06, 0x21, 0x06, 0x19, 0x05, 0x21,
    0x06, 0x21, 0x06, 0x19, 0x05, 0x21, 0x06, 0x21, 0x05, 0x21, 0x06, 0x21,
    0x05, 0x21, 0x06, 0x21, 0x06, 0x19, 0x05, 0x21, 0x06, 0x21, 0x05, 0x21,
    0x06, 0x21, 0x06, 0x19, 0x05, 0x21, 0x06, 0x21, 0x06, 0x21, 0x05, 0x21,
    0x06, 0x21, 0x05, 0x21, 0x06, 0x21, 0x06, 0x21, 0x05, 0x19, 0x06, 0x21,
    0x06, 0x21, 0x05, 0x19, 0x06, 0x21, 0x06, 0x21, 0x05, 0x21, 0x06, 0x19,
    0x05, 0x21, 0x06, 0x21, 0x05, 0x21, 0x06, 0x21, 0x06, 0x19, 0x05, 0x21,
    0x06, 0x21, 0x06, 0x21, 0x05, 0x21, 0x06, 0x21, 0x06, 0x19, 0x05, 0x21,
    0x06, 0x21, 0x06, 0x21, 0x05, 0x19, 0x06, 0x21, 0x05, 0x19, 0x06, 0x21,
    0x06, 0x21, 0x05, 0x19, 0x06, 0x21, 0x06, 0x21, 0x06, 0x21, 0x06, 0x21,
    0x05, 0x21, 0x06, 0x19, 0x05, 0x21, 0x06, 0x21, 0x05, 0x21, 0x06, 0x19,
    0x06, 0x21, 0x05, 0x21, 0x06, 0x19, 0x06, 0x21, 0x05, 0x21, 0x06, 0x21,
    0x06, 0x21, 0x05, 0x21, 0x06, 0x21, 0x06, 0x19, 0x05, 0x21, 0x06, 0x21,
    0x06, 0x19, 0x05, 0x21, 0x06, 0x21, 0x06, 0x21, 0x06, 0x19, 0x05, 0x21,
    0x06, 0x21, 0x06, 0x21, 0x06, 0x21, 0x05, 0x21, 0x06, 0x19, 0x06, 0x21,
    0x06, 0x21, 0x05, 0x21, 0x06, 0x21, 0x06, 0x21, 0x05, 0x19, 0x06, 0x21,
    0x05, 0x21, 0x06, 0x21, 0x05, 0x21, 0x06, 0x19, 0x06, 0x21, 0x05, 0x21,
    0x06, 0x21, 0x05, 0x19, 0x06, 0x21, 0x06, 0x21, 0x05, 0x19, 0x06, 0x21,
    0x06, 0x21, 0x06, 0x21, 0x05, 0x21, 0x06, 0x21, 0x05, 0x21, 0x06, 0x21,
    0x05, 0x19, 0x06, 0x21, 0x06, 0x21, 0x05, 0x19, 0x06, 0x21, 0x06, 0x21,
    0x05, 0x19, 0x06, 0x21, 0x06, 0x21, 0x05, 0x19, 0x06, 0x21, 0x06, 0x21,
    0x05, 0x21, 0x06, 0x19, 0x05, 0x21, 0x06, 0x21, 0x05, 0x21, 0x06, 0x19,
    0x05, 0x21, 0x06, 0x19, 0x06, 0x21, 0x05, 0x19, 0x06, 0x21, 0x05, 0x19,
    0x05, 0x21, 0x06, 0x19, 0x06, 0x19, 0x06, 0x21, 0x05, 0x19, 0x06, 0x19,
    0x06, 0x21, 0x05, 0x19, 0x06, 0x21, 0x06, 0x19, 0x05, 0x21, 0x06, 0x19,
    0x06, 0x21, 0x05, 0x21, 0x06, 0x19, 0x06, 0x21, 0x06, 0x21, 0x06, 0x19,
    0x06, 0x21, 0x06, 0x21, 0x05, 0x19, 0x06, 0x21, 0x05, 0x21, 0x06, 0x19,
    0x06, 0x21, 0x05, 0x21, 0x06, 0x21, 0x06, 0x19, 0x05, 0x21, 0x06, 0x21,
    0x06, 0x21, 0x05, 0x21, 0x06, 0x21, 0x06, 0x19, 0x06, 0x21, 0x05, 0x21,
    0x06, 0x19, 0x05, 0x21, 0x06, 0x19, 0x06, 0x21, 0x05, 0x21, 0x06, 0x21,
    0x05, 0x19, 0x06, 0x21, 0x05, 0x21, 0x06, 0x19, 0x06, 0x21, 0x05, 0x21,
    0x06, 0x21, 0x06, 0x21, 0x06, 0x21, 0x05, 0x21, 0x06, 0x19, 0x06, 0x21,
    0x05, 0x21, 0x06, 0x19, 0x05, 0x21, 0x06, 0x21, 0x06, 0x21, 0x05, 0x19,
    0x06, 0x21, 0x06, 0x21, 0x06, 0x21, 0x05, 0x19, 0x06, 0x21, 0x06, 0x21,
    0x05, 0x21, 0x06, 0x21, 0x06, 0x19, 0x06, 0x21, 0x05, 0x21, 0x06, 0x21,
    0x06, 0x21, 0x05, 0x21, 0x06, 0x21, 0x06, 0x19, 0x05, 0x21, 0x06, 0x21,
    0x06, 0x21, 0x05, 0x21, 0x05, 0x21, 0x06, 0x19, 0x06, 0x21, 0x05, 0x21,
    0x06, 0x21, 0x06, 0x19, 0x05, 0x21, 0x06, 0x21, 0x06, 0x19, 0x06, 0x21,
    0x05, 0x21, 0x06, 0x21, 0x05, 0x19, 0x06, 0x21, 0x06, 0x21, 0x05, 0x21,
    0x06, 0x21, 0x06, 0x21, 0x06, 0x21, 0x05, 0x19, 0x06, 0x21, 0x06, 0x21,
    0x05, 0x19, 0x06, 0x21, 0x06, 0x21, 0x05, 0x21, 0x06, 0x21, 0x06, 0x19,
    0x05, 0x21, 0x06, 0x21, 0x06, 0x21, 0x05, 0x21, 0x06, 0x19, 0x06, 0x21,
    0x05, 0x21, 0x06, 0x19, 0x06, 0x19, 0x05, 0x21, 0x06, 0x21, 0x05, 0x21,
    0x06, 0x21, 0x06, 0x21, 0x05, 0x21, 0x06, 0x19, 0x05, 0x21, 0x06, 0x21,
    0x06, 0x21, 0x05, 0x19, 0x06, 0x21, 0x06, 0x21, 0x05, 0x19, 0x06, 0x21,
    0x05, 0x21, 0x06, 0x19, 0x05, 0x21, 0x06, 0x21, 0x06, 0x19, 0x05, 0x21,
    0x06, 0x21, 0x06, 0x21, 0x05, 0x19, 0x06, 0x21, 0x06, 0x21, 0x05, 0x21,
    0x06, 0x19, 0x05, 0x21, 0x06, 0x21, 0x05, 0x19, 0x06, 0x21, 0x05, 0x19,
    0x06, 0x21, 0x06, 0x21, 0x05, 0x21, 0x06, 0x19, 0x06, 0x21, 0x05, 0x21,
    0x06, 0x21, 0x06, 0x21, 0x05, 0x21, 0x06, 0x21, 0x06, 0x19, 0x05, 0x21,
    0x06, 0x21, 0x05, 0x19, 0x05, 0x21, 0x06, 0x21, 0x05, 0x21, 0x06, 0x19,
    0x06, 0x21, 0x05, 0x21, 0x06, 0x19, 0x05, 0x21, 0x06, 0x21, 0x05, 0x21,
    0x06, 0x19, 0x06, 0x21, 0x05, 0x19, 0x06, 0x21, 0x06, 0x21, 0x05, 0x21,
    0x06, 0x19, 0x05, 0x21, 0x06, 0x19, 0x06, 0x21, 0x06, 0x21, 0x05, 0x21,
    0x06, 0x19, 0x06, 0x21, 0x05, 0x21, 0x06, 0x19, 0x06, 0x21, 0x05, 0x21,
    0x06, 0x21, 0x06, 0x21, 0x05, 0x21, 0x06, 0x19, 0x06, 0x21, 0x05, 0x21,
    0x06, 0x19, 0x06, 0x21, 0x05, 0x19, 0x06, 0x21, 0x06, 0x19, 0x05, 0x21,
    0x06, 0x21, 0x05, 0x21, 0x06, 0x19, 0x06, 0x21, 0x05, 0x21, 0x06, 0x19,
    0x06, 0x21, 0x05, 0x21, 0x06, 0x21, 0x06, 0x21, 0x05, 0x21, 0x06, 0x19,
    0x06, 0x21, 0x05, 0x21, 0x06, 0x21, 0x06, 0x19, 0x05, 0x21, 0x06, 0x21,
    0x06, 0x21, 0x05, 0x19, 0x06, 0x21, 0x06, 0x21, 0x05, 0x21, 0x06, 0x19,
    0x06, 0x21, 0x05, 0x21, 0x06, 0x21, 0x06, 0x21, 0x05, 0x21, 0x06, 0x21,
    0x06, 0x21, 0x05, 0x21, 0x06, 0x21, 0x06, 0x19, 0x05, 0x21, 0x06, 0x21,
    0x06, 0x21, 0x05, 0x19, 0x06, 0x21, 0x06, 0x21, 0x05, 0x19, 0x05, 0x21,
    0x06, 0x21, 0x06, 0x21, 0x05, 0x19, 0x06, 0x21, 0x06, 0x21, 0x06, 0x19,
    0x05, 0x21, 0x06, 0x21, 0x05, 0x19, 0x06, 0x21, 0x06, 0x21, 0x05, 0x21,
    0x06, 0x19, 0x06, 0x21, 0x05, 0x21, 0x06, 0x19, 0x06, 0x21, 0x05, 0x21,
    0x06, 0x21, 0x06, 0x21, 0x05, 0x19, 0x06, 0x21, 0x06, 0x21, 0x05, 0x19,
    0x06, 0x21, 0x06, 0x21, 0x05, 0x21, 0x06, 0x21, 0x06, 0x19, 0x05, 0x21,
    0x06, 0x21, 0x06, 0x19, 0x05, 0x19, 0x06, 0x21, 0x06, 0x21, 0x06, 0x21,
    0x06, 0x19, 0x06, 0x21, 0x05, 0x21, 0x06, 0x19, 0x06, 0x21, 0x05, 0x21,
    0x06, 0x21, 0x06, 0x19, 0x05, 0x21, 0x06, 0x21, 0x06, 0x21, 0x05, 0x21,
    0x06, 0x21, 0x06, 0x21, 0x05, 0x21, 0x06, 0x21, 0x06, 0x19, 0x05, 0x21,
    0x06, 0x21, 0x05, 0x19, 0x06, 0x21, 0x06, 0x21, 0x05, 0x21, 0x06, 0x19,
    0x05, 0x21, 0x06, 0x21, 0x06, 0x19, 0x05, 0x21, 0x06, 0x21, 0x06, 0x21,
    0x05, 0x21, 0x06, 0x19, 0x05, 0x21, 0x06, 0x21, 0x05, 0x21, 0x06, 0x21,
    0x06, 0x21, 0x06, 0x21, 0x05, 0x21, 0x06, 0x21, 0x06, 0x19, 0x05, 0x21,
    0x06, 0x21, 0x05, 0x19, 0x06, 0x21, 0x05, 0x21, 0x06, 0x19, 0x06, 0x21,
    0x05, 0x21, 0x06, 0x19, 0x06, 0x21, 0x05, 0x21, 0x06, 0x19, 0x06, 0x21,
    0x05, 0x21, 0x06, 0x19, 0x05, 0x21, 0x06, 0x21, 0x05, 0x19, 0x06, 0x21,
    0x05, 0x21, 0x06, 0x19, 0x06, 0x21, 0x05, 0x21, 0x06, 0x19, 0x06, 0x21,
    0x05, 0x19, 0x06, 0x21, 0x05, 0x21, 0x06, 0x19, 0x06, 0x21, 0x05, 0x21,
    0x06, 0x21, 0x06, 0x21, 0x05, 0x19, 0x06, 0x21, 0x06, 0x21, 0x05, 0x21,
    0x06, 0x21, 0x06, 0x21, 0x05, 0x19, 0x06, 0x21, 0x05, 0x21, 0x06, 0x21,
    0x05, 0x21, 0x06, 0x19, 0x05, 0x21, 0x06, 0x21, 0x06, 0x21, 0x05, 0x21,
    0x06, 0x21, 0x06, 0x21, 0x05, 0x21, 0x06, 0x21, 0x06, 0x21, 0x05, 0x21,
    0x06, 0x19, 0x05, 0x21, 0x06, 0x21, 0x06, 0x21, 0x05, 0x21, 0x06, 0x19,
    0x06, 0x21, 0x05, 0x21, 0x06, 0x19, 0x05, 0x21, 0x06, 0x21, 0x05, 0x21,
    0x06, 0x19, 0x06, 0x21, 0x06, 0x21, 0x06, 0x19, 0x05, 0x21, 0x06, 0x21,
    0x06, 0x21, 0x05, 0x21, 0x06, 0x21, 0x06, 0x21, 0x05, 0x19, 0x06, 0x21,
    0x06, 0x21, 0x05, 0x21, 0x06, 0x21, 0x05, 0x21, 0x05, 0x19, 0x06, 0x21,
    0x06, 0x21, 0x05, 0x21, 0x06, 0x21, 0x05, 0x19, 0x06, 0x21, 0x05, 0x21,
    0x06, 0x21, 0x06, 0x19, 0x05, 0x21, 0x06, 0x21, 0x06, 0x21, 0x05, 0x21,
    0x05, 0x19, 0x06, 0x19, 0x06, 0x21, 0x05, 0x21, 0x06, 0x21, 0x05, 0x21,
    0x06, 0x21, 0x05, 0x21, 0x05, 0x19, 0x06, 0x21, 0x06, 0x21, 0x05, 0x21,
    0x06, 0x19, 0x06, 0x21, 0x05, 0x21, 0x06, 0x21, 0x06, 0x21, 0x05, 0x21,
    0x06, 0x21, 0x06, 0x21, 0x05, 0x19, 0x06, 0x21, 0x05, 0x21, 0x06, 0x19,
    0x05, 0x21, 0x06, 0x21, 0x06, 0x21, 0x05, 0x21, 0x06, 0x21, 0x06, 0x19,
    0x05, 0x21, 0x06, 0x21, 0x06, 0x21, 0x05, 0x21, 0x06, 0x21, 0x05, 0x21,
    0x06, 0x21, 0x06, 0x21, 0x05, 0x21, 0x06, 0x21, 0x05, 0x19, 0x05, 0x21,
    0x06, 0x21, 0x06, 0x21, 0x05, 0x21, 0x06, 0x21, 0x06, 0x21, 0x05, 0x21,
    0x06, 0x21, 0x06, 0x21, 0x05, 0x21, 0x06, 0x21, 0x06, 0x21, 0x05, 0x21,
    0x06, 0x19, 0x05, 0x21, 0x05, 0x21, 0x06, 0x21, 0x06, 0x21, 0x05, 0x21,
    0x06, 0x21, 0x06, 0x21, 0x05, 0x21, 0x06, 0x19, 0x05, 0x21, 0x06, 0x21,
    0x05, 0x19, 0x06, 0x21, 0x06, 0x21, 0x05, 0x19, 0x06, 0x21, 0x05, 0x21,
    0x06, 0x19, 0x06, 0x21, 0x05, 0x21, 0x06, 0x21, 0x05, 0x21, 0x06, 0x21,
    0x06, 0x19, 0x05, 0x21, 0x06, 0x21, 0x06, 0x19, 0x05, 0x21, 0x06, 0x21,
    0x05, 0x21, 0x06, 0x21, 0x05, 0x21, 0x06, 0x21, 0x05, 0x19, 0x05, 0x21,
    0x05, 0x21, 0x06, 0x21, 0x05, 0x21, 0x06, 0x21, 0x06, 0x19, 0x05, 0x21,
    0x05, 0x21, 0x06, 0x21, 0x05, 0x21, 0x05, 0x19, 0x06, 0x21, 0x06, 0x21,
    0x05, 0x19, 0x06, 0x19, 0x06, 0x21, 0x05, 0x21, 0x06, 0x19, 0x05, 0x21,
    0x06, 0x21, 0x06, 0x19, 0x05, 0x21, 0x06, 0x21, 0x05, 0x19, 0x06, 0x21,
    0x06, 0x21, 0x05, 0x21, 0x06, 0x19, 0x06, 0x21, 0x05, 0x21, 0x06, 0x19,
    0x06, 0x21, 0x05, 0x21, 0x06, 0x21, 0x06, 0x21, 0x05, 0x19, 0x06, 0x21,
    0x05, 0x21, 0x05, 0x19, 0x06, 0x19, 0x06, 0x21, 0x05, 0x21, 0x06, 0x21,
    0x06, 0x19, 0x05, 0x21, 0x06, 0x21, 0x06, 0x19, 0x05, 0x21, 0x06, 0x21,
    0x06, 0x21, 0x05, 0x21, 0x06, 0x21, 0x05, 0x19, 0x06, 0x21, 0x05, 0x21,
    0x06, 0x21, 0x06, 0x21, 0x05, 0x19, 0x06, 0x21, 0x06, 0x21, 0x06, 0x19,
    0x05, 0x21, 0x06, 0x21, 0x05, 0x21, 0x06, 0x21, 0x05, 0x21, 0x06, 0x21,
    0x06, 0x21, 0x05, 0x19, 0x06, 0x21, 0x06, 0x21, 0x05, 0x19, 0x06, 0x21,
    0x06, 0x21, 0x05, 0x19, 0x06, 0x21, 0x05, 0x21, 0x06, 0x19, 0x05, 0x21,
    0x06, 0x21, 0x06, 0x19, 0x05, 0x21, 0x06, 0x21, 0x06, 0x19, 0x06, 0x21,
    0x05, 0x21, 0x06, 0x19, 0x06, 0x21, 0x05, 0x21, 0x06, 0x19, 0x05, 0x21,
    0x06, 0x19, 0x06, 0x19, 0x05, 0x21, 0x06, 0x19, 0x06, 0x21, 0x05, 0x21,
    0x06, 0x19, 0x06, 0x21, 0x05, 0x21, 0x06, 0x19, 0x06, 0x21, 0x05, 0x21,
    0x06, 0x19, 0x05, 0x21, 0x06, 0x21, 0x06, 0x19, 0x06, 0x21, 0x05, 0x21,
    0x06, 0x19, 0x05, 0x21, 0x06, 0x21, 0x06, 0x21, 0x05, 0x21, 0x06, 0x19,
    0x06, 0x21, 0x05, 0x19, 0x06, 0x21, 0x06, 0x21, 0x05, 0x19, 0x06, 0x21,
    0x06, 0x21, 0x05, 0x19, 0x06, 0x21, 0x06, 0x21, 0x06, 0x21, 0x05, 0x19,
    0x06, 0x21, 0x06, 0x21, 0x05, 0x19, 0x06, 0x21, 0x06, 0x21, 0x05, 0x19,
    0x06, 0x21, 0x06, 0x21, 0x05, 0x21, 0x06, 0x19, 0x06, 0x21, 0x05, 0x21,
    0x06, 0x21, 0x06, 0x21, 0x05, 0x21, 0x06, 0x21, 0x06, 0x19, 0x05, 0x21,
    0x06, 0x19, 0x06, 0x21, 0x06, 0x21, 0x05, 0x21, 0x06, 0x21, 0x06, 0x21,
    0x05, 0x21, 0x06, 0x19, 0x06, 0x21, 0x05, 0x21, 0x06, 0x19, 0x05, 0x21,
    0x06, 0x21, 0x06, 0x19, 0x06, 0x21, 0x06, 0x21, 0x05, 0x19, 0x06, 0x21,
    0x06, 0x21, 0x05, 0x21, 0x06, 0x19, 0x06, 0x19, 0x05, 0x21, 0x06, 0x21,
    0x05, 0x21, 0x06, 0x19, 0x05, 0x21, 0x06, 0x21, 0x06, 0x19, 0x05, 0x19,
    0x06, 0x21, 0x06, 0x21, 0x05, 0x19, 0x06, 0x21, 0x06, 0x19, 0x06, 0x21,
    0x06, 0x21, 0x05, 0x19, 0x06, 0x19, 0x06, 0x21, 0x05, 0x19, 0x06, 0x21,
    0x05, 0x19, 0x06, 0x19, 0x06, 0x21, 0x05, 0x19, 0x06, 0x21, 0x05, 0x21,
    0x06, 0x21, 0x06, 0x21, 0x06, 0x19, 0x06, 0x21, 0x05, 0x21, 0x06, 0x19,
    0x05, 0x21, 0x05, 0x19, 0x06, 0x21, 0x06, 0x21, 0x05, 0x21, 0x06, 0x21,
    0x06, 0x21, 0x05, 0x21, 0x06, 0x21, 0x05, 0x21, 0x06, 0x21, 0x06, 0x21,
    0x05, 0x21, 0x06, 0x21, 0x06, 0x19, 0x05, 0x21, 0x06, 0x21, 0x06, 0x19,
    0x05, 0x21, 0x06, 0x21, 0x05, 0x21, 0x06, 0x21, 0x06, 0x19, 0x05, 0x21,
    0x06, 0x21, 0x06, 0x19, 0x05, 0x21, 0x06, 0x21, 0x06, 0x21, 0x06, 0x21,
    0x06, 0x19, 0x06, 0x21, 0x05, 0x19, 0x06, 0x21, 0x06, 0x21, 0x05, 0x21,
    0x06, 0x19, 0x06, 0x21, 0x06, 0x21, 0x06, 0x19, 0x06, 0x21, 0x05, 0x21,
    0x06, 0x21, 0x05, 0x21, 0x05, 0x19, 0x06, 0x21, 0x06, 0x21, 0x05, 0x21,
    0x06, 0x21, 0x06, 0x21, 0x05, 0x21, 0x06, 0x21, 0x06, 0x21, 0x05, 0x19,
    0x06, 0x21, 0x06, 0x21, 0x05, 0x19, 0x06, 0x21, 0x06, 0x21, 0x05, 0x21,
    0x06, 0x19, 0x05, 0x21, 0x06, 0x21, 0x06, 0x19, 0x05, 0x21, 0x06, 0x21,
    0x06, 0x19, 0x06, 0x21, 0x05, 0x21, 0x06, 0x21, 0x06, 0x19, 0x05, 0x21,
    0x06, 0x21, 0x06, 0x21, 0x05, 0x21, 0x06, 0x21, 0x06, 0x21, 0x05, 0x19,
    0x06, 0x21, 0x05, 0x21, 0x06, 0x19, 0x06, 0x21, 0x05, 0x21, 0x06, 0x19,
    0x06, 0x21, 0x05, 0x21, 0x06, 0x19, 0x06, 0x21, 0x05, 0x21, 0x06, 0x21,
    0x05, 0x21, 0x06, 0x21, 0x06, 0x19, 0x05, 0x21, 0x06, 0x21, 0x06, 0x19,
    0x05, 0x21, 0x06, 0x21, 0x06, 0x21, 0x05, 0x21, 0x06, 0x21, 0x05, 0x21,
    0x06, 0x21, 0x06, 0x19, 0x05, 0x21, 0x06, 0x21, 0x06, 0x21, 0x05, 0x21,
    0x06, 0x19, 0x06, 0x21, 0x05, 0x21, 0x06, 0x21, 0x05, 0x21, 0x06, 0x21,
    0x06, 0x19, 0x05, 0x21, 0x06, 0x21, 0x06, 0x21, 0x05, 0x21, 0x06, 0x21,
    0x06, 0x21, 0x05, 0x21, 0x06, 0x21, 0x05, 0x21, 0x06, 0x19, 0x06, 0x21,
    0x05, 0x21, 0x06, 0x21, 0x06, 0x21, 0x05, 0x21, 0x06, 0x19, 0x05, 0x21,
    0x06, 0x21, 0x06, 0x21, 0x05, 0x21, 0x06, 0x21, 0x05, 0x21, 0x06, 0x19,
    0x06, 0x21, 0x05, 0x21, 0x06, 0x21, 0x05, 0x19, 0x05, 0x21, 0x06, 0x21,
    0x06, 0x21, 0x05, 0x21, 0x05, 0x19, 0x06, 0x21, 0x05, 0x21, 0x06, 0x21,
    0x05, 0x21, 0x06, 0x21, 0x05, 0x19, 0x05, 0x21, 0x06, 0x21, 0x06, 0x19,
    0x05, 0x21, 0x06, 0x21, 0x06, 0x21, 0x05, 0x19, 0x06, 0x21, 0x06, 0x21,
    0x05, 0x21, 0x06, 0x19, 0x05, 0x21, 0x06, 0x21, 0x06, 0x21, 0x05, 0x19,
    0x06, 0x19, 0x06, 0x21, 0x05, 0x21, 0x06, 0x21, 0x06, 0x19, 0x05, 0x21,
    0x06, 0x21, 0x06, 0x19, 0x05, 0x21, 0x06, 0x21, 0x06, 0x19, 0x05, 0x19,
    0x06, 0x21, 0x05, 0x21, 0x06, 0x21, 0x06, 0x21, 0x05, 0x19, 0x06, 0x21,
    0x06, 0x21, 0x05, 0x19, 0x06, 0x21, 0x05, 0x21, 0x06, 0x21, 0x06, 0x21,
    0x05, 0x19, 0x06, 0x21, 0x06, 0x21, 0x05, 0x21, 0x05, 0x21, 0x06, 0x19,
    0x06, 0x21, 0x06, 0x21, 0x05, 0x21, 0x06, 0x19, 0x05, 0x21, 0x06, 0x21,
    0x06, 0x21, 0x05, 0x21, 0x06, 0x19, 0x05, 0x21, 0x06, 0x21, 0x05, 0x21,
    0x06, 0x21, 0x06, 0x21, 0x05, 0x21, 0x06, 0x21, 0x05, 0x21, 0x06, 0x21,
    0x06, 0x21, 0x05, 0x21, 0x06, 0x21, 0x05, 0x21, 0x06, 0x19, 0x06, 0x21,
    0x05, 0x19, 0x06, 0x21, 0x05, 0x21, 0x06, 0x21, 0x06, 0x19, 0x05, 0x21,
    0x06, 0x21, 0x06, 0x19, 0x06, 0x21, 0x05, 0x21, 0x06, 0x19, 0x06, 0x21,
    0x05, 0x19, 0x06, 0x21, 0x06, 0x19, 0x05, 0x21, 0x06, 0x19, 0x06, 0x21,
    0x05, 0x19, 0x06, 0x21, 0x05, 0x21, 0x06, 0x21, 0x06, 0x19, 0x05, 0x21,
    0x06, 0x21, 0x06, 0x19, 0x05, 0x21, 0x06, 0x21, 0x05, 0x19, 0x06, 0x21,
    0x06, 0x21, 0x05, 0x19, 0x06, 0x21, 0x06, 0x19, 0x05, 0x19, 0x06, 0x21,
    0x05, 0x21, 0x06, 0x21, 0x06, 0x21, 0x05, 0x19, 0x06, 0x21, 0x05, 0x21,
    0x06, 0x19, 0x06, 0x21, 0x05, 0x21, 0x05, 0x19, 0x06, 0x21, 0x06, 0x21,
    0x05, 0x19, 0x06, 0x21, 0x06, 0x21, 0x05, 0x21, 0x06, 0x21, 0x06, 0x19,
    0x05, 0x21, 0x06, 0x19, 0x05, 0x21, 0x06, 0x19, 0x06, 0x21, 0x05, 0x21,
    0x06, 0x21, 0x05, 0x21, 0x06, 0x21, 0x05, 0x21, 0x06, 0x21, 0x05, 0x21,
    0x06, 0x19, 0x06, 0x21, 0x05, 0x21, 0x06, 0x19, 0x06, 0x21, 0x05, 0x21,
    0x06, 0x21, 0x06, 0x21, 0x05, 0x21, 0x06, 0x21, 0x06, 0x21, 0x05, 0x21,
    0x06, 0x19, 0x05, 0x21, 0x06, 0x19, 0x05, 0x21, 0x06, 0x21, 0x05, 0x19,
    0x06, 0x21, 0x06, 0x21, 0x05, 0x19, 0x06, 0x21, 0x06, 0x21, 0x05, 0x21,
    0x06, 0x21, 0x06, 0x19, 0x05, 0x21, 0x06, 0x21, 0x05, 0x21, 0x06, 0x19,
    0x05, 0x21, 0x06, 0x21, 0x06, 0x19, 0x05, 0x21, 0x06, 0x21, 0x06, 0x19,
    0x05, 0x21, 0x05, 0x21, 0x06, 0x19, 0x06, 0x21, 0x05, 0x19, 0x06, 0x21,
    0x06, 0x21, 0x05, 0x19, 0x06, 0x21, 0x05, 0x21, 0x06, 0x19, 0x06, 0x21,
    0x05, 0x21, 0x06, 0x21, 0x05, 0x19, 0x06, 0x21, 0x06, 0x19, 0x05, 0x21,
    0x05, 0x21, 0x06, 0x21, 0x05, 0x21, 0x06, 0x19, 0x06, 0x21, 0x05, 0x19,
    0x06, 0x21, 0x06, 0x21, 0x05, 0x19, 0x06, 0x21, 0x06, 0x21, 0x05, 0x21,
    0x06, 0x19, 0x05, 0x21, 0x06, 0x21, 0x05, 0x19, 0x06, 0x21, 0x06, 0x21,
    0x05, 0x21, 0x06, 0x19, 0x06, 0x21, 0x05, 0x19, 0x06, 0x21, 0x05, 0x21,
    0x06, 0x21, 0x06, 0x19, 0x05, 0x21, 0x06, 0x21, 0x06, 0x19, 0x06, 0x21,
    0x05, 0x21, 0x06, 0x19, 0x06, 0x21, 0x06, 0x21, 0x06, 0x19, 0x05, 0x21,
    0x06, 0x21, 0x06, 0x19, 0x06, 0x21, 0x06, 0x21, 0x05, 0x21, 0x06, 0x19,
    0x05, 0x21, 0x06, 0x21, 0x06, 0x21, 0x05, 0x21, 0x06, 0x21, 0x05, 0x21,
    0x06, 0x21, 0x06, 0x21, 0x05, 0x21, 0x06, 0x19, 0x06, 0x21, 0x05, 0x21,
    0x05, 0x21, 0x06, 0x21, 0x06, 0x19, 0x05, 0x21, 0x06, 0x21, 0x05, 0x19,
    0x06, 0x21, 0x06, 0x21, 0x05, 0x21, 0x05, 0x21, 0x06, 0x21, 0x06, 0x21,
    0x05, 0x21, 0x06, 0x19, 0x06, 0x21, 0x05, 0x21, 0x06, 0x19, 0x05, 0x21,
    0x06, 0x21, 0x06, 0x21, 0x05, 0x21, 0x05, 0x21, 0x06, 0x21, 0x05, 0x19,
    0x06, 0x21, 0x05, 0x21, 0x06, 0x19, 0x06, 0x21, 0x05, 0x21, 0x06, 0x21,
    0x06, 0x21, 0x05, 0x19, 0x06, 0x21, 0x06, 0x21, 0x05, 0x21, 0x06, 0x21,
    0x05, 0x21, 0x06, 0x21, 0x06, 0x19, 0x05, 0x21, 0x06, 0x21, 0x06, 0x19,
    0x05, 0x21, 0x05, 0x19, 0x06, 0x21, 0x06, 0x21, 0x05, 0x19, 0x06, 0x21,
    0x06, 0x21, 0x05, 0x19, 0x06, 0x21, 0x06, 0x21, 0x05, 0x21, 0x06, 0x21,
    0x06, 0x21, 0x05, 0x21, 0x06, 0x19, 0x05, 0x21, 0x05, 0x21, 0x06, 0x21,
    0x06, 0x21, 0x05, 0x21, 0x06, 0x21, 0x06, 0x21, 0x05, 0x21, 0x06, 0x19,
    0x06, 0x21, 0x05, 0x21, 0x06, 0x19, 0x06, 0x21, 0x05, 0x21, 0x06, 0x21,
    0x05, 0x21, 0x06, 0x21, 0x06, 0x19, 0x05, 0x21, 0x06, 0x21, 0x06, 0x21,
    0x05, 0x21, 0x06, 0x21, 0x06, 0x21, 0x05, 0x19, 0x06, 0x21, 0x06, 0x21,
    0x05, 0x21, 0x06, 0x21, 0x05, 0x21, 0x06, 0x21, 0x06, 0x21, 0x05, 0x21,
    0x06, 0x21, 0x05, 0x19, 0x05, 0x21, 0x06, 0x21, 0x06, 0x21, 0x05, 0x21,
    0x06, 0x21, 0x06, 0x19, 0x05, 0x21, 0x06, 0x21, 0x06, 0x21, 0x05, 0x21,
    0x06, 0x21, 0x06, 0x19, 0x05, 0x21, 0x06, 0x21, 0x06, 0x19, 0x05, 0x21,
    0x06, 0x21, 0x06, 0x19, 0x05, 0x21, 0x06, 0x21, 0x06, 0x21, 0x05, 0x19,
    0x06, 0x21, 0x06, 0x19, 0x06, 0x21, 0x05, 0x19, 0x06, 0x21, 0x06, 0x21,
    0x05, 0x19, 0x06, 0x21, 0x06, 0x21, 0x05, 0x21, 0x06, 0x21, 0x05, 0x21,
    0x06, 0x19, 0x05, 0x21, 0x05, 0x19, 0x06, 0x21, 0x06, 0x19, 0x05, 0x21,
    0x06, 0x21, 0x06, 0x21, 0x05, 0x21, 0x06, 0x19, 0x06, 0x21, 0x05, 0x21,
    0x06, 0x19, 0x06, 0x21, 0x05, 0x21, 0x06, 0x21, 0x05, 0x21, 0x06, 0x19,
    0x06, 0x21, 0x05, 0x21, 0x06, 0x21, 0x06, 0x19, 0x05, 0x21, 0x06, 0x21,
    0x06, 0x19, 0x05, 0x21, 0x06, 0x21, 0x06, 0x21, 0x05, 0x21, 0x06, 0x21,
    0x06, 0x21, 0x05, 0x21, 0x06, 0x21, 0x06, 0x21, 0x05, 0x19, 0x06, 0x21,
    0x06, 0x21, 0x05, 0x19, 0x06, 0x21, 0x06, 0x21, 0x05, 0x21, 0x06, 0x21,
    0x06, 0x19, 0x05, 0x21, 0x06, 0x21, 0x06, 0x21, 0x05, 0x21, 0x06, 0x21,
    0x06, 0x19, 0x06, 0x21, 0x06, 0x21, 0x05, 0x19, 0x06, 0x21, 0x05, 0x21,
    0x06, 0x21, 0x05, 0x19, 0x06, 0x21, 0x06, 0x21, 0x05, 0x19, 0x06, 0x21,
    0x06, 0x21, 0x05, 0x21, 0x06, 0x19, 0x06, 0x21, 0x05, 0x21, 0x06, 0x19,
    0x06, 0x21, 0x05, 0x21, 0x06, 0x21, 0x05, 0x19, 0x06, 0x21, 0x06, 0x21,
    0x05, 0x19, 0x06, 0x21, 0x06, 0x21, 0x05, 0x21, 0x06, 0x21, 0x06, 0x21,
    0x05, 0x21, 0x06, 0x19, 0x05, 0x21, 0x06, 0x21, 0x06, 0x21, 0x05, 0x21,
    0x06, 0x19, 0x05, 0x21, 0x06, 0x21, 0x05, 0x19, 0x06, 0x21, 0x06, 0x21,
    0x05, 0x21, 0x06, 0x21, 0x06, 0x19, 0x05, 0x19, 0x06, 0x21, 0x06, 0x21,
    0x05, 0x19, 0x06, 0x19, 0x06, 0x21, 0x05, 0x21, 0x06, 0x21, 0x06, 0x19,
    0x05, 0x21, 0x06, 0x21, 0x06, 0x21, 0x05, 0x21, 0x06, 0x19, 0x06, 0x21,
    0x05, 0x21, 0x06, 0x21, 0x06, 0x21, 0x05, 0x19, 0x06, 0x21, 0x06, 0x19,
    0x05, 0x21, 0x06, 0x21, 0x06, 0x21, 0x05, 0x19, 0x06, 0x21, 0x06, 0x21,
    0x05, 0x21, 0x06, 0x19, 0x06, 0x21, 0x06, 0x21, 0x06, 0x19, 0x06, 0x21,
    0x06, 0x21, 0x05, 0x21, 0x06, 0x21, 0x05, 0x21, 0x06, 0x19, 0x06, 0x21,
    0x05, 0x21, 0x06, 0x21, 0x05, 0x21, 0x06, 0x19, 0x06, 0x21, 0x05, 0x19,
    0x06, 0x19, 0x06, 0x21, 0x05, 0x21, 0x06, 0x19, 0x06, 0x21, 0x05, 0x21,
    0x06, 0x21, 0x06, 0x21, 0x05, 0x19, 0x06, 0x21, 0x06, 0x21, 0x05, 0x19,
    0x06, 0x21, 0x05, 0x21, 0x06, 0x19, 0x06, 0x21, 0x05, 0x21, 0x06, 0x19,
    0x05, 0x21, 0x06, 0x21, 0x06, 0x21, 0x06, 0x19, 0x06, 0x21, 0x06, 0x21,
    0x05, 0x19, 0x06, 0x19, 0x05, 0x21, 0x06, 0x21, 0x05, 0x19, 0x06, 0x21,
    0x05, 0x21, 0x06, 0x21, 0x05, 0x21, 0x06, 0x21, 0x06, 0x21, 0x05, 0x21,
    0x06, 0x19, 0x06, 0x21, 0x05, 0x21, 0x06, 0x21, 0x06, 0x19, 0x05, 0x21,
    0x05, 0x19, 0x06, 0x21, 0x05, 0x21, 0x06, 0x19, 0x06, 0x21, 0x05, 0x21,
    0x06, 0x21, 0x06, 0x19, 0x05, 0x21, 0x06, 0x21, 0x05, 0x19, 0x06, 0x21,
    0x06, 0x21, 0x06, 0x21, 0x06, 0x19, 0x05, 0x21, 0x06, 0x21, 0x06, 0x19,
    0x05, 0x21, 0x06, 0x21, 0x05, 0x21, 0x06, 0x21, 0x06, 0x19, 0x05, 0x21,
    0x06, 0x21, 0x05, 0x19, 0x06, 0x21, 0x06, 0x21, 0x05, 0x21, 0x06, 0x19,
    0x06, 0x21, 0x05, 0x21, 0x06, 0x21, 0x06, 0x21, 0x05, 0x21, 0x06, 0x21,
    0x05, 0x21, 0x05, 0x19, 0x06, 0x21, 0x06, 0x21, 0x05, 0x21, 0x06, 0x19,
    0x06, 0x21, 0x05, 0x21, 0x06, 0x21, 0x05, 0x19, 0x06, 0x21, 0x06, 0x21,
    0x05, 0x19, 0x06, 0x21, 0x06, 0x21, 0x06, 0x21, 0x05, 0x19, 0x06, 0x21,
    0x05, 0x21, 0x06, 0x19, 0x06, 0x21, 0x05, 0x21, 0x06, 0x21, 0x06, 0x21,
    0x05, 0x21, 0x06, 0x21, 0x06, 0x21, 0x05, 0x19, 0x06, 0x21, 0x06, 0x21,
    0x05, 0x19, 0x06, 0x21, 0x05, 0x21, 0x05, 0x21, 0x06, 0x21, 0x06, 0x21,
    0x05, 0x21, 0x06, 0x21, 0x06, 0x19, 0x05, 0x21, 0x06, 0x21, 0x05, 0x19,
    0x06, 0x19, 0x06, 0x21, 0x05, 0x19, 0x06, 0x21, 0x06, 0x21, 0x05, 0x21,
    0x06, 0x21, 0x05, 0x21, 0x06, 0x21, 0x06, 0x21, 0x05, 0x19, 0x06, 0x21,
    0x05, 0x21, 0x06, 0x21, 0x06, 0x19, 0x05, 0x21, 0x06, 0x21, 0x05, 0x19,
    0x06, 0x21, 0x05, 0x21, 0x06, 0x19, 0x06, 0x21, 0x05, 0x21, 0x06, 0x21,
    0x06, 0x21, 0x05, 0x21, 0x06, 0x21, 0x05, 0x21, 0x06, 0x21, 0x05, 0x21,
    0x06, 0x19, 0x06, 0x21, 0x05, 0x21, 0x06, 0x21, 0x06, 0x21, 0x05, 0x21,
    0x06, 0x21, 0x05, 0x19, 0x06, 0x21, 0x06, 0x21, 0x05, 0x21, 0x06, 0x21,
    0x06, 0x21, 0x05, 0x19, 0x06, 0x21, 0x05, 0x21, 0x06, 0x19, 0x05, 0x21,
    0x06, 0x21, 0x06, 0x19, 0x05, 0x21, 0x06, 0x21, 0x05, 0x19, 0x05, 0x21,
    0x06, 0x21, 0x06, 0x21, 0x05, 0x21, 0x06, 0x21, 0x05, 0x21, 0x06, 0x19,
    0x06, 0x21, 0x05, 0x21, 0x06, 0x21, 0x05, 0x21, 0x06, 0x21, 0x06, 0x21,
    0x05, 0x19, 0x06, 0x21, 0x05, 0x21, 0x06, 0x21, 0x05, 0x19, 0x06, 0x21,
    0x06, 0x21, 0x05, 0x19, 0x06, 0x21, 0x06, 0x21, 0x05, 0x21, 0x06, 0x21,
    0x06, 0x19, 0x05, 0x21, 0x06, 0x21, 0x05, 0x19, 0x06, 0x21, 0x06, 0x21,
    0x05, 0x21, 0x06, 0x19, 0x06, 0x21, 0x05, 0x21, 0x05, 0x21, 0x06, 0x19,
    0x06, 0x21, 0x05, 0x21, 0x05, 0x19, 0x06, 0x21, 0x05, 0x21, 0x06, 0x21,
    0x05, 0x21, 0x06, 0x19, 0x06, 0x21, 0x05, 0x21, 0x06, 0x21, 0x06, 0x19,
    0x05, 0x21, 0x06, 0x19, 0x06, 0x21, 0x05, 0x21, 0x06, 0x21, 0x05, 0x21,
    0x06, 0x21, 0x06, 0x21, 0x05, 0x21, 0x06, 0x21, 0x05, 0x21, 0x06, 0x21,
    0x05, 0x19, 0x06, 0x21, 0x06, 0x21, 0x05, 0x21, 0x06, 0x21, 0x06, 0x21,
    0x05, 0x21, 0x06, 0x21, 0x06, 0x21, 0x05, 0x21, 0x06, 0x21, 0x06, 0x19,
    0x05, 0x21, 0x06, 0x19, 0x05, 0x21, 0x05, 0x21, 0x06, 0x21, 0x06, 0x19,
    0x05, 0x21, 0x06, 0x21, 0x06, 0x21, 0x06, 0x21, 0x05, 0x19, 0x06, 0x21,
    0x06, 0x21, 0x06, 0x19, 0x05, 0x21, 0x06, 0x21, 0x05, 0x19, 0x06, 0x21,
    0x06, 0x21, 0x05, 0x19, 0x06, 0x21, 0x05, 0x21, 0x06, 0x19, 0x06, 0x21,
    0x05, 0x21, 0x06, 0x21, 0x06, 0x19, 0x05, 0x21, 0x06, 0x21, 0x06, 0x21,
    0x05, 0x21, 0x06, 0x19, 0x06, 0x21, 0x05, 0x21, 0x06, 0x19, 0x06, 0x21,
    0x05, 0x21, 0x05, 0x19, 0x06, 0x21, 0x06, 0x21, 0x05, 0x21, 0x06, 0x19,
    0x06, 0x21, 0x05, 0x21, 0x06, 0x19, 0x06, 0x21, 0x05, 0x21, 0x06, 0x19,
    0x06, 0x21, 0x05, 0x21, 0x06, 0x21, 0x05, 0x21, 0x06, 0x21, 0x05, 0x19,
    0x06, 0x21, 0x06, 0x21, 0x05, 0x21, 0x06, 0x19, 0x05, 0x21, 0x06, 0x19,
    0x06, 0x21, 0x06, 0x21, 0x05, 0x21, 0x06, 0x21, 0x05, 0x21, 0x06, 0x21,
    0x06, 0x19, 0x05, 0x21, 0x06, 0x21, 0x06, 0x19, 0x05, 0x21, 0x06, 0x21,
    0x06, 0x19, 0x05, 0x21, 0x06, 0x21, 0x06, 0x21, 0x05, 0x21, 0x06, 0x21,
    0x06, 0x21, 0x05, 0x21, 0x06, 0x19, 0x05, 0x21, 0x06, 0x21, 0x05, 0x19,
    0x06, 0x21, 0x06, 0x19, 0x05, 0x21, 0x06, 0x21, 0x05, 0x19, 0x06, 0x21,
    0x06, 0x21, 0x05, 0x21, 0x06, 0x19, 0x06, 0x21, 0x05, 0x19, 0x06, 0x21,
    0x06, 0x19, 0x05, 0x21, 0x06, 0x21, 0x06, 0x21, 0x05, 0x19, 0x06, 0x21,
    0x06, 0x21, 0x05, 0x21, 0x06, 0x21, 0x05, 0x21, 0x06, 0x19, 0x06, 0x21,
    0x05, 0x21, 0x06, 0x19, 0x06, 0x21, 0x05, 0x21, 0x06, 0x19, 0x06, 0x21,
    0x05, 0x21, 0x06, 0x19, 0x05, 0x21, 0x06, 0x21, 0x06, 0x21, 0x05, 0x19,
    0x06, 0x21, 0x06, 0x21, 0x05, 0x21, 0x05, 0x21, 0x06, 0x19, 0x06, 0x21,
    0x05, 0x19, 0x06, 0x19, 0x06, 0x21, 0x05, 0x19, 0x06, 0x21, 0x06, 0x21,
    0x05, 0x19, 0x06, 0x21, 0x05, 0x21, 0x06, 0x19, 0x05, 0x21, 0x06, 0x19,
    0x06, 0x21, 0x05, 0x21, 0x06, 0x21, 0x06, 0x19, 0x05, 0x21, 0x06, 0x21,
    0x06, 0x19, 0x05, 0x21, 0x06, 0x21, 0x06, 0x21, 0x05, 0x21, 0x06, 0x19,
    0x06, 0x21, 0x05, 0x21, 0x06, 0x21, 0x06, 0x21, 0x06, 0x21, 0x06, 0x19,
    0x05, 0x21, 0x06, 0x21, 0x06, 0x19, 0x06, 0x21, 0x05, 0x21, 0x06, 0x19,
    0x06, 0x21, 0x05, 0x21, 0x06, 0x19, 0x06, 0x19, 0x05, 0x21, 0x06, 0x21,
    0x05, 0x21, 0x06, 0x21, 0x06, 0x21, 0x05, 0x21, 0x06, 0x21, 0x06, 0x21,
    0x05, 0x21, 0x06, 0x21, 0x05, 0x21, 0x06, 0x19, 0x05, 0x21, 0x06, 0x19,
    0x05, 0x21, 0x06, 0x21, 0x06, 0x21, 0x05, 0x19, 0x06, 0x21, 0x06, 0x21,
    0x05, 0x21, 0x06, 0x21, 0x05, 0x21, 0x06, 0x19, 0x06, 0x21, 0x06, 0x21,
    0x05, 0x21, 0x06, 0x21, 0x06, 0x21, 0x06, 0x21, 0x05, 0x19, 0x06, 0x21,
    0x05, 0x21, 0x06, 0x21, 0x05, 0x21, 0x06, 0x19, 0x06, 0x21, 0x05, 0x21,
    0x06, 0x21, 0x05, 0x21, 0x06, 0x21, 0x06, 0x19, 0x05, 0x21, 0x06, 0x21,
    0x06, 0x19, 0x05, 0x21, 0x06, 0x21, 0x06, 0x19, 0x05, 0x19, 0x06, 0x21,
    0x06, 0x21, 0x05, 0x21, 0x06, 0x19, 0x06, 0x21, 0x05, 0x21, 0x06, 0x19,
    0x05, 0x19, 0x06, 0x21, 0x06, 0x19, 0x05, 0x21, 0x05, 0x21, 0x06, 0x19,
    0x06, 0x21, 0x05, 0x21, 0x06, 0x21, 0x06, 0x19, 0x05, 0x21, 0x06, 0x21,
    0x05, 0x21, 0x05, 0x21, 0x06, 0x21, 0x06, 0x21, 0x05, 0x19, 0x06, 0x21,
    0x05, 0x21, 0x06, 0x21, 0x06, 0x19, 0x05, 0x21, 0x06, 0x21, 0x06, 0x19,
    0x05, 0x21, 0x06, 0x21, 0x06, 0x21, 0x05, 0x21, 0x06, 0x19, 0x06, 0x21,
    0x05, 0x21, 0x06, 0x21, 0x06, 0x21, 0x05, 0x21, 0x06, 0x19, 0x05, 0x21,
    0x06, 0x21, 0x05, 0x19, 0x06, 0x21, 0x05, 0x21, 0x06, 0x21, 0x06, 0x21,
    0x05, 0x21, 0x06, 0x21, 0x06, 0x21, 0x05, 0x19, 0x06, 0x21, 0x05, 0x21,
    0x06, 0x21, 0x06, 0x21, 0x05, 0x19, 0x06, 0x21, 0x06, 0x21, 0x05, 0x21,
    0x06, 0x21, 0x06, 0x19, 0x05, 0x21, 0x06, 0x21, 0x06, 0x19, 0x05, 0x21,
    0x06, 0x21, 0x05, 0x21, 0x06, 0x21, 0x06, 0x19, 0x05, 0x21, 0x06, 0x21,
    0x05, 0x21, 0x06, 0x19, 0x06, 0x21, 0x06, 0x19, 0x05, 0x21, 0x06, 0x19,
    0x06, 0x21, 0x05, 0x21, 0x05, 0x21, 0x06, 0x21, 0x06, 0x21, 0x05, 0x21,
    0x06, 0x21, 0x05, 0x21, 0x06, 0x21, 0x05, 0x19, 0x06, 0x19, 0x05, 0x21,
    0x06, 0x21, 0x06, 0x19, 0x05, 0x21, 0x06, 0x21, 0x06, 0x21, 0x05, 0x19,
    0x06, 0x21, 0x05, 0x21, 0x06, 0x21, 0x06, 0x19, 0x05, 0x21, 0x06, 0x21,
    0x05, 0x21, 0x06, 0x21, 0x06, 0x21, 0x05, 0x21, 0x06, 0x21, 0x06, 0x21,
    0x05, 0x19, 0x06, 0x21, 0x05, 0x21, 0x06, 0x19, 0x05, 0x21, 0x06, 0x21,
    0x06, 0x21, 0x05, 0x21, 0x06, 0x19, 0x06, 0x21, 0x05, 0x21, 0x06, 0x21,
    0x05, 0x19, 0x06, 0x21, 0x06, 0x21, 0x05, 0x19, 0x05, 0x21, 0x06, 0x21,
    0x06, 0x21, 0x05, 0x21, 0x06, 0x21, 0x06, 0x19, 0x05, 0x21, 0x06, 0x21,
    0x06, 0x21, 0x05, 0x21, 0x06, 0x19, 0x06, 0x21, 0x05, 0x21, 0x06, 0x21,
    0x06, 0x21, 0x05, 0x21, 0x06, 0x21, 0x06, 0x21, 0x05, 0x19, 0x06, 0x21,
    0x06, 0x21, 0x05, 0x21, 0x06, 0x21, 0x06, 0x21, 0x05, 0x21, 0x06, 0x19,
    0x05, 0x21, 0x06, 0x21, 0x06, 0x19, 0x05, 0x21, 0x06, 0x21, 0x05, 0x19,
    0x06, 0x21, 0x05, 0x21, 0x06, 0x19, 0x06, 0x21, 0x05, 0x21, 0x06, 0x19,
    0x06, 0x21, 0x05, 0x21, 0x06, 0x19, 0x05, 0x21, 0x05, 0x21, 0x06, 0x19,
    0x06, 0x21, 0x05, 0x21, 0x06, 0x21, 0x05, 0x19, 0x06, 0x21, 0x06, 0x21,
    0x05, 0x19, 0x06, 0x21, 0x05, 0x21, 0x06, 0x21, 0x06, 0x21, 0x05, 0x19,
    0x06, 0x21, 0x06, 0x19, 0x05, 0x21, 0x06, 0x19, 0x06, 0x19, 0x05, 0x21,
    0x06, 0x19, 0x06, 0x21, 0x05, 0x21, 0x06, 0x19, 0x06, 0x21, 0x06, 0x21,
    0x05, 0x21, 0x06, 0x19, 0x05, 0x21, 0x06, 0x21, 0x06, 0x21, 0x05, 0x21,
    0x06, 0x19, 0x06, 0x19, 0x05, 0x21, 0x06, 0x21, 0x05, 0x21, 0x06, 0x19,
    0x06, 0x21, 0x05, 0x21, 0x05, 0x19, 0x06, 0x21, 0x06, 0x21, 0x05, 0x21,
    0x06, 0x19, 0x06, 0x21, 0x06, 0x21, 0x05, 0x21, 0x06, 0x19, 0x06, 0x21,
    0x05, 0x21, 0x06, 0x19, 0x06, 0x21, 0x05, 0x21, 0x06, 0x19, 0x06, 0x21,
    0x05, 0x21, 0x06, 0x19, 0x05, 0x21, 0x06, 0x21, 0x06, 0x21, 0x05, 0x21,
    0x06, 0x19, 0x06, 0x21, 0x05, 0x21, 0x06, 0x21, 0x05, 0x19, 0x06, 0x21,
    0x06, 0x21, 0x05, 0x21, 0x06, 0x21, 0x06, 0x19, 0x05, 0x21, 0x06, 0x21,
    0x06, 0x21, 0x05, 0x21, 0x06, 0x21, 0x06, 0x21, 0x06, 0x21, 0x06, 0x19,
    0x06, 0x21, 0x06, 0x19, 0x05, 0x19, 0x06, 0x21, 0x05, 0x21, 0x06, 0x21,
    0x06, 0x21, 0x05, 0x21, 0x05, 0x19, 0x06, 0x21, 0x06, 0x21, 0x05, 0x21,
    0x06, 0x21, 0x05, 0x19, 0x06, 0x21, 0x06, 0x21, 0x05, 0x19, 0x06, 0x21,
    0x05, 0x21, 0x06, 0x19, 0x06, 0x21, 0x05, 0x21, 0x06, 0x19, 0x06, 0x21,
    0x06, 0x21, 0x05, 0x19, 0x06, 0x21, 0x06, 0x21, 0x05, 0x19, 0x06, 0x21,
    0x05, 0x19, 0x06, 0x21, 0x06, 0x21, 0x05, 0x19, 0x06, 0x21, 0x06, 0x21,
    0x05, 0x19, 0x06, 0x21, 0x05, 0x21, 0x06, 0x21, 0x05, 0x19, 0x06, 0x21,
    0x05, 0x21, 0x06, 0x21, 0x05, 0x19, 0x06, 0x21, 0x06, 0x21, 0x05, 0x19,
    0x06, 0x21, 0x06, 0x21, 0x05, 0x19, 0x06, 0x21, 0x06, 0x21, 0x05, 0x21,
    0x06, 0x21, 0x06, 0x19, 0x05, 0x21, 0x05, 0x21, 0x06, 0x21, 0x06, 0x21,
    0x05, 0x21, 0x06, 0x19, 0x06, 0x21, 0x05, 0x19, 0x06, 0x21, 0x06, 0x21,
    0x05, 0x19, 0x06, 0x21, 0x06, 0x21, 0x05, 0x21, 0x06, 0x21, 0x06, 0x21,
    0x05, 0x21, 0x06, 0x19, 0x06, 0x21, 0x05, 0x21, 0x06, 0x21, 0x06, 0x19,
    0x05, 0x21, 0x06, 0x21, 0x06, 0x21, 0x05, 0x21, 0x06, 0x21, 0x06, 0x21,
    0x05, 0x19, 0x06, 0x21, 0x06, 0x19, 0x05, 0x19, 0x06, 0x21, 0x06, 0x21,
    0x05, 0x21, 0x06, 0x21, 0x06, 0x21, 0x06, 0x21, 0x05, 0x19, 0x06, 0x21,
    0x05, 0x21, 0x06, 0x19, 0x05, 0x21, 0x06, 0x21, 0x06, 0x19, 0x05, 0x21,
    0x06, 0x21, 0x06, 0x21, 0x05, 0x21, 0x06, 0x21, 0x06, 0x19, 0x05, 0x21,
    0x06, 0x21, 0x05, 0x19, 0x06, 0x21, 0x06, 0x21, 0x05, 0x21, 0x06, 0x19,
    0x05, 0x21, 0x06, 0x21, 0x05, 0x19, 0x06, 0x21, 0x06, 0x21, 0x05, 0x19,
    0x06, 0x21, 0x06, 0x21, 0x05, 0x21, 0x06, 0x21, 0x05, 0x21, 0x06, 0x21,
    0x06, 0x19, 0x05, 0x21, 0x06, 0x21, 0x06, 0x19, 0x05, 0x21, 0x06, 0x21,
    0x06, 0x21, 0x05, 0x21, 0x06, 0x21, 0x06, 0x19, 0x05, 0x21, 0x06, 0x21,
    0x06, 0x21, 0x05, 0x21, 0x06, 0x21, 0x05, 0x21, 0x06, 0x21, 0x05, 0x19,
    0x06, 0x21, 0x05, 0x21, 0x06, 0x21, 0x06, 0x19, 0x06, 0x21, 0x05, 0x21,
    0x06, 0x21, 0x05, 0x21, 0x06, 0x21, 0x06, 0x19, 0x05, 0x21, 0x05, 0x21,
    0x06, 0x21, 0x06, 0x21, 0x05, 0x21, 0x06, 0x19, 0x06, 0x21, 0x05, 0x21,
    0x06, 0x21, 0x06, 0x21, 0x05, 0x21, 0x06, 0x21, 0x05, 0x21, 0x06, 0x21,
    0x05, 0x21, 0x06, 0x19, 0x06, 0x21, 0x05, 0x21, 0x06, 0x21, 0x05, 0x21,
    0x06, 0x21, 0x06, 0x21, 0x05, 0x21, 0x06, 0x19, 0x05, 0x21, 0x06, 0x21,
    0x05, 0x21, 0x06, 0x21, 0x06, 0x21, 0x05, 0x19, 0x06, 0x21, 0x06, 0x21,
    0x05, 0x21, 0x06, 0x19, 0x06, 0x21, 0x05, 0x21, 0x06, 0x19, 0x06, 0x21,
    0x05, 0x21, 0x06, 0x21, 0x06, 0x21, 0x06, 0x21, 0x05, 0x21, 0x06, 0x21,
    0x05, 0x19, 0x06, 0x21, 0x06, 0x21, 0x05, 0x19, 0x05, 0x21, 0x06, 0x21,
    0x06, 0x21, 0x05, 0x21, 0x06, 0x21, 0x06, 0x19, 0x05, 0x21, 0x06, 0x21,
    0x05, 0x21, 0x06, 0x21, 0x05, 0x19, 0x06, 0x21, 0x06, 0x21, 0x05, 0x21,
    0x06, 0x21, 0x06, 0x21, 0x05, 0x21, 0x06, 0x21, 0x06, 0x21, 0x05, 0x19,
    0x06, 0x21, 0x06, 0x19, 0x05, 0x21, 0x05, 0x19, 0x06, 0x21, 0x05, 0x21,
    0x05, 0x21, 0x06, 0x21, 0x06, 0x21, 0x06, 0x21, 0x05, 0x19, 0x06, 0x21,
    0x06, 0x19, 0x05, 0x21, 0x06, 0x21, 0x06, 0x21, 0x05, 0x21, 0x06, 0x19,
    0x06, 0x21, 0x05, 0x21, 0x06, 0x21, 0x05, 0x19, 0x06, 0x21, 0x06, 0x21,
    0x05, 0x21, 0x06, 0x21, 0x06, 0x19, 0x05, 0x21, 0x06, 0x21, 0x05, 0x21,
    0x06, 0x21, 0x06, 0x21, 0x05, 0x21, 0x06, 0x21, 0x06, 0x21, 0x05, 0x21,
    0x06, 0x19, 0x06, 0x21, 0x05, 0x21, 0x06, 0x19, 0x05, 0x21, 0x06, 0x21,
    0x06, 0x21, 0x05, 0x19, 0x06, 0x21, 0x06, 0x21, 0x05, 0x21, 0x06, 0x19,
    0x06, 0x21, 0x06, 0x21, 0x05, 0x19, 0x06, 0x21, 0x06, 0x21, 0x05, 0x21,
    0x06, 0x21, 0x06, 0x21, 0x05, 0x19, 0x06, 0x21, 0x05, 0x21, 0x06, 0x19,
    0x06, 0x21, 0x05, 0x21, 0x06, 0x21, 0x06, 0x21, 0x05, 0x19, 0x06, 0x21,
    0x06, 0x21, 0x05, 0x21, 0x06, 0x21, 0x06, 0x21, 0x05, 0x19, 0x06, 0x21,
    0x06, 0x21, 0x05, 0x19, 0x06, 0x19, 0x06, 0x21, 0x05, 0x19, 0x06, 0x21,
    0x06, 0x21, 0x05, 0x21, 0x06, 0x21, 0x05, 0x19, 0x06, 0x21, 0x05, 0x21,
    0x06, 0x21, 0x06, 0x21, 0x05, 0x19, 0x06, 0x19, 0x05, 0x21, 0x06, 0x21,
    0x06, 0x19, 0x05, 0x21, 0x06, 0x21, 0x05, 0x21, 0x06, 0x21, 0x06, 0x19,
    0x05, 0x21, 0x06, 0x19, 0x05, 0x21, 0x06, 0x21, 0x05, 0x19, 0x06, 0x21,
    0x06, 0x21, 0x06, 0x21, 0x05, 0x19, 0x06, 0x21, 0x05, 0x21, 0x06, 0x21,
    0x06, 0x19, 0x05, 0x21, 0x06, 0x19, 0x05, 0x21, 0x06, 0x21, 0x06, 0x21,
    0x06, 0x21, 0x05, 0x19, 0x06, 0x21, 0x06, 0x21, 0x05, 0x19, 0x06, 0x21,
    0x06, 0x21, 0x05, 0x19, 0x06, 0x21, 0x06, 0x21, 0x05, 0x21, 0x06, 0x21,
    0x06, 0x19, 0x05, 0x21, 0x06, 0x19, 0x06, 0x19, 0x05, 0x21, 0x06, 0x21,
    0x06, 0x21, 0x05, 0x19, 0x06, 0x21, 0x06, 0x21, 0x05, 0x19, 0x06, 0x21,
    0x06, 0x21, 0x05, 0x19, 0x06, 0x21, 0x05, 0x21, 0x06, 0x21, 0x06, 0x21,
    0x05, 0x19, 0x06, 0x21, 0x06, 0x21, 0x05, 0x19, 0x06, 0x21, 0x06, 0x21,
    0x06, 0x21, 0x05, 0x21, 0x06, 0x21, 0x05, 0x19, 0x06, 0x21, 0x06, 0x21,
    0x06, 0x19, 0x05, 0x21, 0x06, 0x21, 0x06, 0x19, 0x05, 0x21, 0x06, 0x21,
    0x06, 0x19, 0x05, 0x21, 0x06, 0x21, 0x06, 0x19, 0x05, 0x21, 0x06, 0x21,
    0x05, 0x19, 0x06, 0x21, 0x05, 0x21, 0x06, 0x19, 0x06, 0x21, 0x05, 0x21,
    0x06, 0x21, 0x06, 0x21, 0x05, 0x21, 0x06, 0x19, 0x06, 0x21, 0x05, 0x21,
    0x06, 0x19, 0x05, 0x19, 0x06, 0x21, 0x06, 0x21, 0x05, 0x21, 0x06, 0x19,
    0x06, 0x21, 0x05, 0x19, 0x06, 0x21, 0x05, 0x21, 0x06, 0x21, 0x06, 0x19,
    0x05, 0x21, 0x05, 0x21, 0x06, 0x21, 0x06, 0x21, 0x05, 0x21, 0x06, 0x19,
    0x06, 0x21, 0x05, 0x21, 0x05, 0x19, 0x06, 0x21, 0x06, 0x21, 0x06, 0x19,
    0x05, 0x21, 0x06, 0x21, 0x06, 0x21, 0x05, 0x21, 0x06, 0x21, 0x06, 0x21,
    0x05, 0x19, 0x06, 0x21, 0x06, 0x21, 0x05, 0x19, 0x06, 0x21, 0x06, 0x21,
    0x05, 0x19, 0x06, 0x21, 0x06, 0x21, 0x05, 0x21, 0x06, 0x19, 0x06, 0x21,
    0x05, 0x21, 0x06, 0x19, 0x05, 0x19, 0x06, 0x21, 0x05, 0x21, 0x06, 0x19,
    0x06, 0x21, 0x05, 0x21, 0x06, 0x21, 0x06, 0x19, 0x06, 0x21, 0x05, 0x21,
    0x06, 0x19, 0x05, 0x21, 0x05, 0x21, 0x06, 0x21, 0x05, 0x21, 0x06, 0x21,
    0x06, 0x21, 0x05, 0x19, 0x06, 0x21, 0x06, 0x21, 0x06, 0x19, 0x05, 0x21,
    0x06, 0x21, 0x06, 0x19, 0x05, 0x21, 0x06, 0x21, 0x06, 0x21, 0x05, 0x21,
    0x06, 0x19, 0x06, 0x21, 0x05, 0x21, 0x06, 0x21, 0x06, 0x19, 0x05, 0x21,
    0x06, 0x21, 0x05, 0x19, 0x05, 0x21, 0x06, 0x19, 0x06, 0x21, 0x05, 0x21,
    0x06, 0x21, 0x06, 0x21, 0x05, 0x21, 0x06, 0x21, 0x06, 0x21, 0x05, 0x21,
    0x06, 0x21, 0x05, 0x19, 0x06, 0x21, 0x06, 0x21, 0x05, 0x19, 0x06, 0x21,
    0x06, 0x21, 0x05, 0x21, 0x06, 0x21, 0x05, 0x19, 0x06, 0x21, 0x05, 0x21,
    0x06, 0x19, 0x06, 0x21, 0x05, 0x21, 0x06, 0x21, 0x06, 0x21, 0x05, 0x21,
    0x06, 0x19, 0x05, 0x21, 0x06, 0x21, 0x06, 0x19, 0x05, 0x21, 0x06, 0x21,
    0x06, 0x19, 0x05, 0x21, 0x06, 0x19, 0x05, 0x21, 0x06, 0x21, 0x06, 0x21,
    0x05, 0x21, 0x06, 0x21, 0x05, 0x21, 0x06, 0x21, 0x06, 0x21, 0x05, 0x21,
    0x06, 0x19, 0x06, 0x19, 0x05, 0x21, 0x06, 0x21, 0x06, 0x21, 0x05, 0x19,
    0x06, 0x21, 0x06, 0x21, 0x05, 0x21, 0x06, 0x21, 0x06, 0x21, 0x05, 0x21,
    0x06, 0x19, 0x05, 0x21, 0x06, 0x21, 0x06, 0x21, 0x05, 0x21, 0x06, 0x21,
    0x05, 0x21, 0x06, 0x21, 0x06, 0x19, 0x05, 0x21, 0x06, 0x21, 0x06, 0x21,
    0x05, 0x21, 0x06, 0x21, 0x05, 0x19, 0x06, 0x21, 0x06, 0x21, 0x05, 0x21,
    0x06, 0x21, 0x06, 0x21, 0x05, 0x21, 0x06, 0x19, 0x06, 0x21, 0x05, 0x21,
    0x05, 0x19, 0x06, 0x21, 0x06, 0x21, 0x05, 0x21, 0x06, 0x21, 0x05, 0x19,
    0x06, 0x21, 0x06, 0x21, 0x05, 0x21, 0x06, 0x21, 0x06, 0x19, 0x05, 0x21,
    0x06, 0x21, 0x06, 0x21, 0x05, 0x21, 0x05, 0x21, 0x06, 0x21, 0x06, 0x19,
    0x05, 0x21, 0x06, 0x21, 0x05, 0x21, 0x06, 0x21, 0x05, 0x21, 0x05, 0x21,
    0x06, 0x19, 0x06, 0x21, 0x05, 0x21, 0x06, 0x19, 0x06, 0x21, 0x05, 0x21,
    0x06, 0x19, 0x05, 0x21, 0x06, 0x21, 0x06, 0x19, 0x05, 0x21, 0x06, 0x19,
    0x06, 0x21, 0x05, 0x19, 0x06, 0x21, 0x06, 0x21, 0x05, 0x21, 0x05, 0x21,
    0x06, 0x21, 0x05, 0x19, 0x06, 0x21, 0x06, 0x21, 0x05, 0x19, 0x06, 0x21,
    0x06, 0x21, 0x06, 0x21, 0x05, 0x19, 0x06, 0x21, 0x06, 0x21, 0x05, 0x21,
    0x06, 0x21, 0x06, 0x19, 0x05, 0x21, 0x06, 0x21, 0x06, 0x19, 0x05, 0x21,
    0x06, 0x19, 0x06, 0x19, 0x05, 0x21, 0x05, 0x21, 0x06, 0x21, 0x06, 0x19,
    0x05, 0x21, 0x06, 0x21, 0x06, 0x21, 0x05, 0x19, 0x06, 0x21, 0x06, 0x21,
    0x05, 0x21, 0x06, 0x21, 0x06, 0x19, 0x05, 0x21, 0x06, 0x21, 0x06, 0x21,
    0x05, 0x21, 0x06, 0x19, 0x06, 0x21, 0x05, 0x19, 0x06, 0x21, 0x06, 0x21,
    0x05, 0x21, 0x06, 0x21, 0x06, 0x19, 0x05, 0x21, 0x06, 0x21, 0x05, 0x21,
    0x06, 0x21, 0x06, 0x19, 0x05, 0x21, 0x06, 0x21, 0x05, 0x19, 0x06, 0x21,
    0x06, 0x21, 0x05, 0x19, 0x06, 0x21, 0x05, 0x21, 0x06, 0x21, 0x05, 0x21,
    0x06, 0x21, 0x06, 0x19, 0x05, 0x21, 0x06, 0x21, 0x06, 0x21, 0x05, 0x19,
    0x06, 0x21, 0x06, 0x21, 0x05, 0x21, 0x06, 0x21, 0x06, 0x19, 0x05, 0x21,
    0x06, 0x21, 0x05, 0x21, 0x06, 0x21, 0x05, 0x21, 0x06, 0x21, 0x06, 0x21,
    0x06, 0x21, 0x06, 0x19, 0x06, 0x21, 0x06, 0x19, 0x05, 0x19, 0x06, 0x21,
    0x06, 0x21, 0x05, 0x21, 0x05, 0x21, 0x06, 0x19, 0x05, 0x21, 0x05, 0x21,
    0x06, 0x21, 0x06, 0x21, 0x05, 0x21, 0x06, 0x19, 0x06, 0x21, 0x05, 0x21,
    0x06, 0x19, 0x05, 0x21, 0x06, 0x21, 0x05, 0x21, 0x06, 0x21, 0x06, 0x19,
    0x05, 0x21, 0x06, 0x21, 0x06, 0x19, 0x06, 0x21, 0x05, 0x21, 0x06, 0x19,
    0x05, 0x19, 0x06, 0x21, 0x05, 0x21, 0x06, 0x19, 0x06, 0x19, 0x05, 0x21,
    0x06, 0x21, 0x06, 0x19, 0x05, 0x21, 0x06, 0x21, 0x06, 0x21, 0x05, 0x21,
    0x06, 0x19, 0x05, 0x21, 0x06, 0x21, 0x05, 0x19, 0x06, 0x21, 0x06, 0x21,
    0x05, 0x21, 0x06, 0x19, 0x05, 0x21, 0x06, 0x21, 0x06, 0x19, 0x05, 0x21,
    0x06, 0x21, 0x06, 0x21, 0x05, 0x19, 0x06, 0x21, 0x05, 0x21, 0x06, 0x21,
    0x05, 0x21, 0x06, 0x21, 0x06, 0x19, 0x05, 0x21, 0x06, 0x21, 0x05, 0x19,
    0x06, 0x21, 0x06, 0x19, 0x05, 0x21, 0x06, 0x21, 0x05, 0x19, 0x06, 0x21,
    0x05, 0x21, 0x06, 0x21, 0x05, 0x21, 0x06, 0x19, 0x06, 0x21, 0x05, 0x21,
    0x06, 0x21, 0x06, 0x19, 0x05, 0x19, 0x06, 0x21, 0x06, 0x21, 0x05, 0x21,
    0x06, 0x19, 0x06, 0x21, 0x05, 0x21, 0x06, 0x19, 0x06, 0x21, 0x05, 0x19,
    0x06, 0x19, 0x06, 0x21, 0x05, 0x21, 0x06, 0x21, 0x06, 0x19, 0x05, 0x21,
    0x06, 0x21, 0x06, 0x19, 0x05, 0x21, 0x06, 0x21, 0x06, 0x21, 0x05, 0x19,
    0x06, 0x21, 0x05, 0x19, 0x06, 0x21, 0x05, 0x21, 0x06, 0x21, 0x06, 0x21,
    0x05, 0x19, 0x06, 0x21, 0x06, 0x21, 0x05, 0x19, 0x06, 0x21, 0x06, 0x21,
    0x05, 0x21, 0x06, 0x21, 0x05, 0x19, 0x06, 0x21, 0x06, 0x21, 0x05, 0x19,
    0x06, 0x21, 0x05, 0x21, 0x06, 0x19, 0x06, 0x21, 0x05, 0x21, 0x06, 0x21,
    0x06, 0x21, 0x05, 0x19, 0x06, 0x21, 0x06, 0x19, 0x05, 0x21, 0x06, 0x21,
    0x06, 0x19, 0x05, 0x21, 0x06, 0x21, 0x06, 0x21, 0x05, 0x21, 0x06, 0x19,
    0x06, 0x21, 0x05, 0x21, 0x06, 0x21, 0x05, 0x21, 0x06, 0x21, 0x06, 0x21,
    0x05, 0x21, 0x05, 0x21, 0x06, 0x21, 0x06, 0x19, 0x06, 0x21, 0x06, 0x19,
    0x06, 0x21, 0x05, 0x21, 0x06, 0x21, 0x06, 0x21, 0x05, 0x21, 0x05, 0x21,
    0x06, 0x21, 0x05, 0x21, 0x05, 0x21, 0x06, 0x21, 0x06, 0x19, 0x05, 0x21,
    0x06, 0x21, 0x06, 0x21, 0x05, 0x21, 0x06, 0x21, 0x06, 0x21, 0x05, 0x21,
    0x06, 0x21, 0x06, 0x21, 0x05, 0x21, 0x06, 0x21, 0x06, 0x19, 0x05, 0x21,
    0x06, 0x21, 0x06, 0x21, 0x05, 0x21, 0x06, 0x21, 0x05, 0x21, 0x06, 0x19,
    0x06, 0x21, 0x05, 0x21, 0x06, 0x21, 0x06, 0x21, 0x05, 0x19, 0x06, 0x21,
    0x05, 0x21, 0x06, 0x19, 0x06, 0x21, 0x06, 0x21, 0x05, 0x21, 0x06, 0x19,
    0x06, 0x21, 0x05, 0x21, 0x06, 0x19, 0x06, 0x21, 0x06, 0x21, 0x05, 0x21,
    0x06, 0x21, 0x05, 0x21, 0x06, 0x21, 0x06, 0x19, 0x05, 0x21, 0x06, 0x21,
    0x06, 0x19, 0x05, 0x21, 0x06, 0x21, 0x06, 0x19, 0x05, 0x21, 0x06, 0x21,
    0x06, 0x19, 0x05, 0x21, 0x06, 0x21, 0x05, 0x19, 0x06, 0x21, 0x06, 0x21,
    0x05, 0x21, 0x06, 0x19, 0x06, 0x21, 0x05, 0x21, 0x06, 0x21, 0x06, 0x21,
    0x05, 0x19, 0x06, 0x21, 0x06, 0x21, 0x05, 0x19, 0x06, 0x19, 0x05, 0x21,
    0x05, 0x21, 0x06, 0x19, 0x05, 0x21, 0x06, 0x21, 0x06, 0x21, 0x05, 0x21,
    0x06, 0x19, 0x06, 0x21, 0x05, 0x21, 0x06, 0x19, 0x06, 0x21, 0x06, 0x21,
    0x05, 0x19, 0x06, 0x21, 0x06, 0x21, 0x05, 0x19, 0x06, 0x21, 0x05, 0x21,
    0x06, 0x19, 0x06, 0x21, 0x05, 0x21, 0x06, 0x19, 0x06, 0x21, 0x05, 0x21,
    0x06, 0x21, 0x06, 0x21, 0x05, 0x21, 0x06, 0x21, 0x06, 0x21, 0x05, 0x21,
    0x06, 0x21, 0x06, 0x21, 0x05, 0x21, 0x06, 0x19, 0x06, 0x21, 0x05, 0x21,
    0x05, 0x21, 0x06, 0x19, 0x06, 0x21, 0x05, 0x21, 0x06, 0x21, 0x05, 0x19,
    0x06, 0x21, 0x06, 0x21, 0x05, 0x21, 0x06, 0x19, 0x06, 0x21, 0x05, 0x21,
    0x06, 0x21, 0x06, 0x21, 0x05, 0x21, 0x06, 0x19, 0x06, 0x21, 0x05, 0x21,
    0x05, 0x19, 0x06, 0x21, 0x06, 0x21, 0x05, 0x21, 0x06, 0x19, 0x06, 0x21,
    0x05, 0x19, 0x06, 0x21, 0x05, 0x21, 0x06, 0x21, 0x06, 0x21, 0x05, 0x21,
    0x06, 0x21, 0x05, 0x19, 0x06, 0x21, 0x06, 0x21, 0x05, 0x19, 0x06, 0x21,
    0x06, 0x21, 0x06, 0x19, 0x05, 0x21, 0x06, 0x21, 0x06, 0x21, 0x05, 0x19,
    0x06, 0x21, 0x06, 0x21, 0x05, 0x21, 0x05, 0x21, 0x06, 0x19, 0x05, 0x21,
    0x06, 0x21, 0x06, 0x19, 0x05, 0x21, 0x06, 0x21, 0x06, 0x21, 0x05, 0x21,
    0x06, 0x21, 0x06, 0x21, 0x05, 0x21, 0x05, 0x21, 0x06, 0x21, 0x06, 0x19,
    0x05, 0x21, 0x05, 0x21, 0x06, 0x19, 0x06, 0x21, 0x05, 0x21, 0x06, 0x19,
    0x06, 0x21, 0x05, 0x21, 0x06, 0x21, 0x06, 0x19, 0x05, 0x21, 0x06, 0x21,
    0x06, 0x19, 0x05, 0x21, 0x06, 0x21, 0x06, 0x21, 0x05, 0x19, 0x06, 0x21,
    0x06, 0x21, 0x05, 0x19, 0x06, 0x21, 0x06, 0x21, 0x05, 0x21, 0x06, 0x21,
    0x06, 0x21, 0x05, 0x21, 0x06, 0x19, 0x06, 0x21, 0x05, 0x21, 0x06, 0x19,
    0x06, 0x21, 0x05, 0x21, 0x06, 0x21, 0x06, 0x19, 0x05, 0x21, 0x06, 0x21,
    0x06, 0x19, 0x06, 0x21, 0x05, 0x21, 0x06, 0x19, 0x06, 0x21, 0x05, 0x21,
    0x06, 0x21, 0x06, 0x19, 0x05, 0x21, 0x06, 0x21, 0x06, 0x19, 0x05, 0x21,
    0x06, 0x21, 0x06, 0x19, 0x05, 0x21, 0x06, 0x21, 0x05, 0x21, 0x05, 0x21,
    0x06, 0x19, 0x06, 0x21, 0x05, 0x21, 0x06, 0x19, 0x06, 0x21, 0x05, 0x19,
    0x06, 0x21, 0x06, 0x19, 0x06, 0x19, 0x05, 0x21, 0x06, 0x21, 0x05, 0x21,
    0x06, 0x19, 0x05, 0x21, 0x06, 0x19, 0x05, 0x21, 0x06, 0x19, 0x05, 0x21,
    0x06, 0x21, 0x05, 0x19, 0x06, 0x21, 0x05, 0x21, 0x06, 0x21, 0x06, 0x19,
    0x05, 0x21, 0x06, 0x21, 0x06, 0x19, 0x05, 0x19, 0x06, 0x21, 0x06, 0x21,
    0x05, 0x21, 0x06, 0x19, 0x05, 0x21, 0x06, 0x19, 0x05, 0x21, 0x06, 0x21,
    0x06, 0x19, 0x05, 0x21, 0x06, 0x21, 0x05, 0x21, 0x05, 0x21, 0x06, 0x21,
    0x05, 0x19, 0x06, 0x21, 0x05, 0x21, 0x05, 0x19, 0x06, 0x21, 0x06, 0x21,
    0x05, 0x19, 0x06, 0x21, 0x05, 0x21, 0x06, 0x19, 0x06, 0x21, 0x05, 0x21,
    0x06, 0x21, 0x06, 0x21, 0x05, 0x21, 0x06, 0x21, 0x06, 0x21, 0x05, 0x19,
    0x06, 0x21, 0x06, 0x21, 0x05, 0x21, 0x06, 0x21, 0x06, 0x21, 0x05, 0x19,
    0x05, 0x21, 0x06, 0x21, 0x05, 0x21, 0x06, 0x19, 0x05, 0x21, 0x06, 0x21,
    0x06, 0x19, 0x05, 0x21, 0x06, 0x21, 0x06, 0x21, 0x05, 0x21, 0x06, 0x21,
    0x06, 0x21, 0x05, 0x19, 0x06, 0x21, 0x05, 0x21, 0x05, 0x21, 0x06, 0x21,
    0x06, 0x21, 0x05, 0x21, 0x06, 0x19, 0x06, 0x21, 0x05, 0x21, 0x06, 0x21,
    0x06, 0x21, 0x05, 0x19, 0x06, 0x21, 0x05, 0x21, 0x06, 0x19, 0x06, 0x21,
    0x05, 0x21, 0x06, 0x21, 0x06, 0x21, 0x05, 0x21, 0x06, 0x19, 0x06, 0x21,
    0x05, 0x19, 0x05, 0x21, 0x06, 0x19, 0x05, 0x21, 0x06, 0x19, 0x05, 0x21,
    0x06, 0x21, 0x06, 0x19, 0x05, 0x21, 0x06, 0x21, 0x06, 0x21, 0x05, 0x21,
    0x06, 0x21, 0x06, 0x21, 0x05, 0x21, 0x06, 0x21, 0x06, 0x21, 0x05, 0x19,
    0x06, 0x21, 0x06, 0x21, 0x05, 0x21, 0x06, 0x19, 0x06, 0x21, 0x05, 0x21,
    0x06, 0x19, 0x06, 0x21, 0x05, 0x21, 0x06, 0x19, 0x06, 0x21, 0x05, 0x21,
    0x06, 0x21, 0x06, 0x19, 0x05, 0x21, 0x06, 0x21, 0x06, 0x21, 0x05, 0x21,
    0x06, 0x21, 0x06, 0x19, 0x05, 0x21, 0x06, 0x21, 0x06, 0x19, 0x05, 0x21,
    0x06, 0x21, 0x06, 0x19, 0x05, 0x21, 0x06, 0x21, 0x06, 0x21, 0x05, 0x21,
    0x06, 0x21, 0x06, 0x21, 0x05, 0x21, 0x06, 0x19, 0x06, 0x21, 0x05, 0x21,
    0x05, 0x21, 0x06, 0x19, 0x06, 0x21, 0x05, 0x21, 0x06, 0x21, 0x06, 0x21,
    0x05, 0x19, 0x06, 0x21, 0x05, 0x21, 0x06, 0x21, 0x06, 0x21, 0x05, 0x19,
    0x05, 0x21, 0x06, 0x21, 0x06, 0x19, 0x05, 0x21, 0x06, 0x19, 0x06, 0x21,
    0x05, 0x21, 0x06, 0x21, 0x06, 0x21, 0x05, 0x21, 0x06, 0x21, 0x05, 0x21,
    0x06, 0x21, 0x06, 0x21, 0x05, 0x21, 0x06, 0x21, 0x06, 0x19, 0x05, 0x21,
    0x06, 0x21, 0x05, 0x21, 0x06, 0x21, 0x06, 0x21, 0x05, 0x19, 0x06, 0x21,
    0x05, 0x21, 0x06, 0x21, 0x06, 0x19, 0x05, 0x21, 0x06, 0x21, 0x05, 0x19,
    0x06, 0x19, 0x05, 0x21, 0x06, 0x21, 0x06, 0x21, 0x05, 0x21, 0x06, 0x21,
    0x06, 0x19, 0x05, 0x21, 0x05, 0x21, 0x06, 0x21, 0x05, 0x21, 0x06, 0x21,
    0x05, 0x21, 0x06, 0x21, 0x05, 0x21, 0x06, 0x21, 0x05, 0x19, 0x06, 0x21,
    0x05, 0x21, 0x06, 0x21, 0x05, 0x21, 0x06, 0x19, 0x06, 0x21, 0x05, 0x21,
    0x06, 0x19, 0x06, 0x21, 0x05, 0x21, 0x06, 0x19, 0x06, 0x21, 0x05, 0x21,
    0x06, 0x21, 0x05, 0x21, 0x05, 0x21, 0x06, 0x19, 0x05, 0x21, 0x06, 0x21,
    0x06, 0x21, 0x05, 0x21, 0x06, 0x21, 0x06, 0x21, 0x06, 0x19, 0x05, 0x21,
    0x06, 0x21, 0x06, 0x21, 0x05, 0x21, 0x06, 0x21, 0x06, 0x19, 0x05, 0x21,
    0x06, 0x21, 0x06, 0x19, 0x05, 0x21, 0x06, 0x21, 0x06, 0x19, 0x05, 0x21,
    0x06, 0x21, 0x06, 0x21, 0x05, 0x21, 0x06, 0x21, 0x05, 0x21, 0x06, 0x19,
    0x06, 0x21, 0x05, 0x21, 0x06, 0x21, 0x06, 0x21, 0x05, 0x21, 0x06, 0x21,
    0x06, 0x21, 0x05, 0x21, 0x06, 0x19, 0x06, 0x21, 0x06, 0x19, 0x06, 0x21,
    0x06, 0x21, 0x05, 0x21, 0x06, 0x21, 0x06, 0x21, 0x05, 0x21, 0x06, 0x21,
    0x06, 0x21, 0x05, 0x21, 0x06, 0x21, 0x05, 0x19, 0x06, 0x21, 0x05, 0x21,
    0x06, 0x19, 0x05, 0x21, 0x06, 0x21, 0x05, 0x19, 0x06, 0x21, 0x05, 0x21,
    0x06, 0x21, 0x05, 0x19, 0x06, 0x21, 0x06, 0x19, 0x05, 0x21, 0x06, 0x21,
    0x06, 0x21, 0x06, 0x19, 0x06, 0x21, 0x05, 0x21, 0x06, 0x19, 0x06, 0x21,
    0x05, 0x21, 0x06, 0x21, 0x05, 0x21, 0x06, 0x19, 0x06, 0x21, 0x05, 0x21,
    0x06, 0x19, 0x06, 0x21, 0x06, 0x21, 0x06, 0x21, 0x06, 0x19, 0x05, 0x21,
    0x06, 0x19, 0x06, 0x21, 0x05, 0x21, 0x06, 0x21, 0x06, 0x19, 0x05, 0x21,
    0x06, 0x21, 0x05, 0x19, 0x06, 0x21, 0x06, 0x21, 0x05, 0x21, 0x06, 0x21,
    0x06, 0x21, 0x05, 0x19, 0x06, 0x21, 0x05, 0x21, 0x06, 0x19, 0x05, 0x21,
    0x06, 0x21, 0x06, 0x21, 0x06, 0x21, 0x05, 0x21, 0x06, 0x19, 0x06, 0x21,
    0x05, 0x21, 0x06, 0x19, 0x06, 0x21, 0x05, 0x21, 0x06, 0x19, 0x05, 0x21,
    0x06, 0x19, 0x06, 0x19, 0x05, 0x21, 0x06, 0x21, 0x06, 0x19, 0x05, 0x21,
    0x06, 0x21, 0x06, 0x21, 0x05, 0x19, 0x06, 0x21, 0x06, 0x21, 0x05, 0x21,
    0x06, 0x21, 0x06, 0x19, 0x05, 0x21, 0x05, 0x21, 0x06, 0x21, 0x06, 0x21,
    0x05, 0x21, 0x06, 0x19, 0x06, 0x21, 0x05, 0x21, 0x06, 0x19, 0x06, 0x19,
    0x05, 0x21, 0x06, 0x21, 0x06, 0x21, 0x05, 0x21, 0x06, 0x19, 0x05, 0x21,
    0x06, 0x21, 0x06, 0x19, 0x05, 0x21, 0x06, 0x21, 0x06, 0x21, 0x05, 0x19,
    0x06, 0x21, 0x05, 0x19, 0x05, 0x21, 0x06, 0x21, 0x05, 0x21, 0x06, 0x19,
    0x06, 0x21, 0x05, 0x21, 0x06, 0x21, 0x06, 0x19, 0x05, 0x21, 0x06, 0x21,
    0x06, 0x19, 0x06, 0x21, 0x05, 0x21, 0x06, 0x21, 0x06, 0x19, 0x05, 0x21,
    0x06, 0x21, 0x06, 0x19, 0x05, 0x21, 0x06, 0x21, 0x06, 0x21, 0x06, 0x21,
    0x05, 0x19, 0x06, 0x21, 0x06, 0x21, 0x05, 0x19, 0x06, 0x21, 0x06, 0x19,
    0x05, 0x21, 0x06, 0x19, 0x05, 0x19, 0x06, 0x21, 0x06, 0x21, 0x05, 0x21,
    0x06, 0x19, 0x06, 0x21, 0x05, 0x21, 0x06, 0x19, 0x05, 0x21, 0x06, 0x21,
    0x06, 0x21, 0x05, 0x21, 0x06, 0x19, 0x05, 0x21, 0x06, 0x21, 0x06, 0x21,
    0x06, 0x21, 0x05, 0x21, 0x06, 0x19, 0x05, 0x21, 0x06, 0x19, 0x05, 0x21,
    0x06, 0x21, 0x06, 0x21, 0x05, 0x19, 0x06, 0x21, 0x06, 0x19, 0x06, 0x21,
    0x05, 0x19, 0x06, 0x21, 0x06, 0x19, 0x05, 0x21, 0x06, 0x21, 0x06, 0x21,
    0x05, 0x19, 0x06, 0x21, 0x06, 0x21, 0x05, 0x19, 0x06, 0x21, 0x05, 0x21,
    0x06, 0x21, 0x05, 0x21, 0x06, 0x21, 0x05, 0x21, 0x06, 0x19, 0x06, 0x21,
    0x06, 0x19, 0x06, 0x19, 0x06, 0x21, 0x06, 0x21, 0x06, 0x21, 0x05, 0x21,
    0x06, 0x19, 0x06, 0x21, 0x05, 0x21, 0x05, 0x21, 0x06, 0x21, 0x06, 0x21,
    0x05, 0x19, 0x06, 0x21, 0x06, 0x21, 0x05, 0x19, 0x06, 0x21, 0x06, 0x21,
    0x05, 0x21, 0x06, 0x21, 0x06, 0x21, 0x05, 0x21, 0x06, 0x21, 0x06, 0x19,
    0x05, 0x21, 0x06, 0x21, 0x05, 0x19, 0x06, 0x21, 0x06, 0x21, 0x05, 0x21,
    0x06, 0x21, 0x05, 0x19, 0x06, 0x21, 0x06, 0x21, 0x05, 0x19, 0x06, 0x21,
    0x06, 0x19, 0x05, 0x21, 0x06, 0x21, 0x05, 0x21, 0x05, 0x21, 0x06, 0x21,
    0x06, 0x19, 0x05, 0x21, 0x06, 0x19, 0x06, 0x21, 0x06, 0x19, 0x05, 0x21,
    0x06, 0x19, 0x06, 0x21, 0x05, 0x21, 0x06, 0x21, 0x06, 0x21, 0x05, 0x21,
    0x06, 0x21, 0x06, 0x19, 0x05, 0x21, 0x06, 0x21, 0x06, 0x19, 0x05, 0x21,
    0x06, 0x21, 0x06, 0x19, 0x05, 0x21, 0x06, 0x21, 0x05, 0x21, 0x06, 0x19,
    0x05, 0x21, 0x06, 0x21, 0x05, 0x21, 0x06, 0x21, 0x06, 0x21, 0x05, 0x21,
    0x06, 0x19, 0x06, 0x21, 0x05, 0x21, 0x06, 0x19, 0x05, 0x21, 0x06, 0x21,
    0x06, 0x19, 0x05, 0x21, 0x05, 0x21, 0x06, 0x21, 0x05, 0x19, 0x06, 0x21,
    0x06, 0x21, 0x05, 0x21, 0x06, 0x19, 0x05, 0x21, 0x06, 0x21, 0x05, 0x21,
    0x06, 0x19, 0x06, 0x21, 0x05, 0x21, 0x06, 0x21, 0x06, 0x19, 0x05, 0x21,
    0x06, 0x21, 0x05, 0x19, 0x06, 0x21, 0x06, 0x21, 0x05, 0x21, 0x06, 0x21,
    0x06, 0x21, 0x05, 0x21, 0x06, 0x19, 0x06, 0x21, 0x05, 0x21, 0x06, 0x21,
    0x06, 0x21, 0x05, 0x21, 0x06, 0x21, 0x05, 0x21, 0x06, 0x21, 0x06, 0x21,
    0x05, 0x21, 0x06, 0x21, 0x06, 0x21, 0x05, 0x21, 0x06, 0x19, 0x05, 0x21,
    0x06, 0x21, 0x05, 0x21, 0x06, 0x19, 0x05, 0x21, 0x06, 0x21, 0x05, 0x19,
    0x05, 0x21, 0x06, 0x21, 0x06, 0x21, 0x05, 0x19, 0x06, 0x21, 0x06, 0x19,
    0x05, 0x21, 0x06, 0x21, 0x05, 0x21, 0x06, 0x21, 0x06, 0x21, 0x05, 0x21,
    0x06, 0x21, 0x05, 0x19, 0x06, 0x21, 0x05, 0x21, 0x06, 0x19, 0x06, 0x21,
    0x05, 0x21, 0x06, 0x21, 0x06, 0x21, 0x05, 0x21, 0x06, 0x21, 0x05, 0x19,
    0x06, 0x21, 0x06, 0x21, 0x06, 0x21, 0x06, 0x19, 0x06, 0x21, 0x05, 0x21,
    0x06, 0x21, 0x06, 0x19, 0x05, 0x21, 0x06, 0x21, 0x06, 0x21, 0x05, 0x19,
    0x06, 0x21, 0x05, 0x21, 0x06, 0x21, 0x06, 0x21, 0x05, 0x19, 0x06, 0x21,
    0x05, 0x21, 0x06, 0x21, 0x06, 0x21, 0x05, 0x19, 0x05, 0x21, 0x06, 0x21,
    0x05, 0x21, 0x06, 0x19, 0x06, 0x21, 0x05, 0x21, 0x06, 0x19, 0x06, 0x21,
    0x05, 0x21, 0x06, 0x21, 0x06, 0x21, 0x05, 0x21, 0x06, 0x19, 0x05, 0x21,
    0x06, 0x21, 0x06, 0x21, 0x05, 0x19, 0x06, 0x21, 0x06, 0x21, 0x05, 0x19,
    0x06, 0x21, 0x06, 0x21, 0x05, 0x19, 0x06, 0x21, 0x06, 0x21, 0x05, 0x19,
    0x06, 0x21, 0x05, 0x21, 0x06, 0x21, 0x06, 0x21, 0x06, 0x21, 0x05, 0x21,
    0x06, 0x19, 0x05, 0x21, 0x06, 0x21, 0x06, 0x21, 0x05, 0x19, 0x06, 0x21,
    0x06, 0x21, 0x05, 0x21, 0x06, 0x19, 0x06, 0x21, 0x05, 0x21, 0x06, 0x19,
    0x06, 0x21, 0x05, 0x21, 0x06, 0x19, 0x06, 0x21, 0x05, 0x21, 0x06, 0x21,
    0x06, 0x19, 0x05, 0x21, 0x06, 0x19, 0x06, 0x21, 0x05, 0x21, 0x06, 0x21,
    0x05, 0x21, 0x05, 0x21, 0x06, 0x21, 0x05, 0x19, 0x06, 0x21, 0x06, 0x21,
    0x05, 0x19, 0x06, 0x21, 0x06, 0x19, 0x05, 0x19, 0x06, 0x21, 0x06, 0x21,
    0x05, 0x19, 0x06, 0x21, 0x06, 0x21, 0x05, 0x19, 0x06, 0x21, 0x06, 0x21,
    0x05, 0x19, 0x06, 0x21, 0x06, 0x19, 0x05, 0x21, 0x06, 0x21, 0x06, 0x19,
    0x05, 0x21, 0x06, 0x21, 0x06, 0x21, 0x05, 0x19, 0x06, 0x21, 0x06, 0x19,
    0x05, 0x21, 0x06, 0x21, 0x06, 0x21, 0x05, 0x19, 0x06, 0x21, 0x05, 0x21,
    0x06, 0x19, 0x05, 0x21, 0x06, 0x21, 0x06, 0x19, 0x06, 0x21, 0x05, 0x21,
    0x06, 0x21, 0x05, 0x21, 0x05, 0x19, 0x06, 0x21, 0x05, 0x21, 0x06, 0x21,
    0x06, 0x19, 0x05, 0x21, 0x06, 0x21, 0x06, 0x19, 0x05, 0x21, 0x06, 0x21,
    0x06, 0x19, 0x05, 0x21, 0x06, 0x21, 0x06, 0x21, 0x05, 0x21, 0x06, 0x21,
    0x06, 0x19, 0x05, 0x21, 0x06, 0x21, 0x06, 0x21, 0x05, 0x21, 0x06, 0x21,
    0x06, 0x21, 0x05, 0x19, 0x06, 0x21, 0x05, 0x19, 0x06, 0x21, 0x06, 0x21,
    0x05, 0x19, 0x06, 0x21, 0x06, 0x21, 0x05, 0x19, 0x06, 0x21, 0x06, 0x21,
    0x05, 0x21, 0x06, 0x21, 0x06, 0x21, 0x05, 0x19, 0x06, 0x21, 0x05, 0x21,
    0x06, 0x21, 0x06, 0x21, 0x05, 0x21, 0x06, 0x19, 0x06, 0x21, 0x05, 0x21,
    0x06, 0x21, 0x06, 0x21, 0x05, 0x19, 0x06, 0x21, 0x06, 0x21, 0x05, 0x21,
    0x06, 0x19, 0x06, 0x21, 0x05, 0x21, 0x06, 0x21, 0x06, 0x19, 0x05, 0x21,
    0x06, 0x19, 0x06, 0x21, 0x05, 0x21, 0x05, 0x19, 0x06, 0x21, 0x06, 0x21,
    0x05, 0x19, 0x06, 0x21, 0x06, 0x19, 0x05, 0x21, 0x06, 0x19, 0x06, 0x19,
    0x05, 0x21, 0x06, 0x21, 0x05, 0x19, 0x06, 0x21, 0x06, 0x21, 0x05, 0x21,
    0x06, 0x19, 0x06, 0x21, 0x05, 0x21, 0x06, 0x19, 0x06, 0x21, 0x05, 0x21,
    0x06, 0x21, 0x06, 0x19, 0x05, 0x21, 0x06, 0x21, 0x06, 0x21, 0x05, 0x21,
    0x06, 0x19, 0x06, 0x21, 0x05, 0x21, 0x06, 0x19, 0x06, 0x21, 0x05, 0x19,
    0x06, 0x21, 0x06, 0x21, 0x05, 0x21, 0x06, 0x21, 0x06, 0x19, 0x05, 0x21,
    0x06, 0x21, 0x06, 0x19, 0x05, 0x21, 0x06, 0x19, 0x06, 0x21, 0x05, 0x21,
    0x06, 0x19, 0x05, 0x21, 0x05, 0x21, 0x06, 0x21, 0x06, 0x21, 0x05, 0x19,
    0x06, 0x21, 0x05, 0x21, 0x06, 0x21, 0x06, 0x19, 0x05, 0x21, 0x06, 0x21,
    0x06, 0x21, 0x05, 0x19, 0x06, 0x21, 0x05, 0x21, 0x06, 0x19, 0x06, 0x21,
    0x05, 0x21, 0x06, 0x19, 0x06, 0x21, 0x05, 0x21, 0x06, 0x21, 0x06, 0x19,
    0x05, 0x21, 0x06, 0x21, 0x06, 0x21, 0x05, 0x21, 0x05, 0x21, 0x06, 0x21,
    0x06, 0x21, 0x05, 0x21, 0x06, 0x19, 0x06, 0x21, 0x05, 0x21, 0x06, 0x21,
    0x06, 0x19, 0x05, 0x21, 0x06, 0x21, 0x05, 0x21, 0x06, 0x21, 0x06, 0x21,
    0x05, 0x19, 0x06, 0x21, 0x05, 0x21, 0x06, 0x21, 0x06, 0x21, 0x05, 0x21,
    0x06, 0x19, 0x05, 0x21, 0x06, 0x19, 0x05, 0x21, 0x06, 0x21, 0x05, 0x19,
    0x06, 0x21, 0x06, 0x21, 0x05, 0x19, 0x06, 0x21, 0x06, 0x21, 0x05, 0x21,
    0x06, 0x21, 0x05, 0x21, 0x06, 0x21, 0x06, 0x21, 0x05, 0x21, 0x06, 0x21,
    0x05, 0x21, 0x06, 0x21, 0x06, 0x21, 0x05, 0x21, 0x06, 0x19, 0x06, 0x21,
    0x05, 0x21, 0x06, 0x21, 0x06, 0x19, 0x05, 0x21, 0x06, 0x21, 0x06, 0x19,
    0x05, 0x21, 0x06, 0x21, 0x06, 0x21, 0x05, 0x21, 0x05, 0x21, 0x06, 0x19,
    0x05, 0x21, 0x06, 0x21, 0x05, 0x21, 0x06, 0x21, 0x06, 0x21, 0x05, 0x21,
    0x06, 0x19, 0x05, 0x21, 0x06, 0x21, 0x05, 0x21, 0x06, 0x21, 0x06, 0x21,
    0x05, 0x21, 0x05, 0x21, 0x06, 0x21, 0x06, 0x19, 0x05, 0x21, 0x06, 0x21,
    0x05, 0x21, 0x05, 0x21, 0x06, 0x21, 0x06, 0x19, 0x05, 0x21, 0x06, 0x21,
    0x05, 0x21, 0x06, 0x19, 0x06, 0x21, 0x05, 0x21, 0x06, 0x21, 0x06, 0x21,
    0x06, 0x21, 0x05, 0x21, 0x06, 0x21, 0x05, 0x21, 0x06, 0x19, 0x06, 0x21,
    0x06, 0x19, 0x05, 0x21, 0x06, 0x21, 0x06, 0x21, 0x06, 0x21, 0x05, 0x21,
    0x06, 0x21, 0x05, 0x21, 0x06, 0x21, 0x05, 0x21, 0x06, 0x21, 0x06, 0x21,
    0x05, 0x19, 0x06, 0x21, 0x05, 0x21, 0x06, 0x19, 0x06, 0x21, 0x05, 0x21,
    0x06, 0x19, 0x06, 0x21, 0x05, 0x21, 0x06, 0x21, 0x06, 0x19, 0x05, 0x19,
    0x06, 0x21, 0x06, 0x21, 0x06, 0x21, 0x05, 0x21, 0x06, 0x19, 0x05, 0x21,
    0x06, 0x21, 0x05, 0x19, 0x06, 0x21, 0x05, 0x21, 0x06, 0x21, 0x06, 0x21,
    0x05, 0x19, 0x06, 0x21, 0x05, 0x21, 0x06, 0x19, 0x06, 0x21, 0x06, 0x21,
    0x05, 0x19, 0x06, 0x21, 0x05, 0x21, 0x06, 0x19, 0x06, 0x21, 0x05, 0x21,
    0x06, 0x19, 0x06, 0x21, 0x05, 0x21, 0x05, 0x21, 0x06, 0x19, 0x06, 0x21,
    0x05, 0x21, 0x06, 0x21, 0x06, 0x19, 0x05, 0x21, 0x06, 0x21, 0x05, 0x21,
    0x06, 0x19, 0x05, 0x21, 0x06, 0x21, 0x06, 0x21, 0x05, 0x21, 0x06, 0x21,
    0x06, 0x19, 0x05, 0x21, 0x06, 0x21, 0x06, 0x21, 0x05, 0x21, 0x06, 0x21,
    0x05, 0x21, 0x06, 0x21, 0x06, 0x19, 0x05, 0x21, 0x06, 0x21, 0x06, 0x19,
    0x05, 0x21, 0x06, 0x21, 0x06, 0x21, 0x05, 0x21, 0x06, 0x21, 0x06, 0x21,
    0x05, 0x21, 0x06, 0x21, 0x06, 0x21, 0x05, 0x19, 0x06, 0x21, 0x06, 0x21,
    0x05, 0x21, 0x06, 0x21, 0x06, 0x21, 0x05, 0x19, 0x06, 0x21, 0x05, 0x21,
    0x05, 0x21, 0x06, 0x19, 0x06, 0x21, 0x05, 0x21, 0x06, 0x19, 0x06, 0x21,
    0x05, 0x21, 0x06, 0x21, 0x05, 0x21, 0x05, 0x21, 0x06, 0x19, 0x06, 0x21,
    0x05, 0x21, 0x06, 0x21, 0x06, 0x19, 0x05, 0x21, 0x06, 0x21, 0x05, 0x19,
    0x06, 0x21, 0x06, 0x21, 0x05, 0x21, 0x06, 0x21, 0x06, 0x21, 0x05, 0x19,
    0x05, 0x21, 0x06, 0x21, 0x06, 0x21, 0x05, 0x19, 0x06, 0x21, 0x05, 0x21,
    0x06, 0x21, 0x06, 0x21, 0x05, 0x19, 0x06, 0x21, 0x06, 0x21, 0x06, 0x19,
    0x06, 0x21, 0x05, 0x21, 0x06, 0x19, 0x06, 0x21, 0x05, 0x19, 0x06, 0x21,
    0x06, 0x19, 0x05, 0x21, 0x06, 0x21, 0x05, 0x19, 0x06, 0x21, 0x06, 0x21,
    0x05, 0x21, 0x06, 0x21, 0x06, 0x19, 0x05, 0x21, 0x06, 0x19, 0x05, 0x21,
    0x06, 0x21, 0x06, 0x21, 0x05, 0x19, 0x06, 0x21, 0x06, 0x21, 0x05, 0x19,
    0x06, 0x21, 0x06, 0x21, 0x06, 0x21, 0x05, 0x21, 0x06, 0x19, 0x06, 0x21,
    0x05, 0x21, 0x06, 0x21, 0x06, 0x21, 0x05, 0x21, 0x06, 0x19, 0x05, 0x21,
    0x06, 0x21, 0x06, 0x19, 0x05, 0x19, 0x06, 0x21, 0x05, 0x21, 0x06, 0x19,
    0x06, 0x19, 0x05, 0x21, 0x06, 0x19, 0x06, 0x21, 0x05, 0x21, 0x06, 0x21,
    0x05, 0x19, 0x06, 0x21, 0x06, 0x21, 0x05, 0x21, 0x06, 0x21, 0x06, 0x21,
    0x05, 0x19, 0x06, 0x21, 0x06, 0x19, 0x06, 0x19, 0x06, 0x21, 0x06, 0x21,
    0x05, 0x21, 0x06, 0x21, 0x06, 0x21, 0x05, 0x19, 0x06, 0x21, 0x06, 0x21,
    0x05, 0x21, 0x06, 0x21, 0x06, 0x21, 0x05, 0x19, 0x06, 0x21, 0x05, 0x21,
    0x06, 0x19, 0x06, 0x21, 0x05, 0x21, 0x06, 0x21, 0x05, 0x21, 0x06, 0x19,
    0x06, 0x21, 0x06, 0x19, 0x06, 0x21, 0x05, 0x21, 0x06, 0x21, 0x06, 0x21,
    0x05, 0x21, 0x06, 0x21, 0x06, 0x19, 0x05, 0x21, 0x05, 0x21, 0x06, 0x19,
    0x05, 0x19, 0x06, 0x21, 0x06, 0x21, 0x05, 0x19, 0x06, 0x21, 0x05, 0x21,
    0x05, 0x21, 0x06, 0x21, 0x06, 0x19, 0x05, 0x21, 0x06, 0x21, 0x06, 0x19,
    0x05, 0x19, 0x06, 0x21, 0x06, 0x21, 0x05, 0x19, 0x06, 0x21, 0x05, 0x21,
    0x06, 0x21, 0x06, 0x21, 0x05, 0x21, 0x06, 0x21, 0x05, 0x19, 0x06, 0x21,
    0x05, 0x21, 0x06, 0x21, 0x05, 0x21, 0x06, 0x19, 0x05, 0x21, 0x06, 0x21,
    0x06, 0x21, 0x05, 0x19, 0x05, 0x21, 0x06, 0x21, 0x06, 0x21, 0x05, 0x21,
    0x06, 0x21, 0x06, 0x21, 0x06, 0x21, 0x05, 0x21, 0x06, 0x19, 0x06, 0x21,
    0x05, 0x21, 0x06, 0x19, 0x06, 0x21, 0x05, 0x21, 0x05, 0x19, 0x06, 0x21,
    0x06, 0x21, 0x05, 0x19, 0x06, 0x21, 0x06, 0x21, 0x05, 0x19, 0x06, 0x21,
    0x05, 0x21, 0x06, 0x19, 0x06, 0x21, 0x05, 0x21, 0x06, 0x21, 0x06, 0x21,
    0x05, 0x19, 0x06, 0x21, 0x05, 0x21, 0x06, 0x21, 0x06, 0x19, 0x05, 0x21,
    0x06, 0x21, 0x06, 0x21, 0x05, 0x21, 0x06, 0x19, 0x06, 0x19, 0x05, 0x21,
    0x06, 0x21, 0x05, 0x21, 0x06, 0x21, 0x05, 0x19, 0x06, 0x21, 0x06, 0x21,
    0x05, 0x19, 0x06, 0x21, 0x06, 0x21, 0x05, 0x21, 0x06, 0x21, 0x05, 0x21,
    0x06, 0x19, 0x05, 0x21, 0x06, 0x21, 0x06, 0x19, 0x05, 0x21, 0x06, 0x19,
    0x06, 0x19, 0x05, 0x21, 0x06, 0x21, 0x06, 0x19, 0x05, 0x21, 0x06, 0x21,
    0x05, 0x19, 0x06, 0x19, 0x05, 0x21, 0x06, 0x21, 0x06, 0x21, 0x05, 0x19,
    0x06, 0x21, 0x06, 0x21, 0x05, 0x21, 0x06, 0x21, 0x06, 0x19, 0x05, 0x21,
    0x06, 0x21, 0x06, 0x21, 0x05, 0x19, 0x06, 0x21, 0x06, 0x21, 0x05, 0x21,
    0x06, 0x19, 0x06, 0x21, 0x05, 0x21, 0x06, 0x21, 0x06, 0x19, 0x05, 0x21,
    0x06, 0x21, 0x06, 0x21, 0x05, 0x19, 0x06, 0x19, 0x05, 0x21, 0x06, 0x21,
    0x06, 0x21, 0x05, 0x19, 0x06, 0x21, 0x06, 0x21, 0x05, 0x21, 0x06, 0x21,
    0x06, 0x19, 0x05, 0x21, 0x06, 0x21, 0x05, 0x21, 0x05, 0x21, 0x06, 0x21,
    0x05, 0x19, 0x05, 0x21, 0x06, 0x21, 0x06, 0x21, 0x05, 0x19, 0x06, 0x21,
    0x06, 0x21, 0x05, 0x21, 0x06, 0x19, 0x06, 0x21, 0x05, 0x21, 0x06, 0x19,
    0x06, 0x21, 0x05, 0x21, 0x05, 0x19, 0x06, 0x21, 0x06, 0x21, 0x05, 0x21,
    0x06, 0x19, 0x05, 0x21, 0x06, 0x21, 0x06, 0x21, 0x05, 0x19, 0x06, 0x21,
    0x05, 0x21, 0x05, 0x19, 0x06, 0x21, 0x06, 0x21, 0x05, 0x21, 0x06, 0x21,
    0x06, 0x19, 0x05, 0x21, 0x06, 0x19, 0x05, 0x21, 0x06, 0x21, 0x06, 0x21,
    0x05, 0x19, 0x06, 0x21, 0x06, 0x21, 0x05, 0x21, 0x06, 0x21, 0x06, 0x21,
    0x05, 0x21, 0x06, 0x21, 0x06, 0x21, 0x05, 0x21, 0x05, 0x19, 0x06, 0x21,
    0x06, 0x21, 0x05, 0x21, 0x06, 0x19, 0x05, 0x21, 0x06, 0x21, 0x06, 0x19,
    0x05, 0x21, 0x06, 0x21, 0x05, 0x21, 0x05, 0x21, 0x06, 0x21, 0x05, 0x21,
    0x06, 0x19, 0x06, 0x21, 0x05, 0x21, 0x06, 0x19, 0x06, 0x21, 0x05, 0x21,
    0x06, 0x19, 0x06, 0x19, 0x05, 0x21, 0x06, 0x21, 0x06, 0x19, 0x05, 0x21,
    0x06, 0x21, 0x06, 0x19, 0x05, 0x21, 0x06, 0x19, 0x06, 0x21, 0x05, 0x21,
    0x06, 0x21, 0x05, 0x21, 0x06, 0x19, 0x06, 0x21, 0x05, 0x21, 0x06, 0x19,
    0x06, 0x19, 0x05, 0x21, 0x06, 0x21, 0x06, 0x21, 0x05, 0x21, 0x06, 0x21,
    0x06, 0x21, 0x05, 0x21, 0x06, 0x21, 0x06, 0x19, 0x05, 0x21, 0x06, 0x21,
    0x06, 0x19, 0x05, 0x21, 0x06, 0x21, 0x06, 0x19, 0x05, 0x21, 0x06, 0x21,
    0x05, 0x21, 0x06, 0x21, 0x06, 0x19, 0x05, 0x21, 0x06, 0x21, 0x06, 0x19,
    0x06, 0x21, 0x05, 0x21, 0x06, 0x19, 0x06, 0x21, 0x05, 0x21, 0x06, 0x21,
    0x06, 0x19, 0x06, 0x21, 0x05, 0x21, 0x06, 0x19, 0x06, 0x21, 0x05, 0x21,
    0x06, 0x21, 0x06, 0x21, 0x05, 0x21, 0x06, 0x19, 0x06, 0x21, 0x05, 0x19,
    0x06, 0x21, 0x06, 0x19, 0x05, 0x21, 0x06, 0x21, 0x05, 0x19, 0x06, 0x21,
    0x05, 0x21, 0x05, 0x21, 0x06, 0x21, 0x06, 0x21, 0x06, 0x21, 0x05, 0x21,
    0x06, 0x21, 0x06, 0x21, 0x05, 0x21, 0x06, 0x21, 0x06, 0x21, 0x05, 0x21,
    0x06, 0x21, 0x06, 0x21, 0x05, 0x21, 0x06, 0x19, 0x06, 0x21, 0x05, 0x21,
    0x06, 0x19, 0x06, 0x21, 0x05, 0x21, 0x06, 0x21, 0x05, 0x21, 0x06, 0x21,
    0x06, 0x19, 0x05, 0x21, 0x06, 0x21, 0x06, 0x21, 0x05, 0x21, 0x06, 0x21,
    0x06, 0x19, 0x05, 0x21, 0x06, 0x21, 0x06, 0x19, 0x05, 0x21, 0x06, 0x21,
    0x06, 0x19, 0x05, 0x21, 0x06, 0x21, 0x05, 0x19, 0x06, 0x21, 0x06, 0x21,
    0x05, 0x19, 0x06, 0x21, 0x06, 0x21, 0x05, 0x21, 0x06, 0x19, 0x05, 0x21,
    0x06, 0x21, 0x05, 0x21, 0x06, 0x21, 0x06, 0x19, 0x05, 0x21, 0x06, 0x21,
    0x06, 0x21, 0x05, 0x21, 0x06, 0x21, 0x06, 0x19, 0x05, 0x21, 0x06, 0x21,
    0x06, 0x21, 0x06, 0x19, 0x06, 0x21, 0x05, 0x21, 0x06, 0x19, 0x06, 0x21,
    0x05, 0x21, 0x05, 0x21, 0x06, 0x19, 0x06, 0x21, 0x06, 0x21, 0x06, 0x19,
    0x05, 0x21, 0x06, 0x21, 0x06, 0x19, 0x05, 0x21, 0x06, 0x21, 0x06, 0x21,
    0x05, 0x21, 0x06, 0x21, 0x05, 0x21, 0x06, 0x21, 0x06, 0x21, 0x05, 0x19,
    0x06, 0x21, 0x06, 0x21, 0x05, 0x21, 0x06, 0x19, 0x06, 0x21, 0x05, 0x21,
    0x06, 0x19, 0x06, 0x21, 0x05, 0x21, 0x06, 0x19, 0x06, 0x21, 0x06, 0x21,
    0x05, 0x19, 0x06, 0x21, 0x06, 0x21, 0x05, 0x21, 0x06, 0x21, 0x05, 0x21,
    0x06, 0x21, 0x06, 0x21, 0x05, 0x21, 0x06, 0x21, 0x06, 0x21, 0x05, 0x21,
    0x06, 0x21, 0x06, 0x19, 0x05, 0x21, 0x06, 0x21, 0x06, 0x21, 0x05, 0x21,
    0x06, 0x21, 0x06, 0x21, 0x05, 0x19, 0x06, 0x21, 0x06, 0x21, 0x05, 0x21,
    0x06, 0x21, 0x06, 0x21, 0x05, 0x21, 0x06, 0x19, 0x05, 0x21, 0x06, 0x21,
    0x06, 0x19, 0x05, 0x21, 0x06, 0x21, 0x06, 0x21, 0x05, 0x19, 0x06, 0x21,
    0x06, 0x21, 0x05, 0x21, 0x06, 0x21, 0x05, 0x21, 0x06, 0x19, 0x06, 0x21,
    0x05, 0x19, 0x06, 0x21, 0x05, 0x21, 0x06, 0x21, 0x06, 0x21, 0x05, 0x19,
    0x06, 0x21, 0x06, 0x21, 0x05, 0x21, 0x06, 0x21, 0x06, 0x19, 0x05, 0x21,
    0x05, 0x21, 0x06, 0x19, 0x06, 0x21, 0x06, 0x21, 0x05, 0x21, 0x06, 0x21,
    0x05, 0x19, 0x06, 0x21, 0x06, 0x21, 0x05, 0x19, 0x06, 0x21, 0x05, 0x21,
    0x05, 0x21, 0x06, 0x21, 0x06, 0x21, 0x05, 0x21, 0x06, 0x21, 0x06, 0x21,
    0x05, 0x21, 0x06, 0x21, 0x06, 0x21, 0x05, 0x21, 0x06, 0x19, 0x06, 0x21,
    0x06, 0x21, 0x05, 0x19, 0x06, 0x21, 0x05, 0x21, 0x05, 0x21, 0x06, 0x21,
    0x05, 0x21, 0x06, 0x21, 0x05, 0x19, 0x06, 0x21, 0x06, 0x19, 0x05, 0x21,
    0x06, 0x19, 0x06, 0x21, 0x05, 0x21, 0x06, 0x19, 0x06, 0x21, 0x05, 0x21,
    0x06, 0x21, 0x06, 0x21, 0x06, 0x19, 0x05, 0x21, 0x06, 0x21, 0x06, 0x21,
    0x05, 0x19, 0x06, 0x21, 0x06, 0x21, 0x05, 0x21, 0x06, 0x21, 0x05, 0x21,
    0x06, 0x21, 0x05, 0x21, 0x06, 0x21, 0x05, 0x21, 0x06, 0x19, 0x06, 0x21,
    0x05, 0x21, 0x06, 0x21, 0x05, 0x19, 0x06, 0x21, 0x06, 0x21, 0x05, 0x21,
    0x06, 0x19, 0x05, 0x21, 0x06, 0x21, 0x06, 0x19, 0x05, 0x21, 0x06, 0x21,
    0x05, 0x21, 0x06, 0x19, 0x05, 0x21, 0x06, 0x21, 0x05, 0x19, 0x06, 0x21,
    0x06, 0x21, 0x06, 0x19, 0x06, 0x21, 0x05, 0x19, 0x06, 0x21, 0x06, 0x19,
    0x05, 0x21, 0x06, 0x21, 0x05, 0x19, 0x06, 0x21, 0x05, 0x19, 0x06, 0x21,
    0x06, 0x21, 0x05, 0x19, 0x06, 0x21, 0x05, 0x21, 0x06, 0x21, 0x06, 0x19,
    0x05, 0x21, 0x06, 0x21, 0x06, 0x21, 0x05, 0x19, 0x06, 0x19, 0x06, 0x21,
    0x05, 0x21, 0x06, 0x21, 0x05, 0x19, 0x06, 0x21, 0x06, 0x19, 0x05, 0x21,
    0x06, 0x21, 0x06, 0x21, 0x05, 0x19, 0x06, 0x21, 0x06, 0x21, 0x05, 0x21,
    0x06, 0x21, 0x05, 0x21, 0x06, 0x21, 0x06, 0x21, 0x05, 0x19, 0x06, 0x21,
    0x06, 0x21, 0x05, 0x21, 0x06, 0x21, 0x06, 0x21, 0x05, 0x19, 0x06, 0x21,
    0x06, 0x21, 0x05, 0x21, 0x06, 0x21, 0x06, 0x21, 0x05, 0x21, 0x05, 0x21,
    0x06, 0x19, 0x06, 0x21, 0x05, 0x21, 0x06, 0x21, 0x06, 0x21, 0x05, 0x19,
    0x05, 0x21, 0x06, 0x21, 0x05, 0x21, 0x05, 0x19, 0x06, 0x21, 0x05, 0x21,
    0x06, 0x21, 0x06, 0x21, 0x05, 0x19, 0x06, 0x21, 0x05, 0x21, 0x05, 0x21,
    0x06, 0x21, 0x05, 0x21, 0x06, 0x21, 0x05, 0x21, 0x06, 0x19, 0x06, 0x21,
    0x05, 0x21, 0x06, 0x19, 0x06, 0x19, 0x05, 0x21, 0x06, 0x21, 0x06, 0x21,
    0x05, 0x21, 0x06, 0x19, 0x06, 0x21, 0x05, 0x21, 0x06, 0x21, 0x06, 0x19,
    0x05, 0x21, 0x06, 0x21, 0x05, 0x21, 0x06, 0x21, 0x06, 0x19, 0x05, 0x21,
    0x06, 0x21, 0x06, 0x21, 0x06, 0x21, 0x05, 0x19, 0x06, 0x21, 0x06, 0x19,
    0x05, 0x21, 0x06, 0x19, 0x05, 0x19, 0x06, 0x21, 0x05, 0x19, 0x06, 0x21,
    0x05, 0x21, 0x06, 0x19, 0x05, 0x21, 0x06, 0x21, 0x06, 0x21, 0x05, 0x19,
    0x06, 0x19, 0x06, 0x21, 0x05, 0x21, 0x06, 0x21, 0x05, 0x19, 0x06, 0x21,
    0x06, 0x21, 0x05, 0x19, 0x06, 0x21, 0x06, 0x21, 0x05, 0x21, 0x06, 0x19,
    0x06, 0x21, 0x05, 0x21, 0x05, 0x21, 0x06, 0x21, 0x06, 0x21, 0x05, 0x19,
    0x06, 0x21, 0x05, 0x21, 0x06, 0x19, 0x06, 0x21, 0x05, 0x19, 0x06, 0x21,
    0x05, 0x21, 0x06, 0x19, 0x06, 0x21, 0x05, 0x19, 0x06, 0x19, 0x06, 0x21,
    0x05, 0x21, 0x06, 0x19, 0x06, 0x21, 0x05, 0x21, 0x06, 0x19, 0x06, 0x21,
    0x05, 0x21, 0x06, 0x21, 0x06, 0x21, 0x05, 0x19, 0x06, 0x21, 0x06, 0x19,
    0x06, 0x21, 0x05, 0x21, 0x06, 0x21, 0x05, 0x21, 0x06, 0x21, 0x06, 0x21,
    0x06, 0x19, 0x06, 0x21, 0x05, 0x21, 0x06, 0x19, 0x05, 0x21, 0x06, 0x19,
    0x05, 0x21, 0x06, 0x19, 0x06, 0x19, 0x05, 0x21, 0x06, 0x21, 0x05, 0x21,
    0x06, 0x21, 0x05, 0x19, 0x06, 0x21, 0x06, 0x21, 0x06, 0x19, 0x06, 0x21,
    0x06, 0x19, 0x05, 0x21, 0x06, 0x21, 0x06, 0x21, 0x05, 0x21, 0x06, 0x21,
    0x06, 0x19, 0x05, 0x21, 0x06, 0x21, 0x06, 0x19, 0x05, 0x21, 0x06, 0x21,
    0x05, 0x19, 0x06, 0x21, 0x05, 0x21, 0x06, 0x21, 0x05, 0x21, 0x06, 0x21,
    0x06, 0x19, 0x05, 0x21, 0x06, 0x21, 0x05, 0x19, 0x06, 0x21, 0x06, 0x19,
    0x05, 0x19, 0x06, 0x21, 0x06, 0x21, 0x06, 0x21, 0x05, 0x21, 0x06, 0x21,
    0x06, 0x19, 0x05, 0x21, 0x06, 0x21, 0x06, 0x21, 0x05, 0x19, 0x06, 0x21,
    0x06, 0x21, 0x05, 0x19, 0x06, 0x21, 0x05, 0x21, 0x06, 0x21, 0x06, 0x21,
    0x05, 0x21, 0x06, 0x21, 0x06, 0x21, 0x06, 0x21, 0x05, 0x21, 0x06, 0x21,
    0x06, 0x21, 0x05, 0x21, 0x06, 0x21, 0x06, 0x19, 0x05, 0x21, 0x05, 0x21,
    0x06, 0x21, 0x06, 0x19, 0x05, 0x21, 0x06, 0x21, 0x06, 0x19, 0x05, 0x21,
    0x06, 0x21, 0x05, 0x19, 0x06, 0x21, 0x06, 0x21, 0x05, 0x19, 0x06, 0x21,
    0x05, 0x21, 0x06, 0x19, 0x05, 0x21, 0x06, 0x21, 0x06, 0x21, 0x05, 0x21,
    0x06, 0x19, 0x06, 0x21, 0x05, 0x21, 0x06, 0x21, 0x05, 0x21, 0x06, 0x19,
    0x05, 0x21, 0x06, 0x21, 0x05, 0x21, 0x06, 0x21, 0x06, 0x19, 0x05, 0x21,
    0x06, 0x19, 0x06, 0x21, 0x05, 0x19, 0x06, 0x21, 0x06, 0x21, 0x05, 0x21,
    0x06, 0x19, 0x05, 0x21, 0x06, 0x19, 0x06, 0x21, 0x05, 0x21, 0x06, 0x21,
    0x06, 0x21, 0x05, 0x19, 0x06, 0x21, 0x06, 0x19, 0x05, 0x19, 0x06, 0x21,
    0x06, 0x21, 0x05, 0x19, 0x06, 0x21, 0x06, 0x19, 0x05, 0x21, 0x06, 0x21,
    0x06, 0x21, 0x06, 0x19, 0x05, 0x21, 0x06, 0x21, 0x06, 0x21, 0x06, 0x21,
    0x05, 0x19, 0x06, 0x21, 0x06, 0x21, 0x06, 0x21, 0x06, 0x21, 0x05, 0x19,
    0x06, 0x21, 0x06, 0x21, 0x06, 0x19, 0x05, 0x21, 0x06, 0x21, 0x06, 0x21,
    0x05, 0x19, 0x05, 0x21, 0x06, 0x21, 0x06, 0x21, 0x05, 0x19, 0x06, 0x21,
    0x05, 0x21, 0x06, 0x19, 0x05, 0x21, 0x06, 0x21, 0x05, 0x21, 0x06, 0x21,
    0x05, 0x21, 0x06, 0x19, 0x06, 0x21, 0x05, 0x21, 0x06, 0x19, 0x05, 0x21,
    0x06, 0x21, 0x05, 0x19, 0x06, 0x21, 0x05, 0x21, 0x06, 0x21, 0x06, 0x19,
    0x05, 0x21, 0x06, 0x21, 0x06, 0x21, 0x06, 0x21, 0x05, 0x21, 0x06, 0x19,
    0x06, 0x21, 0x06, 0x21, 0x05, 0x21, 0x06, 0x21, 0x06, 0x19, 0x05, 0x21,
    0x06, 0x21, 0x06, 0x21, 0x05, 0x19, 0x06, 0x21, 0x06, 0x21, 0x05, 0x21,
    0x06, 0x19, 0x06, 0x21, 0x05, 0x21, 0x06, 0x19, 0x06, 0x21, 0x05, 0x21,
    0x06, 0x21, 0x06, 0x19, 0x05, 0x21, 0x06, 0x19, 0x06, 0x21, 0x05, 0x21,
    0x06, 0x21, 0x06, 0x21, 0x05, 0x19, 0x06, 0x21, 0x06, 0x21, 0x05, 0x21,
    0x06, 0x21, 0x06, 0x21, 0x05, 0x21, 0x06, 0x21, 0x06, 0x21, 0x05, 0x21,
    0x06, 0x21, 0x06, 0x21, 0x05, 0x21, 0x06, 0x19, 0x05, 0x21, 0x06, 0x21,
    0x06, 0x21, 0x05, 0x19, 0x06, 0x21, 0x06, 0x21, 0x05, 0x21, 0x05, 0x21,
    0x06, 0x21, 0x05, 0x19, 0x06, 0x21, 0x06, 0x19, 0x05, 0x21, 0x06, 0x21,
    0x05, 0x19, 0x06, 0x21, 0x06, 0x21, 0x05, 0x19, 0x06, 0x21, 0x06, 0x21,
    0x05, 0x21, 0x06, 0x21, 0x06, 0x21, 0x05, 0x21, 0x06, 0x21, 0x06, 0x19,
    0x05, 0x21, 0x06, 0x21, 0x06, 0x21, 0x05, 0x21, 0x05, 0x21, 0x06, 0x21,
    0x06, 0x19, 0x05, 0x21, 0x06, 0x21, 0x06, 0x19, 0x05, 0x21, 0x05, 0x21,
    0x06, 0x21, 0x06, 0x21, 0x05, 0x21, 0x06, 0x21, 0x05, 0x21, 0x06, 0x21,
    0x06, 0x21, 0x06, 0x21, 0x05, 0x19, 0x06, 0x21, 0x06, 0x21, 0x05, 0x19,
    0x06, 0x21, 0x05, 0x21, 0x06, 0x21, 0x06, 0x21, 0x05, 0x21, 0x06, 0x21,
    0x06, 0x21, 0x05, 0x21, 0x06, 0x19, 0x06, 0x21, 0x06, 0x21, 0x05, 0x19,
    0x06, 0x21, 0x05, 0x21, 0x06, 0x19, 0x06, 0x21, 0x05, 0x21, 0x05, 0x21,
    0x06, 0x21, 0x06, 0x21, 0x05, 0x21, 0x06, 0x19, 0x06, 0x21, 0x05, 0x21,
    0x06, 0x19, 0x06, 0x19, 0x05, 0x21, 0x06, 0x19, 0x06, 0x21, 0x05, 0x19,
    0x06, 0x21, 0x05, 0x19, 0x05, 0x21, 0x06, 0x21, 0x06, 0x21, 0x05, 0x21,
    0x06, 0x21, 0x06, 0x21, 0x05, 0x21, 0x06, 0x21, 0x06, 0x21, 0x05, 0x21,
    0x06, 0x21, 0x06, 0x21, 0x05, 0x21, 0x06, 0x21, 0x06, 0x21, 0x05, 0x19,
    0x06, 0x21, 0x06, 0x21, 0x05, 0x21, 0x06, 0x19, 0x05, 0x21, 0x06, 0x21,
    0x05, 0x21, 0x06, 0x21, 0x06, 0x19, 0x05, 0x21, 0x06, 0x21, 0x06, 0x21,
    0x05, 0x21, 0x06, 0x19, 0x06, 0x21, 0x05, 0x21, 0x06, 0x21, 0x05, 0x21,
    0x05, 0x21, 0x06, 0x21, 0x06, 0x19, 0x05, 0x21, 0x06, 0x21, 0x05, 0x19,
    0x06, 0x21, 0x06, 0x21, 0x05, 0x21, 0x06, 0x21, 0x05, 0x19, 0x05, 0x21,
    0x06, 0x21, 0x06, 0x19, 0x05, 0x21, 0x06, 0x21, 0x05, 0x21, 0x06, 0x21,
    0x06, 0x21, 0x06, 0x21, 0x05, 0x21, 0x06, 0x21, 0x06, 0x21, 0x05, 0x19,
    0x05, 0x21, 0x06, 0x21, 0x06, 0x21, 0x05, 0x19, 0x06, 0x21, 0x06, 0x21,
    0x05, 0x19, 0x06, 0x21, 0x05, 0x21, 0x05, 0x19, 0x06, 0x21, 0x06, 0x21,
    0x05, 0x19, 0x06, 0x21, 0x06, 0x21, 0x05, 0x19, 0x06, 0x21, 0x06, 0x21,
    0x05, 0x21, 0x06, 0x21, 0x06, 0x19, 0x05, 0x21, 0x06, 0x21, 0x06, 0x21,
    0x05, 0x19, 0x06, 0x21, 0x06, 0x21, 0x05, 0x21, 0x06, 0x19, 0x06, 0x19,
    0x05, 0x21, 0x06, 0x21, 0x06, 0x21, 0x05, 0x19, 0x06, 0x21, 0x06, 0x21,
    0x06, 0x21, 0x05, 0x21, 0x06, 0x19, 0x05, 0x21, 0x06, 0x21, 0x06, 0x21,
    0x05, 0x21, 0x06, 0x21, 0x05, 0x21, 0x06, 0x21, 0x06, 0x21, 0x05, 0x21,
    0x06, 0x21, 0x05, 0x19, 0x06, 0x21, 0x06, 0x21, 0x05, 0x19, 0x06, 0x21,
    0x05, 0x21, 0x06, 0x21, 0x05, 0x21, 0x06, 0x21, 0x06, 0x19, 0x05, 0x21,
    0x06, 0x21, 0x05, 0x21, 0x06, 0x21, 0x05, 0x21, 0x06, 0x19, 0x06, 0x21,
    0x05, 0x21, 0x06, 0x21, 0x06, 0x21, 0x05, 0x21, 0x06, 0x21, 0x06, 0x19,
    0x05, 0x21, 0x06, 0x21, 0x06, 0x19, 0x05, 0x21, 0x06, 0x21, 0x05, 0x21,
    0x06, 0x19, 0x06, 0x21, 0x05, 0x19, 0x06, 0x21, 0x05, 0x21, 0x06, 0x21,
    0x05, 0x19, 0x06, 0x21, 0x05, 0x21, 0x06, 0x21, 0x06, 0x21, 0x05, 0x19,
    0x06, 0x21, 0x05, 0x21, 0x06, 0x19, 0x06, 0x21, 0x05, 0x21, 0x06, 0x19,
    0x06, 0x21, 0x05, 0x21, 0x06, 0x21, 0x06, 0x21, 0x05, 0x19, 0x06, 0x21,
    0x06, 0x21, 0x05, 0x19, 0x05, 0x21, 0x06, 0x21, 0x06, 0x21, 0x05, 0x21,
    0x06, 0x19, 0x06, 0x21, 0x05, 0x21, 0x06, 0x19, 0x05, 0x21, 0x06, 0x21,
    0x06, 0x19, 0x05, 0x21, 0x06, 0x21, 0x06, 0x19, 0x05, 0x19, 0x06, 0x21,
    0x05, 0x21, 0x05, 0x21, 0x06, 0x21, 0x06, 0x21, 0x05, 0x19, 0x06, 0x21,
    0x06, 0x19, 0x05, 0x19, 0x06, 0x21, 0x06, 0x21, 0x05, 0x19, 0x06, 0x21,
    0x05, 0x19, 0x06, 0x21, 0x05, 0x21, 0x06, 0x21, 0x06, 0x19, 0x05, 0x21,
    0x06, 0x21, 0x06, 0x19, 0x05, 0x21, 0x06, 0x19, 0x06, 0x21, 0x05, 0x21,
    0x06, 0x19, 0x05, 0x21, 0x06, 0x21, 0x05, 0x21, 0x05, 0x21, 0x06, 0x21,
    0x06, 0x21, 0x05, 0x21, 0x06, 0x21, 0x05, 0x21, 0x06, 0x19, 0x06, 0x21,
    0x05, 0x21, 0x06, 0x19, 0x06, 0x21, 0x05, 0x21, 0x06, 0x21, 0x06, 0x19,
    0x05, 0x21, 0x06, 0x21, 0x06, 0x21, 0x05, 0x21, 0x05, 0x21, 0x06, 0x19,
    0x06, 0x21, 0x06, 0x21, 0x06, 0x21, 0x05, 0x19, 0x06, 0x21, 0x06, 0x21,
    0x05, 0x19, 0x06, 0x19, 0x06, 0x21, 0x05, 0x19, 0x06, 0x21, 0x06, 0x19,
    0x05, 0x21, 0x06, 0x19, 0x06, 0x21, 0x05, 0x19, 0x06, 0x21, 0x05, 0x21,
    0x06, 0x21, 0x06, 0x21, 0x05, 0x21, 0x06, 0x21, 0x06, 0x21, 0x06, 0x19,
    0x05, 0x21, 0x06, 0x21, 0x05, 0x19, 0x06, 0x21, 0x06, 0x21, 0x05, 0x19,
    0x06, 0x21, 0x06, 0x21, 0x05, 0x19, 0x06, 0x21, 0x06, 0x19, 0x05, 0x19,
    0x06, 0x21, 0x06, 0x21, 0x05, 0x21, 0x06, 0x21, 0x06, 0x21, 0x05, 0x21,
    0x06, 0x19, 0x06, 0x21, 0x05, 0x21, 0x06, 0x19, 0x06, 0x21, 0x06, 0x21,
    0x06, 0x19, 0x05, 0x21, 0x06, 0x21, 0x06, 0x21, 0x05, 0x21, 0x06, 0x19,
    0x05, 0x21, 0x06, 0x21, 0x05, 0x19, 0x06, 0x21, 0x05, 0x21, 0x06, 0x21,
    0x06, 0x19, 0x05, 0x21, 0x06, 0x21, 0x05, 0x21, 0x06, 0x21, 0x06, 0x19,
    0x05, 0x21, 0x06, 0x21, 0x06, 0x21, 0x06, 0x21, 0x05, 0x19, 0x06, 0x21,
    0x05, 0x21, 0x06, 0x21, 0x05, 0x21, 0x06, 0x21, 0x05, 0x21, 0x06, 0x19,
    0x05, 0x21, 0x06, 0x21, 0x06, 0x19, 0x05, 0x21, 0x06, 0x21, 0x06, 0x21,
    0x05, 0x21, 0x06, 0x21, 0x06, 0x19, 0x05, 0x21, 0x06, 0x21, 0x06, 0x21,
    0x05, 0x21, 0x06, 0x19, 0x06, 0x21, 0x05, 0x21, 0x06, 0x21, 0x05, 0x21,
    0x06, 0x19, 0x05, 0x21, 0x06, 0x21, 0x06, 0x21, 0x05, 0x19, 0x06, 0x21,
    0x05, 0x19, 0x06, 0x21, 0x06, 0x19, 0x05, 0x19, 0x05, 0x21, 0x06, 0x19,
    0x06, 0x21, 0x05, 0x21, 0x06, 0x21, 0x05, 0x19, 0x06, 0x21, 0x06, 0x21,
    0x05, 0x21, 0x06, 0x19, 0x06, 0x21, 0x05, 0x21, 0x06, 0x21, 0x05, 0x21,
    0x06, 0x19, 0x06, 0x21, 0x05, 0x19, 0x06, 0x21, 0x06, 0x21, 0x05, 0x21,
    0x06, 0x19, 0x05, 0x21, 0x06, 0x19, 0x05, 0x21, 0x06, 0x21, 0x06, 0x21,
    0x05, 0x19, 0x06, 0x21, 0x05, 0x21, 0x06, 0x21, 0x06, 0x21, 0x05, 0x19,
    0x06, 0x21, 0x06, 0x21, 0x05, 0x21, 0x06, 0x21, 0x06, 0x19, 0x05, 0x21,
    0x06, 0x21, 0x06, 0x19, 0x05, 0x21, 0x06, 0x19, 0x06, 0x21, 0x05, 0x21,
    0x06, 0x21, 0x06, 0x21, 0x05, 0x21, 0x06, 0x21, 0x05, 0x21, 0x06, 0x19,
    0x06, 0x21, 0x06, 0x21, 0x05, 0x19, 0x06, 0x21, 0x06, 0x21, 0x05, 0x21,
    0x06, 0x21, 0x06, 0x21, 0x06, 0x21, 0x05, 0x21, 0x06, 0x19, 0x06, 0x21,
    0x05, 0x21, 0x06, 0x19, 0x05, 0x21, 0x06, 0x21, 0x06, 0x19, 0x05, 0x21,
    0x06, 0x21, 0x05, 0x21, 0x06, 0x21, 0x05, 0x21, 0x06, 0x21, 0x06, 0x21,
    0x06, 0x19, 0x06, 0x21, 0x05, 0x21, 0x06, 0x19, 0x06, 0x21, 0x05, 0x21,
    0x06, 0x21, 0x06, 0x21, 0x05, 0x21, 0x06, 0x21, 0x06, 0x19, 0x05, 0x21,
    0x06, 0x21, 0x06, 0x21, 0x05, 0x19, 0x06, 0x21, 0x05, 0x21, 0x06, 0x21,
    0x05, 0x21, 0x06, 0x21, 0x06, 0x21, 0x05, 0x21, 0x06, 0x19, 0x05, 0x21,
    0x06, 0x21, 0x06, 0x19, 0x05, 0x21, 0x06, 0x21, 0x06, 0x19, 0x06, 0x21,
    0x05, 0x21, 0x06, 0x19, 0x06, 0x21, 0x05, 0x21, 0x06, 0x21, 0x06, 0x21,
    0x05, 0x19, 0x06, 0x21, 0x06, 0x21, 0x05, 0x19, 0x06, 0x21, 0x05, 0x21,
    0x06, 0x21, 0x05, 0x19, 0x06, 0x21, 0x06, 0x21, 0x05, 0x21, 0x06, 0x21,
    0x05, 0x21, 0x05, 0x21, 0x06, 0x21, 0x06, 0x21, 0x05, 0x19, 0x06, 0x21,
    0x06, 0x21, 0x05, 0x21, 0x06, 0x21, 0x05, 0x21, 0x06, 0x21, 0x05, 0x19,
    0x06, 0x21, 0x05, 0x21, 0x06, 0x21, 0x05, 0x19, 0x06, 0x21, 0x06, 0x21,
    0x05, 0x19, 0x06, 0x21, 0x06, 0x19, 0x05, 0x19, 0x06, 0x21, 0x05, 0x21,
    0x06, 0x21, 0x06, 0x19, 0x05, 0x21, 0x06, 0x21, 0x06, 0x21, 0x05, 0x21,
    0x06, 0x19, 0x06, 0x21, 0x05, 0x21, 0x06, 0x21, 0x06, 0x21, 0x05, 0x21,
    0x06, 0x21, 0x06, 0x19, 0x06, 0x21, 0x05, 0x19, 0x06, 0x21, 0x06, 0x21,
    0x05, 0x19, 0x06, 0x21, 0x05, 0x21, 0x06, 0x21, 0x05, 0x19, 0x06, 0x21,
    0x06, 0x21, 0x05, 0x21, 0x06, 0x21, 0x05, 0x19, 0x06, 0x21, 0x06, 0x21,
    0x05, 0x19, 0x06, 0x21, 0x05, 0x21, 0x06, 0x19, 0x06, 0x21, 0x05, 0x21,
    0x06, 0x19, 0x06, 0x21, 0x06, 0x21, 0x05, 0x19, 0x06, 0x21, 0x06, 0x21,
    0x05, 0x21, 0x05, 0x19, 0x06, 0x21, 0x06, 0x21, 0x05, 0x19, 0x06, 0x21,
    0x06, 0x21, 0x06, 0x19, 0x05, 0x21, 0x06, 0x19, 0x06, 0x21, 0x06, 0x21,
    0x05, 0x19, 0x06, 0x21, 0x06, 0x21, 0x05, 0x21, 0x06, 0x21, 0x06, 0x19,
    0x05, 0x19, 0x06, 0x21, 0x06, 0x21, 0x05, 0x21, 0x06, 0x19, 0x06, 0x21,
    0x05, 0x21, 0x06, 0x21, 0x06, 0x21, 0x05, 0x19, 0x06, 0x21, 0x06, 0x21,
    0x05, 0x19, 0x06, 0x21, 0x06, 0x21, 0x05, 0x19, 0x06, 0x21, 0x06, 0x21,
    0x05, 0x21, 0x06, 0x21, 0x06, 0x21, 0x05, 0x21, 0x06, 0x21, 0x06, 0x21,
    0x05, 0x19, 0x06, 0x21, 0x06, 0x21, 0x05, 0x21, 0x06, 0x21, 0x05, 0x19,
    0x06, 0x21, 0x06, 0x21, 0x05, 0x19, 0x06, 0x21, 0x06, 0x19, 0x05, 0x21,
    0x06, 0x21, 0x06, 0x21, 0x05, 0x21, 0x06, 0x19, 0x06, 0x21, 0x05, 0x21,
    0x06, 0x19, 0x06, 0x21, 0x05, 0x21, 0x06, 0x21, 0x06, 0x19, 0x05, 0x21,
    0x06, 0x21, 0x06, 0x21, 0x05, 0x19, 0x06, 0x21, 0x05, 0x21, 0x06, 0x19,
    0x06, 0x21, 0x05, 0x21, 0x06, 0x19, 0x05, 0x21, 0x06, 0x21, 0x06, 0x19,
    0x05, 0x21, 0x06, 0x21, 0x06, 0x21, 0x05, 0x21, 0x06, 0x21, 0x05, 0x19,
    0x06, 0x21, 0x06, 0x19, 0x05, 0x21, 0x06, 0x19, 0x06, 0x21, 0x05, 0x21,
    0x06, 0x21, 0x05, 0x21, 0x05, 0x19, 0x06, 0x21, 0x06, 0x21, 0x05, 0x19,
    0x06, 0x21, 0x05, 0x19, 0x06, 0x21, 0x06, 0x21, 0x05, 0x19, 0x06, 0x21,
    0x05, 0x21, 0x06, 0x21, 0x06, 0x21, 0x05, 0x21, 0x06, 0x21, 0x06, 0x21,
    0x05, 0x21, 0x06, 0x19, 0x06, 0x21, 0x05, 0x19, 0x06, 0x21, 0x05, 0x21,
    0x05, 0x21, 0x06, 0x21, 0x06, 0x19, 0x05, 0x21, 0x06, 0x21, 0x05, 0x19,
    0x06, 0x21, 0x06, 0x21, 0x05, 0x21, 0x06, 0x21, 0x05, 0x21, 0x06, 0x21,
    0x06, 0x19, 0x05, 0x21, 0x06, 0x21, 0x06, 0x21, 0x05, 0x19, 0x06, 0x21,
    0x06, 0x19, 0x05, 0x21, 0x06, 0x19, 0x05, 0x21, 0x06, 0x21, 0x06, 0x21,
    0x05, 0x21, 0x06, 0x21, 0x06, 0x21, 0x05, 0x21, 0x06, 0x19, 0x06, 0x21,
    0x05, 0x21, 0x06, 0x21, 0x05, 0x21, 0x06, 0x19, 0x06, 0x19, 0x05, 0x21,
    0x06, 0x21, 0x05, 0x21, 0x06, 0x21, 0x06, 0x21, 0x05, 0x19, 0x06, 0x21,
    0x06, 0x21, 0x05, 0x21, 0x06, 0x21, 0x05, 0x19, 0x06, 0x21, 0x06, 0x19,
    0x06, 0x19, 0x06, 0x21, 0x05, 0x19, 0x06, 0x21, 0x05, 0x21, 0x06, 0x21,
    0x05, 0x19, 0x06, 0x21, 0x06, 0x21, 0x05, 0x19, 0x06, 0x21, 0x06, 0x21,
    0x06, 0x21, 0x05, 0x21, 0x06, 0x21, 0x06, 0x21, 0x05, 0x21, 0x06, 0x21,
    0x06, 0x21, 0x05, 0x19, 0x06, 0x21, 0x05, 0x21, 0x06, 0x21, 0x06, 0x21,
    0x05, 0x19, 0x06, 0x21, 0x06, 0x21, 0x05, 0x21, 0x06, 0x19, 0x05, 0x21,
    0x06, 0x21, 0x05, 0x21, 0x06, 0x19, 0x05, 0x21, 0x06, 0x21, 0x05, 0x19,
    0x06, 0x21, 0x05, 0x21, 0x06, 0x21, 0x05, 0x21, 0x06, 0x21, 0x05, 0x19,
    0x06, 0x21, 0x06, 0x21, 0x05, 0x21, 0x06, 0x21, 0x06, 0x21, 0x05, 0x21,
    0x05, 0x21, 0x06, 0x19, 0x05, 0x21, 0x06, 0x21, 0x06, 0x19, 0x05, 0x21,
    0x06, 0x21, 0x06, 0x21, 0x06, 0x21, 0x05, 0x21, 0x06, 0x21, 0x06, 0x19,
    0x05, 0x21, 0x05, 0x21, 0x06, 0x21, 0x05, 0x21, 0x06, 0x19, 0x06, 0x21,
    0x05, 0x21, 0x06, 0x19, 0x06, 0x21, 0x05, 0x21, 0x06, 0x21, 0x05, 0x21,
    0x06, 0x21, 0x05, 0x21, 0x06, 0x21, 0x06, 0x19, 0x05, 0x21, 0x06, 0x21,
    0x05, 0x21, 0x06, 0x21, 0x06, 0x19, 0x05, 0x21, 0x05, 0x21, 0x06, 0x21,
    0x05, 0x21, 0x06, 0x21, 0x05, 0x19, 0x06, 0x21, 0x05, 0x21, 0x06, 0x21,
    0x05, 0x19, 0x06, 0x21, 0x05, 0x21, 0x06, 0x19, 0x05, 0x21, 0x06, 0x21,
    0x06, 0x19, 0x05, 0x21, 0x06, 0x21, 0x06, 0x21, 0x05, 0x21, 0x06, 0x19,
    0x06, 0x21, 0x05, 0x21, 0x06, 0x19, 0x06, 0x21, 0x05, 0x21, 0x06, 0x21,
    0x06, 0x21, 0x05, 0x21, 0x06, 0x19, 0x06, 0x21, 0x05, 0x19, 0x06, 0x21,
    0x06, 0x21, 0x05, 0x21, 0x06, 0x21, 0x05, 0x21, 0x06, 0x21, 0x06, 0x21,
    0x05, 0x19, 0x06, 0x21, 0x05, 0x21, 0x06, 0x21, 0x06, 0x21, 0x05, 0x21,
    0x05, 0x19, 0x06, 0x21, 0x06, 0x21, 0x05, 0x21, 0x06, 0x21, 0x06, 0x19,
    0x05, 0x21, 0x05, 0x21, 0x06, 0x19, 0x06, 0x21, 0x05, 0x21, 0x06, 0x19,
    0x05, 0x21, 0x06, 0x21, 0x06, 0x21, 0x05, 0x19, 0x06, 0x21, 0x05, 0x21,
    0x06, 0x21, 0x06, 0x19, 0x05, 0x21, 0x06, 0x21, 0x06, 0x19, 0x05, 0x21,
    0x06, 0x21, 0x06, 0x21, 0x05, 0x21, 0x05, 0x19, 0x06, 0x21, 0x06, 0x21,
    0x05, 0x19, 0x06, 0x21, 0x06, 0x21, 0x05, 0x21, 0x06, 0x21, 0x06, 0x21,
    0x05, 0x21, 0x06, 0x19, 0x05, 0x21, 0x05, 0x21, 0x06, 0x19, 0x06, 0x21,
    0x05, 0x21, 0x06, 0x19, 0x06, 0x21, 0x05, 0x21, 0x06, 0x19, 0x05, 0x21,
    0x06, 0x21, 0x06, 0x19, 0x05, 0x21, 0x06, 0x21, 0x06, 0x21, 0x06, 0x19,
    0x06, 0x19, 0x05, 0x21, 0x06, 0x21, 0x05, 0x21, 0x06, 0x21, 0x06, 0x21,
    0x05, 0x21, 0x06, 0x19, 0x05, 0x21, 0x06, 0x19, 0x06, 0x19, 0x05, 0x21,
    0x06, 0x21, 0x05, 0x21, 0x06, 0x19, 0x05, 0x21, 0x06, 0x21, 0x06, 0x21,
    0x05, 0x21, 0x06, 0x21, 0x06, 0x19, 0x05, 0x21, 0x06, 0x21, 0x06, 0x19,
    0x05, 0x21, 0x06, 0x19, 0x05, 0x21, 0x06, 0x21, 0x06, 0x19, 0x05, 0x21,
    0x06, 0x21, 0x05, 0x21, 0x06, 0x21, 0x05, 0x21, 0x06, 0x21, 0x06, 0x21,
    0x05, 0x19, 0x06, 0x21, 0x06, 0x19, 0x05, 0x21, 0x06, 0x21, 0x06, 0x21,
    0x05, 0x19, 0x06, 0x21, 0x06, 0x21, 0x05, 0x19, 0x06, 0x21, 0x05, 0x21,
    0x05, 0x21, 0x06, 0x21, 0x06, 0x21, 0x06, 0x21, 0x05, 0x19, 0x06, 0x21,
    0x06, 0x21, 0x05, 0x21, 0x06, 0x19, 0x06, 0x21, 0x05, 0x21, 0x06, 0x19,
    0x05, 0x21, 0x06, 0x21, 0x06, 0x19, 0x05, 0x19, 0x06, 0x21, 0x06, 0x21,
    0x05, 0x19, 0x06, 0x21, 0x06, 0x21, 0x05, 0x21, 0x06, 0x21, 0x06, 0x21,
    0x05, 0x19, 0x06, 0x21, 0x05, 0x21, 0x06, 0x21, 0x06, 0x19, 0x05, 0x21,
    0x06, 0x21, 0x06, 0x19, 0x05, 0x21, 0x06, 0x21, 0x06, 0x21, 0x05, 0x19,
    0x06, 0x21, 0x06, 0x21, 0x06, 0x19, 0x05, 0x21, 0x06, 0x21, 0x06, 0x21,
    0x05, 0x21, 0x06, 0x19, 0x06, 0x21, 0x05, 0x19, 0x06, 0x21, 0x06, 0x19,
    0x06, 0x21, 0x06, 0x21, 0x05, 0x19, 0x06, 0x21, 0x06, 0x21, 0x05, 0x21,
    0x06, 0x21, 0x05, 0x19, 0x06, 0x21, 0x05, 0x19, 0x06, 0x21, 0x06, 0x21,
    0x05, 0x21, 0x06, 0x19, 0x06, 0x21, 0x05, 0x21, 0x06, 0x19, 0x06, 0x21,
    0x05, 0x21, 0x06, 0x21, 0x06, 0x21, 0x05, 0x21, 0x06, 0x19, 0x06, 0x21,
    0x06, 0x19, 0x05, 0x21, 0x06, 0x21, 0x05, 0x21, 0x06, 0x21, 0x06, 0x21,
    0x05, 0x19, 0x06, 0x21, 0x05, 0x21, 0x06, 0x19, 0x06, 0x21, 0x06, 0x19,
    0x06, 0x21, 0x05, 0x21, 0x06, 0x21, 0x06, 0x21, 0x05, 0x19, 0x06, 0x21,
    0x06, 0x21, 0x05, 0x21, 0x06, 0x19, 0x06, 0x21, 0x05, 0x21, 0x06, 0x21,
    0x05, 0x21, 0x06, 0x21, 0x05, 0x21, 0x06, 0x19, 0x05, 0x21, 0x06, 0x21,
    0x05, 0x21, 0x06, 0x19, 0x06, 0x21, 0x05, 0x21, 0x06, 0x19, 0x06, 0x19,
    0x05, 0x21, 0x06, 0x21, 0x06, 0x19, 0x05, 0x21, 0x06, 0x21, 0x06, 0x21,
    0x05, 0x19, 0x06, 0x21, 0x06, 0x21, 0x05, 0x19, 0x06, 0x21, 0x05, 0x21,
    0x06, 0x19, 0x06, 0x21, 0x05, 0x21, 0x06, 0x19, 0x06, 0x19, 0x05, 0x21,
    0x06, 0x21, 0x06, 0x21, 0x05, 0x21, 0x06, 0x19, 0x06, 0x21, 0x05, 0x21,
    0x06, 0x21, 0x06, 0x19, 0x05, 0x21, 0x06, 0x21, 0x06, 0x21, 0x06, 0x21,
    0x05, 0x21, 0x06, 0x21, 0x05, 0x21, 0x06, 0x19, 0x06, 0x21, 0x05, 0x21,
    0x06, 0x21, 0x05, 0x21, 0x06, 0x21, 0x05, 0x19, 0x06, 0x21, 0x06, 0x21,
    0x05, 0x19, 0x06, 0x21, 0x06, 0x21, 0x05, 0x21, 0x06, 0x21, 0x06, 0x21,
    0x05, 0x21, 0x06, 0x19, 0x06, 0x21, 0x06, 0x21, 0x05, 0x19, 0x06, 0x19,
    0x06, 0x21, 0x05, 0x21, 0x06, 0x21, 0x06, 0x21, 0x06, 0x21, 0x05, 0x21,
    0x06, 0x21, 0x06, 0x21, 0x05, 0x19, 0x06, 0x21, 0x06, 0x21, 0x05, 0x19,
    0x06, 0x21, 0x05, 0x21, 0x06, 0x19, 0x05, 0x21, 0x05, 0x21, 0x06, 0x21,
    0x05, 0x21, 0x06, 0x21, 0x06, 0x19, 0x05, 0x21, 0x06, 0x21, 0x06, 0x19,
    0x05, 0x21, 0x06, 0x21, 0x06, 0x21, 0x05, 0x21, 0x06, 0x21, 0x06, 0x21,
    0x05, 0x19, 0x06, 0x21, 0x06, 0x21, 0x05, 0x21, 0x06, 0x19, 0x06, 0x21,
    0x05, 0x21, 0x06, 0x19, 0x06, 0x21, 0x05, 0x21, 0x06, 0x21, 0x06, 0x21,
    0x05, 0x21, 0x06, 0x19, 0x06, 0x21, 0x05, 0x21, 0x06, 0x19, 0x06, 0x21,
    0x05, 0x21, 0x06, 0x21, 0x06, 0x19, 0x06, 0x21, 0x05, 0x19, 0x06, 0x21,
    0x05, 0x21, 0x06, 0x21, 0x06, 0x21, 0x05, 0x21, 0x06, 0x19, 0x05, 0x21,
    0x06, 0x21, 0x05, 0x19, 0x06, 0x21, 0x06, 0x21, 0x05, 0x21, 0x06, 0x21,
    0x06, 0x21, 0x05, 0x21, 0x06, 0x19, 0x05, 0x21, 0x06, 0x21, 0x06, 0x21,
    0x05, 0x19, 0x06, 0x21, 0x06, 0x21, 0x05, 0x21, 0x06, 0x21, 0x06, 0x21,
    0x05, 0x21, 0x06, 0x19, 0x05, 0x21, 0x06, 0x21, 0x05, 0x21, 0x06, 0x21,
    0x06, 0x19, 0x05, 0x21, 0x05, 0x21, 0x06, 0x19, 0x06, 0x21, 0x05, 0x21,
    0x06, 0x19, 0x06, 0x21, 0x05, 0x21, 0x06, 0x21, 0x05, 0x19, 0x06, 0x21,
    0x06, 0x21, 0x05, 0x21, 0x06, 0x19, 0x06, 0x21, 0x05, 0x21, 0x06, 0x21,
    0x06, 0x21, 0x05, 0x21, 0x06, 0x21, 0x05, 0x19, 0x06, 0x21, 0x06, 0x19,
    0x05, 0x21, 0x06, 0x21, 0x05, 0x21, 0x06, 0x21, 0x05, 0x21, 0x05, 0x19,
    0x06, 0x21, 0x05, 0x21, 0x06, 0x21, 0x06, 0x21, 0x05, 0x21, 0x06, 0x19,
    0x06, 0x21, 0x05, 0x21, 0x06, 0x21, 0x05, 0x19, 0x06, 0x21, 0x06, 0x21,
    0x05, 0x19, 0x06, 0x21, 0x06, 0x21, 0x06, 0x21, 0x05, 0x19, 0x06, 0x21,
    0x06, 0x21, 0x05, 0x19, 0x06, 0x21, 0x06, 0x21, 0x05, 0x19, 0x06, 0x21,
    0x05, 0x21, 0x06, 0x19, 0x06, 0x21, 0x05, 0x19, 0x06, 0x19, 0x05, 0x21,
    0x06, 0x21, 0x06, 0x19, 0x05, 0x21, 0x06, 0x21, 0x05, 0x21, 0x06, 0x21,
    0x05, 0x21, 0x06, 0x19, 0x06, 0x19, 0x05, 0x21, 0x06, 0x21, 0x06, 0x21,
    0x05, 0x19, 0x06, 0x21, 0x06, 0x21, 0x05, 0x21, 0x06, 0x19, 0x06, 0x21,
    0x05, 0x21, 0x06, 0x19, 0x06, 0x21, 0x06, 0x21, 0x05, 0x19, 0x06, 0x21,
    0x06, 0x21, 0x05, 0x21, 0x06, 0x21, 0x05, 0x21, 0x06, 0x21, 0x05, 0x21,
    0x06, 0x21, 0x05, 0x21, 0x06, 0x19, 0x05, 0x21, 0x06, 0x21, 0x05, 0x21,
    0x06, 0x21, 0x05, 0x21, 0x06, 0x19, 0x06, 0x21, 0x05, 0x21, 0x06, 0x19,
    0x06, 0x21, 0x05, 0x21, 0x06, 0x21, 0x06, 0x21, 0x05, 0x21, 0x06, 0x21,
    0x05, 0x19, 0x06, 0x21, 0x06, 0x21, 0x05, 0x19, 0x06, 0x21, 0x06, 0x21,
    0x05, 0x19, 0x06, 0x21, 0x06, 0x21, 0x05, 0x21, 0x06, 0x19, 0x05, 0x21,
    0x06, 0x19, 0x06, 0x21, 0x05, 0x21, 0x06, 0x19, 0x06, 0x21, 0x05, 0x21,
    0x06, 0x19, 0x06, 0x21, 0x06, 0x21, 0x05, 0x19, 0x06, 0x21, 0x05, 0x21,
    0x06, 0x21, 0x05, 0x21, 0x06, 0x19, 0x06, 0x21, 0x05, 0x19, 0x06, 0x21,
    0x06, 0x21, 0x05, 0x19, 0x06, 0x21, 0x05, 0x21, 0x05, 0x21, 0x06, 0x21,
    0x06, 0x21, 0x05, 0x19, 0x06, 0x21, 0x06, 0x21, 0x05, 0x19, 0x06, 0x21,
    0x06, 0x19, 0x05, 0x21, 0x06, 0x21, 0x05, 0x21, 0x06, 0x21, 0x06, 0x21,
    0x05, 0x19, 0x06, 0x21, 0x06, 0x21, 0x06, 0x21, 0x06, 0x21, 0x06, 0x19,
    0x05, 0x21, 0x06, 0x21, 0x05, 0x21, 0x06, 0x21, 0x06, 0x19, 0x05, 0x21,
    0x06, 0x21, 0x05, 0x19, 0x06, 0x21, 0x06, 0x21, 0x05, 0x19, 0x06, 0x21,
    0x05, 0x21, 0x06, 0x21, 0x06, 0x19, 0x05, 0x21, 0x06, 0x21, 0x06, 0x21,
    0x05, 0x19, 0x05, 0x21, 0x06, 0x21, 0x06, 0x19, 0x05, 0x21, 0x06, 0x21,
    0x05, 0x19, 0x06, 0x21, 0x06, 0x21, 0x05, 0x21, 0x06, 0x21, 0x05, 0x21,
    0x06, 0x21, 0x06, 0x19, 0x05, 0x21, 0x06, 0x21, 0x06, 0x21, 0x06, 0x21,
    0x05, 0x19, 0x06, 0x21, 0x06, 0x21, 0x05, 0x19, 0x06, 0x21, 0x06, 0x21,
    0x05, 0x21, 0x06, 0x21, 0x06, 0x21, 0x05, 0x19, 0x06, 0x21, 0x06, 0x19,
    0x06, 0x21, 0x06, 0x19, 0x06, 0x21, 0x05, 0x21, 0x06, 0x19, 0x05, 0x21,
    0x06, 0x21, 0x05, 0x21, 0x06, 0x19, 0x06, 0x21, 0x05, 0x21, 0x05, 0x19,
    0x06, 0x21, 0x06, 0x21, 0x05, 0x21, 0x06, 0x21, 0x06, 0x21, 0x05, 0x21,
    0x06, 0x19, 0x06, 0x21, 0x05, 0x21, 0x06, 0x21, 0x06, 0x19, 0x05, 0x21,
    0x05, 0x21, 0x06, 0x21, 0x06, 0x21, 0x05, 0x19, 0x06, 0x21, 0x06, 0x21,
    0x05, 0x21, 0x06, 0x21, 0x05, 0x19, 0x06, 0x21, 0x06, 0x21, 0x05, 0x19,
    0x06, 0x19, 0x06, 0x21, 0x05, 0x21, 0x06, 0x19, 0x06, 0x21, 0x05, 0x21,
    0x06, 0x21, 0x06, 0x19, 0x05, 0x21, 0x06, 0x21, 0x06, 0x19, 0x06, 0x21,
    0x06, 0x21, 0x05, 0x21, 0x06, 0x19, 0x05, 0x21, 0x06, 0x21, 0x05, 0x19,
    0x06, 0x21, 0x06, 0x21, 0x05, 0x19, 0x06, 0x21, 0x06, 0x21, 0x05, 0x21,
    0x06, 0x21, 0x05, 0x19, 0x05, 0x21, 0x06, 0x21, 0x05, 0x21, 0x06, 0x21,
    0x05, 0x21, 0x06, 0x21, 0x05, 0x19, 0x06, 0x21, 0x05, 0x21, 0x06, 0x19,
    0x06, 0x21, 0x05, 0x21, 0x05, 0x21, 0x06, 0x21, 0x06, 0x21, 0x05, 0x21,
    0x06, 0x21, 0x05, 0x21, 0x06, 0x21, 0x06, 0x19, 0x05, 0x21, 0x06, 0x21,
    0x05, 0x19, 0x06, 0x21, 0x05, 0x21, 0x06, 0x21, 0x05, 0x21, 0x06, 0x19,
    0x06, 0x21, 0x05, 0x21, 0x06, 0x19, 0x06, 0x21, 0x05, 0x21, 0x06, 0x21,
    0x06, 0x19, 0x05, 0x21, 0x06, 0x21, 0x06, 0x19, 0x05, 0x21, 0x06, 0x21,
    0x06, 0x19, 0x05, 0x21, 0x06, 0x19, 0x06, 0x21, 0x05, 0x19, 0x06, 0x21,
    0x06, 0x21, 0x05, 0x21, 0x06, 0x19, 0x06, 0x21, 0x05, 0x21, 0x06, 0x19,
    0x06, 0x21, 0x05, 0x21, 0x06, 0x19, 0x05, 0x21, 0x06, 0x21, 0x06, 0x21,
    0x05, 0x21, 0x06, 0x19, 0x05, 0x21, 0x06, 0x19, 0x06, 0x21, 0x05, 0x21,
    0x06, 0x21, 0x06, 0x21, 0x05, 0x19, 0x06, 0x21, 0x06, 0x21, 0x05, 0x21,
    0x05, 0x21, 0x06, 0x19, 0x05, 0x21, 0x06, 0x21, 0x06, 0x19, 0x05, 0x21,
    0x06, 0x21, 0x05, 0x21, 0x06, 0x19, 0x06, 0x21, 0x05, 0x21, 0x06, 0x21,
    0x05, 0x21, 0x06, 0x19, 0x06, 0x21, 0x05, 0x21, 0x06, 0x21, 0x06, 0x21,
    0x06, 0x19, 0x05, 0x21, 0x06, 0x21, 0x05, 0x21, 0x06, 0x21, 0x06, 0x19,
    0x05, 0x21, 0x06, 0x21, 0x06, 0x21, 0x05, 0x21, 0x06, 0x19, 0x06, 0x21,
    0x06, 0x21, 0x05, 0x21, 0x06, 0x21, 0x06, 0x19, 0x05, 0x21, 0x05, 0x21,
    0x06, 0x19, 0x06, 0x21, 0x05, 0x21, 0x06, 0x19, 0x06, 0x21, 0x05, 0x21,
    0x06, 0x19, 0x06, 0x21, 0x05, 0x21, 0x05, 0x19, 0x06, 0x21, 0x06, 0x21,
    0x05, 0x19, 0x06, 0x21, 0x06, 0x19, 0x05, 0x21, 0x06, 0x21, 0x06, 0x21,
    0x05, 0x21, 0x06, 0x21, 0x06, 0x19, 0x05, 0x21, 0x06, 0x21, 0x06, 0x19,
    0x05, 0x21, 0x06, 0x21, 0x06, 0x21, 0x05, 0x21, 0x06, 0x19, 0x06, 0x21,
    0x05, 0x21, 0x06, 0x21, 0x06, 0x21, 0x05, 0x21, 0x06, 0x21, 0x06, 0x21,
    0x05, 0x19, 0x06, 0x21, 0x05, 0x21, 0x06, 0x19, 0x06, 0x21, 0x05, 0x19,
    0x06, 0x21, 0x05, 0x21, 0x06, 0x21, 0x05, 0x21, 0x06, 0x21, 0x05, 0x21,
    0x06, 0x21, 0x06, 0x21, 0x05, 0x21, 0x06, 0x19, 0x05, 0x21, 0x06, 0x21,
    0x06, 0x19, 0x05, 0x21, 0x06, 0x21, 0x06, 0x19, 0x05, 0x21, 0x05, 0x21,
    0x06, 0x21, 0x05, 0x19, 0x05, 0x21, 0x06, 0x21, 0x06, 0x21, 0x05, 0x21,
    0x06, 0x19, 0x06, 0x21, 0x05, 0x21, 0x06, 0x21, 0x06, 0x19, 0x05, 0x21,
    0x06, 0x21, 0x06, 0x19, 0x05, 0x21, 0x06, 0x19, 0x06, 0x19, 0x05, 0x21,
    0x06, 0x21, 0x05, 0x21, 0x06, 0x21, 0x06, 0x21, 0x05, 0x19, 0x06, 0x21,
    0x06, 0x21, 0x06, 0x19, 0x05, 0x21, 0x06, 0x21, 0x06, 0x19, 0x05, 0x21,
    0x06, 0x21, 0x06, 0x19, 0x05, 0x21, 0x06, 0x21, 0x06, 0x21, 0x05, 0x21,
    0x06, 0x21, 0x05, 0x21, 0x06, 0x21, 0x05, 0x19, 0x06, 0x21, 0x06, 0x21,
    0x05, 0x21, 0x06, 0x21, 0x06, 0x21, 0x05, 0x19, 0x06, 0x21, 0x05, 0x21,
    0x06, 0x19, 0x06, 0x21, 0x06, 0x21, 0x05, 0x19, 0x06, 0x21, 0x06, 0x21,
    0x05, 0x19, 0x06, 0x21, 0x05, 0x21, 0x06, 0x21, 0x06, 0x19, 0x05, 0x21,
    0x06, 0x21, 0x06, 0x21, 0x06, 0x21, 0x06, 0x19, 0x05, 0x21, 0x06, 0x19,
    0x06, 0x21, 0x06, 0x21, 0x05, 0x19, 0x06, 0x21, 0x06, 0x21, 0x05, 0x21,
    0x06, 0x21, 0x06, 0x21, 0x06, 0x21, 0x05, 0x19, 0x06, 0x21, 0x06, 0x21,
    0x06, 0x19, 0x05, 0x21, 0x06, 0x21, 0x06, 0x19, 0x05, 0x21, 0x06, 0x21,
    0x06, 0x19, 0x06, 0x21, 0x05, 0x21, 0x06, 0x21, 0x06, 0x21, 0x05, 0x21,
    0x06, 0x19, 0x05, 0x21, 0x06, 0x21, 0x05, 0x21, 0x06, 0x19, 0x05, 0x21,
    0x06, 0x21, 0x05, 0x21, 0x06, 0x21, 0x05, 0x21, 0x05, 0x21, 0x06, 0x21,
    0x06, 0x21, 0x05, 0x21, 0x06, 0x21, 0x06, 0x21, 0x05, 0x19, 0x06, 0x21,
    0x06, 0x19, 0x05, 0x21, 0x06, 0x21, 0x06, 0x19, 0x05, 0x21, 0x06, 0x21,
    0x06, 0x21, 0x05, 0x19, 0x06, 0x21, 0x06, 0x21, 0x05, 0x21, 0x06, 0x19,
    0x06, 0x21, 0x05, 0x21, 0x06, 0x21, 0x06, 0x21, 0x05, 0x21, 0x06, 0x19,
    0x05, 0x19, 0x06, 0x21, 0x06, 0x21, 0x05, 0x21, 0x06, 0x19, 0x06, 0x21,
    0x05, 0x21, 0x06, 0x19, 0x06, 0x21, 0x05, 0x21, 0x06, 0x21, 0x06, 0x21,
    0x05, 0x21, 0x06, 0x21, 0x06, 0x21, 0x05, 0x21, 0x06, 0x19, 0x06, 0x21,
    0x05, 0x21, 0x06, 0x21, 0x05, 0x21, 0x06, 0x19, 0x05, 0x21, 0x06, 0x21,
    0x05, 0x19, 0x06, 0x21, 0x06, 0x21, 0x05, 0x19, 0x06, 0x21, 0x05, 0x21,
    0x06, 0x21, 0x05, 0x19, 0x06, 0x21, 0x06, 0x21, 0x05, 0x19, 0x06, 0x21,
    0x06, 0x19, 0x05, 0x21, 0x05, 0x19, 0x06, 0x21, 0x06, 0x21, 0x05, 0x21,
    0x06, 0x21, 0x06, 0x21, 0x05, 0x21, 0x06, 0x21, 0x06, 0x19, 0x05, 0x21,
    0x05, 0x21, 0x06, 0x21, 0x06, 0x21, 0x05, 0x21, 0x06, 0x19, 0x05, 0x21,
    0x05, 0x21, 0x06, 0x21, 0x06, 0x21, 0x05, 0x21, 0x06, 0x19, 0x06, 0x21,
    0x05, 0x19, 0x06, 0x21, 0x06, 0x21, 0x05, 0x21, 0x06, 0x21, 0x05, 0x21,
    0x06, 0x21, 0x06, 0x19, 0x05, 0x21, 0x06, 0x21, 0x05, 0x19, 0x06, 0x21,
    0x05, 0x21, 0x06, 0x19, 0x06, 0x21, 0x05, 0x19, 0x06, 0x21, 0x05, 0x21,
    0x06, 0x19, 0x06, 0x21, 0x05, 0x21, 0x06, 0x21, 0x05, 0x21, 0x06, 0x21,
    0x06, 0x21, 0x05, 0x19, 0x06, 0x21, 0x06, 0x19, 0x05, 0x21, 0x06, 0x21,
    0x06, 0x21, 0x05, 0x19, 0x06, 0x21, 0x06, 0x21, 0x05, 0x21, 0x06, 0x21,
    0x05, 0x21, 0x06, 0x19, 0x05, 0x21, 0x06, 0x21, 0x06, 0x21, 0x05, 0x21,
    0x06, 0x21, 0x06, 0x21, 0x05, 0x21, 0x06, 0x21, 0x06, 0x19, 0x05, 0x21,
    0x06, 0x21, 0x06, 0x21, 0x05, 0x19, 0x06, 0x21, 0x05, 0x21, 0x06, 0x21,
    0x06, 0x21, 0x05, 0x21, 0x06, 0x21, 0x06, 0x21, 0x05, 0x21, 0x06, 0x21,
    0x06, 0x19, 0x05, 0x21, 0x06, 0x19, 0x06, 0x21, 0x05, 0x21, 0x06, 0x21,
    0x05, 0x21, 0x06, 0x21, 0x06, 0x19, 0x05, 0x21, 0x06, 0x21, 0x05, 0x21,
    0x06, 0x21, 0x05, 0x19, 0x06, 0x21, 0x06, 0x21, 0x05, 0x19, 0x06, 0x21,
    0x06, 0x21, 0x05, 0x19, 0x06, 0x21, 0x06, 0x21, 0x05, 0x21, 0x06, 0x21,
    0x05, 0x19, 0x05, 0x21, 0x06, 0x21, 0x05, 0x19, 0x06, 0x21, 0x06, 0x21,
    0x05, 0x21, 0x05, 0x21, 0x06, 0x21, 0x05, 0x21, 0x06, 0x21, 0x06, 0x21,
    0x05, 0x21, 0x06, 0x21, 0x06, 0x21, 0x05, 0x21, 0x06, 0x21, 0x06, 0x21,
    0x05, 0x19, 0x06, 0x21, 0x05, 0x21, 0x06, 0x19, 0x06, 0x21, 0x05, 0x21,
    0x06, 0x21, 0x06, 0x19, 0x05, 0x21, 0x06, 0x21, 0x06, 0x21, 0x05, 0x19,
    0x06, 0x21, 0x05, 0x21, 0x06, 0x19, 0x06, 0x21, 0x05, 0x21, 0x06, 0x19,
    0x05, 0x21, 0x06, 0x21, 0x06, 0x19, 0x05, 0x21, 0x06, 0x21, 0x05, 0x21,
    0x06, 0x21, 0x06, 0x21, 0x05, 0x21, 0x06, 0x19, 0x06, 0x19, 0x05, 0x21,
    0x06, 0x21, 0x06, 0x21, 0x06, 0x21, 0x05, 0x21, 0x06, 0x21, 0x06, 0x21,
    0x06, 0x19, 0x05, 0x21, 0x06, 0x21, 0x06, 0x19, 0x06, 0x19, 0x05, 0x21,
    0x06, 0x21, 0x05, 0x19, 0x06, 0x21, 0x05, 0x21, 0x06, 0x21, 0x05, 0x21,
    0x06, 0x21, 0x06, 0x21, 0x05, 0x21, 0x06, 0x21, 0x06, 0x21, 0x05, 0x21,
    0x06, 0x21, 0x06, 0x21, 0x05, 0x21, 0x06, 0x19, 0x06, 0x21, 0x05, 0x21,
    0x06, 0x19, 0x05, 0x21, 0x06, 0x21, 0x06, 0x19, 0x05, 0x21, 0x06, 0x21,
    0x06, 0x21, 0x05, 0x21, 0x06, 0x19, 0x05, 0x21, 0x06, 0x21, 0x05, 0x21,
    0x06, 0x19, 0x06, 0x21, 0x06, 0x21, 0x05, 0x21, 0x06, 0x19, 0x06, 0x21,
    0x05, 0x21, 0x06, 0x19, 0x06, 0x19, 0x05, 0x21, 0x06, 0x21, 0x05, 0x21,
    0x06, 0x19, 0x06, 0x21, 0x05, 0x21, 0x06, 0x19, 0x06, 0x21, 0x06, 0x21,
    0x05, 0x19, 0x06, 0x21, 0x05, 0x21, 0x06, 0x21, 0x06, 0x19, 0x06, 0x21,
    0x06, 0x21, 0x05, 0x21, 0x06, 0x21, 0x05, 0x19, 0x06, 0x21, 0x06, 0x21,
    0x05, 0x21, 0x06, 0x21, 0x06, 0x21, 0x05, 0x21, 0x06, 0x19, 0x06, 0x21,
    0x05, 0x19, 0x06, 0x21, 0x06, 0x21, 0x05, 0x19, 0x06, 0x21, 0x06, 0x21,
    0x05, 0x19, 0x06, 0x21, 0x06, 0x19, 0x05, 0x21, 0x06, 0x21, 0x06, 0x21,
    0x06, 0x21, 0x05, 0x19, 0x06, 0x21, 0x06, 0x21, 0x05, 0x21, 0x06, 0x21,
    0x05, 0x21, 0x06, 0x19, 0x06, 0x21, 0x05, 0x21, 0x06, 0x19, 0x06, 0x19,
    0x05, 0x21, 0x06, 0x21, 0x05, 0x21, 0x06, 0x19, 0x06, 0x21, 0x05, 0x21,
    0x06, 0x21, 0x06, 0x21, 0x05, 0x21, 0x06, 0x19, 0x06, 0x21, 0x05, 0x21,
    0x06, 0x19, 0x06, 0x21, 0x05, 0x21, 0x06, 0x19, 0x06, 0x21, 0x05, 0x21,
    0x06, 0x19, 0x06, 0x21, 0x05, 0x21, 0x06, 0x21, 0x06, 0x19, 0x05, 0x21,
    0x06, 0x21, 0x06, 0x21, 0x05, 0x21, 0x06, 0x19, 0x06, 0x21, 0x05, 0x19,
    0x06, 0x21, 0x06, 0x21, 0x05, 0x21, 0x06, 0x19, 0x06, 0x21, 0x05, 0x21,
    0x06, 0x19, 0x06, 0x19, 0x05, 0x21, 0x06, 0x21, 0x06, 0x19, 0x05, 0x21,
    0x06, 0x21, 0x06, 0x19, 0x05, 0x21, 0x06, 0x21, 0x06, 0x19, 0x05, 0x21,
    0x06, 0x19, 0x06, 0x21, 0x05, 0x19, 0x06, 0x21, 0x06, 0x21, 0x05, 0x21,
    0x06, 0x21, 0x06, 0x21, 0x05, 0x21, 0x06, 0x19, 0x05, 0x21, 0x06, 0x21,
    0x06, 0x19, 0x05, 0x21, 0x06, 0x21, 0x05, 0x21, 0x06, 0x19, 0x06, 0x21,
    0x05, 0x21, 0x06, 0x19, 0x06, 0x21, 0x05, 0x21, 0x06, 0x21, 0x05, 0x19,
    0x06, 0x21, 0x06, 0x21, 0x05, 0x19, 0x06, 0x21, 0x06, 0x21, 0x05, 0x19,
    0x06, 0x21, 0x06, 0x21, 0x06, 0x19, 0x06, 0x21, 0x05, 0x21, 0x06, 0x21,
    0x06, 0x19, 0x06, 0x21, 0x05, 0x21, 0x06, 0x19, 0x06, 0x21, 0x05, 0x19,
    0x06, 0x21, 0x05, 0x19, 0x06, 0x21, 0x06, 0x19, 0x05, 0x19, 0x06, 0x21,
    0x05, 0x21, 0x06, 0x19, 0x06, 0x21, 0x05, 0x21, 0x05, 0x21, 0x06, 0x21,
    0x06, 0x21, 0x05, 0x21, 0x05, 0x21, 0x06, 0x19, 0x06, 0x21, 0x05, 0x21,
    0x06, 0x21, 0x06, 0x19, 0x05, 0x21, 0x05, 0x21, 0x06, 0x21, 0x06, 0x21,
    0x05, 0x21, 0x06, 0x21, 0x05, 0x21, 0x06, 0x21, 0x06, 0x19, 0x05, 0x21,
    0x06, 0x21, 0x05, 0x19, 0x06, 0x21, 0x05, 0x21, 0x06, 0x21, 0x06, 0x21,
    0x05, 0x19, 0x06, 0x21, 0x05, 0x21, 0x06, 0x19, 0x06, 0x19, 0x05, 0x21,
    0x06, 0x21, 0x05, 0x21, 0x06, 0x19, 0x06, 0x21, 0x05, 0x21, 0x06, 0x21,
    0x06, 0x21, 0x05, 0x19, 0x06, 0x21, 0x06, 0x19, 0x06, 0x21, 0x05, 0x19,
    0x06, 0x21, 0x05, 0x21, 0x06, 0x19, 0x05, 0x19, 0x06, 0x21, 0x05, 0x21,
    0x06, 0x19, 0x05, 0x19, 0x06, 0x21, 0x05, 0x21, 0x06, 0x21, 0x06, 0x21,
    0x05, 0x21, 0x06, 0x21, 0x06, 0x21, 0x05, 0x19, 0x06, 0x21, 0x05, 0x21,
    0x06, 0x19, 0x06, 0x21, 0x05, 0x21, 0x06, 0x21, 0x06, 0x19, 0x05, 0x21,
    0x06, 0x21, 0x05, 0x21, 0x06, 0x21, 0x05, 0x21, 0x06, 0x19, 0x06, 0x21,
    0x05, 0x21, 0x05, 0x21, 0x06, 0x21, 0x06, 0x21, 0x05, 0x19, 0x06, 0x21,
    0x06, 0x21, 0x05, 0x19, 0x06, 0x21, 0x06, 0x21, 0x05, 0x21, 0x06, 0x21,
    0x05, 0x21, 0x06, 0x21, 0x06, 0x21, 0x05, 0x21, 0x05, 0x19, 0x06, 0x21,
    0x05, 0x21, 0x06, 0x19, 0x06, 0x21, 0x05, 0x21, 0x06, 0x21, 0x05, 0x19,
    0x06, 0x21, 0x05, 0x21, 0x06, 0x19, 0x06, 0x21, 0x05, 0x21, 0x06, 0x21,
    0x06, 0x21, 0x05, 0x21, 0x06, 0x19, 0x05, 0x21, 0x06, 0x21, 0x05, 0x21,
    0x06, 0x21, 0x06, 0x21, 0x05, 0x21, 0x06, 0x21, 0x06, 0x19, 0x05, 0x21,
    0x06, 0x21, 0x06, 0x19, 0x05, 0x21, 0x06, 0x21, 0x06, 0x19, 0x05, 0x19,
    0x06, 0x21, 0x06, 0x21, 0x05, 0x21, 0x05, 0x21, 0x06, 0x21, 0x06, 0x21,
    0x05, 0x21, 0x06, 0x19, 0x06, 0x21, 0x05, 0x21, 0x06, 0x21, 0x06, 0x19,
    0x05, 0x21, 0x06, 0x21, 0x06, 0x19, 0x05, 0x21, 0x06, 0x21, 0x06, 0x21,
    0x05, 0x21, 0x06, 0x21, 0x06, 0x21, 0x05, 0x21, 0x06, 0x19, 0x06, 0x21,
    0x05, 0x21, 0x06, 0x19, 0x06, 0x21, 0x05, 0x21, 0x06, 0x21, 0x06, 0x21,
    0x05, 0x19, 0x06, 0x21, 0x06, 0x21, 0x05, 0x21, 0x06, 0x21, 0x05, 0x21,
    0x06, 0x19, 0x06, 0x21, 0x05, 0x21, 0x06, 0x19, 0x06, 0x21, 0x05, 0x21,
    0x06, 0x21, 0x06, 0x21, 0x05, 0x21, 0x06, 0x21, 0x06, 0x19, 0x05, 0x21,
    0x05, 0x21, 0x06, 0x21, 0x05, 0x21, 0x06, 0x21, 0x06, 0x21, 0x05, 0x21,
    0x06, 0x21, 0x05, 0x21, 0x06, 0x19, 0x05, 0x21, 0x06, 0x19, 0x05, 0x19,
    0x06, 0x21, 0x05, 0x19, 0x06, 0x21, 0x06, 0x21, 0x05, 0x21, 0x06, 0x21,
    0x06, 0x19, 0x05, 0x21, 0x06, 0x21, 0x06, 0x19, 0x05, 0x21, 0x06, 0x21,
    0x06, 0x21, 0x05, 0x21, 0x06, 0x21, 0x06, 0x21, 0x05, 0x21, 0x06, 0x21,
    0x06, 0x21, 0x05, 0x21, 0x05, 0x21, 0x06, 0x21, 0x06, 0x21, 0x05, 0x19,
    0x06, 0x21, 0x06, 0x21, 0x05, 0x21, 0x06, 0x21, 0x06, 0x19, 0x05, 0x21,
    0x05, 0x21, 0x06, 0x19, 0x06, 0x21, 0x05, 0x21, 0x06, 0x19, 0x06, 0x21,
    0x05, 0x21, 0x06, 0x21, 0x06, 0x21, 0x05, 0x21, 0x06, 0x21, 0x06, 0x21,
    0x05, 0x21, 0x06, 0x21, 0x06, 0x21, 0x05, 0x19, 0x06, 0x21, 0x06, 0x21,
    0x05, 0x19, 0x06, 0x19, 0x06, 0x21, 0x05, 0x21, 0x06, 0x21, 0x05, 0x19,
    0x06, 0x21, 0x06, 0x21, 0x05, 0x21, 0x06, 0x19, 0x06, 0x21, 0x05, 0x19,
    0x06, 0x21, 0x06, 0x19, 0x05, 0x21, 0x06, 0x21, 0x05, 0x19, 0x06, 0x21,
    0x06, 0x21, 0x05, 0x19, 0x06, 0x21, 0x06, 0x21, 0x05, 0x19, 0x06, 0x21,
    0x05, 0x21, 0x06, 0x21, 0x06, 0x19, 0x05, 0x21, 0x05, 0x21, 0x06, 0x21,
    0x06, 0x19, 0x05, 0x21, 0x06, 0x21, 0x06, 0x21, 0x05, 0x21, 0x05, 0x21,
    0x06, 0x21, 0x06, 0x19, 0x05, 0x21, 0x06, 0x21, 0x06, 0x21, 0x05, 0x21,
    0x06, 0x19, 0x06, 0x21, 0x06, 0x21, 0x05, 0x21, 0x06, 0x21, 0x06, 0x19,
    0x05, 0x21, 0x06, 0x21, 0x06, 0x21, 0x05, 0x19, 0x06, 0x21, 0x05, 0x19,
    0x06, 0x21, 0x06, 0x19, 0x05, 0x21, 0x06, 0x21, 0x06, 0x21, 0x05, 0x21,
    0x06, 0x21, 0x05, 0x19, 0x06, 0x21, 0x06, 0x21, 0x05, 0x21, 0x06, 0x21,
    0x06, 0x19, 0x05, 0x21, 0x06, 0x21, 0x06, 0x19, 0x05, 0x21, 0x06, 0x21,
    0x06, 0x21, 0x05, 0x19, 0x06, 0x21, 0x06, 0x21, 0x05, 0x21, 0x06, 0x21,
    0x06, 0x21, 0x05, 0x21, 0x06, 0x21, 0x05, 0x19, 0x06, 0x21, 0x06, 0x19,
    0x05, 0x21, 0x06, 0x19, 0x06, 0x21, 0x05, 0x21, 0x06, 0x19, 0x06, 0x21,
    0x05, 0x21, 0x06, 0x21, 0x05, 0x19, 0x06, 0x21, 0x06, 0x21, 0x05, 0x21,
    0x06, 0x21, 0x06, 0x19, 0x05, 0x21, 0x06, 0x21, 0x05, 0x19, 0x06, 0x21,
    0x06, 0x21, 0x05, 0x19, 0x06, 0x21, 0x06, 0x21, 0x05, 0x19, 0x06, 0x21,
    0x06, 0x19, 0x05, 0x21, 0x06, 0x21, 0x05, 0x19, 0x06, 0x21, 0x06, 0x21,
    0x05, 0x19, 0x06, 0x21, 0x05, 0x21, 0x06, 0x21, 0x06, 0x21, 0x05, 0x21,
    0x06, 0x21, 0x06, 0x19, 0x05, 0x21, 0x06, 0x21, 0x06, 0x19, 0x05, 0x19,
    0x06, 0x21, 0x05, 0x21, 0x06, 0x21, 0x06, 0x19, 0x05, 0x21, 0x06, 0x21,
    0x05, 0x21, 0x06, 0x19, 0x05, 0x21, 0x06, 0x21, 0x05, 0x19, 0x06, 0x21,
    0x05, 0x21, 0x06, 0x19, 0x05, 0x21, 0x06, 0x21, 0x05, 0x19, 0x06, 0x21,
    0x06, 0x21, 0x05, 0x21, 0x06, 0x21, 0x05, 0x19, 0x06, 0x21, 0x05, 0x21,
    0x06, 0x21, 0x06, 0x21, 0x05, 0x21, 0x06, 0x21, 0x06, 0x19, 0x05, 0x21,
    0x06, 0x21, 0x06, 0x21, 0x05, 0x21, 0x06, 0x21, 0x06, 0x19, 0x05, 0x21,
    0x05, 0x21, 0x06, 0x19, 0x05, 0x21, 0x06, 0x21, 0x06, 0x19, 0x05, 0x21,
    0x06, 0x21, 0x06, 0x19, 0x06, 0x21, 0x05, 0x19, 0x06, 0x21, 0x05, 0x19,
    0x06, 0x21, 0x06, 0x21, 0x05, 0x21, 0x06, 0x21, 0x06, 0x21, 0x05, 0x21,
    0x06, 0x21, 0x06, 0x21, 0x05, 0x21, 0x06, 0x19, 0x06, 0x21, 0x05, 0x21,
    0x06, 0x19, 0x05, 0x21, 0x06, 0x21, 0x06, 0x21, 0x05, 0x19, 0x06, 0x21,
    0x05, 0x21, 0x06, 0x19, 0x06, 0x21, 0x05, 0x19, 0x06, 0x19, 0x05, 0x21,
    0x06, 0x19, 0x06, 0x21, 0x05, 0x19, 0x06, 0x21, 0x06, 0x21, 0x05, 0x19,
    0x05, 0x21, 0x06, 0x21, 0x05, 0x19, 0x05, 0x21, 0x06, 0x21, 0x06, 0x21,
    0x05, 0x21, 0x06, 0x21, 0x06, 0x21, 0x05, 0x21, 0x06, 0x21, 0x05, 0x21,
    0x06, 0x21, 0x06, 0x19, 0x05, 0x21, 0x06, 0x21, 0x05, 0x19, 0x06, 0x21,
    0x06, 0x21, 0x05, 0x19, 0x06, 0x21, 0x05, 0x21, 0x06, 0x21, 0x06, 0x19,
    0x05, 0x21, 0x06, 0x21, 0x06, 0x21, 0x05, 0x19, 0x06, 0x21, 0x06, 0x21,
    0x05, 0x21, 0x06, 0x19, 0x05, 0x21, 0x06, 0x21, 0x06, 0x21, 0x06, 0x21,
    0x05, 0x21, 0x06, 0x19, 0x06, 0x21, 0x05, 0x21, 0x06, 0x19, 0x06, 0x21,
    0x05, 0x21, 0x06, 0x21, 0x06, 0x21, 0x05, 0x21, 0x06, 0x21, 0x06, 0x19,
    0x05, 0x21, 0x06, 0x21, 0x06, 0x21, 0x05, 0x21, 0x06, 0x21, 0x06, 0x21,
    0x05, 0x21, 0x06, 0x21, 0x05, 0x19, 0x06, 0x21, 0x06, 0x21, 0x05, 0x19,
    0x06, 0x19, 0x06, 0x21, 0x05, 0x21, 0x06, 0x21, 0x05, 0x21, 0x06, 0x21,
    0x05, 0x21, 0x06, 0x21, 0x05, 0x19, 0x06, 0x21, 0x06, 0x21, 0x05, 0x21,
    0x06, 0x21, 0x06, 0x21, 0x05, 0x21, 0x06, 0x21, 0x06, 0x21, 0x06, 0x21,
    0x05, 0x21, 0x06, 0x19, 0x05, 0x21, 0x06, 0x21, 0x05, 0x19, 0x06, 0x21,
    0x06, 0x21, 0x05, 0x19, 0x06, 0x21, 0x05, 0x21, 0x06, 0x19, 0x05, 0x21,
    0x06, 0x21, 0x06, 0x21, 0x05, 0x19, 0x06, 0x21, 0x06, 0x21, 0x05, 0x19,
    0x06, 0x21, 0x05, 0x21, 0x06, 0x19, 0x06, 0x21, 0x05, 0x19, 0x06, 0x19,
    0x05, 0x21, 0x06, 0x19, 0x06, 0x21, 0x05, 0x21, 0x06, 0x21, 0x05, 0x21,
    0x06, 0x21, 0x06, 0x19, 0x05, 0x21, 0x06, 0x21, 0x06, 0x19, 0x06, 0x21,
    0x06, 0x21, 0x06, 0x21, 0x05, 0x21, 0x06, 0x21, 0x06, 0x19, 0x05, 0x21,
    0x06, 0x19, 0x06, 0x21, 0x05, 0x21, 0x06, 0x21, 0x06, 0x21, 0x05, 0x21,
    0x06, 0x19, 0x05, 0x21, 0x06, 0x21, 0x06, 0x21, 0x05, 0x21, 0x06, 0x21,
    0x06, 0x21, 0x05, 0x19, 0x06, 0x21, 0x06, 0x21, 0x05, 0x19, 0x06, 0x21,
    0x05, 0x21, 0x06, 0x21, 0x06, 0x21, 0x05, 0x19, 0x06, 0x21, 0x05, 0x19,
    0x05, 0x21, 0x06, 0x21, 0x06, 0x21, 0x05, 0x19, 0x06, 0x21, 0x06, 0x21,
    0x05, 0x21, 0x06, 0x21, 0x06, 0x19, 0x05, 0x21, 0x06, 0x21, 0x06, 0x19,
    0x05, 0x21, 0x06, 0x21, 0x06, 0x21, 0x06, 0x21, 0x05, 0x21, 0x06, 0x21,
    0x06, 0x19, 0x05, 0x21, 0x06, 0x21, 0x06, 0x19, 0x05, 0x21, 0x06, 0x21,
    0x05, 0x21, 0x06, 0x19, 0x06, 0x21, 0x05, 0x21, 0x06, 0x21, 0x06, 0x19,
    0x05, 0x21, 0x06, 0x19, 0x06, 0x21, 0x05, 0x21, 0x05, 0x21, 0x06, 0x21,
    0x06, 0x19, 0x05, 0x21, 0x06, 0x19, 0x05, 0x21, 0x06, 0x21, 0x06, 0x21,
    0x05, 0x21, 0x06, 0x19, 0x06, 0x21, 0x05, 0x21, 0x06, 0x19, 0x05, 0x21,
    0x06, 0x21, 0x06, 0x21, 0x05, 0x21, 0x06, 0x21, 0x06, 0x21, 0x05, 0x19,
    0x06, 0x21, 0x06, 0x21, 0x05, 0x19, 0x06, 0x19, 0x06, 0x21, 0x05, 0x21,
    0x06, 0x21, 0x06, 0x21, 0x05, 0x19, 0x06, 0x21, 0x05, 0x21, 0x06, 0x19,
    0x06, 0x21, 0x05, 0x21, 0x06, 0x21, 0x06, 0x21, 0x05, 0x19, 0x06, 0x21,
    0x06, 0x21, 0x05, 0x21, 0x06, 0x19, 0x05, 0x21, 0x06, 0x21, 0x06, 0x21,
    0x05, 0x21, 0x06, 0x21, 0x06, 0x19, 0x05, 0x21, 0x06, 0x21, 0x06, 0x19,
    0x05, 0x21, 0x06, 0x21, 0x06, 0x21, 0x06, 0x21, 0x06, 0x19, 0x05, 0x21,
    0x06, 0x21, 0x06, 0x19, 0x05, 0x21, 0x06, 0x19, 0x06, 0x21, 0x05, 0x19,
    0x06, 0x21, 0x05, 0x21, 0x06, 0x19, 0x06, 0x21, 0x05, 0x21, 0x06, 0x19,
    0x05, 0x21, 0x06, 0x21, 0x06, 0x19, 0x05, 0x21, 0x06, 0x21, 0x06, 0x19,
    0x05, 0x21, 0x06, 0x21, 0x06, 0x21, 0x05, 0x21, 0x06, 0x21, 0x06, 0x19,
    0x05, 0x21, 0x06, 0x21, 0x06, 0x21, 0x05, 0x19, 0x06, 0x21, 0x05, 0x21,
    0x05, 0x19, 0x06, 0x21, 0x06, 0x21, 0x05, 0x21, 0x06, 0x21, 0x06, 0x21,
    0x05, 0x21, 0x06, 0x19, 0x06, 0x21, 0x05, 0x21, 0x06, 0x19, 0x06, 0x21,
    0x05, 0x21, 0x06, 0x19, 0x06, 0x21, 0x05, 0x19, 0x06, 0x21, 0x06, 0x19,
    0x06, 0x19, 0x05, 0x21, 0x06, 0x21, 0x06, 0x21, 0x05, 0x19, 0x06, 0x21,
    0x06, 0x21, 0x05, 0x21, 0x06, 0x21, 0x06, 0x19, 0x05, 0x21, 0x06, 0x19,
    0x06, 0x19, 0x06, 0x21, 0x05, 0x21, 0x06, 0x21, 0x05, 0x19, 0x06, 0x21,
    0x05, 0x19, 0x06, 0x21, 0x06, 0x19, 0x05, 0x19, 0x05, 0x21, 0x06, 0x21,
    0x05, 0x19, 0x06, 0x21, 0x06, 0x21, 0x05, 0x21, 0x06, 0x21, 0x06, 0x19,
    0x05, 0x21, 0x06, 0x21, 0x06, 0x19, 0x05, 0x21, 0x06, 0x21, 0x06, 0x21,
    0x05, 0x19, 0x06, 0x21, 0x06, 0x21, 0x05, 0x21, 0x06, 0x21, 0x05, 0x21,
    0x06, 0x21, 0x06, 0x21, 0x05, 0x21, 0x06, 0x21, 0x06, 0x21, 0x05, 0x21,
    0x06, 0x21, 0x06, 0x21, 0x05, 0x19, 0x06, 0x21, 0x06, 0x21, 0x05, 0x19,
    0x06, 0x21, 0x05, 0x21, 0x06, 0x21, 0x05, 0x21, 0x05, 0x21, 0x06, 0x21,
    0x05, 0x21, 0x05, 0x19, 0x06, 0x19, 0x06, 0x21, 0x05, 0x21, 0x06, 0x21,
    0x05, 0x21, 0x06, 0x21, 0x06, 0x19, 0x05, 0x21, 0x06, 0x21, 0x06, 0x19,
    0x05, 0x21, 0x06, 0x21, 0x06, 0x19, 0x05, 0x21, 0x06, 0x21, 0x05, 0x19,
    0x06, 0x21, 0x05, 0x21, 0x06, 0x21, 0x06, 0x21, 0x05, 0x21, 0x06, 0x21,
    0x06, 0x21, 0x05, 0x19, 0x06, 0x21, 0x06, 0x21, 0x05, 0x21, 0x06, 0x21,
    0x06, 0x21, 0x06, 0x19, 0x05, 0x21, 0x06, 0x21, 0x05, 0x21, 0x06, 0x21,
    0x06, 0x21, 0x05, 0x21, 0x06, 0x19, 0x06, 0x21, 0x05, 0x21, 0x06, 0x21,
    0x06, 0x21, 0x05, 0x19, 0x06, 0x21, 0x05, 0x21, 0x06, 0x19, 0x06, 0x21,
    0x05, 0x21, 0x06, 0x21, 0x06, 0x21, 0x05, 0x21, 0x06, 0x21, 0x06, 0x19,
    0x05, 0x21, 0x06, 0x21, 0x05, 0x21, 0x06, 0x19, 0x06, 0x21, 0x05, 0x21,
    0x06, 0x21, 0x06, 0x19, 0x05, 0x21, 0x06, 0x21, 0x06, 0x19, 0x06, 0x21,
    0x05, 0x21, 0x06, 0x21, 0x06, 0x21, 0x05, 0x19, 0x06, 0x21, 0x05, 0x21,
    0x06, 0x19, 0x06, 0x21, 0x06, 0x21, 0x05, 0x21, 0x06, 0x21, 0x06, 0x21,
    0x05, 0x21, 0x06, 0x19, 0x05, 0x21, 0x06, 0x21, 0x05, 0x19, 0x06, 0x21,
    0x06, 0x21, 0x05, 0x21, 0x06, 0x21, 0x05, 0x21, 0x06, 0x21, 0x06, 0x19,
    0x05, 0x21, 0x06, 0x19, 0x05, 0x21, 0x06, 0x21, 0x06, 0x21, 0x05, 0x21,
    0x06, 0x21, 0x06, 0x19, 0x05, 0x21, 0x06, 0x21, 0x05, 0x19, 0x06, 0x21,
    0x06, 0x21, 0x05, 0x21, 0x06, 0x21, 0x06, 0x21, 0x05, 0x21, 0x06, 0x21,
    0x06, 0x21, 0x05, 0x21, 0x06, 0x21, 0x05, 0x21, 0x06, 0x21, 0x06, 0x21,
    0x05, 0x21, 0x06, 0x21, 0x06, 0x19, 0x05, 0x21, 0x06, 0x21, 0x06, 0x21,
    0x05, 0x19, 0x06, 0x21, 0x06, 0x21, 0x05, 0x19, 0x06, 0x21, 0x06, 0x21,
    0x05, 0x21, 0x06, 0x19, 0x06, 0x21, 0x05, 0x21, 0x06, 0x21, 0x06, 0x21,
    0x05, 0x21, 0x06, 0x21, 0x06, 0x21, 0x05, 0x21, 0x06, 0x19, 0x06, 0x21,
    0x05, 0x21, 0x06, 0x21, 0x05, 0x19, 0x06, 0x21, 0x05, 0x21, 0x06, 0x19,
    0x06, 0x21, 0x05, 0x21, 0x06, 0x21, 0x06, 0x21, 0x05, 0x19, 0x06, 0x21,
    0x06, 0x21, 0x05, 0x19, 0x06, 0x21, 0x05, 0x21, 0x06, 0x19, 0x06, 0x21,
    0x05, 0x21, 0x06, 0x19, 0x05, 0x21, 0x06, 0x21, 0x05, 0x19, 0x06, 0x21,
    0x05, 0x21, 0x06, 0x21, 0x06, 0x21, 0x05, 0x21, 0x06, 0x21, 0x05, 0x21,
    0x06, 0x21, 0x05, 0x21, 0x06, 0x21, 0x06, 0x19, 0x05, 0x21, 0x06, 0x21,
    0x05, 0x21, 0x06, 0x21, 0x06, 0x21, 0x05, 0x19, 0x06, 0x21, 0x06, 0x21,
    0x05, 0x21, 0x06, 0x21, 0x05, 0x19, 0x06, 0x21, 0x06, 0x21, 0x05, 0x21,
    0x06, 0x21, 0x06, 0x21, 0x05, 0x21, 0x06, 0x21, 0x06, 0x21, 0x06, 0x21,
    0x05, 0x19, 0x06, 0x21, 0x06, 0x21, 0x05, 0x21, 0x06, 0x19, 0x06, 0x21,
    0x05, 0x21, 0x06, 0x21, 0x05, 0x21, 0x06, 0x21, 0x06, 0x21, 0x05, 0x21,
    0x06, 0x21, 0x06, 0x19, 0x05, 0x21, 0x06, 0x21, 0x06, 0x19, 0x05, 0x19,
    0x06, 0x21, 0x06, 0x19, 0x05, 0x21, 0x06, 0x19, 0x05, 0x21, 0x06, 0x21,
    0x06, 0x19, 0x05, 0x21, 0x06, 0x21, 0x05, 0x21, 0x06, 0x21, 0x06, 0x19,
    0x05, 0x21, 0x06, 0x21, 0x06, 0x19, 0x06, 0x21, 0x06, 0x19, 0x05, 0x21,
    0x06, 0x21, 0x06, 0x21, 0x05, 0x21, 0x06, 0x21, 0x06, 0x19, 0x05, 0x21,
    0x06, 0x21, 0x06, 0x19, 0x05, 0x21, 0x06, 0x21, 0x05, 0x21, 0x06, 0x19,
    0x06, 0x21, 0x05, 0x21, 0x06, 0x21, 0x06, 0x21, 0x05, 0x19, 0x06, 0x21,
    0x06, 0x21, 0x05, 0x19, 0x06, 0x21, 0x06, 0x21, 0x05, 0x19, 0x05, 0x19,
    0x06, 0x21, 0x06, 0x21, 0x05, 0x19, 0x06, 0x21, 0x05, 0x21, 0x06, 0x19,
    0x06, 0x21, 0x05, 0x21, 0x06, 0x21, 0x06, 0x19, 0x05, 0x21, 0x06, 0x21,
    0x06, 0x19, 0x05, 0x19, 0x06, 0x21, 0x05, 0x21, 0x06, 0x21, 0x05, 0x19,
    0x06, 0x21, 0x05, 0x21, 0x06, 0x21, 0x06, 0x19, 0x05, 0x21, 0x05, 0x21,
    0x06, 0x19, 0x05, 0x21, 0x06, 0x19, 0x06, 0x21, 0x05, 0x21, 0x06, 0x19,
    0x06, 0x21, 0x06, 0x21, 0x05, 0x21, 0x06, 0x21, 0x06, 0x19, 0x05, 0x21,
    0x05, 0x21, 0x06, 0x21, 0x06, 0x21, 0x05, 0x21, 0x05, 0x21, 0x06, 0x21,
    0x06, 0x21, 0x05, 0x19, 0x06, 0x21, 0x06, 0x21, 0x05, 0x21, 0x06, 0x21,
    0x06, 0x19, 0x05, 0x21, 0x06, 0x21, 0x05, 0x19, 0x06, 0x21, 0x06, 0x19,
    0x05, 0x21, 0x06, 0x21, 0x06, 0x19, 0x06, 0x21, 0x05, 0x21, 0x06, 0x19,
    0x06, 0x21, 0x05, 0x21, 0x06, 0x19, 0x06, 0x21, 0x05, 0x21, 0x06, 0x21,
    0x05, 0x21, 0x06, 0x21, 0x06, 0x21, 0x05, 0x19, 0x06, 0x21, 0x06, 0x19,
    0x05, 0x21, 0x06, 0x21, 0x05, 0x21, 0x06, 0x19, 0x06, 0x21, 0x05, 0x21,
    0x06, 0x21, 0x05, 0x19, 0x06, 0x19, 0x06, 0x21, 0x05, 0x21, 0x06, 0x19,
    0x05, 0x19, 0x06, 0x21, 0x06, 0x19, 0x05, 0x19, 0x06, 0x21, 0x06, 0x19,
    0x05, 0x21, 0x06, 0x21, 0x06, 0x19, 0x05, 0x21, 0x05, 0x21, 0x06, 0x19,
    0x05, 0x21, 0x06, 0x21, 0x05, 0x21, 0x06, 0x21, 0x05, 0x21, 0x06, 0x21,
    0x05, 0x21, 0x06, 0x21, 0x06, 0x21, 0x05, 0x19, 0x06, 0x21, 0x05, 0x21,
    0x06, 0x19, 0x06, 0x21, 0x05, 0x19, 0x06, 0x21, 0x05, 0x21, 0x06, 0x21,
    0x05, 0x19, 0x06, 0x21, 0x06, 0x21, 0x05, 0x19, 0x06, 0x21, 0x06, 0x21,
    0x05, 0x21, 0x06, 0x21, 0x05, 0x19, 0x06, 0x21, 0x06, 0x21, 0x05, 0x21,
    0x06, 0x21, 0x06, 0x21, 0x06, 0x21, 0x05, 0x21, 0x06, 0x21, 0x06, 0x19,
    0x05, 0x21, 0x06, 0x21, 0x06, 0x21, 0x05, 0x21, 0x06, 0x21, 0x06, 0x21,
    0x05, 0x19, 0x06, 0x21, 0x06, 0x21, 0x05, 0x19, 0x06, 0x21, 0x06, 0x21,
    0x05, 0x19, 0x06, 0x21, 0x06, 0x21, 0x05, 0x21, 0x06, 0x19, 0x06, 0x21,
    0x05, 0x21, 0x06, 0x19, 0x05, 0x21, 0x06, 0x21, 0x05, 0x19, 0x06, 0x21,
    0x06, 0x21, 0x05, 0x21, 0x06, 0x21, 0x06, 0x21, 0x05, 0x19, 0x06, 0x21,
    0x06, 0x21, 0x05, 0x19, 0x06, 0x21, 0x05, 0x21, 0x06, 0x19, 0x06, 0x21,
    0x05, 0x21, 0x06, 0x21, 0x06, 0x21, 0x05, 0x19, 0x06, 0x21, 0x06, 0x21,
    0x05, 0x19, 0x06, 0x21, 0x06, 0x19, 0x05, 0x21, 0x06, 0x21, 0x06, 0x19,
    0x05, 0x21, 0x06, 0x21, 0x06, 0x21, 0x05, 0x21, 0x05, 0x21, 0x06, 0x21,
    0x06, 0x21, 0x05, 0x21, 0x06, 0x21, 0x06, 0x19, 0x05, 0x21, 0x06, 0x21,
    0x05, 0x19, 0x06, 0x21, 0x06, 0x21, 0x05, 0x19, 0x06, 0x21, 0x05, 0x21,
    0x06, 0x21, 0x06, 0x21, 0x05, 0x21, 0x06, 0x21, 0x05, 0x19, 0x06, 0x21,
    0x06, 0x21, 0x05, 0x19, 0x06, 0x19, 0x06, 0x21, 0x05, 0x21, 0x06, 0x21,
    0x05, 0x21, 0x06, 0x19, 0x06, 0x21, 0x05, 0x21, 0x06, 0x21, 0x06, 0x19,
    0x05, 0x21, 0x06, 0x21, 0x05, 0x19, 0x06, 0x21, 0x05, 0x21, 0x06, 0x21,
    0x06, 0x21, 0x05, 0x21, 0x06, 0x19, 0x06, 0x21, 0x05, 0x21, 0x06, 0x21,
    0x06, 0x21, 0x05, 0x21, 0x06, 0x21, 0x06, 0x21, 0x05, 0x21, 0x06, 0x19,
    0x06, 0x21, 0x05, 0x21, 0x05, 0x19, 0x06, 0x21, 0x06, 0x21, 0x05, 0x19,
    0x06, 0x21, 0x05, 0x21, 0x06, 0x21, 0x06, 0x21, 0x05, 0x21, 0x06, 0x19,
    0x06, 0x21, 0x05, 0x21, 0x06, 0x21, 0x06, 0x21, 0x05, 0x21, 0x06, 0x21,
    0x06, 0x21, 0x06, 0x21, 0x05, 0x19, 0x06, 0x21, 0x05, 0x21, 0x06, 0x19,
    0x05, 0x21, 0x05, 0x21, 0x06, 0x19, 0x06, 0x21, 0x05, 0x21, 0x06, 0x21,
    0x06, 0x19, 0x06, 0x21, 0x05, 0x19, 0x06, 0x21, 0x06, 0x19, 0x05, 0x21,
    0x06, 0x21, 0x06, 0x21, 0x05, 0x21, 0x06, 0x19, 0x05, 0x21, 0x06, 0x21,
    0x06, 0x19, 0x05, 0x21, 0x06, 0x21, 0x05, 0x21, 0x06, 0x21, 0x06, 0x19,
    0x05, 0x21, 0x06, 0x21, 0x05, 0x21, 0x06, 0x21, 0x05, 0x21, 0x06, 0x21,
    0x06, 0x21, 0x05, 0x21, 0x05, 0x21, 0x06, 0x19, 0x06, 0x21, 0x05, 0x19,
    0x06, 0x21, 0x06, 0x21, 0x05, 0x19, 0x06, 0x21, 0x06, 0x21, 0x05, 0x21,
    0x06, 0x21, 0x06, 0x19, 0x05, 0x21, 0x06, 0x21, 0x06, 0x21, 0x05, 0x19,
    0x06, 0x21, 0x06, 0x21, 0x05, 0x21, 0x06, 0x21, 0x05, 0x21, 0x06, 0x19,
    0x06, 0x21, 0x05, 0x21, 0x06, 0x21, 0x06, 0x21, 0x05, 0x21, 0x06, 0x21,
    0x05, 0x21, 0x06, 0x19, 0x05, 0x21, 0x06, 0x21, 0x06, 0x21, 0x06, 0x21,
    0x06, 0x21, 0x05, 0x19, 0x06, 0x21, 0x06, 0x19, 0x05, 0x21, 0x06, 0x21,
    0x06, 0x19, 0x05, 0x19, 0x06, 0x21, 0x05, 0x21, 0x06, 0x21, 0x06, 0x19,
    0x05, 0x21, 0x06, 0x21, 0x06, 0x19, 0x05, 0x21, 0x06, 0x21, 0x06, 0x19,
    0x05, 0x21, 0x06, 0x21, 0x06, 0x21, 0x05, 0x21, 0x06, 0x21, 0x06, 0x19,
    0x05, 0x21, 0x06, 0x21, 0x06, 0x19, 0x05, 0x21, 0x06, 0x19, 0x05, 0x21,
    0x06, 0x19, 0x05, 0x21, 0x06, 0x19, 0x05, 0x21, 0x06, 0x21, 0x06, 0x19,
    0x05, 0x21, 0x05, 0x21, 0x06, 0x19, 0x06, 0x21, 0x05, 0x19, 0x06, 0x21,
    0x06, 0x21, 0x05, 0x21, 0x06, 0x19, 0x05, 0x21, 0x05, 0x21, 0x06, 0x19,
    0x06, 0x21, 0x05, 0x21, 0x06, 0x19, 0x06, 0x21, 0x05, 0x21, 0x05, 0x21,
    0x06, 0x21, 0x06, 0x19, 0x05, 0x21, 0x06, 0x21, 0x06, 0x21, 0x05, 0x21,
    0x06, 0x19, 0x05, 0x21, 0x06, 0x19, 0x06, 0x21, 0x05, 0x21, 0x06, 0x21,
    0x05, 0x19, 0x06, 0x21, 0x06, 0x21, 0x05, 0x19, 0x06, 0x21, 0x05, 0x21,
    0x06, 0x19, 0x05, 0x21, 0x06, 0x21, 0x06, 0x19, 0x05, 0x21, 0x06, 0x21,
    0x05, 0x21, 0x06, 0x21, 0x06, 0x21, 0x05, 0x21, 0x06, 0x19, 0x05, 0x21,
    0x06, 0x19, 0x05, 0x21, 0x06, 0x19, 0x06, 0x21, 0x05, 0x19, 0x06, 0x21,
    0x06, 0x21, 0x05, 0x19, 0x06, 0x21, 0x05, 0x21, 0x06, 0x21, 0x06, 0x21,
    0x05, 0x21, 0x06, 0x21, 0x05, 0x21, 0x06, 0x21, 0x06, 0x19, 0x05, 0x21,
    0x06, 0x21, 0x06, 0x19, 0x05, 0x19, 0x06, 0x21, 0x05, 0x21, 0x06, 0x21,
    0x05, 0x21, 0x06, 0x21, 0x06, 0x21, 0x05, 0x21, 0x06, 0x21, 0x06, 0x19,
    0x05, 0x21, 0x06, 0x21, 0x05, 0x21, 0x06, 0x19, 0x06, 0x21, 0x05, 0x21,
    0x06, 0x21, 0x06, 0x21, 0x05, 0x21, 0x06, 0x19, 0x06, 0x21, 0x05, 0x21,
    0x06, 0x19, 0x05, 0x21, 0x06, 0x21, 0x06, 0x21, 0x05, 0x19, 0x06, 0x21,
    0x06, 0x21, 0x06, 0x19, 0x05, 0x21, 0x06, 0x19, 0x06, 0x21, 0x05, 0x21,
    0x06, 0x21, 0x06, 0x21, 0x05, 0x21, 0x06, 0x19, 0x06, 0x21, 0x05, 0x21,
    0x06, 0x21, 0x06, 0x21, 0x05, 0x21, 0x06, 0x19, 0x06, 0x21, 0x05, 0x21,
    0x06, 0x21, 0x06, 0x21, 0x05, 0x19, 0x06, 0x19, 0x05, 0x21, 0x06, 0x19,
    0x06, 0x19, 0x05, 0x21, 0x06, 0x21, 0x06, 0x21, 0x05, 0x21, 0x06, 0x21,
    0x06, 0x21, 0x06, 0x21, 0x05, 0x21, 0x06, 0x19, 0x06, 0x21, 0x05, 0x21,
    0x05, 0x19, 0x06, 0x21, 0x06, 0x21, 0x05, 0x21, 0x06, 0x19, 0x06, 0x21,
    0x06, 0x21, 0x05, 0x19, 0x06, 0x21, 0x06, 0x21, 0x05, 0x19, 0x06, 0x21,
    0x06, 0x21, 0x05, 0x21, 0x06, 0x21, 0x06, 0x19, 0x05, 0x21, 0x06, 0x21,
    0x05, 0x21, 0x06, 0x21, 0x06, 0x19, 0x05, 0x21, 0x06, 0x19, 0x06, 0x21,
    0x05, 0x19, 0x06, 0x21, 0x06, 0x21, 0x06, 0x19, 0x05, 0x21, 0x06, 0x21,
    0x06, 0x21, 0x05, 0x19, 0x06, 0x21, 0x05, 0x21, 0x06, 0x19, 0x06, 0x21,
    0x05, 0x21, 0x05, 0x21, 0x06, 0x21, 0x06, 0x19, 0x05, 0x21, 0x06, 0x21,
    0x05, 0x21, 0x06, 0x19, 0x06, 0x21, 0x05, 0x21, 0x06, 0x21, 0x06, 0x21,
    0x05, 0x21, 0x06, 0x21, 0x06, 0x21, 0x05, 0x19, 0x05, 0x21, 0x06, 0x21,
    0x06, 0x21, 0x05, 0x21, 0x06, 0x21, 0x06, 0x19, 0x05, 0x21, 0x06, 0x19,
    0x05, 0x21, 0x06, 0x21, 0x06, 0x21, 0x05, 0x21, 0x06, 0x21, 0x06, 0x19,
    0x05, 0x21, 0x06, 0x21, 0x06, 0x21, 0x05, 0x19, 0x06, 0x21, 0x06, 0x21,
    0x05, 0x21, 0x06, 0x21, 0x05, 0x21, 0x06, 0x21, 0x06, 0x21, 0x05, 0x21,
    0x06, 0x19, 0x06, 0x21, 0x05, 0x21, 0x06, 0x19, 0x05, 0x21, 0x06, 0x21,
    0x05, 0x21, 0x06, 0x19, 0x06, 0x21, 0x05, 0x21, 0x06, 0x21, 0x06, 0x21,
    0x05, 0x21, 0x06, 0x21, 0x06, 0x19, 0x05, 0x21, 0x06, 0x21, 0x06, 0x19,
    0x05, 0x21, 0x06, 0x21, 0x06, 0x21, 0x05, 0x21, 0x06, 0x19, 0x06, 0x21,
    0x05, 0x21, 0x06, 0x19, 0x06, 0x21, 0x05, 0x21, 0x06, 0x21, 0x06, 0x21,
    0x05, 0x21, 0x06, 0x21, 0x05, 0x21, 0x06, 0x19, 0x06, 0x21, 0x05, 0x21,
    0x06, 0x19, 0x06, 0x21, 0x05, 0x21, 0x06, 0x19, 0x06, 0x21, 0x05, 0x21,
    0x06, 0x19, 0x06, 0x21, 0x05, 0x21, 0x06, 0x21, 0x05, 0x19, 0x06, 0x21,
    0x06, 0x21, 0x05, 0x21, 0x06, 0x21, 0x06, 0x21, 0x05, 0x19, 0x06, 0x21,
    0x06, 0x21, 0x05, 0x21, 0x06, 0x19, 0x05, 0x21, 0x06, 0x21, 0x06, 0x21,
    0x05, 0x19, 0x06, 0x21, 0x05, 0x21, 0x06, 0x19, 0x06, 0x21, 0x05, 0x21,
    0x06, 0x21, 0x06, 0x21, 0x05, 0x21, 0x06, 0x21, 0x06, 0x19, 0x05, 0x21,
    0x06, 0x21, 0x06, 0x19, 0x05, 0x21, 0x06, 0x21, 0x06, 0x19, 0x05, 0x21,
    0x06, 0x19, 0x06, 0x21, 0x06, 0x19, 0x05, 0x21, 0x06, 0x21, 0x06, 0x21,
    0x05, 0x21, 0x06, 0x21, 0x05, 0x21, 0x06, 0x21, 0x06, 0x19, 0x06, 0x21,
    0x05, 0x21, 0x06, 0x19, 0x06, 0x21, 0x05, 0x21, 0x06, 0x21, 0x05, 0x19,
    0x06, 0x21, 0x06, 0x21, 0x05, 0x19, 0x06, 0x21, 0x06, 0x21, 0x05, 0x19,
    0x05, 0x21, 0x06, 0x21, 0x06, 0x19, 0x05, 0x21, 0x06, 0x21, 0x06, 0x21,
    0x05, 0x19, 0x06, 0x21, 0x06, 0x21, 0x05, 0x19, 0x06, 0x21, 0x05, 0x21,
    0x05, 0x21, 0x06, 0x19, 0x05, 0x21, 0x06, 0x21, 0x05, 0x21, 0x06, 0x19,
    0x05, 0x21, 0x06, 0x19, 0x06, 0x21, 0x05, 0x21, 0x06, 0x21, 0x06, 0x21,
    0x05, 0x19, 0x06, 0x21, 0x06, 0x21, 0x05, 0x19, 0x06, 0x21, 0x05, 0x21,
    0x06, 0x19, 0x06, 0x21, 0x05, 0x21, 0x06, 0x21, 0x06, 0x21, 0x05, 0x21,
    0x06, 0x21, 0x06, 0x21, 0x05, 0x19, 0x06, 0x21, 0x06, 0x21, 0x05, 0x19,
    0x06, 0x21, 0x06, 0x19, 0x05, 0x21, 0x06, 0x21, 0x06, 0x21, 0x05, 0x21,
    0x06, 0x19, 0x06, 0x21, 0x05, 0x21, 0x06, 0x21, 0x05, 0x21, 0x05, 0x21,
    0x06, 0x21, 0x06, 0x21, 0x05, 0x21, 0x05, 0x21, 0x06, 0x21, 0x05, 0x21,
    0x06, 0x19, 0x05, 0x21, 0x05, 0x21, 0x06, 0x19, 0x06, 0x21, 0x05, 0x21,
    0x06, 0x19, 0x06, 0x21, 0x05, 0x21, 0x06, 0x21, 0x06, 0x19, 0x05, 0x21,
    0x06, 0x21, 0x05, 0x21, 0x05, 0x19, 0x06, 0x21, 0x06, 0x21, 0x05, 0x21,
    0x06, 0x21, 0x06, 0x21, 0x05, 0x21, 0x06, 0x21, 0x06, 0x21, 0x05, 0x21,
    0x06, 0x19, 0x06, 0x21, 0x05, 0x21, 0x06, 0x19, 0x06, 0x21, 0x05, 0x21,
    0x06, 0x21, 0x06, 0x21, 0x05, 0x21, 0x06, 0x19, 0x05, 0x21, 0x06, 0x19,
    0x06, 0x19, 0x05, 0x21, 0x06, 0x21, 0x06, 0x19, 0x05, 0x21, 0x06, 0x21,
    0x06, 0x19, 0x05, 0x19, 0x06, 0x21, 0x06, 0x21, 0x05, 0x21, 0x06, 0x21,
    0x05, 0x21, 0x06, 0x19, 0x05, 0x21, 0x06, 0x21, 0x05, 0x19, 0x06, 0x21,
    0x06, 0x21, 0x05, 0x21, 0x06, 0x21, 0x06, 0x21, 0x05, 0x21, 0x06, 0x19,
    0x06, 0x21, 0x05, 0x21, 0x06, 0x19, 0x06, 0x19, 0x05, 0x21, 0x06, 0x21,
    0x05, 0x19, 0x06, 0x21, 0x06, 0x21, 0x05, 0x21, 0x06, 0x19, 0x06, 0x21,
    0x05, 0x21, 0x06, 0x21, 0x06, 0x21, 0x05, 0x19, 0x05, 0x21, 0x06, 0x21,
    0x06, 0x19, 0x05, 0x21, 0x06, 0x21, 0x06, 0x21, 0x05, 0x21, 0x06, 0x21,
    0x05, 0x21, 0x06, 0x21, 0x06, 0x19, 0x05, 0x21, 0x06, 0x21, 0x06, 0x21,
    0x05, 0x21, 0x05, 0x21, 0x06, 0x19, 0x06, 0x21, 0x05, 0x21, 0x06, 0x19,
    0x06, 0x21, 0x06, 0x19, 0x05, 0x21, 0x06, 0x21, 0x05, 0x21, 0x06, 0x21,
    0x06, 0x19, 0x05, 0x21, 0x06, 0x21, 0x06, 0x21, 0x05, 0x21, 0x06, 0x19,
    0x05, 0x21, 0x06, 0x21, 0x06, 0x21, 0x05, 0x21, 0x06, 0x21, 0x06, 0x21,
    0x05, 0x19, 0x06, 0x21, 0x06, 0x19, 0x05, 0x21, 0x06, 0x21, 0x06, 0x21,
    0x05, 0x21, 0x06, 0x21, 0x06, 0x21, 0x05, 0x21, 0x06, 0x19, 0x05, 0x21,
    0x06, 0x21, 0x06, 0x19, 0x05, 0x21, 0x06, 0x21, 0x05, 0x19, 0x06, 0x21,
    0x06, 0x21, 0x05, 0x19, 0x06, 0x21, 0x06, 0x21, 0x05, 0x21, 0x06, 0x21,
    0x05, 0x21, 0x06, 0x21, 0x06, 0x21, 0x05, 0x21, 0x06, 0x21, 0x06, 0x21,
    0x05, 0x19, 0x05, 0x21, 0x06, 0x21, 0x05, 0x21, 0x06, 0x19, 0x06, 0x21,
    0x05, 0x19, 0x06, 0x21, 0x06, 0x19, 0x05, 0x21, 0x06, 0x21, 0x05, 0x21,
    0x06, 0x19, 0x06, 0x21, 0x05, 0x21, 0x06, 0x19, 0x06, 0x21, 0x05, 0x19,
    0x06, 0x21, 0x05, 0x21, 0x06, 0x21, 0x06, 0x21, 0x05, 0x21, 0x06, 0x21,
    0x06, 0x21, 0x05, 0x19, 0x06, 0x21, 0x06, 0x21, 0x05, 0x19, 0x06, 0x21,
    0x05, 0x21, 0x06, 0x21, 0x06, 0x21, 0x05, 0x21, 0x06, 0x19, 0x06, 0x21,
    0x06, 0x21, 0x06, 0x19, 0x05, 0x21, 0x06, 0x21, 0x06, 0x21, 0x05, 0x21,
    0x06, 0x21, 0x06, 0x19, 0x05, 0x21, 0x06, 0x21, 0x05, 0x19, 0x06, 0x21,
    0x06, 0x21, 0x05, 0x19, 0x06, 0x21, 0x05, 0x21, 0x06, 0x19, 0x06, 0x21,
    0x05, 0x21, 0x06, 0x19, 0x05, 0x21, 0x06, 0x21, 0x06, 0x19, 0x05, 0x21,
    0x06, 0x21, 0x05, 0x21, 0x06, 0x21, 0x05, 0x21, 0x06, 0x19, 0x05, 0x21,
    0x06, 0x21, 0x05, 0x19, 0x06, 0x21, 0x05, 0x21, 0x06, 0x19, 0x06, 0x21,
    0x05, 0x21, 0x06, 0x21, 0x06, 0x21, 0x05, 0x19, 0x06, 0x21, 0x06, 0x19,
    0x05, 0x21, 0x06, 0x19, 0x06, 0x21, 0x05, 0x21, 0x06, 0x21, 0x05, 0x19,
    0x06, 0x21, 0x06, 0x21, 0x06, 0x21, 0x06, 0x19, 0x05, 0x21, 0x06, 0x21,
    0x06, 0x21, 0x05, 0x19, 0x06, 0x21, 0x05, 0x21, 0x06, 0x21, 0x06, 0x21,
    0x05, 0x21, 0x06, 0x21, 0x06, 0x21, 0x06, 0x21, 0x05, 0x19, 0x06, 0x21,
    0x05, 0x19, 0x06, 0x21, 0x05, 0x19, 0x06, 0x21, 0x06, 0x19, 0x05, 0x21,
    0x06, 0x21, 0x05, 0x19, 0x06, 0x21, 0x06, 0x21, 0x05, 0x19, 0x06, 0x21,
    0x05, 0x21, 0x06, 0x19, 0x06, 0x21, 0x05, 0x21, 0x06, 0x21, 0x06, 0x21,
    0x05, 0x21, 0x06, 0x21, 0x05, 0x21, 0x06, 0x19, 0x05, 0x21, 0x06, 0x21,
    0x06, 0x21, 0x05, 0x21, 0x06, 0x21, 0x06, 0x19, 0x05, 0x21, 0x06, 0x21,
    0x06, 0x19, 0x06, 0x21, 0x05, 0x21, 0x06, 0x19, 0x06, 0x21, 0x05, 0x21,
    0x06, 0x19, 0x05, 0x21, 0x06, 0x19, 0x05, 0x19, 0x06, 0x21, 0x05, 0x21,
    0x06, 0x21, 0x05, 0x19, 0x06, 0x21, 0x06, 0x21, 0x05, 0x21, 0x06, 0x21,
    0x06, 0x19, 0x05, 0x21, 0x06, 0x21, 0x05, 0x21, 0x06, 0x21, 0x06, 0x21,
    0x05, 0x19, 0x06, 0x21, 0x06, 0x19, 0x05, 0x21, 0x06, 0x21, 0x06, 0x21,
    0x05, 0x19, 0x06, 0x21, 0x06, 0x21, 0x05, 0x19, 0x06, 0x21, 0x06, 0x19,
    0x05, 0x21, 0x06, 0x21, 0x06, 0x19, 0x05, 0x21, 0x06, 0x21, 0x06, 0x19,
    0x05, 0x21, 0x06, 0x21, 0x06, 0x19, 0x05, 0x21, 0x06, 0x21, 0x06, 0x21,
    0x05, 0x19, 0x06, 0x21, 0x05, 0x21, 0x06, 0x19, 0x06, 0x21, 0x05, 0x21,
    0x06, 0x19, 0x06, 0x21, 0x05, 0x21, 0x06, 0x19, 0x06, 0x21, 0x05, 0x21,
    0x06, 0x21, 0x06, 0x19, 0x05, 0x21, 0x06, 0x21, 0x06, 0x19, 0x05, 0x21,
    0x06, 0x21, 0x05, 0x21, 0x06, 0x21, 0x05, 0x19, 0x05, 0x21, 0x06, 0x21,
    0x06, 0x19, 0x05, 0x19, 0x06, 0x21, 0x06, 0x21, 0x06, 0x19, 0x05, 0x21,
    0x06, 0x21, 0x06, 0x21, 0x05, 0x21, 0x06, 0x21, 0x06, 0x21, 0x05, 0x21,
    0x06, 0x21, 0x06, 0x21, 0x05, 0x19, 0x06, 0x21, 0x05, 0x19, 0x06, 0x21,
    0x06, 0x19, 0x05, 0x21, 0x06, 0x19, 0x05, 0x21, 0x06, 0x19, 0x05, 0x21,
    0x06, 0x21, 0x06, 0x21, 0x06, 0x21, 0x05, 0x21, 0x06, 0x21, 0x06, 0x21,
    0x05, 0x21, 0x05, 0x21, 0x06, 0x19, 0x06, 0x21, 0x05, 0x21, 0x06, 0x19,
    0x05, 0x21, 0x06, 0x21, 0x06, 0x21, 0x05, 0x21, 0x05, 0x21, 0x06, 0x21,
    0x06, 0x21, 0x05, 0x21, 0x06, 0x19, 0x06, 0x21, 0x05, 0x19, 0x06, 0x21,
    0x06, 0x21, 0x05, 0x19, 0x06, 0x21, 0x06, 0x21, 0x05, 0x21, 0x06, 0x21,
    0x06, 0x19, 0x05, 0x21, 0x06, 0x21, 0x05, 0x19, 0x06, 0x21, 0x05, 0x21,
    0x05, 0x21, 0x06, 0x21, 0x06, 0x21, 0x05, 0x21, 0x06, 0x19, 0x06, 0x19,
    0x05, 0x21, 0x06, 0x21, 0x06, 0x21, 0x05, 0x21, 0x06, 0x21, 0x06, 0x19,
    0x05, 0x21, 0x06, 0x21, 0x06, 0x21, 0x05, 0x21, 0x06, 0x21, 0x06, 0x21,
    0x05, 0x21, 0x06, 0x21, 0x06, 0x21, 0x05, 0x21, 0x06, 0x19, 0x05, 0x21,
    0x06, 0x21, 0x06, 0x19, 0x05, 0x19, 0x06, 0x21, 0x06, 0x21, 0x05, 0x21,
    0x06, 0x21, 0x06, 0x21, 0x06, 0x21, 0x05, 0x21, 0x06, 0x21, 0x05, 0x19,
    0x06, 0x21, 0x05, 0x21, 0x06, 0x19, 0x06, 0x21, 0x05, 0x21, 0x06, 0x21,
    0x06, 0x21, 0x06, 0x19, 0x05, 0x21, 0x06, 0x21, 0x06, 0x19, 0x06, 0x21,
    0x06, 0x21, 0x05, 0x19, 0x06, 0x21, 0x06, 0x21, 0x05, 0x21, 0x06, 0x21,
    0x05, 0x21, 0x06, 0x19, 0x06, 0x21, 0x05, 0x21, 0x06, 0x19, 0x05, 0x19,
    0x06, 0x21, 0x06, 0x19, 0x05, 0x19, 0x06, 0x21, 0x06, 0x21, 0x05, 0x21,
    0x06, 0x21, 0x06, 0x21, 0x05, 0x19, 0x06, 0x21, 0x06, 0x21, 0x05, 0x21,
    0x06, 0x19, 0x06, 0x21, 0x05, 0x21, 0x06, 0x21, 0x06, 0x21, 0x05, 0x21,
    0x06, 0x21, 0x06, 0x19, 0x05, 0x21, 0x06, 0x19, 0x05, 0x21, 0x06, 0x19,
    0x06, 0x21, 0x05, 0x21, 0x06, 0x21, 0x06, 0x19, 0x05, 0x21, 0x06, 0x21,
    0x06, 0x19, 0x05, 0x21, 0x06, 0x21, 0x06, 0x21, 0x05, 0x21, 0x05, 0x19,
    0x06, 0x21, 0x06, 0x21, 0x05, 0x21, 0x06, 0x21, 0x06, 0x21, 0x05, 0x21,
    0x06, 0x21, 0x06, 0x21, 0x06, 0x21, 0x05, 0x21, 0x06, 0x21, 0x06, 0x21,
    0x06, 0x19, 0x05, 0x21, 0x06, 0x21, 0x06, 0x21, 0x05, 0x21, 0x05, 0x21,
    0x06, 0x21, 0x06, 0x21, 0x05, 0x21, 0x06, 0x19, 0x06, 0x19, 0x05, 0x21,
    0x06, 0x21, 0x05, 0x21, 0x06, 0x21, 0x05, 0x21, 0x06, 0x19, 0x06, 0x21,
    0x05, 0x21, 0x06, 0x21, 0x06, 0x21, 0x05, 0x21, 0x05, 0x21, 0x06, 0x19,
    0x06, 0x21, 0x05, 0x21, 0x06, 0x19, 0x05, 0x21, 0x06, 0x21, 0x06, 0x21,
    0x05, 0x19, 0x06, 0x21, 0x06, 0x21, 0x05, 0x21, 0x06, 0x21, 0x06, 0x21,
    0x05, 0x19, 0x06, 0x21, 0x06, 0x21, 0x05, 0x21, 0x06, 0x21, 0x06, 0x19,
    0x05, 0x21, 0x06, 0x21, 0x05, 0x21, 0x06, 0x21, 0x05, 0x19, 0x06, 0x21,
    0x06, 0x21, 0x05, 0x21, 0x06, 0x21, 0x05, 0x19, 0x06, 0x21, 0x06, 0x21,
    0x05, 0x19, 0x06, 0x21, 0x06, 0x21, 0x06, 0x21, 0x06, 0x21, 0x05, 0x21,
    0x06, 0x21, 0x06, 0x21, 0x05, 0x21, 0x05, 0x19, 0x06, 0x21, 0x05, 0x21,
    0x06, 0x21, 0x06, 0x19, 0x05, 0x21, 0x06, 0x21, 0x06, 0x19, 0x05, 0x19,
    0x06, 0x21, 0x05, 0x21, 0x06, 0x19, 0x06, 0x21, 0x05, 0x21, 0x06, 0x21,
    0x06, 0x21, 0x05, 0x21, 0x06, 0x19, 0x06, 0x21, 0x05, 0x21, 0x06, 0x21,
    0x06, 0x19, 0x05, 0x21, 0x06, 0x21, 0x06, 0x19, 0x05, 0x19, 0x06, 0x21,
    0x06, 0x21, 0x05, 0x19, 0x06, 0x21, 0x06, 0x21, 0x05, 0x21, 0x06, 0x21,
    0x06, 0x21, 0x05, 0x19, 0x06, 0x21, 0x06, 0x19, 0x05, 0x21, 0x06, 0x19,
    0x06, 0x21, 0x05, 0x21, 0x06, 0x19, 0x06, 0x21, 0x05, 0x21, 0x05, 0x19,
    0x06, 0x21, 0x06, 0x21, 0x05, 0x21, 0x06, 0x21, 0x05, 0x19, 0x06, 0x21,
    0x06, 0x21, 0x05, 0x21, 0x06, 0x19, 0x06, 0x21, 0x05, 0x21, 0x06, 0x19,
    0x06, 0x21, 0x05, 0x19, 0x06, 0x21, 0x05, 0x21, 0x06, 0x21, 0x06, 0x21,
    0x05, 0x21, 0x06, 0x19, 0x05, 0x21, 0x06, 0x21, 0x06, 0x19, 0x05, 0x21,
    0x06, 0x21, 0x05, 0x19, 0x06, 0x21, 0x06, 0x21, 0x05, 0x19, 0x06, 0x21,
    0x05, 0x19, 0x06, 0x21, 0x06, 0x19, 0x05, 0x21, 0x06, 0x21, 0x06, 0x21,
    0x05, 0x21, 0x06, 0x21, 0x06, 0x21, 0x05, 0x21, 0x06, 0x19, 0x06, 0x21,
    0x05, 0x21, 0x06, 0x19, 0x05, 0x21, 0x06, 0x19, 0x06, 0x21, 0x05, 0x21,
    0x06, 0x21, 0x06, 0x21, 0x05, 0x19, 0x06, 0x21, 0x06, 0x21, 0x05, 0x19,
    0x05, 0x21, 0x06, 0x21, 0x05, 0x21, 0x06, 0x21, 0x05, 0x21, 0x06, 0x21,
    0x05, 0x21, 0x06, 0x21, 0x05, 0x21, 0x05, 0x19, 0x06, 0x21, 0x06, 0x21,
    0x05, 0x19, 0x06, 0x21, 0x05, 0x21, 0x06, 0x21, 0x06, 0x21, 0x05, 0x21,
    0x06, 0x21, 0x06, 0x21, 0x05, 0x21, 0x05, 0x21, 0x06, 0x19, 0x05, 0x21,
    0x06, 0x21, 0x06, 0x19, 0x05, 0x21, 0x06, 0x21, 0x06, 0x21, 0x05, 0x21,
    0x05, 0x21, 0x06, 0x21, 0x06, 0x19, 0x05, 0x21, 0x06, 0x21, 0x05, 0x19,
    0x06, 0x21, 0x06, 0x21, 0x05, 0x21, 0x06, 0x21, 0x06, 0x21, 0x05, 0x21,
    0x06, 0x19, 0x05, 0x21, 0x06, 0x21, 0x06, 0x19, 0x05, 0x21, 0x06, 0x21,
    0x06, 0x21, 0x05, 0x21, 0x06, 0x19, 0x05, 0x21, 0x06, 0x21, 0x06, 0x19,
    0x05, 0x21, 0x06, 0x21, 0x05, 0x19, 0x05, 0x21, 0x06, 0x19, 0x06, 0x21,
    0x05, 0x19, 0x06, 0x21, 0x05, 0x21, 0x06, 0x19, 0x06, 0x21, 0x05, 0x21,
    0x06, 0x21, 0x05, 0x21, 0x06, 0x19, 0x06, 0x21, 0x05, 0x19, 0x06, 0x19,
    0x06, 0x21, 0x05, 0x19, 0x06, 0x21, 0x06, 0x21, 0x05, 0x21, 0x06, 0x21,
    0x06, 0x19, 0x05, 0x21, 0x06, 0x21, 0x06, 0x19, 0x05, 0x21, 0x06, 0x21,
    0x06, 0x19, 0x05, 0x21, 0x06, 0x21, 0x06, 0x19, 0x05, 0x21, 0x06, 0x21,
    0x06, 0x21, 0x05, 0x21, 0x06, 0x21, 0x06, 0x21, 0x05, 0x21, 0x06, 0x21,
    0x05, 0x19, 0x05, 0x21, 0x06, 0x21, 0x06, 0x19, 0x05, 0x21, 0x06, 0x21,
    0x05, 0x19, 0x06, 0x21, 0x06, 0x21, 0x05, 0x21, 0x06, 0x19, 0x05, 0x21,
    0x06, 0x21, 0x06, 0x21, 0x05, 0x19, 0x06, 0x21, 0x06, 0x21, 0x05, 0x21,
    0x06, 0x19, 0x05, 0x21, 0x06, 0x21, 0x06, 0x19, 0x05, 0x21, 0x06, 0x21,
    0x05, 0x21, 0x06, 0x19, 0x05, 0x21, 0x05, 0x19, 0x06, 0x19, 0x06, 0x21,
    0x05, 0x19, 0x06, 0x21, 0x06, 0x21, 0x05, 0x21, 0x06, 0x21, 0x06, 0x19,
    0x05, 0x21, 0x06, 0x21, 0x05, 0x19, 0x06, 0x21, 0x06, 0x21, 0x05, 0x21,
    0x06, 0x21, 0x06, 0x21, 0x05, 0x19, 0x06, 0x21, 0x06, 0x21, 0x05, 0x21,
    0x06, 0x19, 0x05, 0x21, 0x06, 0x21, 0x06, 0x21, 0x05, 0x21, 0x06, 0x21,
    0x06, 0x21, 0x05, 0x19, 0x05, 0x21, 0x06, 0x21, 0x05, 0x21, 0x06, 0x21,
    0x05, 0x19, 0x06, 0x21, 0x06, 0x21, 0x06, 0x19, 0x05, 0x21, 0x06, 0x21,
    0x06, 0x19, 0x05, 0x21, 0x06, 0x21, 0x05, 0x21, 0x06, 0x21, 0x06, 0x19,
    0x05, 0x21, 0x06, 0x21, 0x06, 0x19, 0x05, 0x21, 0x06, 0x21, 0x06, 0x21,
    0x06, 0x21, 0x05, 0x19, 0x06, 0x21, 0x06, 0x21, 0x05, 0x19, 0x06, 0x21,
    0x05, 0x21, 0x06, 0x19, 0x05, 0x21, 0x06, 0x21, 0x06, 0x21, 0x05, 0x21,
    0x06, 0x21, 0x06, 0x21, 0x06, 0x21, 0x05, 0x19, 0x06, 0x19, 0x06, 0x21,
    0x05, 0x21, 0x06, 0x21, 0x06, 0x21, 0x05, 0x19, 0x06, 0x21, 0x05, 0x21,
    0x06, 0x21, 0x06, 0x21, 0x05, 0x21, 0x06, 0x19, 0x05, 0x21, 0x06, 0x21,
    0x06, 0x19, 0x05, 0x21, 0x06, 0x21, 0x05, 0x21, 0x06, 0x19, 0x06, 0x21,
    0x05, 0x19, 0x06, 0x21, 0x05, 0x19, 0x06, 0x21, 0x06, 0x21, 0x05, 0x21,
    0x06, 0x19, 0x06, 0x21, 0x05, 0x21, 0x06, 0x19, 0x05, 0x21, 0x06, 0x21,
    0x06, 0x19, 0x05, 0x21, 0x06, 0x21, 0x06, 0x21, 0x05, 0x21, 0x06, 0x21,
    0x06, 0x19, 0x06, 0x21, 0x05, 0x21, 0x06, 0x19, 0x06, 0x21, 0x05, 0x21,
    0x06, 0x21, 0x06, 0x21, 0x06, 0x21, 0x06, 0x21, 0x05, 0x19, 0x06, 0x21,
    0x06, 0x21, 0x05, 0x19, 0x06, 0x21, 0x06, 0x21, 0x05, 0x19, 0x06, 0x21,
    0x06, 0x21, 0x05, 0x21, 0x06, 0x19, 0x06, 0x21, 0x06, 0x21, 0x06, 0x21,
    0x05, 0x21, 0x06, 0x19, 0x06, 0x21, 0x05, 0x21, 0x06, 0x21, 0x06, 0x19,
    0x05, 0x19, 0x06, 0x21, 0x06, 0x21, 0x05, 0x21, 0x06, 0x19, 0x06, 0x21,
    0x05, 0x21, 0x06, 0x19, 0x05, 0x21, 0x06, 0x21, 0x06, 0x19, 0x05, 0x21,
    0x06, 0x21, 0x06, 0x21, 0x05, 0x21, 0x06, 0x19, 0x05, 0x21, 0x06, 0x21,
    0x06, 0x19, 0x05, 0x21, 0x06, 0x21, 0x06, 0x21, 0x05, 0x19, 0x06, 0x21,
    0x06, 0x21, 0x06, 0x21, 0x06, 0x21, 0x06, 0x21, 0x06, 0x19, 0x05, 0x21,
    0x06, 0x21, 0x06, 0x21, 0x05, 0x19, 0x06, 0x21, 0x05, 0x21, 0x06, 0x19,
    0x06, 0x21, 0x05, 0x21, 0x06, 0x19, 0x06, 0x21, 0x05, 0x21, 0x06, 0x21,
    0x06, 0x21, 0x05, 0x21, 0x06, 0x19, 0x06, 0x21, 0x05, 0x21, 0x05, 0x21,
    0x06, 0x21, 0x06, 0x21, 0x05, 0x19, 0x06, 0x21, 0x06, 0x21, 0x05, 0x21,
    0x06, 0x21, 0x05, 0x21, 0x06, 0x19, 0x05, 0x21, 0x06, 0x21, 0x06, 0x19,
    0x05, 0x21, 0x06, 0x21, 0x05, 0x19, 0x06, 0x21, 0x06, 0x19, 0x05, 0x21,
    0x06, 0x21, 0x06, 0x21, 0x06, 0x21, 0x05, 0x21, 0x06, 0x19, 0x06, 0x21,
    0x05, 0x21, 0x06, 0x21, 0x05, 0x21, 0x06, 0x21, 0x06, 0x19, 0x05, 0x21,
    0x06, 0x21, 0x06, 0x21, 0x05, 0x19, 0x06, 0x21, 0x06, 0x21, 0x05, 0x19,
    0x06, 0x21, 0x06, 0x21, 0x05, 0x19, 0x06, 0x21, 0x06, 0x21, 0x05, 0x21,
    0x06, 0x21, 0x06, 0x19, 0x06, 0x21, 0x06, 0x21, 0x05, 0x21, 0x06, 0x21,
    0x05, 0x21, 0x06, 0x19, 0x06, 0x21, 0x05, 0x19, 0x06, 0x21, 0x06, 0x21,
    0x05, 0x21, 0x06, 0x21, 0x06, 0x21, 0x05, 0x21, 0x06, 0x19, 0x05, 0x21,
    0x05, 0x21, 0x06, 0x21, 0x06, 0x19, 0x05, 0x21, 0x06, 0x21, 0x05, 0x21,
    0x06, 0x19, 0x06, 0x21, 0x05, 0x21, 0x06, 0x19, 0x05, 0x21, 0x06, 0x19,
    0x06, 0x21, 0x05, 0x21, 0x06, 0x21, 0x06, 0x19, 0x06, 0x21, 0x06, 0x21,
    0x05, 0x21, 0x06, 0x21, 0x05, 0x21, 0x06, 0x21, 0x05, 0x21, 0x06, 0x21,
    0x06, 0x19, 0x05, 0x21, 0x06, 0x21, 0x06, 0x21, 0x05, 0x21, 0x06, 0x21,
    0x06, 0x21, 0x05, 0x21, 0x06, 0x21, 0x06, 0x21, 0x05, 0x21, 0x05, 0x19,
    0x06, 0x21, 0x06, 0x21, 0x05, 0x21, 0x06, 0x19, 0x06, 0x21, 0x05, 0x21,
    0x06, 0x21, 0x06, 0x21, 0x05, 0x19, 0x06, 0x21, 0x06, 0x21, 0x05, 0x19,
    0x06, 0x21, 0x05, 0x21, 0x06, 0x19, 0x06, 0x21, 0x05, 0x21, 0x06, 0x21,
    0x05, 0x19, 0x06, 0x21, 0x06, 0x21, 0x05, 0x19, 0x06, 0x21, 0x06, 0x21,
    0x05, 0x19, 0x06, 0x21, 0x06, 0x21, 0x05, 0x19, 0x06, 0x21, 0x06, 0x21,
    0x05, 0x21, 0x06, 0x21, 0x06, 0x21, 0x05, 0x21, 0x06, 0x21, 0x06, 0x21,
    0x05, 0x19, 0x06, 0x21, 0x06, 0x21, 0x05, 0x21, 0x06, 0x19, 0x06, 0x21,
    0x05, 0x21, 0x06, 0x21, 0x06, 0x21, 0x05, 0x21, 0x06, 0x21, 0x06, 0x21,
    0x05, 0x21, 0x06, 0x19, 0x05, 0x21, 0x06, 0x19, 0x06, 0x21, 0x05, 0x21,
    0x05, 0x19, 0x06, 0x21, 0x06, 0x21, 0x05, 0x21, 0x06, 0x19, 0x06, 0x21,
    0x05, 0x19, 0x06, 0x21, 0x05, 0x19, 0x06, 0x21, 0x06, 0x21, 0x05, 0x21,
    0x06, 0x21, 0x06, 0x21, 0x05, 0x21, 0x06, 0x21, 0x06, 0x19, 0x05, 0x21,
    0x06, 0x21, 0x06, 0x19, 0x05, 0x21, 0x05, 0x21, 0x06, 0x19, 0x06, 0x21,
    0x05, 0x21, 0x06, 0x19, 0x05, 0x21, 0x06, 0x21, 0x05, 0x21, 0x06, 0x19,
    0x06, 0x21, 0x05, 0x21, 0x06, 0x21, 0x06, 0x19, 0x05, 0x21, 0x06, 0x21,
    0x06, 0x21, 0x05, 0x21, 0x06, 0x19, 0x06, 0x21, 0x05, 0x21, 0x06, 0x19,
    0x05, 0x21, 0x06, 0x21, 0x06, 0x19, 0x05, 0x21, 0x06, 0x21, 0x06, 0x21,
    0x05, 0x21, 0x06, 0x21, 0x05, 0x19, 0x06, 0x21, 0x06, 0x21, 0x05, 0x21,
    0x05, 0x19, 0x06, 0x21, 0x05, 0x21, 0x05, 0x19, 0x06, 0x21, 0x06, 0x21,
    0x05, 0x21, 0x06, 0x21, 0x06, 0x21, 0x05, 0x21, 0x06, 0x21, 0x06, 0x21,
    0x05, 0x19, 0x06, 0x21, 0x05, 0x21, 0x06, 0x21, 0x05, 0x21, 0x05, 0x21,
    0x06, 0x21, 0x06, 0x21, 0x05, 0x21, 0x06, 0x21, 0x06, 0x19, 0x05, 0x21,
    0x06, 0x19, 0x06, 0x21, 0x05, 0x21, 0x06, 0x21, 0x05, 0x19, 0x06, 0x21,
    0x06, 0x19, 0x05, 0x21, 0x06, 0x21, 0x06, 0x21, 0x05, 0x21, 0x06, 0x21,
    0x06, 0x19, 0x05, 0x21, 0x06, 0x21, 0x06, 0x19, 0x05, 0x21, 0x06, 0x21,
    0x06, 0x19, 0x05, 0x21, 0x06, 0x19, 0x06, 0x21, 0x05, 0x21, 0x06, 0x21,
    0x06, 0x19, 0x05, 0x21, 0x06, 0x19, 0x06, 0x21, 0x05, 0x21, 0x06, 0x19,
    0x05, 0x21, 0x06, 0x21, 0x05, 0x19, 0x06, 0x21, 0x06, 0x21, 0x05, 0x21,
    0x06, 0x21, 0x06, 0x21, 0x05, 0x21, 0x06, 0x21, 0x05, 0x19, 0x06, 0x21,
    0x06, 0x21, 0x05, 0x19, 0x05, 0x21, 0x06, 0x21, 0x06, 0x21, 0x06, 0x21,
    0x05, 0x21, 0x06, 0x21, 0x06, 0x21, 0x05, 0x21, 0x06, 0x21, 0x06, 0x19,
    0x05, 0x21, 0x06, 0x19, 0x06, 0x21, 0x05, 0x21, 0x06, 0x19, 0x06, 0x21,
    0x06, 0x21, 0x06, 0x19, 0x05, 0x21, 0x06, 0x21, 0x06, 0x21, 0x05, 0x21,
    0x06, 0x19, 0x06, 0x21, 0x05, 0x21, 0x06, 0x21, 0x06, 0x21, 0x05, 0x19,
    0x06, 0x21, 0x05, 0x21, 0x06, 0x19, 0x06, 0x21, 0x05, 0x21, 0x05, 0x19,
    0x06, 0x21, 0x06, 0x19, 0x05, 0x21, 0x06, 0x19, 0x06, 0x21, 0x05, 0x21,
    0x06, 0x19, 0x05, 0x21, 0x05, 0x21, 0x06, 0x19, 0x06, 0x19, 0x05, 0x21,
    0x06, 0x19, 0x05, 0x21, 0x06, 0x19, 0x05, 0x21, 0x06, 0x21, 0x06, 0x19,
    0x05, 0x21, 0x06, 0x21, 0x05, 0x21, 0x06, 0x21, 0x05, 0x21, 0x06, 0x19,
    0x06, 0x21, 0x05, 0x21, 0x06, 0x19, 0x06, 0x21, 0x05, 0x21, 0x06, 0x21,
    0x06, 0x19, 0x05, 0x21, 0x06, 0x21, 0x05, 0x19, 0x06, 0x21, 0x06, 0x21,
    0x05, 0x21, 0x06, 0x21, 0x05, 0x19, 0x06, 0x21, 0x05, 0x21, 0x06, 0x21,
    0x06, 0x21, 0x05, 0x19, 0x06, 0x21, 0x05, 0x21, 0x06, 0x21, 0x06, 0x21,
    0x05, 0x19, 0x06, 0x21, 0x05, 0x21, 0x06, 0x19, 0x06, 0x19, 0x05, 0x21,
    0x06, 0x21, 0x05, 0x21, 0x06, 0x21, 0x06, 0x21, 0x05, 0x21, 0x06, 0x21,
    0x05, 0x19, 0x05, 0x21, 0x06, 0x21, 0x05, 0x19, 0x06, 0x21, 0x06, 0x19,
    0x05, 0x21, 0x06, 0x21, 0x06, 0x21, 0x05, 0x21, 0x06, 0x21, 0x06, 0x19,
    0x05, 0x21, 0x06, 0x21, 0x06, 0x21, 0x05, 0x21, 0x06, 0x19, 0x06, 0x21,
    0x05, 0x21, 0x06, 0x21, 0x06, 0x19, 0x06, 0x21, 0x05, 0x19, 0x06, 0x21,
    0x06, 0x19, 0x05, 0x21, 0x06, 0x19, 0x05, 0x21, 0x06, 0x21, 0x05, 0x21,
    0x06, 0x21, 0x05, 0x19, 0x06, 0x21, 0x06, 0x21, 0x05, 0x21, 0x06, 0x21,
    0x05, 0x21, 0x06, 0x19, 0x06, 0x21, 0x05, 0x21, 0x06, 0x21, 0x06, 0x19,
    0x05, 0x21, 0x06, 0x21, 0x05, 0x21, 0x06, 0x21, 0x06, 0x21, 0x05, 0x19,
    0x06, 0x21, 0x05, 0x21, 0x06, 0x19, 0x06, 0x21, 0x05, 0x21, 0x06, 0x21,
    0x06, 0x21, 0x05, 0x21, 0x06, 0x19, 0x05, 0x21, 0x06, 0x21, 0x06, 0x19,
    0x05, 0x21, 0x06, 0x21, 0x06, 0x21, 0x05, 0x19, 0x06, 0x21, 0x06, 0x21,
    0x05, 0x21, 0x06, 0x21, 0x06, 0x19, 0x05, 0x21, 0x06, 0x21, 0x05, 0x19,
    0x06, 0x21, 0x05, 0x21, 0x06, 0x19, 0x05, 0x19, 0x06, 0x21, 0x06, 0x21,
    0x05, 0x19, 0x06, 0x21, 0x06, 0x21, 0x05, 0x19, 0x06, 0x21, 0x06, 0x19,
    0x06, 0x19, 0x05, 0x21, 0x06, 0x19, 0x05, 0x21, 0x06, 0x21, 0x06, 0x21,
    0x05, 0x19, 0x06, 0x21, 0x06, 0x21, 0x05, 0x19, 0x06, 0x21, 0x06, 0x21,
    0x05, 0x21, 0x06, 0x21, 0x06, 0x19, 0x05, 0x21, 0x06, 0x19, 0x06, 0x21,
    0x05, 0x21, 0x06, 0x21, 0x06, 0x21, 0x05, 0x21, 0x06, 0x21, 0x05, 0x21,
    0x06, 0x21, 0x06, 0x21, 0x05, 0x21, 0x05, 0x19, 0x06, 0x21, 0x05, 0x21,
    0x06, 0x21, 0x05, 0x21, 0x06, 0x21, 0x06, 0x19, 0x05, 0x21, 0x06, 0x21,
    0x06, 0x21, 0x06, 0x21, 0x05, 0x21, 0x06, 0x21, 0x06, 0x21, 0x05, 0x19,
    0x05, 0x21, 0x06, 0x19, 0x05, 0x21, 0x06, 0x21, 0x06, 0x21, 0x05, 0x21,
    0x06, 0x19, 0x06, 0x21, 0x05, 0x21, 0x06, 0x21, 0x05, 0x19, 0x05, 0x21,
    0x06, 0x19, 0x06, 0x19, 0x05, 0x21, 0x06, 0x21, 0x05, 0x19, 0x06, 0x21,
    0x05, 0x21, 0x06, 0x21, 0x06, 0x19, 0x05, 0x21, 0x06, 0x21, 0x05, 0x21,
    0x06, 0x21, 0x06, 0x21, 0x05, 0x19, 0x06, 0x21, 0x05, 0x21, 0x06, 0x19,
    0x06, 0x21, 0x05, 0x21, 0x06, 0x21, 0x05, 0x19, 0x06, 0x21, 0x06, 0x21,
    0x05, 0x21, 0x06, 0x21, 0x06, 0x21, 0x05, 0x19, 0x06, 0x21, 0x06, 0x21,
    0x05, 0x21, 0x06, 0x21, 0x06, 0x21, 0x05, 0x19, 0x06, 0x21, 0x06, 0x21,
    0x05, 0x19, 0x06, 0x21, 0x06, 0x21, 0x06, 0x21, 0x05, 0x21, 0x06, 0x21,
    0x06, 0x21, 0x05, 0x21, 0x06, 0x19, 0x06, 0x21, 0x05, 0x21, 0x06, 0x19,
    0x06, 0x21, 0x06, 0x21, 0x05, 0x19, 0x06, 0x19, 0x06, 0x21, 0x05, 0x21,
    0x06, 0x21, 0x06, 0x19, 0x05, 0x21, 0x06, 0x21, 0x06, 0x21, 0x05, 0x21,
    0x06, 0x19, 0x06, 0x21, 0x05, 0x21, 0x06, 0x21, 0x06, 0x21, 0x05, 0x21,
    0x06, 0x19, 0x06, 0x21, 0x05, 0x21, 0x06, 0x21, 0x06, 0x19, 0x05, 0x21,
    0x06, 0x21, 0x05, 0x21, 0x06, 0x21, 0x06, 0x19, 0x05, 0x21, 0x06, 0x21,
    0x05, 0x19, 0x06, 0x21, 0x06, 0x21, 0x05, 0x21, 0x06, 0x21, 0x06, 0x21,
    0x05, 0x19, 0x06, 0x21, 0x06, 0x21, 0x05, 0x19, 0x06, 0x19, 0x06, 0x21,
    0x05, 0x21, 0x06, 0x21, 0x06, 0x19, 0x06, 0x21, 0x05, 0x21, 0x06, 0x19,
    0x06, 0x21, 0x05, 0x21, 0x06, 0x19, 0x06, 0x21, 0x05, 0x21, 0x06, 0x21,
    0x06, 0x21, 0x05, 0x19, 0x06, 0x21, 0x06, 0x21, 0x05, 0x19, 0x06, 0x21,
    0x05, 0x21, 0x06, 0x21, 0x05, 0x21, 0x06, 0x21, 0x06, 0x21, 0x05, 0x21,
    0x06, 0x21, 0x05, 0x21, 0x06, 0x19, 0x06, 0x21, 0x06, 0x21, 0x05, 0x19,
    0x06, 0x21, 0x06, 0x21, 0x05, 0x21, 0x06, 0x19, 0x06, 0x21, 0x06, 0x19,
    0x05, 0x21, 0x06, 0x21, 0x06, 0x21, 0x05, 0x21, 0x06, 0x21, 0x06, 0x19,
    0x05, 0x21, 0x06, 0x21, 0x06, 0x19, 0x05, 0x21, 0x06, 0x21, 0x05, 0x19,
    0x06, 0x21, 0x06, 0x21, 0x05, 0x21, 0x06, 0x21, 0x05, 0x21, 0x06, 0x19,
    0x06, 0x21, 0x05, 0x21, 0x06, 0x19, 0x06, 0x21, 0x05, 0x21, 0x06, 0x21,
    0x05, 0x19, 0x06, 0x21, 0x06, 0x21, 0x05, 0x19, 0x06, 0x21, 0x05, 0x21,
    0x06, 0x19, 0x06, 0x21, 0x06, 0x21, 0x05, 0x21, 0x06, 0x21, 0x06, 0x21,
    0x06, 0x21, 0x05, 0x19, 0x06, 0x21, 0x06, 0x21, 0x05, 0x21, 0x06, 0x21,
    0x05, 0x19, 0x06, 0x21, 0x06, 0x21, 0x05, 0x21, 0x06, 0x21, 0x06, 0x21,
    0x05, 0x21, 0x06, 0x21, 0x06, 0x21, 0x05, 0x19, 0x06, 0x21, 0x05, 0x21,
    0x06, 0x21, 0x06, 0x21, 0x05, 0x21, 0x06, 0x21, 0x06, 0x19, 0x05, 0x21,
    0x06, 0x21, 0x05, 0x21, 0x06, 0x21, 0x06, 0x21, 0x05, 0x21, 0x06, 0x19,
    0x05, 0x21, 0x06, 0x21, 0x05, 0x19, 0x06, 0x19, 0x06, 0x21, 0x05, 0x21,
    0x06, 0x19, 0x05, 0x21, 0x06, 0x21, 0x06, 0x21, 0x06, 0x21, 0x06, 0x19,
    0x06, 0x21, 0x05, 0x19, 0x06, 0x21, 0x06, 0x21, 0x05, 0x21, 0x05, 0x19,
    0x06, 0x21, 0x05, 0x21, 0x06, 0x19, 0x06, 0x19, 0x05, 0x21, 0x06, 0x21,
    0x06, 0x21, 0x06, 0x19, 0x05, 0x21, 0x06, 0x19, 0x06, 0x21, 0x05, 0x21,
    0x06, 0x19, 0x05, 0x21, 0x06, 0x21, 0x06, 0x21, 0x06, 0x19, 0x06, 0x21,
    0x05, 0x21, 0x06, 0x21, 0x06, 0x21, 0x05, 0x21, 0x06, 0x19, 0x06, 0x21,
    0x05, 0x21, 0x06, 0x21, 0x05, 0x21, 0x06, 0x21, 0x06, 0x19, 0x05, 0x21,
    0x06, 0x19, 0x05, 0x21, 0x05, 0x21, 0x06, 0x21, 0x06, 0x21, 0x05, 0x19,
    0x06, 0x21, 0x05, 0x21, 0x06, 0x21, 0x06, 0x19, 0x05, 0x21, 0x06, 0x21,
    0x05, 0x19, 0x06, 0x21, 0x06, 0x21, 0x05, 0x19, 0x06, 0x21, 0x05, 0x21,
    0x06, 0x19, 0x06, 0x21, 0x05, 0x21, 0x06, 0x21, 0x06, 0x21, 0x05, 0x21,
    0x06, 0x21, 0x06, 0x21, 0x05, 0x21, 0x06, 0x19, 0x06, 0x21, 0x05, 0x21,
    0x06, 0x19, 0x06, 0x21, 0x05, 0x21, 0x06, 0x21, 0x06, 0x21, 0x05, 0x21,
    0x05, 0x21, 0x06, 0x21, 0x05, 0x21, 0x06, 0x21, 0x06, 0x21, 0x05, 0x19,
    0x06, 0x21, 0x05, 0x21, 0x06, 0x21, 0x05, 0x21, 0x06, 0x19, 0x05, 0x21,
    0x06, 0x21, 0x05, 0x21, 0x06, 0x21, 0x06, 0x19, 0x05, 0x21, 0x06, 0x21,
    0x05, 0x19, 0x06, 0x21, 0x06, 0x21, 0x05, 0x21, 0x06, 0x21, 0x06, 0x21,
    0x05, 0x19, 0x06, 0x21, 0x06, 0x21, 0x05, 0x19, 0x06, 0x21, 0x06, 0x21,
    0x05, 0x19, 0x06, 0x21, 0x06, 0x21, 0x05, 0x19, 0x06, 0x21, 0x05, 0x21,
    0x06, 0x21, 0x05, 0x21, 0x06, 0x19, 0x06, 0x21, 0x05, 0x21, 0x05, 0x21,
    0x06, 0x19, 0x06, 0x21, 0x05, 0x21, 0x06, 0x21, 0x06, 0x21, 0x05, 0x21,
    0x06, 0x21, 0x05, 0x21, 0x06, 0x21, 0x05, 0x19, 0x06, 0x21, 0x05, 0x19,
    0x06, 0x21, 0x05, 0x21, 0x06, 0x19, 0x06, 0x21, 0x05, 0x21, 0x06, 0x21,
    0x06, 0x21, 0x05, 0x19, 0x06, 0x21, 0x06, 0x21, 0x05, 0x21, 0x06, 0x21,
    0x06, 0x21, 0x05, 0x21, 0x06, 0x21, 0x05, 0x21, 0x06, 0x21, 0x05, 0x21,
    0x06, 0x19, 0x06, 0x21, 0x05, 0x21, 0x06, 0x19, 0x05, 0x21, 0x06, 0x21,
    0x05, 0x21, 0x06, 0x19, 0x06, 0x21, 0x05, 0x19, 0x06, 0x21, 0x06, 0x21,
    0x05, 0x21, 0x05, 0x21, 0x06, 0x21, 0x06, 0x19, 0x05, 0x21, 0x06, 0x21,
    0x06, 0x21, 0x05, 0x21, 0x06, 0x19, 0x06, 0x21, 0x05, 0x21, 0x06, 0x19,
    0x05, 0x21, 0x06, 0x21, 0x05, 0x19, 0x06, 0x21, 0x06, 0x21, 0x05, 0x21,
    0x06, 0x21, 0x06, 0x21, 0x05, 0x21, 0x06, 0x19, 0x05, 0x21, 0x06, 0x21,
    0xe5, 0x10, 0xe5, 0x08, 0xe5, 0x10, 0xe5, 0x08, 0xe5, 0x08, 0xe5, 0x08,
    0xe5, 0x10, 0xe5, 0x08, 0xe5, 0x10, 0xe5, 0x08, 0xe5, 0x10, 0xe5, 0x08,
    0xe5, 0x10, 0xe5, 0x08, 0xe5, 0x10, 0xe5, 0x08, 0xe5, 0x08, 0xe5, 0x10,
    0xe5, 0x08, 0xe5, 0x08, 0xe5, 0x10, 0xe5, 0x10, 0xe5, 0x08, 0xe5, 0x08,
    0xe5, 0x08, 0xe5, 0x08, 0xe5, 0x10, 0xe5, 0x08, 0xe5, 0x08, 0xe5, 0x10,
    0xe5, 0x08, 0xe5, 0x08, 0xe5, 0x08, 0xe5, 0x08, 0xe5, 0x10, 0xe5, 0x08,
    0xe5, 0x10, 0xe5, 0x10, 0x06, 0x21, 0x06, 0x21, 0x05, 0x21, 0x06, 0x21,
    0x06, 0x19, 0x05, 0x21, 0x06, 0x19, 0x05, 0x19, 0x06, 0x21, 0x05, 0x21,
    0x05, 0x21, 0x06, 0x21, 0x06, 0x19, 0x05, 0x21, 0x06, 0x21, 0x06, 0x21,
    0x06, 0x21, 0x05, 0x19, 0x06, 0x21, 0x05, 0x21, 0x06, 0x21, 0x05, 0x19,
    0x05, 0x21, 0x06, 0x21, 0x06, 0x21, 0x05, 0x21, 0x06, 0x21, 0x06, 0x19,
    0x05, 0x21, 0x06, 0x21, 0x06, 0x21, 0x05, 0x21, 0x05, 0x19, 0x06, 0x21,
    0x06, 0x21, 0x05, 0x21, 0x06, 0x21, 0x05, 0x21, 0x06, 0x19, 0x06, 0x21,
    0x05, 0x21, 0x06, 0x19, 0x06, 0x19, 0x05, 0x21, 0x06, 0x21, 0x06, 0x21,
    0x05, 0x21, 0x06, 0x19, 0x06, 0x21, 0x05, 0x21, 0x06, 0x19, 0x06, 0x21,
    0x05, 0x21, 0x06, 0x21, 0x06, 0x19, 0x05, 0x21, 0x06, 0x21, 0x06, 0x21,
    0x05, 0x21, 0x06, 0x19, 0x06, 0x21, 0x05, 0x21, 0x06, 0x21, 0x06, 0x21,
    0x05, 0x21, 0x06, 0x21, 0x06, 0x19, 0x05, 0x21, 0x06, 0x19, 0x05, 0x21,
    0x06, 0x19, 0x05, 0x21, 0x06, 0x21, 0x05, 0x19, 0x06, 0x21, 0x05, 0x21,
    0x06, 0x19, 0x05, 0x21, 0x06, 0x21, 0x05, 0x19, 0x06, 0x21, 0x06, 0x21,
    0x05, 0x19, 0x06, 0x21, 0x06, 0x19, 0x05, 0x21, 0x06, 0x21, 0x06, 0x21,
    0x05, 0x21, 0x06, 0x19, 0x06, 0x21, 0x05, 0x21, 0x06, 0x19, 0x06, 0x21,
    0x05, 0x21, 0x06, 0x19, 0x06, 0x21, 0x05, 0x21, 0x06, 0x19, 0x06, 0x21,
    0x05, 0x21, 0x06, 0x19, 0x05, 0x21, 0x06, 0x21, 0x06, 0x19, 0x05, 0x21,
    0x06, 0x21, 0x06, 0x19, 0x05, 0x21, 0x06, 0x21, 0x05, 0x21, 0x06, 0x21,
    0x06, 0x21, 0x05, 0x21, 0x06, 0x21, 0x05, 0x21, 0x06, 0x19, 0x06, 0x21,
    0x05, 0x19, 0x06, 0x21, 0x06, 0x21, 0x05, 0x21, 0x06, 0x21, 0x06, 0x21,
    0x05, 0x21, 0x06, 0x21, 0x06, 0x19, 0x05, 0x21, 0x06, 0x19, 0x05, 0x21,
    0x06, 0x19, 0x06, 0x21, 0x05, 0x21, 0x06, 0x19, 0x06, 0x21, 0x05, 0x21,
    0x06, 0x21, 0x06, 0x19, 0x05, 0x21, 0x06, 0x21, 0x05, 0x21, 0x05, 0x19,
    0x06, 0x21, 0x06, 0x21, 0x05, 0x19, 0x06, 0x21, 0x06, 0x19, 0x05, 0x21,
    0x05, 0x21, 0x06, 0x19, 0x06, 0x19, 0x05, 0x21, 0x06, 0x19, 0x06, 0x21,
    0x05, 0x21, 0x06, 0x21, 0x06, 0x21, 0x05, 0x19, 0x06, 0x21, 0x06, 0x21,
    0x05, 0x21, 0x06, 0x21, 0x06, 0x21, 0x05, 0x21, 0x05, 0x19, 0x06, 0x21,
    0x06, 0x21, 0x05, 0x19, 0x06, 0x21, 0x06, 0x21, 0x05, 0x21, 0x06, 0x19,
    0x06, 0x21, 0x05, 0x21, 0x06, 0x19, 0x05, 0x21, 0x06, 0x21, 0x06, 0x19,
    0x05, 0x21, 0x06, 0x21, 0x06, 0x21, 0x05, 0x21, 0x06, 0x21, 0x05, 0x19,
    0x06, 0x19, 0x06, 0x21, 0x05, 0x21, 0x06, 0x19, 0x06, 0x21, 0x06, 0x21,
    0xe5, 0x18, 0x67, 0x49, 0xc8, 0x79, 0xa8, 0x71, 0xc8, 0x79, 0xa8, 0x71,
    0xa8, 0x79, 0xc8, 0x71, 0xa8, 0x71, 0xc8, 0x79, 0xa8, 0x71, 0xc8, 0x71,
    0xa8, 0x79, 0xc8, 0x71, 0xc8, 0x79, 0xa8, 0x71, 0xc8, 0x71, 0xc8, 0x79,
    0xa8, 0x71, 0xc8, 0x71, 0xc8, 0x79, 0xa8, 0x71, 0xc8, 0x71, 0xc8, 0x79,
    0xa8, 0x79, 0xc8, 0x71, 0xc8, 0x79, 0xc8, 0x71, 0xa8, 0x71, 0xc8, 0x79,
    0xc8, 0x79, 0xc8, 0x71, 0xc8, 0x79, 0xa8, 0x79, 0xc8, 0x71, 0xc8, 0x71,
    0xa8, 0x79, 0xc8, 0x71, 0x87, 0x59, 0x05, 0x19, 0x06, 0x21, 0x05, 0x21,
    0x06, 0x19, 0x06, 0x21, 0x05, 0x21, 0x06, 0x21, 0x06, 0x21, 0x05, 0x21,
    0x06, 0x19, 0x06, 0x21, 0x05, 0x21, 0x06, 0x21, 0x05, 0x19, 0x05, 0x21,
    0x06, 0x21, 0x06, 0x19, 0x06, 0x21, 0x05, 0x21, 0x06, 0x21, 0x06, 0x21,
    0x06, 0x21, 0x05, 0x19, 0x06, 0x21, 0x06, 0x21, 0x05, 0x21, 0x06, 0x21,
    0x05, 0x21, 0x06, 0x19, 0x06, 0x21, 0x05, 0x21, 0x06, 0x19, 0x06, 0x21,
    0x05, 0x21, 0x06, 0x19, 0x06, 0x19, 0x05, 0x21, 0x06, 0x21, 0x06, 0x21,
    0x05, 0x21, 0x06, 0x21, 0x06, 0x21, 0x05, 0x21, 0x06, 0x21, 0x05, 0x19,
    0x06, 0x21, 0x06, 0x21, 0x05, 0x21, 0x06, 0x21, 0x06, 0x19, 0x05, 0x21,
    0x06, 0x21, 0x06, 0x21, 0x05, 0x19, 0x06, 0x21, 0x05, 0x21, 0x06, 0x19,
    0x06, 0x21, 0x05, 0x21, 0x06, 0x21, 0x05, 0x19, 0x06, 0x21, 0x06, 0x21,
    0x05, 0x19, 0x06, 0x21, 0x05, 0x21, 0x06, 0x21, 0x06, 0x21, 0x05, 0x21,
    0x06, 0x19, 0x06, 0x21, 0x05, 0x21, 0x06, 0x19, 0x06, 0x21, 0x05, 0x21,
    0x06, 0x21, 0x06, 0x21, 0x06, 0x21, 0x05, 0x21, 0x06, 0x19, 0x06, 0x21,
    0x05, 0x21, 0x06, 0x19, 0x06, 0x21, 0x06, 0x21, 0x05, 0x19, 0x06, 0x21,
    0x05, 0x21, 0x06, 0x21, 0x06, 0x19, 0x05, 0x21, 0x06, 0x21, 0x06, 0x21,
    0x05, 0x21, 0x06, 0x21, 0x06, 0x19, 0x05, 0x21, 0x05, 0x21, 0x06, 0x21,
    0x06, 0x21, 0x05, 0x21, 0x06, 0x21, 0x06, 0x21, 0x05, 0x19, 0x06, 0x21,
    0x05, 0x21, 0x06, 0x19, 0x06, 0x21, 0x05, 0x21, 0x06, 0x19, 0x06, 0x21,
    0x05, 0x19, 0x06, 0x21, 0x06, 0x21, 0x05, 0x19, 0x06, 0x21, 0x06, 0x21,
    0x05, 0x21, 0x06, 0x21, 0x06, 0x19, 0x05, 0x21, 0x06, 0x19, 0x05, 0x21,
    0x06, 0x19, 0x06, 0x21, 0x05, 0x21, 0x06, 0x21, 0x06, 0x21, 0x05, 0x21,
    0x06, 0x19, 0x06, 0x21, 0x05, 0x21, 0x06, 0x19, 0x06, 0x21, 0x05, 0x21,
    0x06, 0x21, 0x06, 0x21, 0x05, 0x21, 0x06, 0x19, 0x06, 0x21, 0x06, 0x21,
    0x06, 0x19, 0x05, 0x21, 0x06, 0x21, 0x06, 0x21, 0x05, 0x21, 0x06, 0x21,
    0x06, 0x19, 0x06, 0x21, 0x05, 0x21, 0x06, 0x21, 0x06, 0x21, 0x05, 0x21,
    0x06, 0x19, 0x06, 0x21, 0x05, 0x21, 0x06, 0x19, 0x06, 0x21, 0x05, 0x21,
    0x06, 0x19, 0x06, 0x21, 0x05, 0x19, 0x06, 0x21, 0x06, 0x21, 0x05, 0x21,
    0x06, 0x21, 0x06, 0x19, 0x05, 0x21, 0x06, 0x21, 0x06, 0x19, 0x05, 0x21,
    0x06, 0x21, 0x05, 0x21, 0x06, 0x19, 0x06, 0x21, 0x05, 0x21, 0x06, 0x21,
    0x06, 0x21, 0x05, 0x21, 0x06, 0x19, 0x06, 0x21, 0x05, 0x21, 0x06, 0x21,
    0x06, 0x21, 0x05, 0x21, 0x06, 0x21, 0x05, 0x19, 0x05, 0x21, 0x06, 0x21,
    0x05, 0x21, 0xe5, 0x08, 0x09, 0xa2, 0x2c, 0xfb, 0x0c, 0xfb, 0xeb, 0xfa,
    0x0c, 0xfb, 0x0c, 0xfb, 0xeb, 0xfa, 0x0c, 0xfb, 0xec, 0xfa, 0x0b, 0xfb,
    0xec, 0xfa, 0xec, 0xfa, 0x0b, 0xfb, 0xec, 0xfa, 0xec, 0xfa, 0x0b, 0xfb,
    0xec, 0xfa, 0xec, 0xfa, 0x0b, 0xfb, 0xec, 0xfa, 0xec, 0xfa, 0x0b, 0xfb,
    0xec, 0xfa, 0x0c, 0xfb, 0xeb, 0xfa, 0xec, 0xfa, 0x0c, 0xfb, 0xeb, 0xfa,
    0xec, 0xfa, 0x0c, 0xfb, 0xeb, 0xfa, 0xec, 0xfa, 0x0c, 0xfb, 0xeb, 0xfa,
    0x0c, 0xfb, 0x0c, 0xfb, 0x2c, 0xfb, 0x6a, 0xd2, 0xe5, 0x10, 0x06, 0x19,
    0x06, 0x21, 0x05, 0x21, 0x06, 0x21, 0x06, 0x21, 0x05, 0x21, 0x06, 0x21,
    0x06, 0x19, 0x06, 0x21, 0x05, 0x21, 0x06, 0x19, 0x06, 0x21, 0x06, 0x21,
    0x05, 0x19, 0x06, 0x21, 0x05, 0x21, 0x06, 0x21, 0x06, 0x19, 0x05, 0x21,
    0x06, 0x21, 0x06, 0x21, 0x05, 0x21, 0x06, 0x19, 0x06, 0x21, 0x05, 0x19,
    0x06, 0x21, 0x06, 0x21, 0x05, 0x21, 0x06, 0x19, 0x05, 0x21, 0x06, 0x21,
    0x06, 0x21, 0x05, 0x21, 0x06, 0x21, 0xe5, 0x18, 0x27, 0x31, 0x59, 0xf3,
    0xba, 0xfb, 0x9a, 0xfb, 0x9a, 0xfb, 0x9a, 0xfb, 0x9a, 0xfb, 0x9a, 0xfb,
    0x9a, 0xfb, 0x9a, 0xfb, 0x9a, 0xfb, 0x9a, 0xfb, 0x9a, 0xfb, 0x9a, 0xfb,
    0x9a, 0xfb, 0x9a, 0xfb, 0x9a, 0xfb, 0x9a, 0xfb, 0x9b, 0xfb, 0x54, 0xfb,
    0xca, 0xfa, 0xcb, 0xfa, 0xcb, 0xfa, 0xeb, 0xfa, 0xcb, 0xfa, 0xcb, 0xfa,
    0xeb, 0xfa, 0xcb, 0xfa, 0xcb, 0xfa, 0xeb, 0xfa, 0xcb, 0xfa, 0xcb, 0xfa,
    0xeb, 0xfa, 0xcb, 0xfa, 0xcb, 0xfa, 0xeb, 0xfa, 0xcb, 0xfa, 0xcb, 0xfa,
    0xeb, 0xfa, 0x0c, 0xfb, 0xec, 0xfa, 0xeb, 0xfa, 0x0c, 0xfb, 0xec, 0xfa,
    0xeb, 0xfa, 0x0c, 0xfb, 0xeb, 0xfa, 0xec, 0xfa, 0x0b, 0xfb, 0xec, 0xfa,
    0xec, 0xfa, 0x0b, 0xfb, 0xec, 0xfa, 0xec, 0xfa, 0x0b, 0xfb, 0x0c, 0xfb,
    0xab, 0xea, 0x05, 0x21, 0x05, 0x19, 0x06, 0x21, 0x06, 0x21, 0x06, 0x19,
    0x05, 0x21, 0x06, 0x19, 0x06, 0x21, 0x05, 0x21, 0x06, 0x19, 0x06, 0x21,
    0x05, 0x21, 0x06, 0x21, 0x05, 0x21, 0x06, 0x21, 0x06, 0x21, 0x05, 0x21,
    0x06, 0x19, 0x05, 0x21, 0x06, 0x21, 0x06, 0x19, 0x05, 0x21, 0x06, 0x21,
    0x06, 0x19, 0x05, 0x21, 0x06, 0x21, 0x05, 0x21, 0x06, 0x21, 0x06, 0x21,
    0x05, 0x19, 0x06, 0x21, 0x06, 0x21, 0x05, 0x19, 0x06, 0x21, 0x06, 0x21,
    0x05, 0x21, 0x06, 0x21, 0x05, 0x21, 0x06, 0x21, 0x06, 0x21, 0x05, 0x21,
    0x06, 0x19, 0x06, 0x21, 0x05, 0x21, 0x06, 0x21, 0x05, 0x21, 0x06, 0x21,
    0x06, 0x21, 0x05, 0x21, 0x06, 0x19, 0x05, 0x21, 0x06, 0x21, 0x05, 0x19,
    0x06, 0x21, 0x06, 0x21, 0x06, 0x21, 0x05, 0x21, 0x06, 0x19, 0x06, 0x21,
    0x05, 0x21, 0x06, 0x21, 0x05, 0x19, 0x05, 0x21, 0x06, 0x21, 0x06, 0x21,
    0x05, 0x21, 0x06, 0x21, 0x05, 0x21, 0x06, 0x21, 0x05, 0x19, 0x06, 0x21,
    0x06, 0x21, 0x05, 0x19, 0x06, 0x21, 0x06, 0x21, 0x05, 0x21, 0x06, 0x19,
    0x06, 0x21, 0x05, 0x21, 0x06, 0x21, 0x06, 0x21, 0x05, 0x21, 0x06, 0x19,
    0x05, 0x21, 0x06, 0x21, 0x06, 0x19, 0x05, 0x21, 0x06, 0x19, 0x06, 0x21,
    0x05, 0x19, 0x06, 0x21, 0x06, 0x21, 0x05, 0x21, 0x06, 0x21, 0x06, 0x21,
    0x06, 0x19, 0x05, 0x21, 0xe5, 0x08, 0x09, 0x9a, 0x0c, 0xfb, 0xcb, 0xfa,
    0xeb, 0xfa, 0xcb, 0xfa, 0xeb, 0xfa, 0xcb, 0xfa, 0xcb, 0xfa, 0xeb, 0xfa,
    0xeb, 0xfa, 0xcb, 0xfa, 0xeb, 0xfa, 0xeb, 0xfa, 0xcb, 0xfa, 0xeb, 0xfa,
    0xcb, 0xfa, 0xeb, 0xfa, 0xeb, 0xfa, 0xcb, 0xfa, 0xeb, 0xfa, 0xeb, 0xfa,
    0xcb, 0xfa, 0xeb, 0xfa, 0xcb, 0xfa, 0xeb, 0xfa, 0xcb, 0xfa, 0xeb, 0xfa,
    0xeb, 0xfa, 0xcb, 0xfa, 0xcb, 0xfa, 0xeb, 0xfa, 0xcb, 0xfa, 0xeb, 0xfa,
    0xcb, 0xfa, 0xcb, 0xfa, 0xeb, 0xfa, 0xec, 0xfa, 0x6a, 0xc2, 0xe5, 0x10,
    0x06, 0x21, 0x06, 0x21, 0x05, 0x21, 0x06, 0x19, 0x06, 0x19, 0x05, 0x21,
    0x05, 0x21, 0x06, 0x21, 0x05, 0x21, 0x06, 0x21, 0x05, 0x19, 0x06, 0x21,
    0x06, 0x21, 0x06, 0x21, 0x05, 0x21, 0x06, 0x21, 0x05, 0x19, 0x06, 0x21,
    0x05, 0x21, 0x06, 0x19, 0x05, 0x21, 0x06, 0x21, 0x06, 0x21, 0x05, 0x19,
    0x06, 0x21, 0x06, 0x21, 0x05, 0x19, 0x06, 0x21, 0x06, 0x21, 0x05, 0x21,
    0x06, 0x19, 0x06, 0x21, 0x05, 0x21, 0x06, 0x21, 0x05, 0x19, 0x27, 0x29,
    0x58, 0xf3, 0x99, 0xfb, 0x79, 0xfb, 0x79, 0xfb, 0x99, 0xfb, 0x79, 0xfb,
    0x79, 0xfb, 0x99, 0xfb, 0x79, 0xfb, 0x79, 0xfb, 0x99, 0xfb, 0x79, 0xfb,
    0x79, 0xfb, 0x99, 0xfb, 0x79, 0xfb, 0x79, 0xfb, 0x99, 0xfb, 0x9a, 0xfb,
    0x34, 0xfb, 0xca, 0xfa, 0xeb, 0xfa, 0xcb, 0xfa, 0xeb, 0xfa, 0xcb, 0xfa,
    0xeb, 0xfa, 0xeb, 0xfa, 0xcb, 0xfa, 0xeb, 0xfa, 0xcb, 0xfa, 0xeb, 0xfa,
    0xcb, 0xfa, 0xeb, 0xfa, 0xcb, 0xfa, 0xeb, 0xfa, 0xeb, 0xfa, 0xcb, 0xfa,
    0xeb, 0xfa, 0xeb, 0xfa, 0xcb, 0xfa, 0xeb, 0xfa, 0xeb, 0xfa, 0xcb, 0xfa,
    0xeb, 0xfa, 0xcb, 0xfa, 0xeb, 0xfa, 0xcb, 0xfa, 0xeb, 0xfa, 0xeb, 0xfa,
    0xcb, 0xfa, 0xeb, 0xfa, 0xcb, 0xfa, 0xeb, 0xfa, 0xcb, 0xfa, 0xeb, 0xfa,
    0xeb, 0xfa, 0x8a, 0xe2, 0x06, 0x21, 0x05, 0x19, 0x06, 0x21, 0x06, 0x21,
    0x05, 0x21, 0x06, 0x19, 0x05, 0x21, 0x06, 0x21, 0x05, 0x19, 0x06, 0x21,
    0x06, 0x21, 0x05, 0x19, 0x06, 0x21, 0x06, 0x21, 0x05, 0x19, 0x06, 0x21,
    0x06, 0x21, 0x05, 0x21, 0x06, 0x21, 0x05, 0x21, 0x06, 0x21, 0x05, 0x21,
    0x06, 0x21, 0x05, 0x19, 0x06, 0x21, 0x06, 0x21, 0x05, 0x19, 0x06, 0x21,
    0x06, 0x21, 0x05, 0x21, 0x06, 0x21, 0x05, 0x21, 0x06, 0x19, 0x05, 0x21,
    0x06, 0x19, 0x06, 0x19, 0x05, 0x21, 0x06, 0x19, 0x06, 0x21, 0x05, 0x21,
    0x05, 0x19, 0x06, 0x21, 0x05, 0x19, 0x06, 0x21, 0x06, 0x19, 0x05, 0x21,
    0x05, 0x19, 0x06, 0x21, 0x06, 0x21, 0x05, 0x21, 0x06, 0x19, 0x06, 0x21,
    0x05, 0x21, 0x05, 0x21, 0x06, 0x21, 0x06, 0x21, 0x05, 0x19, 0x06, 0x21,
    0x05, 0x21, 0x06, 0x19, 0x06, 0x21, 0x06, 0x21, 0x05, 0x21, 0x06, 0x19,
    0x05, 0x21, 0x06, 0x21, 0x06, 0x19, 0x05, 0x21, 0x06, 0x21, 0x06, 0x21,
    0x05, 0x19, 0x06, 0x21, 0x05, 0x21, 0x06, 0x21, 0x06, 0x21, 0x05, 0x19,
    0x06, 0x21, 0x06, 0x21, 0x05, 0x19, 0x06, 0x19, 0x05, 0x21, 0x06, 0x21,
    0x06, 0x19, 0x05, 0x21, 0x06, 0x21, 0x06, 0x21, 0x05, 0x21, 0x06, 0x21,
    0x05, 0x21, 0x06, 0x19, 0x05, 0x21, 0x06, 0x19, 0x06, 0x19, 0x05, 0x21,
    0x06, 0x21, 0x06, 0x21, 0x06, 0x21, 0xe5, 0x08, 0x09, 0x9a, 0x0c, 0xfb,
    0xcb, 0xfa, 0xeb, 0xfa, 0xcb, 0xfa, 0xeb, 0xfa, 0xeb, 0xfa, 0xcb, 0xfa,
    0xeb, 0xfa, 0xcb, 0xfa, 0xcb, 0xfa, 0xeb, 0xfa, 0xcb, 0xfa, 0xeb, 0xfa,
    0xcb, 0xfa, 0xeb, 0xfa, 0xcb, 0xfa, 0xcb, 0xfa, 0xeb, 0xfa, 0xcb, 0xfa,
    0xcb, 0xfa, 0xeb, 0xfa, 0xcb, 0xfa, 0xeb, 0xfa, 0xcb, 0xfa, 0xeb, 0xfa,
    0xcb, 0xfa, 0xeb, 0xfa, 0xeb, 0xfa, 0xcb, 0xfa, 0xeb, 0xfa, 0xeb, 0xfa,
    0xcb, 0xfa, 0xeb, 0xfa, 0xcb, 0xfa, 0xcb, 0xfa, 0x0c, 0xfb, 0x6a, 0xc2,
    0xe5, 0x10, 0x06, 0x21, 0x05, 0x21, 0x06, 0x19, 0x05, 0x21, 0x06, 0x21,
    0x06, 0x21, 0x06, 0x19, 0x05, 0x21, 0x06, 0x21, 0x06, 0x19, 0x05, 0x21,
    0x05, 0x21, 0x06, 0x21, 0x05, 0x19, 0x06, 0x21, 0x06, 0x21, 0x06, 0x19,
    0x05, 0x21, 0x06, 0x21, 0x06, 0x19, 0x05, 0x21, 0x06, 0x21, 0x05, 0x19,
    0x05, 0x21, 0x06, 0x21, 0x06, 0x21, 0x05, 0x19, 0x06, 0x21, 0x06, 0x21,
    0x05, 0x19, 0x06, 0x21, 0x05, 0x21, 0x06, 0x19, 0x06, 0x21, 0x05, 0x19,
    0x27, 0x31, 0x58, 0xf3, 0x99, 0xfb, 0x99, 0xfb, 0x79, 0xfb, 0x99, 0xfb,
    0x79, 0xfb, 0x99, 0xfb, 0x99, 0xfb, 0x79, 0xfb, 0x99, 0xfb, 0x79, 0xfb,
    0x99, 0xfb, 0x79, 0xfb, 0x99, 0xfb, 0x79, 0xfb, 0x99, 0xfb, 0x99, 0xfb,
    0x9a, 0xfb, 0x34, 0xfb, 0xca, 0xfa, 0xeb, 0xfa, 0xec, 0xfa, 0xcb, 0xfa,
    0xec, 0xfa, 0xcb, 0xfa, 0xcc, 0xfa, 0xeb, 0xfa, 0xcc, 0xfa, 0xeb, 0xfa,
    0xcc, 0xfa, 0xeb, 0xfa, 0xcc, 0xfa, 0xeb, 0xfa, 0xcc, 0xfa, 0xcc, 0xfa,
    0xeb, 0xfa, 0xcc, 0xfa, 0xeb, 0xfa, 0xcb, 0xfa, 0xcb, 0xfa, 0xeb, 0xfa,
    0xcb, 0xfa, 0xeb, 0xfa, 0xeb, 0xfa, 0xcb, 0xfa, 0xeb, 0xfa, 0xcb, 0xfa,
    0xcb, 0xfa, 0xeb, 0xfa, 0xcb, 0xfa, 0xeb, 0xfa, 0xcb, 0xfa, 0xeb, 0xfa,
    0xcb, 0xfa, 0xec, 0xfa, 0xab, 0xe2, 0x06, 0x21, 0x05, 0x19, 0x06, 0x21,
    0x05, 0x21, 0x06, 0x21, 0x06, 0x21, 0x05, 0x21, 0x06, 0x21, 0x06, 0x21,
    0x05, 0x21, 0x06, 0x21, 0x06, 0x19, 0x05, 0x21, 0x06, 0x21, 0x05, 0x19,
    0x06, 0x21, 0x06, 0x21, 0x05, 0x19, 0x06, 0x21, 0x06, 0x19, 0x05, 0x21,
    0x06, 0x21, 0x06, 0x19, 0x05, 0x21, 0x06, 0x21, 0x06, 0x21, 0x05, 0x19,
    0x06, 0x21, 0x05, 0x21, 0x06, 0x19, 0x06, 0x21, 0x05, 0x21, 0x06, 0x21,
    0x06, 0x21, 0x05, 0x21, 0x06, 0x21, 0x05, 0x21, 0x06, 0x21, 0x06, 0x19,
    0x05, 0x21, 0x06, 0x21, 0x06, 0x21, 0x05, 0x21, 0x06, 0x21, 0x06, 0x21,
    0x06, 0x19, 0x05, 0x21, 0x06, 0x21, 0x06, 0x19, 0x05, 0x21, 0x06, 0x21,
    0x06, 0x21, 0x06, 0x19, 0x05, 0x21, 0x06, 0x21, 0x06, 0x21, 0x06, 0x21,
    0x05, 0x21, 0x06, 0x21, 0x05, 0x19, 0x06, 0x21, 0x06, 0x21, 0x06, 0x19,
    0x05, 0x21, 0x06, 0x21, 0x06, 0x19, 0x05, 0x21, 0x06, 0x21, 0x06, 0x19,
    0x05, 0x21, 0x06, 0x21, 0x06, 0x21, 0x05, 0x19, 0x06, 0x21, 0x05, 0x21,
    0x05, 0x21, 0x06, 0x21, 0x05, 0x21, 0x06, 0x21, 0x06, 0x21, 0x05, 0x21,
    0x06, 0x21, 0x06, 0x21, 0x05, 0x19, 0x06, 0x21, 0x05, 0x21, 0x06, 0x19,
    0x06, 0x21, 0x05, 0x21, 0x06, 0x21, 0x06, 0x21, 0x05, 0x21, 0x06, 0x21,
    0x05, 0x21, 0x05, 0x19, 0x06, 0x21, 0x05, 0x21, 0xe5, 0x08, 0x09, 0x92,
    0x0c, 0xfb, 0xcb, 0xfa, 0xcb, 0xfa, 0xeb, 0xfa, 0xcc, 0xfa, 0xcb, 0xfa,
    0xeb, 0xfa, 0xcc, 0xfa, 0xeb, 0xfa, 0xec, 0xfa, 0xcb, 0xfa, 0xcc, 0xfa,
    0xeb, 0xfa, 0xec, 0xfa, 0xcb, 0xfa, 0xeb, 0xfa, 0xcc, 0xfa, 0xeb, 0xfa,
    0xeb, 0xfa, 0xcc, 0xfa, 0xeb, 0xfa, 0xcc, 0xfa, 0xeb, 0xfa, 0xec, 0xfa,
    0xcb, 0xfa, 0xcc, 0xfa, 0xcb, 0xfa, 0xeb, 0xfa, 0xcc, 0xfa, 0xcb, 0xfa,
    0xec, 0xfa, 0xcb, 0xfa, 0xeb, 0xfa, 0xec, 0xfa, 0xcb, 0xfa, 0x0c, 0xfb,
    0x4a, 0xc2, 0xe5, 0x10, 0x06, 0x21, 0x06, 0x21, 0x05, 0x21, 0x06, 0x21,
    0x05, 0x21, 0x06, 0x19, 0x06, 0x21, 0x05, 0x21, 0x06, 0x19, 0x06, 0x21,
    0x06, 0x21, 0x06, 0x21, 0x05, 0x19, 0x06, 0x21, 0x05, 0x21, 0x06, 0x21,
    0x06, 0x21, 0x05, 0x21, 0x06, 0x21, 0x06, 0x21, 0x05, 0x19, 0x06, 0x21,
    0x06, 0x21, 0x06, 0x21, 0x05, 0x21, 0x06, 0x21, 0x05, 0x21, 0x06, 0x21,
    0x05, 0x21, 0x06, 0x21, 0x06, 0x21, 0x05, 0x19, 0x06, 0x21, 0x05, 0x21,
    0xe5, 0x18, 0x27, 0x31, 0x58, 0xf3, 0x9a, 0xfb, 0x99, 0xfb, 0x99, 0xfb,
    0x79, 0xfb, 0x99, 0xfb, 0x79, 0xfb, 0x79, 0xfb, 0x99, 0xfb, 0x79, 0xfb,
    0x99, 0xfb, 0x79, 0xfb, 0x99, 0xfb, 0x79, 0xfb, 0x99, 0xfb, 0x79, 0xfb,
    0x79, 0xfb, 0x9a, 0xfb, 0x54, 0xfb, 0xca, 0xfa, 0xcb, 0xfa, 0xcb, 0xfa,
    0xec, 0xfa, 0xcb, 0xfa, 0xeb, 0xfa, 0xcb, 0xfa, 0xec, 0xfa, 0xeb, 0xfa,
    0xcb, 0xfa, 0xeb, 0xfa, 0xcc, 0xfa, 0xeb, 0xfa, 0xeb, 0xfa, 0xcb, 0xfa,
    0xeb, 0xfa, 0xcb, 0xfa, 0xcb, 0xfa, 0xec, 0xfa, 0xeb, 0xfa, 0xcc, 0xfa,
    0xcb, 0xfa, 0xec, 0xfa, 0xcb, 0xfa, 0xcc, 0xfa, 0xec, 0xfa, 0xcb, 0xfa,
    0xec, 0xfa, 0xcc, 0xfa, 0xeb, 0xfa, 0xec, 0xfa, 0xcb, 0xfa, 0xec, 0xfa,
    0xcb, 0xfa, 0xeb, 0xfa, 0xec, 0xfa, 0x8a, 0xda, 0x06, 0x21, 0x05, 0x19,
    0x06, 0x21, 0x06, 0x19, 0x05, 0x19, 0x06, 0x21, 0x06, 0x19, 0x05, 0x21,
    0x06, 0x21, 0x05, 0x19, 0x06, 0x21, 0x05, 0x21, 0x06, 0x21, 0x06, 0x21,
    0x05, 0x21, 0x06, 0x19, 0x05, 0x21, 0x06, 0x21, 0x06, 0x19, 0x05, 0x21,
    0x06, 0x21, 0x06, 0x19, 0x05, 0x21, 0x06, 0x21, 0x05, 0x21, 0x06, 0x19,
    0x06, 0x21, 0x05, 0x21, 0x06, 0x19, 0x06, 0x21, 0x05, 0x21, 0x06, 0x19,
    0x06, 0x21, 0x05, 0x21, 0x06, 0x19, 0x06, 0x21, 0x05, 0x21, 0x06, 0x21,
    0x06, 0x21, 0x05, 0x19, 0x06, 0x21, 0x06, 0x21, 0x05, 0x19, 0x06, 0x21,
    0x05, 0x21, 0x06, 0x21, 0x06, 0x21, 0x05, 0x21, 0x06, 0x19, 0x05, 0x21,
    0x05, 0x21, 0x06, 0x19, 0x06, 0x21, 0x06, 0x21, 0x05, 0x19, 0x05, 0x21,
    0x06, 0x19, 0x06, 0x21, 0x05, 0x21, 0x06, 0x21, 0x05, 0x21, 0x05, 0x21,
    0x06, 0x21, 0x06, 0x21, 0x05, 0x21, 0x06, 0x21, 0x05, 0x21, 0x06, 0x21,
    0x06, 0x19, 0x05, 0x21, 0x06, 0x21, 0x06, 0x19, 0x05, 0x21, 0x06, 0x21,
    0x06, 0x19, 0x06, 0x21, 0x06, 0x19, 0x05, 0x21, 0x06, 0x21, 0x06, 0x19,
    0x05, 0x21, 0x06, 0x21, 0x05, 0x19, 0x06, 0x21, 0x06, 0x21, 0x05, 0x19,
    0x06, 0x21, 0x06, 0x21, 0x05, 0x19, 0x06, 0x21, 0x06, 0x21, 0x05, 0x21,
    0x06, 0x21, 0x06, 0x19, 0x06, 0x21, 0x06, 0x21, 0x05, 0x21, 0xc5, 0x08,
    0x09, 0x9a, 0x0c, 0xfb, 0xcb, 0xfa, 0xeb, 0xfa, 0xeb, 0xfa, 0xcc, 0xfa,
    0xeb, 0xfa, 0xcb, 0xfa, 0xeb, 0xfa, 0xcc, 0xfa, 0xeb, 0xfa, 0xcb, 0xfa,
    0xeb, 0xfa, 0xcb, 0xfa, 0xcb, 0xfa, 0xec, 0xfa, 0xeb, 0xfa, 0xcb, 0xfa,
    0xcc, 0xfa, 0xeb, 0xfa, 0xeb, 0xfa, 0xcb, 0xfa, 0xcb, 0xfa, 0xec, 0xfa,
    0xcb, 0xfa, 0xeb, 0xfa, 0xeb, 0xfa, 0xcc, 0xfa, 0xeb, 0xfa, 0xeb, 0xfa,
    0xcb, 0xfa, 0xeb, 0xfa, 0xcc, 0xfa, 0xcb, 0xfa, 0xeb, 0xfa, 0xcb, 0xfa,
    0x0c, 0xfb, 0x4a, 0xc2, 0xe5, 0x10, 0x05, 0x21, 0x06, 0x21, 0x06, 0x19,
    0x05, 0x21, 0x06, 0x21, 0x05, 0x21, 0x06, 0x21, 0x06, 0x21, 0x05, 0x21,
    0x05, 0x21, 0x06, 0x21, 0x06, 0x19, 0x06, 0x21, 0x05, 0x21, 0x06, 0x19,
    0x05, 0x21, 0x06, 0x19, 0x05, 0x21, 0x06, 0x21, 0x06, 0x19, 0x05, 0x21,
    0x06, 0x21, 0x06, 0x21, 0x05, 0x19, 0x06, 0x19, 0x06, 0x21, 0x06, 0x19,
    0x05, 0x21, 0x06, 0x19, 0x06, 0x21, 0x05, 0x21, 0x06, 0x21, 0x06, 0x21,
    0x05, 0x19, 0x05, 0x19, 0x27, 0x29, 0x58, 0xf3, 0x99, 0xfb, 0x99, 0xfb,
    0x79, 0xfb, 0x79, 0xfb, 0x99, 0xfb, 0x99, 0xfb, 0x79, 0xfb, 0x99, 0xfb,
    0x99, 0xfb, 0x79, 0xfb, 0x99, 0xfb, 0x79, 0xfb, 0x99, 0xfb, 0x99, 0xfb,
    0x79, 0xfb, 0x79, 0xfb, 0x9a, 0xfb, 0x54, 0xfb, 0xca, 0xfa, 0xcb, 0xfa,
    0xeb, 0xfa, 0xcb, 0xfa, 0xeb, 0xfa, 0xeb, 0xfa, 0xcb, 0xfa, 0xcb, 0xfa,
    0xeb, 0xfa, 0xcb, 0xfa, 0xeb, 0xfa, 0xcb, 0xfa, 0xcb, 0xfa, 0xeb, 0xfa,
    0xcb, 0xfa, 0xec, 0xfa, 0xeb, 0xfa, 0xcb, 0xfa, 0xeb, 0xfa, 0xeb, 0xfa,
    0xcb, 0xfa, 0xec, 0xfa, 0xeb, 0xfa, 0xcb, 0xfa, 0xeb, 0xfa, 0xcb, 0xfa,
    0xeb, 0xfa, 0xeb, 0xfa, 0xcb, 0xfa, 0xcb, 0xfa, 0xeb, 0xfa, 0xcb, 0xfa,
    0xcc, 0xfa, 0xeb, 0xfa, 0xcb, 0xfa, 0xec, 0xfa, 0xaa, 0xe2, 0x06, 0x21,
    0x05, 0x19, 0x06, 0x21, 0x06, 0x21, 0x05, 0x21, 0x06, 0x21, 0x06, 0x21,
    0x05, 0x19, 0x06, 0x21, 0x06, 0x21, 0x05, 0x19, 0x06, 0x21, 0x06, 0x19,
    0x05, 0x21, 0x06, 0x21, 0x06, 0x21, 0x05, 0x21, 0x06, 0x21, 0x06, 0x21,
    0x05, 0x21, 0x06, 0x21, 0x06, 0x21, 0x05, 0x21, 0x06, 0x21, 0x06, 0x19,
    0x05, 0x21, 0x06, 0x21, 0x06, 0x21, 0x05, 0x21, 0x06, 0x21, 0x05, 0x19,
    0x06, 0x21, 0x05, 0x21, 0x06, 0x19, 0x06, 0x21, 0x05, 0x21, 0x06, 0x19,
    0x05, 0x21, 0x06, 0x21, 0x06, 0x21, 0x05, 0x21, 0x06, 0x19, 0x06, 0x21,
    0x05, 0x21, 0x06, 0x19, 0x05, 0x21, 0x06, 0x21, 0x06, 0x19, 0x05, 0x21,
    0x06, 0x21, 0x06, 0x21, 0x05, 0x21, 0x05, 0x21, 0x06, 0x21, 0x06, 0x21,
    0x06, 0x21, 0x05, 0x21, 0x06, 0x19, 0x06, 0x21, 0x06, 0x21, 0x06, 0x19,
    0x05, 0x21, 0x06, 0x19, 0x06, 0x21, 0x05, 0x19, 0x06, 0x21, 0x06, 0x21,
    0x05, 0x19, 0x06, 0x21, 0x05, 0x21, 0x06, 0x21, 0x05, 0x21, 0x06, 0x21,
    0x06, 0x21, 0x05, 0x19, 0x06, 0x21, 0x06, 0x21, 0x05, 0x19, 0x06, 0x21,
    0x05, 0x21, 0x06, 0x19, 0x06, 0x21, 0x05, 0x21, 0x06, 0x21, 0x06, 0x21,
    0x05, 0x21, 0x06, 0x21, 0x05, 0x21, 0x06, 0x19, 0x05, 0x21, 0x06, 0x19,
    0x06, 0x21, 0x05, 0x21, 0x06, 0x19, 0x06, 0x21, 0x05, 0x21, 0x06, 0x19,
    0xe5, 0x08, 0x08, 0x9a, 0x0c, 0xfb, 0xcb, 0xfa, 0xcb, 0xfa, 0xeb, 0xfa,
    0xeb, 0xfa, 0xcc, 0xfa, 0xeb, 0xfa, 0xcb, 0xfa, 0xeb, 0xfa, 0xcb, 0xfa,
    0xeb, 0xfa, 0xec, 0xfa, 0xcb, 0xfa, 0xcb, 0xfa, 0xeb, 0xfa, 0xcb, 0xfa,
    0xeb, 0xfa, 0xcb, 0xfa, 0xcc, 0xfa, 0xeb, 0xfa, 0xcb, 0xfa, 0xeb, 0xfa,
    0xcb, 0xfa, 0xcb, 0xfa, 0xeb, 0xfa, 0xeb, 0xfa, 0xcb, 0xfa, 0xcc, 0xfa,
    0xeb, 0xfa, 0xeb, 0xfa, 0xcb, 0xfa, 0xeb, 0xfa, 0xec, 0xfa, 0xcb, 0xfa,
    0xeb, 0xfa, 0xec, 0xfa, 0x6a, 0xc2, 0xe5, 0x10, 0x06, 0x21, 0x06, 0x21,
    0x05, 0x19, 0x06, 0x21, 0x06, 0x21, 0x05, 0x19, 0x06, 0x19, 0x06, 0x21,
    0x05, 0x19, 0x06, 0x21, 0x05, 0x21, 0x05, 0x19, 0x06, 0x21, 0x06, 0x21,
    0x05, 0x21, 0x06, 0x19, 0x06, 0x21, 0x05, 0x21, 0x06, 0x19, 0x05, 0x21,
    0x06, 0x21, 0x05, 0x21, 0x06, 0x19, 0x05, 0x21, 0x06, 0x21, 0x05, 0x21,
    0x06, 0x21, 0x06, 0x19, 0x05, 0x21, 0x06, 0x21, 0x05, 0x19, 0x06, 0x21,
    0x06, 0x21, 0x06, 0x21, 0x05, 0x19, 0x27, 0x31, 0x58, 0xf3, 0x99, 0xfb,
    0x99, 0xfb, 0x79, 0xfb, 0x99, 0xfb, 0x79, 0xfb, 0x79, 0xfb, 0x99, 0xfb,
    0x79, 0xfb, 0x79, 0xfb, 0x99, 0xfb, 0x79, 0xfb, 0x79, 0xfb, 0x99, 0xfb,
    0x79, 0xfb, 0x99, 0xfb, 0x99, 0xfb, 0x9a, 0xfb, 0x34, 0xfb, 0xca, 0xfa,
    0xec, 0xfa, 0xeb, 0xfa, 0xcb, 0xfa, 0xcc, 0xfa, 0xec, 0xfa, 0xcb, 0xfa,
    0xeb, 0xfa, 0xcc, 0xfa, 0xec, 0xfa, 0xcb, 0xfa, 0xeb, 0xfa, 0xec, 0xfa,
    0xcb, 0xfa, 0xcc, 0xfa, 0xeb, 0xfa, 0xcb, 0xfa, 0xcc, 0xfa, 0xeb, 0xfa,
    0xcb, 0xfa, 0xcb, 0xfa, 0xeb, 0xfa, 0xcb, 0xfa, 0xeb, 0xfa, 0xcb, 0xfa,
    0xeb, 0xfa, 0xcc, 0xfa, 0xcb, 0xfa, 0xeb, 0xfa, 0xcc, 0xfa, 0xeb, 0xfa,
    0xeb, 0xfa, 0xcb, 0xfa, 0xeb, 0xfa, 0xeb, 0xfa, 0xec, 0xfa, 0x8a, 0xe2,
    0x06, 0x21, 0x05, 0x19, 0x06, 0x21, 0x05, 0x21, 0x06, 0x21, 0x05, 0x21,
    0x06, 0x21, 0x06, 0x19, 0x05, 0x21, 0x06, 0x21, 0x06, 0x21, 0x05, 0x21,
    0x06, 0x21, 0x05, 0x19, 0x06, 0x21, 0x06, 0x19, 0x05, 0x21, 0x06, 0x19,
    0x05, 0x21, 0x06, 0x19, 0x05, 0x21, 0x06, 0x19, 0x06, 0x21, 0x05, 0x21,
    0x06, 0x21, 0x05, 0x21, 0x06, 0x19, 0x05, 0x21, 0x06, 0x21, 0x06, 0x19,
    0x06, 0x21, 0x05, 0x21, 0x06, 0x21, 0x06, 0x21, 0x05, 0x21, 0x06, 0x21,
    0x06, 0x19, 0x05, 0x21, 0x06, 0x21, 0x06, 0x19, 0x05, 0x21, 0x06, 0x21,
    0x06, 0x21, 0x05, 0x21, 0x06, 0x19, 0x06, 0x21, 0x05, 0x21, 0x06, 0x21,
    0x06, 0x21, 0x06, 0x19, 0x06, 0x21, 0x05, 0x21, 0x06, 0x19, 0x06, 0x21,
    0x05, 0x21, 0x06, 0x21, 0x05, 0x21, 0x05, 0x21, 0x06, 0x19, 0x05, 0x21,
    0x06, 0x21, 0x06, 0x19, 0x05, 0x21, 0x06, 0x21, 0x06, 0x19, 0x05, 0x21,
    0x06, 0x21, 0x06, 0x19, 0x05, 0x21, 0x06, 0x21, 0x06, 0x19, 0x05, 0x21,
    0x06, 0x21, 0x05, 0x19, 0x05, 0x21, 0x06, 0x21, 0x05, 0x21, 0x06, 0x21,
    0x06, 0x21, 0x05, 0x21, 0x06, 0x21, 0x06, 0x19, 0x05, 0x21, 0x06, 0x21,
    0x05, 0x19, 0x06, 0x21, 0x06, 0x21, 0x05, 0x19, 0x06, 0x21, 0x06, 0x21,
    0x05, 0x21, 0x06, 0x19, 0x05, 0x21, 0x05, 0x21, 0x06, 0x21, 0x06, 0x21,
    0x06, 0x21, 0xe5, 0x08, 0x09, 0x9a, 0x0c, 0xfb, 0xcb, 0xfa, 0xcb, 0xfa,
    0xec, 0xfa, 0xcb, 0xfa, 0xcb, 0xfa, 0xec, 0xfa, 0xcb, 0xfa, 0xeb, 0xfa,
    0xcc, 0xfa, 0xcb, 0xfa, 0xeb, 0xfa, 0xec, 0xfa, 0xcb, 0xfa, 0xec, 0xfa,
    0xcb, 0xfa, 0xeb, 0xfa, 0xec, 0xfa, 0xcb, 0xfa, 0xeb, 0xfa, 0xec, 0xfa,
    0xcc, 0xfa, 0xeb, 0xfa, 0xcc, 0xfa, 0xcb, 0xfa, 0xeb, 0xfa, 0xcc, 0xfa,
    0xcb, 0xfa, 0xeb, 0xfa, 0xcc, 0xfa, 0xcb, 0xfa, 0xeb, 0xfa, 0xcb, 0xfa,
    0xcb, 0xfa, 0xeb, 0xfa, 0x0c, 0xfb, 0x4a, 0xc2, 0xe5, 0x10, 0x06, 0x21,
    0x05, 0x21, 0x06, 0x21, 0x06, 0x21, 0x05, 0x21, 0x06, 0x21, 0x05, 0x21,
    0x06, 0x21, 0x06, 0x19, 0x06, 0x21, 0x06, 0x21, 0x05, 0x21, 0x06, 0x21,
    0x06, 0x21, 0x05, 0x21, 0x06, 0x21, 0x06, 0x21, 0x05, 0x21, 0x06, 0x21,
    0x06, 0x21, 0x05, 0x21, 0x06, 0x19, 0x06, 0x21, 0x06, 0x21, 0x05, 0x21,
    0x06, 0x21, 0x05, 0x21, 0x06, 0x21, 0x06, 0x21, 0x05, 0x21, 0x06, 0x19,
    0x05, 0x21, 0x05, 0x21, 0x06, 0x19, 0xe5, 0x18, 0x27, 0x31, 0x58, 0xf3,
    0x99, 0xfb, 0x99, 0xfb, 0x99, 0xfb, 0x79, 0xfb, 0x99, 0xfb, 0x99, 0xfb,
    0x79, 0xfb, 0x99, 0xfb, 0x79, 0xfb, 0x99, 0xfb, 0x99, 0xfb, 0x79, 0xfb,
    0x99, 0xfb, 0x79, 0xfb, 0x79, 0xfb, 0x99, 0xfb, 0x9a, 0xfb, 0x34, 0xfb,
    0xca, 0xfa, 0xeb, 0xfa, 0xcc, 0xfa, 0xeb, 0xfa, 0xcb, 0xfa, 0xeb, 0xfa,
    0xeb, 0xfa, 0xcc, 0xfa, 0xeb, 0xfa, 0xcb, 0xfa, 0xcb, 0xfa, 0xec, 0xfa,
    0xeb, 0xfa, 0xcb, 0xfa, 0xeb, 0xfa, 0xeb, 0xfa, 0xcb, 0xfa, 0xec, 0xfa,
    0xeb, 0xfa, 0xcc, 0xfa, 0xec, 0xfa, 0xcb, 0xfa, 0xec, 0xfa, 0xcc, 0xfa,
    0xeb, 0xfa, 0xcb, 0xfa, 0xec, 0xfa, 0xeb, 0xfa, 0xcb, 0xfa, 0xec, 0xfa,
    0xcb, 0xfa, 0xeb, 0xfa, 0xcc, 0xfa, 0xcb, 0xfa, 0xeb, 0xfa, 0xec, 0xfa,
    0x8a, 0xe2, 0x06, 0x21, 0x06, 0x19, 0x05, 0x21, 0x06, 0x19, 0x06, 0x19,
    0x05, 0x21, 0x06, 0x21, 0x05, 0x21, 0x06, 0x21, 0x05, 0x19, 0x06, 0x21,
    0x06, 0x21, 0x05, 0x21, 0x06, 0x21, 0x05, 0x19, 0x06, 0x21, 0x06, 0x21,
    0x05, 0x21, 0x06, 0x19, 0x06, 0x21, 0x05, 0x21, 0x06, 0x21, 0x05, 0x19,
    0x06, 0x21, 0x06, 0x21, 0x06, 0x19, 0x05, 0x21, 0x06, 0x21, 0x05, 0x19,
    0x06, 0x21, 0x05, 0x21, 0x06, 0x19, 0x06, 0x21, 0x05, 0x21, 0x05, 0x19,
    0x06, 0x21, 0x06, 0x21, 0x05, 0x21, 0x06, 0x19, 0x05, 0x21, 0x06, 0x21,
    0x05, 0x19, 0x06, 0x21, 0x06, 0x21, 0x05, 0x21, 0x06, 0x19, 0x05, 0x21,
    0x05, 0x21, 0x06, 0x19, 0x05, 0x21, 0x06, 0x21, 0x06, 0x19, 0x05, 0x21,
    0x06, 0x21, 0x06, 0x19, 0x06, 0x21, 0x06, 0x19, 0x06, 0x21, 0x05, 0x21,
    0x06, 0x21, 0x05, 0x21, 0x06, 0x21, 0x05, 0x21, 0x06, 0x21, 0x05, 0x21,
    0x06, 0x21, 0x05, 0x21, 0x06, 0x21, 0x06, 0x21, 0x05, 0x19, 0x06, 0x21,
    0x06, 0x21, 0x06, 0x19, 0x06, 0x21, 0x06, 0x21, 0x05, 0x21, 0x06, 0x19,
    0x06, 0x21, 0x05, 0x19, 0x06, 0x21, 0x05, 0x21, 0x06, 0x21, 0x06, 0x19,
    0x05, 0x21, 0x06, 0x21, 0x06, 0x19, 0x05, 0x21, 0x06, 0x21, 0x06, 0x21,
    0x05, 0x21, 0x06, 0x21, 0x06, 0x21, 0x06, 0x19, 0x05, 0x21, 0x06, 0x21,
    0x05, 0x19, 0x05, 0x21, 0xc5, 0x08, 0x09, 0x9a, 0x0c, 0xfb, 0xcb, 0xfa,
    0xeb, 0xfa, 0xeb, 0xfa, 0xcb, 0xfa, 0xeb, 0xfa, 0xcb, 0xfa, 0xec, 0xfa,
    0xcb, 0xfa, 0xeb, 0xfa, 0xcb, 0xfa, 0xcb, 0xfa, 0xeb, 0xfa, 0xeb, 0xfa,
    0xcc, 0xfa, 0xcb, 0xfa, 0xeb, 0xfa, 0xcc, 0xfa, 0xcb, 0xfa, 0xeb, 0xfa,
    0xcb, 0xfa, 0xeb, 0xfa, 0xeb, 0xfa, 0xcb, 0xfa, 0xec, 0xfa, 0xeb, 0xfa,
    0xcb, 0xfa, 0xeb, 0xfa, 0xeb, 0xfa, 0xcc, 0xfa, 0xeb, 0xfa, 0xec, 0xfa,
    0xcb, 0xfa, 0xeb, 0xfa, 0xcb, 0xfa, 0x0c, 0xfb, 0x6a, 0xc2, 0xe5, 0x10,
    0x05, 0x21, 0x06, 0x21, 0x06, 0x19, 0x05, 0x19, 0x06, 0x21, 0x06, 0x21,
    0x05, 0x21, 0x05, 0x21, 0x06, 0x21, 0x05, 0x19, 0x06, 0x21, 0x06, 0x21,
    0x05, 0x19, 0x06, 0x19, 0x06, 0x21, 0x05, 0x21, 0x06, 0x19, 0x06, 0x21,
    0x05, 0x19, 0x06, 0x21, 0x06, 0x21, 0x05, 0x21, 0x06, 0x21, 0x05, 0x19,
    0x06, 0x21, 0x06, 0x19, 0x05, 0x19, 0x06, 0x21, 0x06, 0x21, 0x05, 0x19,
    0x06, 0x21, 0x06, 0x21, 0x06, 0x21, 0x05, 0x19, 0x05, 0x19, 0x27, 0x31,
    0x58, 0xf3, 0x9a, 0xfb, 0x99, 0xfb, 0x79, 0xfb, 0x79, 0xfb, 0x99, 0xfb,
    0x79, 0xfb, 0x99, 0xfb, 0x79, 0xfb, 0x99, 0xfb, 0x79, 0xfb, 0x99, 0xfb,
    0x99, 0xfb, 0x79, 0xfb, 0x99, 0xfb, 0x79, 0xfb, 0x99, 0xfb, 0x9a, 0xfb,
    0x54, 0xfb, 0xca, 0xfa, 0xcb, 0xfa, 0xeb, 0xfa, 0xcb, 0xfa, 0xeb, 0xfa,
    0xcb, 0xfa, 0xcc, 0xfa, 0xeb, 0xfa, 0xeb, 0xfa, 0xcb, 0xfa, 0xeb, 0xfa,
    0xcb, 0xfa, 0xcb, 0xfa, 0xec, 0xfa, 0xcb, 0xfa, 0xcb, 0xfa, 0xec, 0xfa,
    0xcb, 0xfa, 0xcb, 0xfa, 0xeb, 0xfa, 0xcb, 0xfa, 0xeb, 0xfa, 0xcb, 0xfa,
    0xeb, 0xfa, 0xcb, 0xfa, 0xcb, 0xfa, 0xeb, 0xfa, 0xcb, 0xfa, 0xeb, 0xfa,
    0xcb, 0xfa, 0xcb, 0xfa, 0xec, 0xfa, 0xeb, 0xfa, 0xcb, 0xfa, 0xcc, 0xfa,
    0xec, 0xfa, 0xaa, 0xda, 0x06, 0x21, 0x05, 0x19, 0x06, 0x21, 0x06, 0x21,
    0x05, 0x21, 0x06, 0x21, 0x06, 0x19, 0x05, 0x21, 0x06, 0x21, 0x06, 0x19,
    0x05, 0x21, 0x06, 0x19, 0x06, 0x21, 0x05, 0x21, 0x06, 0x21, 0x05, 0x21,
    0x06, 0x21, 0x06, 0x21, 0x05, 0x21, 0x06, 0x21, 0x06, 0x21, 0x05, 0x21,
    0x06, 0x19, 0x05, 0x21, 0x06, 0x21, 0x05, 0x19, 0x06, 0x21, 0x06, 0x21,
    0x05, 0x21, 0x06, 0x21, 0x06, 0x21, 0x05, 0x19, 0x06, 0x21, 0x06, 0x21,
    0x05, 0x19, 0x06, 0x21, 0x06, 0x21, 0x05, 0x19, 0x06, 0x21, 0x06, 0x21,
    0x05, 0x21, 0x06, 0x19, 0x05, 0x21, 0x06, 0x21, 0x06, 0x21, 0x05, 0x19,
    0x06, 0x21, 0x06, 0x21, 0x05, 0x21, 0x06, 0x21, 0x05, 0x21, 0x06, 0x19,
    0x05, 0x21, 0x06, 0x21, 0x06, 0x21, 0x05, 0x21, 0x06, 0x21, 0x06, 0x19,
    0x06, 0x21, 0x05, 0x19, 0x06, 0x21, 0x06, 0x21, 0x06, 0x19, 0x05, 0x21,
    0x06, 0x19, 0x06, 0x21, 0x05, 0x19, 0x06, 0x21, 0x06, 0x21, 0x05, 0x21,
    0x05, 0x21, 0x06, 0x21, 0x05, 0x21, 0x06, 0x21, 0x06, 0x21, 0x05, 0x19,
    0x06, 0x21, 0x06, 0x21, 0x05, 0x21, 0x06, 0x19, 0x06, 0x21, 0x05, 0x21,
    0x06, 0x21, 0x05, 0x21, 0x06, 0x21, 0x05, 0x19, 0x06, 0x21, 0x06, 0x21,
    0x05, 0x19, 0x06, 0x19, 0x05, 0x21, 0x06, 0x21, 0x06, 0x21, 0x06, 0x19,
    0x05, 0x21, 0x06, 0x21, 0x06, 0x21, 0xe5, 0x08, 0x08, 0x92, 0x0c, 0xfb,
    0xcb, 0xfa, 0xcb, 0xfa, 0xec, 0xfa, 0xcb, 0xfa, 0xeb, 0xfa, 0xec, 0xfa,
    0xcb, 0xfa, 0xeb, 0xfa, 0xec, 0xfa, 0xeb, 0xfa, 0xcc, 0xfa, 0xcb, 0xfa,
    0xeb, 0xfa, 0xcb, 0xfa, 0xeb, 0xfa, 0xeb, 0xfa, 0xcb, 0xfa, 0xeb, 0xfa,
    0xcc, 0xfa, 0xcb, 0xfa, 0xeb, 0xfa, 0xcb, 0xfa, 0xcb, 0xfa, 0xeb, 0xfa,
    0xcc, 0xfa, 0xeb, 0xfa, 0xcb, 0xfa, 0xcc, 0xfa, 0xeb, 0xfa, 0xcb, 0xfa,
    0xcb, 0xfa, 0xec, 0xfa, 0xcb, 0xfa, 0xcb, 0xfa, 0x0c, 0xfb, 0x4a, 0xc2,
    0xe5, 0x10, 0x06, 0x21, 0x06, 0x21, 0x05, 0x21, 0x06, 0x21, 0x06, 0x19,
    0x05, 0x19, 0x06, 0x21, 0x06, 0x21, 0x05, 0x19, 0x06, 0x21, 0x05, 0x21,
    0x06, 0x21, 0x05, 0x21, 0x06, 0x21, 0x06, 0x19, 0x05, 0x21, 0x06, 0x21,
    0x06, 0x19, 0x05, 0x21, 0x06, 0x21, 0x06, 0x19, 0x05, 0x21, 0x06, 0x21,
    0x06, 0x21, 0x05, 0x21, 0x06, 0x21, 0x06, 0x21, 0x05, 0x21, 0x06, 0x19,
    0x06, 0x21, 0x05, 0x21, 0x06, 0x21, 0x06, 0x21, 0x06, 0x21, 0x05, 0x19,
    0x27, 0x31, 0x58, 0xf3, 0x99, 0xfb, 0x99, 0xfb, 0x79, 0xfb, 0x99, 0xfb,
    0x79, 0xfb, 0x79, 0xfb, 0x99, 0xfb, 0x99, 0xfb, 0x79, 0xfb, 0x79, 0xfb,
    0x79, 0xfb, 0x99, 0xfb, 0x79, 0xfb, 0x99, 0xfb, 0x99, 0xfb, 0x79, 0xfb,
    0x9a, 0xfb, 0x34, 0xfb, 0xca, 0xfa, 0xeb, 0xfa, 0xcc, 0xfa, 0xeb, 0xfa,
    0xcc, 0xfa, 0xeb, 0xfa, 0xcb, 0xfa, 0xcb, 0xfa, 0xec, 0xfa, 0xcb, 0xfa,
    0xec, 0xfa, 0xeb, 0xfa, 0xcb, 0xfa, 0xec, 0xfa, 0xcb, 0xfa, 0xeb, 0xfa,
    0xeb, 0xfa, 0xcb, 0xfa, 0xeb, 0xfa, 0xcb, 0xfa, 0xeb, 0xfa, 0xcb, 0xfa,
    0xeb, 0xfa, 0xec, 0xfa, 0xcb, 0xfa, 0xec, 0xfa, 0xcb, 0xfa, 0xec, 0xfa,
    0xcb, 0xfa, 0xeb, 0xfa, 0xec, 0xfa, 0xcb, 0xfa, 0xeb, 0xfa, 0xeb, 0xfa,
    0xcb, 0xfa, 0xec, 0xfa, 0x8a, 0xe2, 0x06, 0x21, 0x05, 0x19, 0x06, 0x21,
    0x05, 0x21, 0x06, 0x21, 0x06, 0x19, 0x05, 0x21, 0x06, 0x21, 0x06, 0x21,
    0x05, 0x21, 0x06, 0x21, 0x05, 0x21, 0x06, 0x19, 0x06, 0x21, 0x06, 0x21,
    0x05, 0x19, 0x06, 0x19, 0x06, 0x21, 0x05, 0x21, 0x06, 0x19, 0x06, 0x21,
    0x05, 0x21, 0x06, 0x21, 0x06, 0x21, 0x05, 0x21, 0x06, 0x21, 0x06, 0x21,
    0x05, 0x19, 0x06, 0x21, 0x06, 0x21, 0x05, 0x21, 0x05, 0x21, 0x06, 0x21,
    0x06, 0x21, 0x05, 0x21, 0x06, 0x21, 0x06, 0x21, 0x05, 0x21, 0x06, 0x21,
    0x06, 0x21, 0x05, 0x19, 0x06, 0x21, 0x06, 0x21, 0x05, 0x19, 0x06, 0x21,
    0x06, 0x21, 0x06, 0x21, 0x06, 0x19, 0x06, 0x21, 0x05, 0x21, 0x06, 0x19,
    0x06, 0x21, 0x05, 0x21, 0x05, 0x21, 0x06, 0x21, 0x06, 0x21, 0x05, 0x21,
    0x05, 0x21, 0x06, 0x21, 0x06, 0x21, 0x05, 0x19, 0x06, 0x21, 0x05, 0x21,
    0x06, 0x19, 0x06, 0x21, 0x05, 0x21, 0x06, 0x21, 0x05, 0x19, 0x06, 0x21,
    0x06, 0x19, 0x06, 0x21, 0x05, 0x19, 0x05, 0x21, 0x06, 0x21, 0x05, 0x19,
    0x06, 0x21, 0x05, 0x21, 0x06, 0x21, 0x06, 0x21, 0x05, 0x19, 0x06, 0x21,
    0x06, 0x21, 0x05, 0x19, 0x06, 0x21, 0x06, 0x21, 0x05, 0x21, 0x06, 0x21,
    0x05, 0x21, 0x06, 0x21, 0x06, 0x21, 0x05, 0x19, 0x05, 0x21, 0x06, 0x21,
    0x05, 0x21, 0x06, 0x19, 0x06, 0x21, 0x06, 0x21, 0xe5, 0x08, 0xe9, 0x99,
    0x0c, 0xfb, 0xcb, 0xfa, 0xeb, 0xfa, 0xcc, 0xfa, 0xcb, 0xfa, 0xeb, 0xfa,
    0xcb, 0xfa, 0xcb, 0xfa, 0xcb, 0xfa, 0xeb, 0xfa, 0xcc, 0xfa, 0xeb, 0xfa,
    0xeb, 0xfa, 0xcc, 0xfa, 0xeb, 0xfa, 0xcc, 0xfa, 0xcb, 0xfa, 0xeb, 0xfa,
    0xec, 0xfa, 0xcb, 0xfa, 0xeb, 0xfa, 0xec, 0xfa, 0xcc, 0xfa, 0xeb, 0xfa,
    0xcb, 0xfa, 0xeb, 0xfa, 0xcc, 0xfa, 0xeb, 0xfa, 0xeb, 0xfa, 0xcb, 0xfa,
    0xeb, 0xfa, 0xcb, 0xfa, 0xec, 0xfa, 0xeb, 0xfa, 0xcb, 0xfa, 0x0c, 0xfb,
    0x6a, 0xc2, 0xe5, 0x10, 0x06, 0x21, 0x05, 0x21, 0x06, 0x21, 0x05, 0x21,
    0x06, 0x21, 0x06, 0x21, 0x06, 0x21, 0x06, 0x19, 0x06, 0x21, 0x05, 0x21,
    0x06, 0x19, 0x06, 0x21, 0x05, 0x21, 0x06, 0x21, 0x05, 0x21, 0x06, 0x21,
    0x05, 0x21, 0x06, 0x21, 0x05, 0x21, 0x06, 0x21, 0x05, 0x19, 0x06, 0x21,
    0x06, 0x19, 0x05, 0x21, 0x06, 0x21, 0x05, 0x19, 0x06, 0x21, 0x05, 0x21,
    0x05, 0x21, 0x06, 0x21, 0x05, 0x19, 0x05, 0x19, 0x06, 0x21, 0x05, 0x21,
    0xe5, 0x18, 0x27, 0x29, 0x58, 0xf3, 0x99, 0xfb, 0x99, 0xfb, 0x99, 0xfb,
    0x79, 0xfb, 0x99, 0xfb, 0x99, 0xfb, 0x79, 0xfb, 0x79, 0xfb, 0x99, 0xfb,
    0x99, 0xfb, 0x79, 0xfb, 0x79, 0xfb, 0x99, 0xfb, 0x79, 0xfb, 0x79, 0xfb,
    0x99, 0xfb, 0x9a, 0xfb, 0x34, 0xfb, 0xca, 0xfa, 0xeb, 0xfa, 0xcb, 0xfa,
    0xcb, 0xfa, 0xeb, 0xfa, 0xec, 0xfa, 0xcb, 0xfa, 0xeb, 0xfa, 0xcb, 0xfa,
    0xcb, 0xfa, 0xec, 0xfa, 0xcb, 0xfa, 0xeb, 0xfa, 0xcb, 0xfa, 0xec, 0xfa,
    0xcb, 0xfa, 0xcb, 0xfa, 0xec, 0xfa, 0xec, 0xfa, 0xcb, 0xfa, 0xec, 0xfa,
    0xcc, 0xfa, 0xcb, 0xfa, 0xeb, 0xfa, 0xeb, 0xfa, 0xcb, 0xfa, 0xec, 0xfa,
    0xcb, 0xfa, 0xeb, 0xfa, 0xcc, 0xfa, 0xcb, 0xfa, 0xcb, 0xfa, 0xeb, 0xfa,
    0xcc, 0xfa, 0xeb, 0xfa, 0xeb, 0xfa, 0x8a, 0xe2, 0x06, 0x21, 0x05, 0x19,
    0x06, 0x21, 0x06, 0x21, 0x05, 0x19, 0x06, 0x21, 0x05, 0x21, 0x06, 0x19,
    0x06, 0x21, 0x05, 0x21, 0x06, 0x19, 0x06, 0x21, 0x05, 0x21, 0x06, 0x19,
    0x05, 0x21, 0x06, 0x21, 0x05, 0x21, 0x06, 0x21, 0x05, 0x19, 0x06, 0x21,
    0x05, 0x19, 0x06, 0x21, 0x06, 0x19, 0x05, 0x19, 0x06, 0x21, 0x06, 0x21,
    0x05, 0x19, 0x06, 0x21, 0x06, 0x21, 0x05, 0x19, 0x06, 0x19, 0x06, 0x21,
    0x05, 0x19, 0x06, 0x21, 0x06, 0x19, 0x05, 0x19, 0x06, 0x21, 0x05, 0x21,
    0x06, 0x19, 0x05, 0x21, 0x06, 0x21, 0x06, 0x21, 0x05, 0x21, 0x06, 0x21,
    0x05, 0x19, 0x05, 0x21, 0x05, 0x21, 0x06, 0x19, 0x05, 0x21, 0x06, 0x21,
    0x06, 0x21, 0x06, 0x21, 0x06, 0x19, 0x05, 0x21, 0x06, 0x19, 0x06, 0x21,
    0x06, 0x19, 0x05, 0x21, 0x06, 0x21, 0x06, 0x21, 0x05, 0x21, 0x06, 0x21,
    0x06, 0x21, 0x05, 0x21, 0x06, 0x21, 0x06, 0x21, 0x05, 0x21, 0x06, 0x21,
    0x05, 0x21, 0x06, 0x21, 0x06, 0x19, 0x06, 0x21, 0x06, 0x21, 0x05, 0x19,
    0x06, 0x21, 0x06, 0x21, 0x05, 0x19, 0x06, 0x21, 0x05, 0x21, 0x06, 0x21,
    0x05, 0x21, 0x06, 0x19, 0x06, 0x21, 0x05, 0x19, 0x06, 0x21, 0x06, 0x19,
    0x05, 0x21, 0x06, 0x19, 0x06, 0x21, 0x05, 0x21, 0x06, 0x21, 0x06, 0x19,
    0x05, 0x21, 0x06, 0x21, 0x05, 0x21, 0x06, 0x21, 0x05, 0x21, 0xe5, 0x08,
    0x09, 0x9a, 0x0c, 0xfb, 0xcb, 0xfa, 0xeb, 0xfa, 0xeb, 0xfa, 0xcc, 0xfa,
    0xeb, 0xfa, 0xeb, 0xfa, 0xcc, 0xfa, 0xeb, 0xfa, 0xcb, 0xfa, 0xcb, 0xfa,
    0xeb, 0xfa, 0xcb, 0xfa, 0xcb, 0xfa, 0xec, 0xfa, 0xeb, 0xfa, 0xcb, 0xfa,
    0xec, 0xfa, 0xcb, 0xfa, 0xcb, 0xfa, 0xeb, 0xfa, 0xcb, 0xfa, 0xeb, 0xfa,
    0xec, 0xfa, 0xcb, 0xfa, 0xeb, 0xfa, 0xcb, 0xfa, 0xcc, 0xfa, 0xeb, 0xfa,
    0xcb, 0xfa, 0xec, 0xfa, 0xeb, 0xfa, 0xcb, 0xfa, 0xeb, 0xfa, 0xcb, 0xfa,
    0xec, 0xfa, 0x6a, 0xc2, 0xe5, 0x10, 0x06, 0x21, 0x06, 0x19, 0x05, 0x19,
    0x06, 0x21, 0x05, 0x21, 0x05, 0x21, 0x05, 0x19, 0x06, 0x21, 0x05, 0x21,
    0x06, 0x21, 0x06, 0x19, 0x05, 0x21, 0x06, 0x19, 0x06, 0x19, 0x05, 0x21,
    0x06, 0x19, 0x06, 0x21, 0x05, 0x19, 0x06, 0x21, 0x06, 0x21, 0x05, 0x21,
    0x06, 0x21, 0x05, 0x21, 0x06, 0x19, 0x06, 0x21, 0x05, 0x21, 0x06, 0x19,
    0x06, 0x21, 0x06, 0x21, 0x06, 0x21, 0x06, 0x21, 0x06, 0x21, 0x05, 0x19,
    0x06, 0x21, 0x05, 0x19, 0x27, 0x31, 0x58, 0xf3, 0x9a, 0xfb, 0x99, 0xfb,
    0x79, 0xfb, 0x79, 0xfb, 0x99, 0xfb, 0x99, 0xfb, 0x79, 0xfb, 0x79, 0xfb,
    0x99, 0xfb, 0x99, 0xfb, 0x79, 0xfb, 0x99, 0xfb, 0x99, 0xfb, 0x79, 0xfb,
    0x99, 0xfb, 0x99, 0xfb, 0x9a, 0xfb, 0x54, 0xfb, 0xca, 0xfa, 0xcb, 0xfa,
    0xec, 0xfa, 0xcb, 0xfa, 0xeb, 0xfa, 0xcb, 0xfa, 0xec, 0xfa, 0xeb, 0xfa,
    0xcb, 0xfa, 0xeb, 0xfa, 0xcb, 0xfa, 0xec, 0xfa, 0xcb, 0xfa, 0xeb, 0xfa,
    0xcb, 0xfa, 0xec, 0xfa, 0xcb, 0xfa, 0xeb, 0xfa, 0xcb, 0xfa, 0xcb, 0xfa,
    0xeb, 0xfa, 0xeb, 0xfa, 0xcb, 0xfa, 0xcc, 0xfa, 0xeb, 0xfa, 0xcb, 0xfa,
    0xcb, 0xfa, 0xeb, 0xfa, 0xeb, 0xfa, 0xcb, 0xfa, 0xeb, 0xfa, 0xeb, 0xfa,
    0xcc, 0xfa, 0xcb, 0xfa, 0xeb, 0xfa, 0xec, 0xfa, 0xaa, 0xe2, 0x06, 0x21,
    0x05, 0x19, 0x06, 0x21, 0x06, 0x21, 0x05, 0x21, 0x06, 0x21, 0x06, 0x21,
    0x05, 0x19, 0x06, 0x21, 0x05, 0x21, 0x06, 0x19, 0x06, 0x21, 0x05, 0x21,
    0x06, 0x21, 0x06, 0x21, 0x05, 0x21, 0x06, 0x21, 0x06, 0x19, 0x06, 0x21,
    0x05, 0x21, 0x06, 0x21, 0x06, 0x21, 0x05, 0x21, 0x06, 0x21, 0x06, 0x21,
    0x05, 0x19, 0x05, 0x21, 0x06, 0x21, 0x06, 0x21, 0x05, 0x21, 0x06, 0x21,
    0x06, 0x21, 0x05, 0x21, 0x06, 0x21, 0x06, 0x21, 0x05, 0x21, 0x06, 0x21,
    0x06, 0x19, 0x05, 0x21, 0x06, 0x21, 0x06, 0x19, 0x05, 0x21, 0x06, 0x21,
    0x06, 0x21, 0x06, 0x21, 0x06, 0x21, 0x06, 0x21, 0x05, 0x21, 0x06, 0x19,
    0x05, 0x21, 0x05, 0x21, 0x06, 0x19, 0x06, 0x21, 0x05, 0x21, 0x06, 0x21,
    0x05, 0x21, 0x06, 0x21, 0x06, 0x19, 0x05, 0x19, 0x06, 0x21, 0x05, 0x19,
    0x06, 0x21, 0x06, 0x19, 0x05, 0x21, 0x06, 0x19, 0x06, 0x19, 0x05, 0x21,
    0x06, 0x21, 0x06, 0x19, 0x05, 0x21, 0x05, 0x21, 0x06, 0x21, 0x06, 0x21,
    0x05, 0x21, 0x06, 0x21, 0x06, 0x21, 0x05, 0x19, 0x06, 0x21, 0x06, 0x21,
    0x05, 0x19, 0x06, 0x21, 0x05, 0x21, 0x06, 0x21, 0x05, 0x21, 0x06, 0x21,
    0x06, 0x21, 0x05, 0x19, 0x06, 0x21, 0x06, 0x21, 0x05, 0x21, 0x06, 0x21,
    0x06, 0x21, 0x06, 0x19, 0x06, 0x21, 0x05, 0x21, 0x06, 0x19, 0x06, 0x21,
    0xe5, 0x08, 0x08, 0x9a, 0x0c, 0xfb, 0xcb, 0xfa, 0xcb, 0xfa, 0xeb, 0xfa,
    0xcb, 0xfa, 0xcc, 0xfa, 0xeb, 0xfa, 0xeb, 0xfa, 0xcc, 0xfa, 0xeb, 0xfa,
    0xec, 0xfa, 0xcb, 0xfa, 0xeb, 0xfa, 0xcc, 0xfa, 0xeb, 0xfa, 0xcb, 0xfa,
    0xeb, 0xfa, 0xcb, 0xfa, 0xeb, 0xfa, 0xec, 0xfa, 0xcb, 0xfa, 0xcb, 0xfa,
    0xeb, 0xfa, 0xcb, 0xfa, 0xcc, 0xfa, 0xeb, 0xfa, 0xeb, 0xfa, 0xcb, 0xfa,
    0xec, 0xfa, 0xcb, 0xfa, 0xcb, 0xfa, 0xec, 0xfa, 0xcb, 0xfa, 0xcb, 0xfa,
    0xeb, 0xfa, 0x0c, 0xfb, 0x4a, 0xc2, 0xe5, 0x10, 0x06, 0x21, 0x05, 0x21,
    0x06, 0x21, 0x06, 0x19, 0x06, 0x21, 0x06, 0x21, 0x06, 0x21, 0x05, 0x21,
    0x06, 0x21, 0x06, 0x21, 0x05, 0x21, 0x06, 0x21, 0x06, 0x21, 0x05, 0x21,
    0x06, 0x21, 0x06, 0x21, 0x05, 0x21, 0x06, 0x19, 0x06, 0x21, 0x05, 0x21,
    0x06, 0x19, 0x06, 0x21, 0x05, 0x21, 0x06, 0x21, 0x06, 0x21, 0x05, 0x21,
    0x06, 0x21, 0x06, 0x19, 0x05, 0x21, 0x05, 0x19, 0x06, 0x21, 0x06, 0x21,
    0x06, 0x21, 0x06, 0x19, 0x05, 0x19, 0x27, 0x31, 0x58, 0xf3, 0x99, 0xfb,
    0x99, 0xfb, 0x79, 0xfb, 0x79, 0xfb, 0x99, 0xfb, 0x79, 0xfb, 0x99, 0xfb,
    0x99, 0xfb, 0x79, 0xfb, 0x79, 0xfb, 0x99, 0xfb, 0x79, 0xfb, 0x79, 0xfb,
    0x99, 0xfb, 0x79, 0xfb, 0x79, 0xfb, 0x9a, 0xfb, 0x34, 0xfb, 0xca, 0xfa,
    0xeb, 0xfa, 0xcc, 0xfa, 0xeb, 0xfa, 0xcb, 0xfa, 0xcc, 0xfa, 0xeb, 0xfa,
    0xcb, 0xfa, 0xec, 0xfa, 0xeb, 0xfa, 0xcb, 0xfa, 0xcb, 0xfa, 0xec, 0xfa,
    0xcb, 0xfa, 0xeb, 0xfa, 0xeb, 0xfa, 0xcb, 0xfa, 0xeb, 0xfa, 0xcc, 0xfa,
    0xeb, 0xfa, 0xcb, 0xfa, 0xeb, 0xfa, 0xec, 0xfa, 0xcb, 0xfa, 0xeb, 0xfa,
    0xec, 0xfa, 0xcb, 0xfa, 0xec, 0xfa, 0xcb, 0xfa, 0xec, 0xfa, 0xcb, 0xfa,
    0xeb, 0xfa, 0xeb, 0xfa, 0xcb, 0xfa, 0xeb, 0xfa, 0xec, 0xfa, 0x8a, 0xe2,
    0x06, 0x21, 0x05, 0x19, 0x06, 0x21, 0x06, 0x19, 0x05, 0x21, 0x06, 0x21,
    0x06, 0x19, 0x05, 0x21, 0x06, 0x21, 0x06, 0x21, 0x05, 0x21, 0x06, 0x21,
    0x05, 0x19, 0x06, 0x21, 0x06, 0x19, 0x05, 0x21, 0x06, 0x21, 0x05, 0x19,
    0x06, 0x21, 0x06, 0x21, 0x05, 0x19, 0x06, 0x21, 0x05, 0x21, 0x06, 0x21,
    0x06, 0x21, 0x05, 0x21, 0x06, 0x21, 0x06, 0x19, 0x05, 0x21, 0x06, 0x21,
    0x06, 0x19, 0x05, 0x21, 0x06, 0x21, 0x05, 0x19, 0x06, 0x21, 0x05, 0x21,
    0x06, 0x21, 0x06, 0x19, 0x05, 0x21, 0x06, 0x21, 0x05, 0x19, 0x06, 0x21,
    0x05, 0x19, 0x05, 0x19, 0x06, 0x21, 0x06, 0x19, 0x05, 0x21, 0x06, 0x21,
    0x06, 0x21, 0x06, 0x19, 0x05, 0x21, 0x06, 0x21, 0x05, 0x21, 0x06, 0x21,
    0x06, 0x21, 0x06, 0x21, 0x05, 0x21, 0x06, 0x21, 0x06, 0x21, 0x05, 0x21,
    0x06, 0x21, 0x05, 0x19, 0x06, 0x21, 0x05, 0x21, 0x06, 0x21, 0x05, 0x21,
    0x06, 0x21, 0x06, 0x19, 0x05, 0x21, 0x06, 0x21, 0x06, 0x19, 0x05, 0x21,
    0x06, 0x19, 0x06, 0x21, 0x05, 0x21, 0x06, 0x19, 0x06, 0x21, 0x05, 0x21,
    0x06, 0x19, 0x06, 0x21, 0x06, 0x21, 0x06, 0x21, 0x05, 0x19, 0x06, 0x21,
    0x06, 0x21, 0x05, 0x21, 0x06, 0x21, 0x05, 0x21, 0x06, 0x19, 0x06, 0x19,
    0x05, 0x21, 0x05, 0x21, 0x06, 0x21, 0x05, 0x19, 0x06, 0x21, 0x06, 0x21,
    0x05, 0x21, 0xc5, 0x08, 0x09, 0x92, 0x0c, 0xfb, 0xcb, 0xfa, 0xeb, 0xfa,
    0xec, 0xfa, 0xcb, 0xfa, 0xcb, 0xfa, 0xeb, 0xfa, 0xcb, 0xfa, 0xcb, 0xfa,
    0xeb, 0xfa, 0xcc, 0xfa, 0xeb, 0xfa, 0xcb, 0xfa, 0xeb, 0xfa, 0xcb, 0xfa,
    0xec, 0xfa, 0xcb, 0xfa, 0xcb, 0xfa, 0xec, 0xfa, 0xeb, 0xfa, 0xcb, 0xfa,
    0xec, 0xfa, 0xcb, 0xfa, 0xeb, 0xfa, 0xcb, 0xfa, 0xec, 0xfa, 0xcb, 0xfa,
    0xeb, 0xfa, 0xeb, 0xfa, 0xcb, 0xfa, 0xeb, 0xfa, 0xcb, 0xfa, 0xec, 0xfa,
    0xeb, 0xfa, 0xcb, 0xfa, 0x0c, 0xfb, 0x6a, 0xc2, 0xe5, 0x10, 0x06, 0x21,
    0x05, 0x21, 0x06, 0x21, 0x05, 0x21, 0x06, 0x19, 0x06, 0x21, 0x05, 0x19,
    0x06, 0x19, 0x06, 0x21, 0x05, 0x19, 0x06, 0x21, 0x06, 0x21, 0x05, 0x21,
    0x06, 0x19, 0x06, 0x21, 0x05, 0x21, 0x06, 0x21, 0x06, 0x21, 0x05, 0x21,
    0x06, 0x19, 0x06, 0x21, 0x05, 0x21, 0x06, 0x19, 0x05, 0x21, 0x06, 0x19,
    0x06, 0x21, 0x05, 0x21, 0x06, 0x21, 0x05, 0x21, 0x06, 0x19, 0x05, 0x21,
    0x05, 0x21, 0x06, 0x21, 0x05, 0x21, 0xe5, 0x18, 0x27, 0x31, 0x58, 0xf3,
    0x99, 0xfb, 0x99, 0xfb, 0x99, 0xfb, 0x79, 0xfb, 0x99, 0xfb, 0x79, 0xfb,
    0x79, 0xfb, 0x99, 0xfb, 0x79, 0xfb, 0x99, 0xfb, 0x99, 0xfb, 0x79, 0xfb,
    0x99, 0xfb, 0x99, 0xfb, 0x79, 0xfb, 0x99, 0xfb, 0x9a, 0xfb, 0x34, 0xfb,
    0xca, 0xfa, 0xeb, 0xfa, 0xcb, 0xfa, 0xeb, 0xfa, 0xeb, 0xfa, 0xcb, 0xfa,
    0xeb, 0xfa, 0xcb, 0xfa, 0xcc, 0xfa, 0xeb, 0xfa, 0xeb, 0xfa, 0xcb, 0xfa,
    0xeb, 0xfa, 0xcc, 0xfa, 0xcb, 0xfa, 0xeb, 0xfa, 0xcc, 0xfa, 0xcb, 0xfa,
    0xeb, 0xfa, 0xec, 0xfa, 0xcb, 0xfa, 0xcb, 0xfa, 0xec, 0xfa, 0xcb, 0xfa,
    0xcb, 0xfa, 0xeb, 0xfa, 0xcb, 0xfa, 0xcb, 0xfa, 0xec, 0xfa, 0xcb, 0xfa,
    0xcb, 0xfa, 0xec, 0xfa, 0xcb, 0xfa, 0xcb, 0xfa, 0xec, 0xfa, 0xec, 0xfa,
    0x8a, 0xda, 0x06, 0x21, 0x05, 0x19, 0x06, 0x21, 0x05, 0x21, 0x06, 0x19,
    0x05, 0x21, 0x06, 0x21, 0x05, 0x21, 0x06, 0x19, 0x06, 0x21, 0x05, 0x21,
    0x06, 0x19, 0x06, 0x21, 0x05, 0x21, 0x06, 0x19, 0x06, 0x21, 0x05, 0x21,
    0x06, 0x21, 0x05, 0x21, 0x06, 0x21, 0x06, 0x19, 0x05, 0x21, 0x06, 0x19,
    0x05, 0x19, 0x06, 0x21, 0x06, 0x21, 0x05, 0x19, 0x06, 0x21, 0x05, 0x21,
    0x06, 0x19, 0x05, 0x21, 0x06, 0x21, 0x06, 0x19, 0x05, 0x21, 0x06, 0x21,
    0x06, 0x19, 0x05, 0x21, 0x06, 0x21, 0x06, 0x21, 0x05, 0x21, 0x06, 0x21,
    0x06, 0x21, 0x06, 0x21, 0x05, 0x21, 0x06, 0x21, 0x05, 0x19, 0x06, 0x21,
    0x05, 0x21, 0x06, 0x19, 0x06, 0x21, 0x06, 0x21, 0x05, 0x19, 0x06, 0x21,
    0x05, 0x19, 0x06, 0x21, 0x06, 0x21, 0x05, 0x19, 0x06, 0x21, 0x06, 0x21,
    0x05, 0x21, 0x06, 0x21, 0x06, 0x21, 0x05, 0x21, 0x06, 0x21, 0x06, 0x21,
    0x05, 0x21, 0x06, 0x19, 0x05, 0x21, 0x06, 0x21, 0x06, 0x21, 0x05, 0x21,
    0x06, 0x21, 0x05, 0x19, 0x06, 0x21, 0x05, 0x21, 0x06, 0x21, 0x06, 0x21,
    0x05, 0x21, 0x05, 0x21, 0x06, 0x19, 0x05, 0x21, 0x06, 0x21, 0x06, 0x19,
    0x05, 0x21, 0x06, 0x19, 0x06, 0x21, 0x05, 0x21, 0x06, 0x21, 0x05, 0x21,
    0x06, 0x21, 0x06, 0x19, 0x05, 0x21, 0x06, 0x21, 0x06, 0x21, 0x05, 0x19,
    0x06, 0x21, 0x06, 0x21, 0xe5, 0x08, 0x09, 0x9a, 0xec, 0xfa, 0xcb, 0xfa,
    0xeb, 0xfa, 0xcb, 0xfa, 0xec, 0xfa, 0xeb, 0xfa, 0xcc, 0xfa, 0xeb, 0xfa,
    0xeb, 0xfa, 0xcc, 0xfa, 0xcb, 0xfa, 0xeb, 0xfa, 0xec, 0xfa, 0xcb, 0xfa,
    0xeb, 0xfa, 0xcc, 0xfa, 0xeb, 0xfa, 0xcb, 0xfa, 0xcb, 0xfa, 0xeb, 0xfa,
    0xcb, 0xfa, 0xec, 0xfa, 0xeb, 0xfa, 0xcb, 0xfa, 0xec, 0xfa, 0xcb, 0xfa,
    0xcb, 0xfa, 0xec, 0xfa, 0xcb, 0xfa, 0xec, 0xfa, 0xcb, 0xfa, 0xeb, 0xfa,
    0xcb, 0xfa, 0xcc, 0xfa, 0xeb, 0xfa, 0xec, 0xfa, 0x4a, 0xc2, 0xe5, 0x10,
    0x06, 0x21, 0x06, 0x21, 0x05, 0x19, 0x06, 0x21, 0x05, 0x21, 0x05, 0x21,
    0x06, 0x21, 0x06, 0x21, 0x05, 0x21, 0x05, 0x21, 0x06, 0x19, 0x05, 0x21,
    0x06, 0x21, 0x05, 0x19, 0x06, 0x21, 0x05, 0x19, 0x06, 0x19, 0x05, 0x21,
    0x05, 0x21, 0x06, 0x21, 0x05, 0x21, 0x06, 0x19, 0x06, 0x21, 0x05, 0x21,
    0x06, 0x19, 0x05, 0x21, 0x06, 0x19, 0x06, 0x21, 0x06, 0x21, 0x06, 0x21,
    0x06, 0x19, 0x05, 0x21, 0x06, 0x21, 0x06, 0x19, 0x05, 0x19, 0x27, 0x31,
    0x58, 0xf3, 0x99, 0xfb, 0x99, 0xfb, 0x79, 0xfb, 0x99, 0xfb, 0x99, 0xfb,
    0x79, 0xfb, 0x99, 0xfb, 0x79, 0xfb, 0x99, 0xfb, 0x79, 0xfb, 0x79, 0xfb,
    0x99, 0xfb, 0x79, 0xfb, 0x79, 0xfb, 0x99, 0xfb, 0x99, 0xfb, 0x9a, 0xfb,
    0x54, 0xfb, 0xca, 0xfa, 0xcb, 0xfa, 0xec, 0xfa, 0xcb, 0xfa, 0xec, 0xfa,
    0xcb, 0xfa, 0xeb, 0xfa, 0xec, 0xfa, 0xcb, 0xfa, 0xcb, 0xfa, 0xec, 0xfa,
    0xeb, 0xfa, 0xcb, 0xfa, 0xec, 0xfa, 0xeb, 0xfa, 0xcb, 0xfa, 0xec, 0xfa,
    0xcb, 0xfa, 0xeb, 0xfa, 0xcb, 0xfa, 0xec, 0xfa, 0xcb, 0xfa, 0xeb, 0xfa,
    0xcb, 0xfa, 0xec, 0xfa, 0xeb, 0xfa, 0xcb, 0xfa, 0xeb, 0xfa, 0xeb, 0xfa,
    0xcb, 0xfa, 0xeb, 0xfa, 0xec, 0xfa, 0xcb, 0xfa, 0xeb, 0xfa, 0xcb, 0xfa,
    0xec, 0xfa, 0xaa, 0xe2, 0x06, 0x21, 0x06, 0x19, 0x05, 0x21, 0x06, 0x21,
    0x06, 0x21, 0x06, 0x21, 0x05, 0x21, 0x06, 0x19, 0x05, 0x21, 0x06, 0x21,
    0x06, 0x19, 0x05, 0x21, 0x06, 0x21, 0x05, 0x21, 0x06, 0x21, 0x06, 0x21,
    0x05, 0x19, 0x06, 0x21, 0x06, 0x21, 0x05, 0x19, 0x06, 0x21, 0x06, 0x21,
    0x05, 0x21, 0x06, 0x21, 0x06, 0x21, 0x05, 0x19, 0x06, 0x21, 0x06, 0x21,
    0x06, 0x21, 0x05, 0x21, 0x06, 0x21, 0x06, 0x21, 0x05, 0x21, 0x06, 0x21,
    0x06, 0x21, 0x05, 0x19, 0x06, 0x21, 0x05, 0x21, 0x06, 0x19, 0x06, 0x21,
    0x05, 0x21, 0x06, 0x19, 0x06, 0x21, 0x06, 0x21, 0x05, 0x21, 0x06, 0x21,
    0x06, 0x21, 0x05, 0x21, 0x05, 0x21, 0x06, 0x21, 0x05, 0x21, 0x06, 0x21,
    0x06, 0x19, 0x05, 0x21, 0x06, 0x21, 0x06, 0x21, 0x05, 0x21, 0x06, 0x19,
    0x05, 0x21, 0x06, 0x19, 0x06, 0x19, 0x05, 0x21, 0x06, 0x19, 0x06, 0x19,
    0x05, 0x21, 0x06, 0x21, 0x06, 0x21, 0x05, 0x21, 0x06, 0x19, 0x05, 0x21,
    0x06, 0x21, 0x06, 0x21, 0x05, 0x21, 0x06, 0x19, 0x06, 0x21, 0x05, 0x19,
    0x06, 0x21, 0x06, 0x21, 0x06, 0x21, 0x05, 0x19, 0x06, 0x21, 0x05, 0x21,
    0x06, 0x21, 0x05, 0x21, 0x06, 0x21, 0x06, 0x19, 0x05, 0x19, 0x06, 0x21,
    0x06, 0x21, 0x05, 0x21, 0x06, 0x21, 0x06, 0x19, 0x05, 0x21, 0x06, 0x21,
    0x05, 0x21, 0x06, 0x21, 0x05, 0x21, 0xe5, 0x08, 0x09, 0x9a, 0x0c, 0xfb,
    0xcb, 0xfa, 0xeb, 0xfa, 0xcb, 0xfa, 0xcb, 0xfa, 0xeb, 0xfa, 0xcc, 0xfa,
    0xeb, 0xfa, 0xeb, 0xfa, 0xcb, 0xfa, 0xeb, 0xfa, 0xcb, 0xfa, 0xcc, 0xfa,
    0xeb, 0xfa, 0xcb, 0xfa, 0xeb, 0xfa, 0xec, 0xfa, 0xcb, 0xfa, 0xeb, 0xfa,
    0xcc, 0xfa, 0xcb, 0xfa, 0xeb, 0xfa, 0xcb, 0xfa, 0xcb, 0xfa, 0xec, 0xfa,
    0xeb, 0xfa, 0xcb, 0xfa, 0xcb, 0xfa, 0xeb, 0xfa, 0xcc, 0xfa, 0xeb, 0xfa,
    0xcb, 0xfa, 0xec, 0xfa, 0xcb, 0xfa, 0xeb, 0xfa, 0x0c, 0xfb, 0x4a, 0xc2,
    0xe5, 0x10, 0x05, 0x21, 0x06, 0x21, 0x06, 0x21, 0x06, 0x21, 0x06, 0x21,
    0x05, 0x19, 0x06, 0x21, 0x06, 0x21, 0x05, 0x21, 0x06, 0x21, 0x06, 0x19,
    0x06, 0x21, 0x05, 0x21, 0x06, 0x21, 0x06, 0x21, 0x06, 0x21, 0x05, 0x21,
    0x06, 0x21, 0x06, 0x19, 0x06, 0x21, 0x05, 0x21, 0x06, 0x21, 0x06, 0x21,
    0x05, 0x21, 0x06, 0x21, 0x06, 0x21, 0x05, 0x21, 0x05, 0x19, 0x06, 0x21,
    0x05, 0x21, 0x06, 0x21, 0x06, 0x19, 0x05, 0x21, 0x06, 0x21, 0x05, 0x19,
    0x27, 0x29, 0x58, 0xf3, 0x9a, 0xfb, 0x99, 0xfb, 0x79, 0xfb, 0x79, 0xfb,
    0x99, 0xfb, 0x79, 0xfb, 0x99, 0xfb, 0x99, 0xfb, 0x79, 0xfb, 0x99, 0xfb,
    0x99, 0xfb, 0x79, 0xfb, 0x99, 0xfb, 0x79, 0xfb, 0x79, 0xfb, 0x79, 0xfb,
    0x9a, 0xfb, 0x54, 0xfb, 0xca, 0xfa, 0xcb, 0xfa, 0xeb, 0xfa, 0xcb, 0xfa,
    0xcc, 0xfa, 0xeb, 0xfa, 0xcb, 0xfa, 0xec, 0xfa, 0xcb, 0xfa, 0xcb, 0xfa,
    0xec, 0xfa, 0xcb, 0xfa, 0xcb, 0xfa, 0xeb, 0xfa, 0xcb, 0xfa, 0xeb, 0xfa,
    0xeb, 0xfa, 0xcc, 0xfa, 0xcb, 0xfa, 0xeb, 0xfa, 0xcb, 0xfa, 0xeb, 0xfa,
    0xcb, 0xfa, 0xec, 0xfa, 0xcb, 0xfa, 0xcb, 0xfa, 0xec, 0xfa, 0xcc, 0xfa,
    0xcb, 0xfa, 0xeb, 0xfa, 0xcc, 0xfa, 0xcb, 0xfa, 0xeb, 0xfa, 0xeb, 0xfa,
    0xcb, 0xfa, 0xec, 0xfa, 0x8a, 0xe2, 0x06, 0x21, 0x05, 0x19, 0x06, 0x21,
    0x06, 0x21, 0x05, 0x19, 0x06, 0x21, 0x06, 0x21, 0x05, 0x19, 0x06, 0x21,
    0x05, 0x21, 0x06, 0x21, 0x06, 0x21, 0x05, 0x19, 0x06, 0x21, 0x05, 0x21,
    0x06, 0x19, 0x06, 0x21, 0x05, 0x21, 0x06, 0x19, 0x05, 0x21, 0x06, 0x21,
    0x06, 0x21, 0x05, 0x21, 0x06, 0x21, 0x05, 0x19, 0x06, 0x21, 0x05, 0x21,
    0x06, 0x19, 0x05, 0x21, 0x06, 0x21, 0x06, 0x19, 0x05, 0x19, 0x06, 0x21,
    0x06, 0x21, 0x05, 0x19, 0x06, 0x21, 0x06, 0x21, 0x05, 0x21, 0x06, 0x19,
    0x06, 0x21, 0x05, 0x21, 0x05, 0x19, 0x06, 0x21, 0x05, 0x21, 0x06, 0x19,
    0x06, 0x21, 0x06, 0x19, 0x06, 0x21, 0x06, 0x19, 0x05, 0x21, 0x06, 0x21,
    0x06, 0x21, 0x05, 0x21, 0x06, 0x21, 0x06, 0x21, 0x06, 0x21, 0x06, 0x21,
    0x05, 0x21, 0x06, 0x21, 0x06, 0x21, 0x05, 0x21, 0x06, 0x21, 0x06, 0x21,
    0x05, 0x21, 0x06, 0x19, 0x06, 0x21, 0x05, 0x21, 0x06, 0x19, 0x06, 0x21,
    0x05, 0x21, 0x06, 0x19, 0x06, 0x21, 0x05, 0x21, 0x06, 0x21, 0x06, 0x21,
    0x05, 0x19, 0x05, 0x21, 0x06, 0x21, 0x06, 0x19, 0x05, 0x21, 0x06, 0x21,
    0x06, 0x19, 0x05, 0x21, 0x06, 0x21, 0x05, 0x21, 0x06, 0x21, 0x06, 0x21,
    0x05, 0x19, 0x06, 0x21, 0x05, 0x21, 0x06, 0x19, 0x06, 0x21, 0x05, 0x21,
    0x06, 0x19, 0x06, 0x21, 0x05, 0x21, 0x06, 0x19, 0xc5, 0x08, 0x08, 0x9a,
    0x0c, 0xfb, 0xcb, 0xfa, 0xeb, 0xfa, 0xec, 0xfa, 0xcb, 0xfa, 0xeb, 0xfa,
    0xcb, 0xfa, 0xcc, 0xfa, 0xcb, 0xfa, 0xeb, 0xfa, 0xec, 0xfa, 0xcb, 0xfa,
    0xeb, 0xfa, 0xcb, 0xfa, 0xcb, 0xfa, 0xeb, 0xfa, 0xcb, 0xfa, 0xec, 0xfa,
    0xeb, 0xfa, 0xcb, 0xfa, 0xec, 0xfa, 0xeb, 0xfa, 0xcb, 0xfa, 0xec, 0xfa,
    0xcb, 0xfa, 0xeb, 0xfa, 0xeb, 0xfa, 0xcc, 0xfa, 0xeb, 0xfa, 0xeb, 0xfa,
    0xcb, 0xfa, 0xeb, 0xfa, 0xcb, 0xfa, 0xeb, 0xfa, 0xcb, 0xfa, 0x0c, 0xfb,
    0x6a, 0xc2, 0xe5, 0x10, 0x06, 0x21, 0x05, 0x21, 0x05, 0x19, 0x06, 0x21,
    0x06, 0x21, 0x05, 0x19, 0x06, 0x21, 0x06, 0x19, 0x05, 0x21, 0x06, 0x21,
    0x06, 0x21, 0x05, 0x19, 0x06, 0x21, 0x05, 0x21, 0x06, 0x19, 0x05, 0x21,
    0x06, 0x21, 0x06, 0x21, 0x06, 0x19, 0x05, 0x21, 0x06, 0x21, 0x06, 0x19,
    0x05, 0x21, 0x06, 0x19, 0x06, 0x21, 0x05, 0x21, 0x06, 0x21, 0x06, 0x21,
    0x05, 0x19, 0x06, 0x21, 0x05, 0x21, 0x06, 0x21, 0x06, 0x21, 0x05, 0x21,
    0xe5, 0x18, 0x27, 0x31, 0x58, 0xf3, 0x99, 0xfb, 0x99, 0xfb, 0x79, 0xfb,
    0x99, 0xfb, 0x79, 0xfb, 0x79, 0xfb, 0x99, 0xfb, 0x79, 0xfb, 0x79, 0xfb,
    0x99, 0xfb, 0x79, 0xfb, 0x99, 0xfb, 0x99, 0xfb, 0x99, 0xfb, 0x79, 0xfb,
    0x99, 0xfb, 0x9a, 0xfb, 0x34, 0xfb, 0xca, 0xfa, 0xeb, 0xfa, 0xcb, 0xfa,
    0xeb, 0xfa, 0xeb, 0xfa, 0xcb, 0xfa, 0xcb, 0xfa, 0xeb, 0xfa, 0xeb, 0xfa,
    0xcb, 0xfa, 0xeb, 0xfa, 0xec, 0xfa, 0xcb, 0xfa, 0xcb, 0xfa, 0xec, 0xfa,
    0xcb, 0xfa, 0xcb, 0xfa, 0xeb, 0xfa, 0xec, 0xfa, 0xcb, 0xfa, 0xeb, 0xfa,
    0xcc, 0xfa, 0xeb, 0xfa, 0xeb, 0xfa, 0xcb, 0xfa, 0xeb, 0xfa, 0xeb, 0xfa,
    0xcb, 0xfa, 0xeb, 0xfa, 0xec, 0xfa, 0xcb, 0xfa, 0xcb, 0xfa, 0xec, 0xfa,
    0xcb, 0xfa, 0xeb, 0xfa, 0xec, 0xfa, 0x8a, 0xe2, 0x06, 0x21, 0x05, 0x19,
    0x06, 0x21, 0x05, 0x21, 0x05, 0x19, 0x06, 0x21, 0x06, 0x21, 0x05, 0x21,
    0x06, 0x21, 0x06, 0x19, 0x05, 0x21, 0x06, 0x21, 0x06, 0x21, 0x05, 0x19,
    0x06, 0x21, 0x05, 0x21, 0x06, 0x21, 0x06, 0x21, 0x05, 0x21, 0x06, 0x21,
    0x05, 0x19, 0x06, 0x21, 0x06, 0x19, 0x05, 0x21, 0x06, 0x21, 0x06, 0x21,
    0x05, 0x21, 0x06, 0x19, 0x06, 0x21, 0x05, 0x21, 0x06, 0x21, 0x05, 0x21,
    0x06, 0x21, 0x05, 0x19, 0x05, 0x21, 0x06, 0x21, 0x06, 0x21, 0x05, 0x19,
    0x06, 0x21, 0x06, 0x21, 0x05, 0x21, 0x06, 0x21, 0x06, 0x21, 0x05, 0x19,
    0x05, 0x21, 0x06, 0x21, 0x05, 0x21, 0x05, 0x19, 0x06, 0x21, 0x06, 0x19,
    0x05, 0x21, 0x06, 0x19, 0x05, 0x21, 0x06, 0x19, 0x05, 0x21, 0x05, 0x21,
    0x06, 0x19, 0x06, 0x21, 0x05, 0x21, 0x06, 0x19, 0x05, 0x21, 0x06, 0x21,
    0x05, 0x21, 0x06, 0x21, 0x05, 0x21, 0x06, 0x19, 0x05, 0x21, 0x06, 0x21,
    0x06, 0x21, 0x05, 0x19, 0x06, 0x21, 0x05, 0x21, 0x06, 0x19, 0x05, 0x21,
    0x06, 0x21, 0x06, 0x21, 0x05, 0x21, 0x06, 0x19, 0x06, 0x21, 0xe5, 0x18,
    0xa4, 0x18, 0xc4, 0x10, 0xa4, 0x10, 0xa4, 0x10, 0xc4, 0x10, 0xa4, 0x18,
    0xa4, 0x18, 0xc4, 0x10, 0xa4, 0x10, 0xa4, 0x18, 0xc4, 0x10, 0xa4, 0x18,
    0xa4, 0x18, 0xc4, 0x10, 0xa4, 0x10, 0xa4, 0x18, 0xc4, 0x18, 0x83, 0x00,
    0xa7, 0x99, 0xaa, 0xfa, 0x8a, 0xfa, 0x8a, 0xfa, 0x8a, 0xfa, 0x8a, 0xfa,
    0x8a, 0xfa, 0x8a, 0xfa, 0x8a, 0xfa, 0x8a, 0xfa, 0x8a, 0xfa, 0x8a, 0xfa,
    0x8a, 0xfa, 0x8a, 0xfa, 0x8a, 0xfa, 0x8a, 0xfa, 0x8a, 0xfa, 0x8a, 0xfa,
    0x8a, 0xfa, 0xcb, 0xfa, 0xcb, 0xfa, 0xeb, 0xfa, 0xcc, 0xfa, 0xeb, 0xfa,
    0xcb, 0xfa, 0xcb, 0xfa, 0xeb, 0xfa, 0xcc, 0xfa, 0xcb, 0xfa, 0xeb, 0xfa,
    0xcc, 0xfa, 0xcb, 0xfa, 0xec, 0xfa, 0xeb, 0xfa, 0xcb, 0xfa, 0xcb, 0xfa,
    0x0c, 0xfb, 0x49, 0xc2, 0xc5, 0x00, 0xe5, 0x08, 0xe5, 0x08, 0xe5, 0x08,
    0xe5, 0x08, 0xe5, 0x08, 0xe5, 0x08, 0xe5, 0x08, 0xe5, 0x08, 0xe5, 0x08,
    0xe5, 0x08, 0xe5, 0x08, 0xe5, 0x08, 0xe5, 0x08, 0xe5, 0x08, 0xe5, 0x08,
    0xe5, 0x08, 0xe5, 0x08, 0xa4, 0x10, 0x83, 0x18, 0x83, 0x18, 0x83, 0x18,
    0x83, 0x18, 0x83, 0x18, 0x84, 0x18, 0x83, 0x18, 0x83, 0x18, 0x84, 0x18,
    0x83, 0x18, 0x83, 0x18, 0x84, 0x18, 0x83, 0x18, 0x83, 0x18, 0x84, 0x18,
    0x83, 0x10, 0x83, 0x10, 0xc5, 0x28, 0x58, 0xf3, 0x99, 0xfb, 0x99, 0xfb,
    0x99, 0xfb, 0x79, 0xfb, 0x99, 0xfb, 0x99, 0xfb, 0x79, 0xfb, 0x99, 0xfb,
    0x99, 0xfb, 0x79, 0xfb, 0x79, 0xfb, 0x79, 0xfb, 0x99, 0xfb, 0x79, 0xfb,
    0x99, 0xfb, 0x99, 0xfb, 0x9a, 0xfb, 0x33, 0xfb, 0xc9, 0xfa, 0xca, 0xfa,
    0xcb, 0xfa, 0xca, 0xfa, 0xca, 0xfa, 0xca, 0xfa, 0xca, 0xfa, 0xca, 0xfa,
    0xca, 0xfa, 0xca, 0xfa, 0xca, 0xfa, 0xca, 0xfa, 0xca, 0xfa, 0xca, 0xfa,
    0xca, 0xfa, 0xca, 0xfa, 0xca, 0xfa, 0xca, 0xfa, 0xca, 0xfa, 0xca, 0xfa,
    0xca, 0xfa, 0xca, 0xfa, 0xca, 0xfa, 0xca, 0xfa, 0xca, 0xfa, 0xca, 0xfa,
    0xca, 0xfa, 0xca, 0xfa, 0xca, 0xfa, 0xca, 0xfa, 0xca, 0xfa, 0xca, 0xfa,
    0xca, 0xfa, 0xca, 0xfa, 0xca, 0xfa, 0xeb, 0xfa, 0x89, 0xda, 0xa3, 0x10,
    0xa3, 0x08, 0xa4, 0x10, 0xa3, 0x10, 0xa4, 0x10, 0xa3, 0x10, 0xa3, 0x10,
    0xa4, 0x10, 0xa3, 0x10, 0xa3, 0x10, 0xa3, 0x10, 0xa3, 0x10, 0xa4, 0x10,
    0xa3, 0x10, 0xa3, 0x10, 0xa4, 0x10, 0xa3, 0x10, 0xa3, 0x10, 0xe5, 0x18,
    0x06, 0x21, 0x05, 0x21, 0x06, 0x21, 0x06, 0x21, 0x05, 0x19, 0x06, 0x21,
    0x06, 0x21, 0x05, 0x21, 0x06, 0x21, 0x06, 0x19, 0x05, 0x21, 0x06, 0x21,
    0x06, 0x21, 0x05, 0x19, 0x06, 0x21, 0x06, 0x21, 0x05, 0x21, 0x06, 0x19,
    0x05, 0x21, 0x06, 0x21, 0x05, 0x19, 0x06, 0x21, 0x06, 0x21, 0x06, 0x19,
    0x06, 0x21, 0x06, 0x21, 0x05, 0x21, 0x06, 0x21, 0x06, 0x21, 0x05, 0x21,
    0x06, 0x21, 0x06, 0x21, 0x05, 0x21, 0x06, 0x19, 0x06, 0x21, 0x05, 0x21,
    0x06, 0x21, 0x05, 0x21, 0x06, 0x19, 0x06, 0x21, 0x05, 0x21, 0x06, 0x19,
    0x06, 0x21, 0x05, 0x19, 0x06, 0x21, 0x06, 0x21, 0x05, 0x21, 0x06, 0x19,
    0x06, 0x21, 0x05, 0x21, 0x06, 0x21, 0x06, 0x21, 0x06, 0x19, 0x05, 0x21,
    0x06, 0x21, 0x06, 0x19, 0x05, 0x21, 0x06, 0x21, 0x06, 0x21, 0xe5, 0x18,
    0x67, 0x29, 0x10, 0x5b, 0xf0, 0x5a, 0xf0, 0x5a, 0xf0, 0x5a, 0xf0, 0x5a,
    0xf0, 0x5a, 0xf0, 0x5a, 0xf0, 0x5a, 0xf0, 0x5a, 0xf0, 0x5a, 0xf0, 0x5a,
    0xf0, 0x5a, 0xf0, 0x5a, 0xf0, 0x5a, 0xf0, 0x5a, 0xf0, 0x5a, 0xf0, 0x5a,
    0xcf, 0x52, 0x13, 0x8c, 0x36, 0xbd, 0xf6, 0xbc, 0xf6, 0xbc, 0xf6, 0xbc,
    0xf6, 0xbc, 0xf6, 0xbc, 0x16, 0xbd, 0xf6, 0xbc, 0xf6, 0xbc, 0xf6, 0xbc,
    0xf6, 0xbc, 0xf6, 0xbc, 0xf6, 0xbc, 0x16, 0xbd, 0xf6, 0xbc, 0xf6, 0xbc,
    0x16, 0xbd, 0xf6, 0xbc, 0x2d, 0xfb, 0xcb, 0xfa, 0xcb, 0xfa, 0xeb, 0xfa,
    0xcb, 0xfa, 0xec, 0xfa, 0xeb, 0xfa, 0xcb, 0xfa, 0xeb, 0xfa, 0xeb, 0xfa,
    0xcb, 0xfa, 0xeb, 0xfa, 0xcc, 0xfa, 0xcb, 0xfa, 0xeb, 0xfa, 0xcc, 0xfa,
    0xeb, 0xfa, 0xeb, 0xfa, 0x8b, 0xe2, 0xe8, 0x91, 0x09, 0x92, 0x09, 0x92,
    0xe8, 0x99, 0x09, 0x92, 0xe8, 0x91, 0xe9, 0x99, 0x08, 0x9a, 0xe8, 0x91,
    0xe9, 0x91, 0x08, 0x9a, 0xe8, 0x91, 0xe9, 0x91, 0xe9, 0x99, 0xe8, 0x91,
    0x09, 0x9a, 0xe9, 0x91, 0xc8, 0x91, 0x4f, 0x6b, 0x53, 0x4c, 0x13, 0x4c,
    0x34, 0x4c, 0x13, 0x54, 0x13, 0x4c, 0x33, 0x4c, 0x13, 0x4c, 0x13, 0x4c,
    0x33, 0x4c, 0x13, 0x4c, 0x13, 0x54, 0x33, 0x4c, 0x13, 0x4c, 0x13, 0x4c,
    0x33, 0x4c, 0x13, 0x54, 0x33, 0x4c, 0x14, 0x5c, 0x99, 0xf3, 0x79, 0xfb,
    0x79, 0xfb, 0x99, 0xfb, 0x79, 0xfb, 0x79, 0xfb, 0x99, 0xfb, 0x79, 0xfb,
    0x79, 0xfb, 0x99, 0xfb, 0x99, 0xfb, 0x79, 0xfb, 0x99, 0xfb, 0x79, 0xfb,
    0x79, 0xfb, 0x79, 0xfb, 0x99, 0xfb, 0x99, 0xfb, 0x57, 0xfb, 0x32, 0xfb,
    0x32, 0xfb, 0x33, 0xfb, 0x33, 0xfb, 0x33, 0xfb, 0x33, 0xfb, 0x33, 0xfb,
    0x33, 0xfb, 0x33, 0xfb, 0x33, 0xfb, 0x33, 0xfb, 0x32, 0xfb, 0x33, 0xfb,
    0x33, 0xfb, 0x33, 0xfb, 0x33, 0xfb, 0x33, 0xfb, 0x33, 0xfb, 0x32, 0xfb,
    0x33, 0xfb, 0x33, 0xfb, 0x33, 0xfb, 0x33, 0xfb, 0x33, 0xfb, 0x33, 0xfb,
    0x33, 0xfb, 0x33, 0xfb, 0x33, 0xfb, 0x33, 0xfb, 0x32, 0xfb, 0x33, 0xfb,
    0x33, 0xfb, 0x32, 0xfb, 0x33, 0xfb, 0x32, 0xfb, 0x32, 0xfb, 0x33, 0xeb,
    0x33, 0x7b, 0x33, 0x7b, 0x33, 0x7b, 0x33, 0x7b, 0x33, 0x7b, 0x33, 0x7b,
    0x33, 0x73, 0x33, 0x7b, 0x33, 0x7b, 0x33, 0x7b, 0x33, 0x73, 0x33, 0x7b,
    0x33, 0x7b, 0x33, 0x7b, 0x33, 0x73, 0x33, 0x7b, 0x33, 0x73, 0x53, 0x7b,
    0x0d, 0x4a, 0xc4, 0x18, 0x06, 0x21, 0x05, 0x19, 0x06, 0x21, 0x05, 0x21,
    0x06, 0x19, 0x06, 0x21, 0x05, 0x21, 0x06, 0x19, 0x05, 0x21, 0x06, 0x21,
    0x06, 0x19, 0x05, 0x21, 0x06, 0x21, 0x06, 0x21, 0x06, 0x21, 0x06, 0x19,
    0x05, 0x21, 0x06, 0x21, 0x06, 0x21, 0x05, 0x21, 0x06, 0x19, 0x05, 0x21,
    0x05, 0x21, 0x06, 0x21, 0x06, 0x19, 0x05, 0x19, 0x06, 0x21, 0x06, 0x21,
    0x05, 0x19, 0x06, 0x21, 0x06, 0x21, 0x05, 0x21, 0x06, 0x21, 0x06, 0x21,
    0x06, 0x21, 0x06, 0x21, 0x05, 0x21, 0x06, 0x21, 0x06, 0x21, 0x05, 0x21,
    0x06, 0x21, 0x06, 0x21, 0x05, 0x19, 0x06, 0x21, 0x06, 0x21, 0x05, 0x21,
    0x06, 0x21, 0x05, 0x19, 0x06, 0x21, 0x05, 0x21, 0x06, 0x19, 0x05, 0x21,
    0x06, 0x21, 0x06, 0x21, 0x05, 0x19, 0x06, 0x21, 0x05, 0x21, 0x06, 0x21,
    0xc4, 0x18, 0xc9, 0x31, 0x3b, 0x9d, 0x1b, 0x9d, 0x1a, 0x9d, 0x1a, 0x9d,
    0x1b, 0x9d, 0x1a, 0x95, 0x1a, 0x9d, 0x1a, 0x9d, 0x1b, 0x95, 0x1a, 0x9d,
    0x1a, 0x95, 0x1a, 0x95, 0x1a, 0x9d, 0x1b, 0x9d, 0x1a, 0x95, 0x1a, 0x95,
    0x1b, 0x9d, 0xfa, 0x9c, 0x3e, 0x86, 0x7f, 0x6f, 0x5f, 0x77, 0x5f, 0x77,
    0x5f, 0x77, 0x5f, 0x77, 0x5f, 0x77, 0x5f, 0x77, 0x5f, 0x77, 0x5f, 0x77,
    0x5f, 0x77, 0x5f, 0x77, 0x5f, 0x77, 0x5f, 0x77, 0x5f, 0x77, 0x5f, 0x77,
    0x5f, 0x77, 0x5f, 0x6f, 0x3f, 0x77, 0x6e, 0xeb, 0xaa, 0xfa, 0xeb, 0xfa,
    0xcb, 0xfa, 0xcc, 0xfa, 0xeb, 0xfa, 0xcb, 0xfa, 0xcc, 0xfa, 0xeb, 0xfa,
    0xcc, 0xfa, 0xeb, 0xfa, 0xeb, 0xfa, 0xcb, 0xfa, 0xeb, 0xfa, 0xeb, 0xfa,
    0xcc, 0xfa, 0xeb, 0xfa, 0xeb, 0xfa, 0xec, 0xfa, 0x0c, 0xfb, 0x0c, 0xfb,
    0x0c, 0xfb, 0x0c, 0xfb, 0x0c, 0xfb, 0x0c, 0xfb, 0x0c, 0xfb, 0x0c, 0xfb,
    0x0c, 0xfb, 0x0c, 0xfb, 0x0c, 0xfb, 0x0c, 0xfb, 0x0c, 0xfb, 0x0c, 0xfb,
    0x0c, 0xfb, 0x0c, 0xfb, 0x0c, 0xfb, 0xaa, 0xfa, 0xda, 0xbd, 0xdf, 0x7f,
    0x7f, 0x87, 0x7f, 0x87, 0x7f, 0x87, 0x7f, 0x87, 0x7f, 0x87, 0x7f, 0x87,
    0x7f, 0x87, 0x7f, 0x87, 0x7f, 0x87, 0x7f, 0x87, 0x7f, 0x87, 0x7f, 0x87,
    0x7f, 0x87, 0x7f, 0x87, 0x7f, 0x87, 0x9f, 0x7f, 0x3f, 0x8f, 0xb9, 0xfb,
    0x79, 0xfb, 0x79, 0xfb, 0x99, 0xfb, 0x99, 0xfb, 0x79, 0xfb, 0x99, 0xfb,
    0x99, 0xfb, 0x79, 0xfb, 0x79, 0xfb, 0x99, 0xfb, 0x99, 0xfb, 0x79, 0xfb,
    0x99, 0xfb, 0x99, 0xfb, 0x79, 0xfb, 0x79, 0xfb, 0x79, 0xfb, 0x99, 0xfb,
    0x9a, 0xfb, 0x9a, 0xfb, 0x9a, 0xfb, 0x9a, 0xfb, 0x9a, 0xfb, 0x9a, 0xfb,
    0x9a, 0xfb, 0x9a, 0xfb, 0x9a, 0xfb, 0x9a, 0xfb, 0x9a, 0xfb, 0x9a, 0xfb,
    0x9a, 0xfb, 0x9a, 0xfb, 0x9a, 0xfb, 0x9a, 0xfb, 0x9a, 0xfb, 0x9a, 0xfb,
    0x9a, 0xfb, 0x9a, 0xfb, 0x9a, 0xfb, 0x9a, 0xfb, 0x9a, 0xfb, 0x9a, 0xfb,
    0x9a, 0xfb, 0x9a, 0xfb, 0x9a, 0xfb, 0x9a, 0xfb, 0x9a, 0xfb, 0x9a, 0xfb,
    0x9a, 0xfb, 0x9a, 0xfb, 0x9a, 0xfb, 0x9a, 0xfb, 0x9a, 0xfb, 0x7a, 0xfb,
    0xdb, 0xfb, 0x7f, 0xdd, 0x7f, 0xd5, 0x5f, 0xdd, 0x7f, 0xdd, 0x7f, 0xd5,
    0x5f, 0xdd, 0x7f, 0xdd, 0x7f, 0xd5, 0x7f, 0xdd, 0x7f, 0xdd, 0x7f, 0xdd,
    0x7f, 0xd5, 0x7f, 0xdd, 0x7f, 0xdd, 0x7f, 0xdd, 0x7f, 0xdd, 0x7f, 0xdd,
    0xdf, 0xed, 0x54, 0x7b, 0xa3, 0x10, 0x06, 0x21, 0x06, 0x19, 0x05, 0x21,
    0x06, 0x21, 0x05, 0x21, 0x06, 0x19, 0x06, 0x21, 0x05, 0x21, 0x06, 0x21,
    0x06, 0x21, 0x05, 0x19, 0x06, 0x21, 0x05, 0x21, 0x05, 0x19, 0x06, 0x21,
    0x05, 0x21, 0x06, 0x21, 0x06, 0x19, 0x05, 0x21, 0x06, 0x21, 0x06, 0x21,
    0x05, 0x19, 0x06, 0x21, 0x05, 0x21, 0x06, 0x21, 0x06, 0x21, 0x05, 0x21,
    0x06, 0x19, 0x05, 0x21, 0x06, 0x21, 0x05, 0x19, 0x06, 0x19, 0x05, 0x21,
    0x05, 0x21, 0x06, 0x19, 0x06, 0x21, 0x05, 0x19, 0x06, 0x21, 0x05, 0x19,
    0x06, 0x19, 0x05, 0x21, 0x06, 0x21, 0x06, 0x21, 0x05, 0x19, 0x06, 0x21,
    0x06, 0x19, 0x05, 0x21, 0x06, 0x21, 0x06, 0x19, 0x05, 0x21, 0x06, 0x21,
    0x06, 0x21, 0x05, 0x21, 0x06, 0x19, 0x06, 0x21, 0x05, 0x21, 0x06, 0x19,
    0x06, 0x21, 0xe5, 0x18, 0xa9, 0x31, 0xd9, 0x94, 0xd9, 0x94, 0xd9, 0x8c,
    0xd9, 0x8c, 0xd9, 0x8c, 0xd9, 0x8c, 0xd9, 0x8c, 0xd9, 0x8c, 0xd9, 0x94,
    0xd9, 0x8c, 0xd9, 0x94, 0xd9, 0x8c, 0xd9, 0x8c, 0xd9, 0x94, 0xd9, 0x8c,
    0xd9, 0x8c, 0xb9, 0x94, 0x98, 0x94, 0xfd, 0x85, 0x1f, 0x7f, 0xff, 0x7e,
    0xff, 0x7e, 0xff, 0x7e, 0xff, 0x7e, 0xff, 0x7e, 0xff, 0x7e, 0xff, 0x7e,
    0xff, 0x7e, 0xff, 0x7e, 0xff, 0x7e, 0xff, 0x7e, 0xff, 0x7e, 0xff, 0x7e,
    0xff, 0x7e, 0xff, 0x7e, 0xff, 0x7e, 0xff, 0x7e, 0x6e, 0xf3, 0xaa, 0xfa,
    0xec, 0xfa, 0xeb, 0xfa, 0xcb, 0xfa, 0xeb, 0xfa, 0xeb, 0xfa, 0xcc, 0xfa,
    0xeb, 0xfa, 0xcb, 0xfa, 0xcc, 0xfa, 0xeb, 0xfa, 0xcb, 0xfa, 0xec, 0xfa,
    0xcb, 0xfa, 0xcb, 0xfa, 0xcb, 0xfa, 0xcb, 0xfa, 0xcb, 0xfa, 0xcb, 0xfa,
    0xcb, 0xfa, 0xcb, 0xfa, 0xcb, 0xfa, 0xcb, 0xfa, 0xeb, 0xfa, 0xcb, 0xfa,
    0xcb, 0xfa, 0xeb, 0xfa, 0xcb, 0xfa, 0xcb, 0xfa, 0xeb, 0xfa, 0xcb, 0xfa,
    0xcb, 0xfa, 0xeb, 0xfa, 0xcb, 0xfa, 0xcb, 0xfa, 0x8a, 0xfa, 0x78, 0xad,
    0x5f, 0x77, 0xff, 0x7e, 0xff, 0x7e, 0xff, 0x7e, 0xff, 0x7e, 0xff, 0x7e,
    0xff, 0x7e, 0xff, 0x7e, 0xff, 0x7e, 0xff, 0x7e, 0xff, 0x7e, 0xff, 0x7e,
    0xff, 0x7e, 0xff, 0x7e, 0xff, 0x7e, 0xff, 0x7e, 0x1f, 0x77, 0xbf, 0x86,
    0xb9, 0xfb, 0x79, 0xfb, 0x99, 0xfb, 0x79, 0xfb, 0x79, 0xfb, 0x99, 0xfb,
    0x79, 0xfb, 0x99, 0xfb, 0x99, 0xfb, 0x79, 0xfb, 0x79, 0xfb, 0x99, 0xfb,
    0x79, 0xfb, 0x99, 0xfb, 0x99, 0xfb, 0x99, 0xfb, 0x79, 0xfb, 0x99, 0xfb,
    0x99, 0xfb, 0x79, 0xfb, 0x79, 0xfb, 0x99, 0xfb, 0x79, 0xfb, 0x79, 0xfb,
    0x99, 0xfb, 0x79, 0xfb, 0x99, 0xfb, 0x79, 0xfb, 0x99, 0xfb, 0x79, 0xfb,
    0x99, 0xfb, 0x79, 0xfb, 0x99, 0xfb, 0x99, 0xfb, 0x79, 0xfb, 0x99, 0xfb,
    0x99, 0xfb, 0x79, 0xfb, 0x99, 0xfb, 0x79, 0xfb, 0x79, 0xfb, 0x99, 0xfb,
    0x79, 0xfb, 0x79, 0xfb, 0x99, 0xfb, 0x79, 0xfb, 0x79, 0xfb, 0x99, 0xfb,
    0x79, 0xfb, 0x99, 0xfb, 0x99, 0xfb, 0x79, 0xfb, 0x99, 0xfb, 0x79, 0xfb,
    0x79, 0xfb, 0xba, 0xfb, 0x1f, 0xcd, 0x1f, 0xcd, 0x1f, 0xcd, 0x1f, 0xcd,
    0x1f, 0xcd, 0x1f, 0xcd, 0x1f, 0xcd, 0x1f, 0xcd, 0x1f, 0xcd, 0x1f, 0xcd,
    0x1f, 0xcd, 0x1f, 0xcd, 0x1f, 0xcd, 0x1f, 0xcd, 0x1f, 0xcd, 0x1f, 0xcd,
    0x1f, 0xcd, 0x5f, 0xdd, 0x13, 0x7b, 0xa4, 0x10, 0x06, 0x21, 0x05, 0x21,
    0x06, 0x21, 0x06, 0x21, 0x05, 0x21, 0x06, 0x21, 0x06, 0x19, 0x05, 0x21,
    0x06, 0x21, 0x05, 0x19, 0x06, 0x21, 0x06, 0x21, 0x06, 0x19, 0x05, 0x21,
    0x06, 0x21, 0x06, 0x21, 0x05, 0x19, 0x06, 0x21, 0x05, 0x21, 0x06, 0x19,
    0x06, 0x21, 0x06, 0x21, 0x06, 0x19, 0x05, 0x21, 0x06, 0x21, 0x05, 0x21,
    0x06, 0x21, 0x06, 0x21, 0x06, 0x21, 0x05, 0x21, 0x06, 0x21, 0x06, 0x21,
    0x06, 0x21, 0x05, 0x19, 0x06, 0x21, 0x06, 0x21, 0x06, 0x21, 0x05, 0x21,
    0x06, 0x21, 0x06, 0x21, 0x05, 0x21, 0x06, 0x19, 0x06, 0x21, 0x05, 0x21,
    0x06, 0x21, 0x06, 0x21, 0x05, 0x21, 0x06, 0x21, 0x06, 0x21, 0x05, 0x19,
    0x06, 0x21, 0x06, 0x21, 0x05, 0x19, 0x05, 0x21, 0x06, 0x21, 0x06, 0x21,
    0x05, 0x21, 0x06, 0x21, 0xc5, 0x18, 0xc9, 0x31, 0xd9, 0x94, 0xd9, 0x94,
    0xb9, 0x8c, 0xb9, 0x94, 0xb9, 0x94, 0xd9, 0x94, 0xb9, 0x94, 0xb9, 0x8c,
    0xb9, 0x94, 0xd9, 0x94, 0xb9, 0x8c, 0xb9, 0x94, 0xb9, 0x94, 0xd9, 0x8c,
    0xb9, 0x94, 0xb9, 0x94, 0xd9, 0x8c, 0x98, 0x94, 0xfd, 0x85, 0x3f, 0x7f,
    0xff, 0x7e, 0xff, 0x7e, 0xff, 0x7e, 0xff, 0x7e, 0xff, 0x7e, 0xff, 0x7e,
    0xff, 0x7e, 0xff, 0x7e, 0xff, 0x7e, 0xff, 0x7e, 0xff, 0x7e, 0xff, 0x7e,
    0xff, 0x7e, 0xff, 0x7e, 0xff, 0x7e, 0x1f, 0x7f, 0xff, 0x7e, 0x6e, 0xeb,
    0xab, 0xfa, 0xeb, 0xfa, 0xcb, 0xfa, 0xcc, 0xfa, 0xeb, 0xfa, 0xcb, 0xfa,
    0xeb, 0xfa, 0xeb, 0xfa, 0xcb, 0xfa, 0xeb, 0xfa, 0xcc, 0xfa, 0xeb, 0xfa,
    0xcb, 0xfa, 0xec, 0xfa, 0xeb, 0xfa, 0xeb, 0xfa, 0xec, 0xfa, 0xeb, 0xfa,
    0xeb, 0xfa, 0xeb, 0xfa, 0xcb, 0xfa, 0xeb, 0xfa, 0xcb, 0xfa, 0xeb, 0xfa,
    0xcb, 0xfa, 0xcb, 0xfa, 0xeb, 0xfa, 0xcb, 0xfa, 0xcb, 0xfa, 0xeb, 0xfa,
    0xcb, 0xfa, 0xeb, 0xfa, 0xcb, 0xfa, 0xeb, 0xfa, 0xeb, 0xfa, 0x8a, 0xfa,
    0x78, 0xad, 0x3f, 0x77, 0xff, 0x7e, 0xff, 0x7e, 0xff, 0x7e, 0xff, 0x7e,
    0xff, 0x7e, 0xff, 0x7e, 0xff, 0x7e, 0xff, 0x7e, 0xff, 0x7e, 0xff, 0x7e,
    0xff, 0x7e, 0xff, 0x7e, 0xff, 0x7e, 0xff, 0x7e, 0xff, 0x7e, 0x1f, 0x7f,
    0xbf, 0x86, 0xba, 0xfb, 0x79, 0xfb, 0x79, 0xfb, 0x99, 0xfb, 0x79, 0xfb,
    0x99, 0xfb, 0x79, 0xfb, 0x79, 0xfb, 0x99, 0xfb, 0x79, 0xfb, 0x99, 0xfb,
    0x79, 0xfb, 0x79, 0xfb, 0x79, 0xfb, 0x79, 0xfb, 0x99, 0xfb, 0x79, 0xfb,
    0x99, 0xfb, 0x79, 0xfb, 0x79, 0xfb, 0x99, 0xfb, 0x99, 0xfb, 0x79, 0xfb,
    0x99, 0xfb, 0x99, 0xfb, 0x79, 0xfb, 0x79, 0xfb, 0x99, 0xfb, 0x79, 0xfb,
    0x99, 0xfb, 0x79, 0xfb, 0x99, 0xfb, 0x79, 0xfb, 0x79, 0xfb, 0x99, 0xfb,
    0x79, 0xfb, 0x79, 0xfb, 0x99, 0xfb, 0x79, 0xfb, 0x99, 0xfb, 0x99, 0xfb,
    0x79, 0xfb, 0x99, 0xfb, 0x99, 0xfb, 0x79, 0xfb, 0x99, 0xfb, 0x99, 0xfb,
    0x79, 0xfb, 0x79, 0xfb, 0x99, 0xfb, 0x79, 0xfb, 0x79, 0xfb, 0x99, 0xfb,
    0x99, 0xfb, 0x79, 0xfb, 0xba, 0xfb, 0x1f, 0xcd, 0x1f, 0xcd, 0x1f, 0xcd,
    0x1f, 0xcd, 0x1f, 0xcd, 0x1f, 0xcd, 0x1f, 0xcd, 0x1f, 0xcd, 0x1f, 0xcd,
    0x1f, 0xcd, 0x1f, 0xcd, 0x1f, 0xcd, 0x1f, 0xcd, 0x1f, 0xcd, 0x1f, 0xcd,
    0x1f, 0xcd, 0x1f, 0xcd, 0x7f, 0xd5, 0x33, 0x73, 0xa4, 0x10, 0x05, 0x21,
    0x06, 0x19, 0x06, 0x21, 0x05, 0x19, 0x06, 0x21, 0x05, 0x21, 0x06, 0x21,
    0x06, 0x19, 0x05, 0x21, 0x06, 0x21, 0x05, 0x21, 0x06, 0x21, 0x06, 0x21,
    0x05, 0x21, 0x06, 0x19, 0x06, 0x21, 0x05, 0x21, 0x06, 0x21, 0x06, 0x21,
    0x05, 0x21, 0x05, 0x21, 0x06, 0x21, 0x05, 0x21, 0x06, 0x19, 0x06, 0x21,
    0x05, 0x19, 0x05, 0x19, 0x06, 0x21, 0x06, 0x19, 0x05, 0x21, 0x06, 0x21,
    0x06, 0x19, 0x05, 0x21, 0x06, 0x21, 0x06, 0x21, 0x05, 0x21, 0x06, 0x19,
    0x06, 0x21, 0x05, 0x21, 0x06, 0x21, 0x06, 0x19, 0x05, 0x21, 0x05, 0x21,
    0x06, 0x21, 0x05, 0x19, 0x06, 0x21, 0x05, 0x19, 0x06, 0x21, 0x06, 0x21,
    0x05, 0x21, 0x06, 0x19, 0x06, 0x21, 0x05, 0x21, 0x06, 0x21, 0x06, 0x19,
    0x05, 0x21, 0x05, 0x21, 0x06, 0x19, 0xc4, 0x18, 0xc9, 0x31, 0xd9, 0x94,
    0xda, 0x94, 0xb9, 0x8c, 0xd9, 0x8c, 0xb9, 0x94, 0xb9, 0x8c, 0xd9, 0x94,
    0xb9, 0x8c, 0xd9, 0x8c, 0xb9, 0x94, 0xd9, 0x8c, 0xb9, 0x8c, 0xd9, 0x94,
    0xb9, 0x8c, 0xb9, 0x8c, 0xd9, 0x94, 0xd9, 0x8c, 0x98, 0x94, 0xfd, 0x85,
    0x1f, 0x77, 0xff, 0x7e, 0xff, 0x7e, 0xff, 0x7e, 0xff, 0x7e, 0xff, 0x7e,
    0xff, 0x7e, 0xff, 0x7e, 0xff, 0x7e, 0xff, 0x7e, 0xff, 0x7e, 0xff, 0x7e,
    0xff, 0x7e, 0xff, 0x7e, 0xff, 0x7e, 0xff, 0x7e, 0xff, 0x7e, 0xff, 0x7e,
    0x6e, 0xeb, 0xaa, 0xfa, 0xeb, 0xfa, 0xcb, 0xfa, 0xec, 0xfa, 0xcb, 0xfa,
    0xcb, 0xfa, 0xec, 0xfa, 0xcb, 0xfa, 0xeb, 0xfa, 0xcc, 0xfa, 0xeb, 0xfa,
    0xcb, 0xfa, 0xcb, 0xfa, 0xeb, 0xfa, 0xcb, 0xfa, 0xcc, 0xfa, 0xeb, 0xfa,
    0xcb, 0xfa, 0xcb, 0xfa, 0xec, 0xfa, 0xeb, 0xfa, 0xcb, 0xfa, 0xec, 0xfa,
    0xeb, 0xfa, 0xcb, 0xfa, 0xec, 0xfa, 0xeb, 0xfa, 0xec, 0xfa, 0xcb, 0xfa,
    0xeb, 0xfa, 0xec, 0xfa, 0xcb, 0xfa, 0xeb, 0xfa, 0xcb, 0xfa, 0xeb, 0xfa,
    0x8a, 0xfa, 0x78, 0xad, 0x5f, 0x77, 0xff, 0x7e, 0xff, 0x7e, 0xff, 0x7e,
    0xff, 0x7e, 0xff, 0x7e, 0xff, 0x7e, 0xff, 0x7e, 0xff, 0x7e, 0xff, 0x7e,
    0xff, 0x7e, 0xff, 0x7e, 0xff, 0x7e, 0xff, 0x7e, 0xff, 0x7e, 0xff, 0x7e,
    0x1f, 0x77, 0xbf, 0x86, 0xba, 0xfb, 0x79, 0xfb, 0x79, 0xfb, 0x99, 0xfb,
    0x99, 0xfb, 0x79, 0xfb, 0x99, 0xfb, 0x79, 0xfb, 0x99, 0xfb, 0x99, 0xfb,
    0x79, 0xfb, 0x99, 0xfb, 0x99, 0xfb, 0x99, 0xfb, 0x79, 0xfb, 0x79, 0xfb,
    0x99, 0xfb, 0x79, 0xfb, 0x99, 0xfb, 0x99, 0xfb, 0x79, 0xfb, 0x79, 0xfb,
    0x99, 0xfb, 0x79, 0xfb, 0x99, 0xfb, 0x99, 0xfb, 0x79, 0xfb, 0x99, 0xfb,
    0x99, 0xfb, 0x79, 0xfb, 0x99, 0xfb, 0x79, 0xfb, 0x99, 0xfb, 0x79, 0xfb,
    0x99, 0xfb, 0x79, 0xfb, 0x99, 0xfb, 0x79, 0xfb, 0x99, 0xfb, 0x79, 0xfb,
    0x99, 0xfb, 0x79, 0xfb, 0x99, 0xfb, 0x79, 0xfb, 0x79, 0xfb, 0x99, 0xfb,
    0x99, 0xfb, 0x79, 0xfb, 0x99, 0xfb, 0x99, 0xfb, 0x79, 0xfb, 0x99, 0xfb,
    0x79, 0xfb, 0x79, 0xfb, 0x79, 0xfb, 0xba, 0xfb, 0x1f, 0xcd, 0x1f, 0xcd,
    0x1f, 0xcd, 0x1f, 0xcd, 0x1f, 0xcd, 0x1f, 0xcd, 0x1f, 0xcd, 0x1f, 0xcd,
    0x1f, 0xcd, 0x1f, 0xcd, 0x1f, 0xcd, 0x1f, 0xcd, 0x1f, 0xcd, 0x1f, 0xcd,
    0x1f, 0xcd, 0x1f, 0xcd, 0x1f, 0xcd, 0x7f, 0xdd, 0x13, 0x7b, 0xa3, 0x10,
    0x06, 0x21, 0x06, 0x21, 0x05, 0x19, 0x06, 0x21, 0x06, 0x21, 0x05, 0x19,
    0x06, 0x21, 0x06, 0x21, 0x05, 0x21, 0x06, 0x19, 0x06, 0x21, 0x05, 0x21,
    0x06, 0x19, 0x05, 0x21, 0x06, 0x21, 0x06, 0x19, 0x05, 0x21, 0x06, 0x19,
    0x06, 0x21, 0x05, 0x21, 0x06, 0x19, 0x06, 0x21, 0x05, 0x21, 0x06, 0x21,
    0x06, 0x21, 0x06, 0x21, 0x05, 0x21, 0x06, 0x21, 0x05, 0x19, 0x06, 0x21,
    0x05, 0x21, 0x06, 0x19, 0x05, 0x21, 0x06, 0x21, 0x05, 0x21, 0x06, 0x21,
    0x05, 0x21, 0x06, 0x19, 0x05, 0x21, 0x06, 0x21, 0x06, 0x19, 0x05, 0x21,
    0x06, 0x21, 0x06, 0x19, 0x06, 0x21, 0x05, 0x21, 0x06, 0x21, 0x05, 0x19,
    0x06, 0x21, 0x05, 0x21, 0x06, 0x21, 0x05, 0x21, 0x06, 0x21, 0x06, 0x19,
    0x06, 0x21, 0x05, 0x21, 0x06, 0x19, 0x06, 0x21, 0xe5, 0x18, 0xa9, 0x31,
    0xd9, 0x94, 0xd9, 0x94, 0xd9, 0x8c, 0xd9, 0x94, 0xd9, 0x8c, 0xb9, 0x8c,
    0xd9, 0x94, 0xd9, 0x94, 0xb9, 0x8c, 0xd9, 0x94, 0xd9, 0x94, 0xb9, 0x8c,
    0xd9, 0x94, 0xd9, 0x94, 0xb9, 0x8c, 0xd9, 0x8c, 0xb9, 0x94, 0x98, 0x94,
    0xfd, 0x85, 0x1f, 0x7f, 0xff, 0x7e, 0xff, 0x7e, 0xff, 0x7e, 0xff, 0x7e,
    0xff, 0x7e, 0xff, 0x7e, 0xff, 0x7e, 0xff, 0x7e, 0xff, 0x7e, 0xff, 0x7e,
    0xff, 0x7e, 0xff, 0x7e, 0xff, 0x7e, 0xff, 0x7e, 0xff, 0x7e, 0xff, 0x7e,
    0xff, 0x7e, 0x6e, 0xf3, 0xab, 0xfa, 0xeb, 0xfa, 0xeb, 0xfa, 0xcb, 0xfa,
    0xeb, 0xfa, 0xec, 0xfa, 0xcb, 0xfa, 0xcb, 0xfa, 0xec, 0xfa, 0xcb, 0xfa,
    0xeb, 0xfa, 0xec, 0xfa, 0xcb, 0xfa, 0xeb, 0xfa, 0xcc, 0xfa, 0xcb, 0xfa,
    0xeb, 0xfa, 0xcb, 0xfa, 0xcc, 0xfa, 0xeb, 0xfa, 0xcb, 0xfa, 0xcb, 0xfa,
    0xec, 0xfa, 0xcb, 0xfa, 0xcb, 0xfa, 0xeb, 0xfa, 0xcb, 0xfa, 0xcc, 0xfa,
    0xeb, 0xfa, 0xcb, 0xfa, 0xcc, 0xfa, 0xeb, 0xfa, 0xcb, 0xfa, 0xcc, 0xfa,
    0xeb, 0xfa, 0x8a, 0xfa, 0x79, 0xad, 0x5f, 0x77, 0xff, 0x7e, 0xff, 0x7e,
    0xff, 0x7e, 0xff, 0x7e, 0xff, 0x7e, 0xff, 0x7e, 0xff, 0x7e, 0xff, 0x7e,
    0xff, 0x7e, 0xff, 0x7e, 0xff, 0x7e, 0xff, 0x7e, 0xff, 0x7e, 0xff, 0x7e,
    0xff, 0x7e, 0x1f, 0x7f, 0xbf, 0x86, 0xb9, 0xfb, 0x79, 0xfb, 0x79, 0xfb,
    0x79, 0xfb, 0x99, 0xfb, 0x79, 0xfb, 0x99, 0xfb, 0x79, 0xfb, 0x79, 0xfb,
    0x99, 0xfb, 0x79, 0xfb, 0x79, 0xfb, 0x99, 0xfb, 0x99, 0xfb, 0x79, 0xfb,
    0x99, 0xfb, 0x99, 0xfb, 0x79, 0xfb, 0x99, 0xfb, 0x79, 0xfb, 0x99, 0xfb,
    0x99, 0xfb, 0x79, 0xfb, 0x79, 0xfb, 0x99, 0xfb, 0x79, 0xfb, 0x79, 0xfb,
    0x99, 0xfb, 0x79, 0xfb, 0x79, 0xfb, 0x99, 0xfb, 0x99, 0xfb, 0x79, 0xfb,
    0x99, 0xfb, 0x79, 0xfb, 0x99, 0xfb, 0x99, 0xfb, 0x79, 0xfb, 0x79, 0xfb,
    0x99, 0xfb, 0x79, 0xfb, 0x99, 0xfb, 0x79, 0xfb, 0x99, 0xfb, 0x79, 0xfb,
    0x79, 0xfb, 0x99, 0xfb, 0x79, 0xfb, 0x79, 0xfb, 0x99, 0xfb, 0x79, 0xfb,
    0x99, 0xfb, 0x99, 0xfb, 0x79, 0xfb, 0x79, 0xfb, 0xba, 0xfb, 0x1f, 0xcd,
    0x1f, 0xcd, 0x1f, 0xcd, 0x1f, 0xcd, 0x1f, 0xcd, 0x1f, 0xcd, 0x1f, 0xcd,
    0x1f, 0xcd, 0x1f, 0xcd, 0x1f, 0xcd, 0x1f, 0xcd, 0x1f, 0xcd, 0x1f, 0xcd,
    0x1f, 0xcd, 0x1f, 0xcd, 0x1f, 0xcd, 0x1f, 0xcd, 0x7f, 0xdd, 0x13, 0x73,
    0xa4, 0x10, 0x06, 0x21, 0x05, 0x21, 0x06, 0x21, 0x06, 0x21, 0x05, 0x21,
    0x06, 0x19, 0x05, 0x21, 0x06, 0x21, 0x06, 0x19, 0x05, 0x21, 0x06, 0x21,
    0x06, 0x19, 0x05, 0x21, 0x06, 0x21, 0x06, 0x21, 0x05, 0x21, 0x06, 0x21,
    0x05, 0x21, 0x06, 0x19, 0x06, 0x21, 0x06, 0x21, 0x05, 0x19, 0x06, 0x21,
    0x05, 0x21, 0x06, 0x19, 0x06, 0x21, 0x06, 0x21, 0x05, 0x21, 0x06, 0x21,
    0x06, 0x21, 0x05, 0x21, 0x06, 0x21, 0x06, 0x19, 0x05, 0x21, 0x06, 0x21,
    0x06, 0x21, 0x06, 0x21, 0x05, 0x19, 0x06, 0x21, 0x05, 0x21, 0x06, 0x21,
    0x06, 0x21, 0x05, 0x21, 0x06, 0x21, 0x06, 0x21, 0x05, 0x21, 0x06, 0x21,
    0x06, 0x19, 0x05, 0x21, 0x06, 0x21, 0x06, 0x19, 0x05, 0x21, 0x06, 0x21,
    0x05, 0x19, 0x06, 0x21, 0x06, 0x21, 0x05, 0x21, 0x06, 0x21, 0xc5, 0x18,
    0xc9, 0x31, 0xd9, 0x94, 0xd9, 0x94, 0xb9, 0x8c, 0xb9, 0x94, 0xb9, 0x94,
    0xd9, 0x8c, 0xb9, 0x8c, 0xb9, 0x94, 0xd9, 0x8c, 0xb9, 0x8c, 0xb9, 0x94,
    0xd9, 0x8c, 0xb9, 0x8c, 0xd9, 0x94, 0xb9, 0x94, 0xb9, 0x8c, 0xd9, 0x8c,
    0x98, 0x94, 0xfd, 0x85, 0x1f, 0x7f, 0xff, 0x7e, 0xff, 0x7e, 0xff, 0x7e,
    0xff, 0x7e, 0xff, 0x7e, 0xff, 0x7e, 0xff, 0x7e, 0xff, 0x7e, 0xff, 0x7e,
    0xff, 0x7e, 0xff, 0x7e, 0xff, 0x7e, 0xff, 0x7e, 0xff, 0x7e, 0xff, 0x7e,
    0x1f, 0x7f, 0xff, 0x7e, 0x6e, 0xeb, 0xaa, 0xfa, 0xcb, 0xfa, 0xcc, 0xfa,
    0xeb, 0xfa, 0xcb, 0xfa, 0xeb, 0xfa, 0xcb, 0xfa, 0xeb, 0xfa, 0xeb, 0xfa,
    0xcb, 0xfa, 0xcb, 0xfa, 0xec, 0xfa, 0xeb, 0xfa, 0xcb, 0xfa, 0xeb, 0xfa,
    0xeb, 0xfa, 0xcc, 0xfa, 0xeb, 0xfa, 0xeb, 0xfa, 0xcb, 0xfa, 0xeb, 0xfa,
    0xec, 0xfa, 0xcb, 0xfa, 0xeb, 0xfa, 0xec, 0xfa, 0xcb, 0xfa, 0xeb, 0xfa,
    0xcb, 0xfa, 0xeb, 0xfa, 0xeb, 0xfa, 0xcb, 0xfa, 0xeb, 0xfa, 0xec, 0xfa,
    0xcb, 0xfa, 0xcb, 0xfa, 0x8a, 0xfa, 0x78, 0xad, 0x3f, 0x77, 0xff, 0x7e,
    0xff, 0x7e, 0xff, 0x7e, 0xff, 0x7e, 0xff, 0x7e, 0xff, 0x7e, 0xff, 0x7e,
    0xff, 0x7e, 0xff, 0x7e, 0xff, 0x7e, 0xff, 0x7e, 0xff, 0x7e, 0xff, 0x7e,
    0xff, 0x7e, 0xff, 0x7e, 0x1f, 0x77, 0xbf, 0x86, 0xba, 0xfb, 0x79, 0xfb,
    0x99, 0xfb, 0x79, 0xfb, 0x79, 0xfb, 0x99, 0xfb, 0x99, 0xfb, 0x79, 0xfb,
    0x99, 0xfb, 0x99, 0xfb, 0x79, 0xfb, 0x79, 0xfb, 0x99, 0xfb, 0x79, 0xfb,
    0x79, 0xfb, 0x99, 0xfb, 0x79, 0xfb, 0x79, 0xfb, 0x99, 0xfb, 0x79, 0xfb,
    0x79, 0xfb, 0x99, 0xfb, 0x79, 0xfb, 0x99, 0xfb, 0x99, 0xfb, 0x79, 0xfb,
    0x99, 0xfb, 0x99, 0xfb, 0x79, 0xfb, 0x79, 0xfb, 0x99, 0xfb, 0x79, 0xfb,
    0x79, 0xfb, 0x99, 0xfb, 0x79, 0xfb, 0x79, 0xfb, 0x99, 0xfb, 0x99, 0xfb,
    0x79, 0xfb, 0x99, 0xfb, 0x79, 0xfb, 0x79, 0xfb, 0x99, 0xfb, 0x99, 0xfb,
    0x79, 0xfb, 0x99, 0xfb, 0x99, 0xfb, 0x79, 0xfb, 0x99, 0xfb, 0x79, 0xfb,
    0x79, 0xfb, 0x99, 0xfb, 0x99, 0xfb, 0x99, 0xfb, 0x79, 0xfb, 0xba, 0xfb,
    0x1f, 0xcd, 0x3f, 0xcd, 0x1f, 0xcd, 0x1f, 0xcd, 0x1f, 0xcd, 0x1f, 0xcd,
    0x1f, 0xcd, 0x1f, 0xcd, 0x1f, 0xcd, 0x1f, 0xcd, 0x1f, 0xcd, 0x1f, 0xcd,
    0x1f, 0xcd, 0x1f, 0xcd, 0x1f, 0xcd, 0x1f, 0xcd, 0x1f, 0xcd, 0x7f, 0xdd,
    0x13, 0x73, 0xa4, 0x10, 0x05, 0x21, 0x06, 0x19, 0x05, 0x21, 0x06, 0x21,
    0x06, 0x19, 0x05, 0x21, 0x06, 0x21, 0x05, 0x21, 0x06, 0x21, 0x05, 0x21,
    0x06, 0x21, 0x06, 0x21, 0x05, 0x19, 0x06, 0x21, 0x05, 0x19, 0x06, 0x21,
    0x06, 0x21, 0x05, 0x21, 0x05, 0x19, 0x06, 0x21, 0x05, 0x21, 0x06, 0x19,
    0x06, 0x21, 0x05, 0x21, 0x05, 0x19, 0x06, 0x21, 0x05, 0x19, 0x06, 0x21,
    0x06, 0x21, 0x05, 0x19, 0x06, 0x21, 0x06, 0x21, 0x05, 0x21, 0x06, 0x19,
    0x06, 0x21, 0x05, 0x21, 0x06, 0x21, 0x06, 0x21, 0x05, 0x19, 0x06, 0x21,
    0x06, 0x21, 0x05, 0x19, 0x06, 0x21, 0x05, 0x19, 0x06, 0x19, 0x06, 0x21,
    0x05, 0x21, 0x06, 0x21, 0x06, 0x21, 0x05, 0x19, 0x06, 0x21, 0x06, 0x21,
    0x05, 0x21, 0x06, 0x21, 0x05, 0x21, 0x06, 0x19, 0x05, 0x21, 0x06, 0x21,
    0xc4, 0x18, 0xa9, 0x31, 0xd9, 0x94, 0xda, 0x8c, 0xb9, 0x8c, 0xb9, 0x94,
    0xd9, 0x94, 0xd9, 0x8c, 0xb9, 0x94, 0xd9, 0x94, 0xd9, 0x8c, 0xb9, 0x94,
    0xd9, 0x94, 0xb9, 0x8c, 0xd9, 0x8c, 0xb9, 0x94, 0xd9, 0x94, 0xd9, 0x8c,
    0xb9, 0x94, 0x99, 0x94, 0xfd, 0x85, 0x1f, 0x7f, 0xff, 0x7e, 0xff, 0x7e,
    0xff, 0x7e, 0xff, 0x7e, 0xff, 0x7e, 0xff, 0x7e, 0xff, 0x7e, 0xff, 0x7e,
    0xff, 0x7e, 0xff, 0x7e, 0xff, 0x7e, 0xff, 0x7e, 0xff, 0x7e, 0xff, 0x7e,
    0xff, 0x7e, 0xff, 0x7e, 0xff, 0x7e, 0x6e, 0xeb, 0xaa, 0xfa, 0xeb, 0xfa,
    0xec, 0xfa, 0xcb, 0xfa, 0xcb, 0xfa, 0xec, 0xfa, 0xcc, 0xfa, 0xeb, 0xfa,
    0xcb, 0xfa, 0xec, 0xfa, 0xcb, 0xfa, 0xcb, 0xfa, 0xeb, 0xfa, 0xcc, 0xfa,
    0xeb, 0xfa, 0xcb, 0xfa, 0xcb, 0xfa, 0xec, 0xfa, 0xcb, 0xfa, 0xcb, 0xfa,
    0xec, 0xfa, 0xcb, 0xfa, 0xcb, 0xfa, 0xeb, 0xfa, 0xcb, 0xfa, 0xec, 0xfa,
    0xcb, 0xfa, 0xeb, 0xfa, 0xcc, 0xfa, 0xec, 0xfa, 0xcb, 0xfa, 0xcb, 0xfa,
    0xeb, 0xfa, 0xeb, 0xfa, 0xeb, 0xfa, 0x8a, 0xfa, 0x78, 0xad, 0x5f, 0x77,
    0xff, 0x7e, 0xff, 0x7e, 0xff, 0x7e, 0xff, 0x7e, 0xff, 0x7e, 0xff, 0x7e,
    0xff, 0x7e, 0xff, 0x7e, 0xff, 0x7e, 0xff, 0x7e, 0xff, 0x7e, 0xff, 0x7e,
    0xff, 0x7e, 0xff, 0x7e, 0xff, 0x7e, 0x1f, 0x7f, 0xbf, 0x86, 0xb9, 0xfb,
    0x79, 0xfb, 0x99, 0xfb, 0x79, 0xfb, 0x99, 0xfb, 0x79, 0xfb, 0x79, 0xfb,
    0x99, 0xfb, 0x79, 0xfb, 0x99, 0xfb, 0x99, 0xfb, 0x79, 0xfb, 0x99, 0xfb,
    0x99, 0xfb, 0x79, 0xfb, 0x99, 0xfb, 0x99, 0xfb, 0x79, 0xfb, 0x99, 0xfb,
    0x99, 0xfb, 0x79, 0xfb, 0x99, 0xfb, 0x79, 0xfb, 0x79, 0xfb, 0x99, 0xfb,
    0x79, 0xfb, 0x79, 0xfb, 0x99, 0xfb, 0x99, 0xfb, 0x79, 0xfb, 0x99, 0xfb,
    0x99, 0xfb, 0x79, 0xfb, 0x99, 0xfb, 0x99, 0xfb, 0x79, 0xfb, 0x79, 0xfb,
    0x99, 0xfb, 0x99, 0xfb, 0x79, 0xfb, 0x99, 0xfb, 0x99, 0xfb, 0x79, 0xfb,
    0x79, 0xfb, 0x99, 0xfb, 0x79, 0xfb, 0x79, 0xfb, 0x99, 0xfb, 0x99, 0xfb,
    0x79, 0xfb, 0x99, 0xfb, 0x79, 0xfb, 0x79, 0xfb, 0x99, 0xfb, 0x79, 0xfb,
    0xba, 0xfb, 0x1f, 0xcd, 0x1f, 0xcd, 0x1f, 0xcd, 0x1f, 0xcd, 0x1f, 0xcd,
    0x1f, 0xcd, 0x1f, 0xcd, 0x1f, 0xcd, 0x1f, 0xcd, 0x1f, 0xcd, 0x1f, 0xcd,
    0x1f, 0xcd, 0x1f, 0xcd, 0x1f, 0xcd, 0x1f, 0xcd, 0x1f, 0xcd, 0x1f, 0xcd,
    0x7f, 0xdd, 0x33, 0x7b, 0xa3, 0x10, 0x06, 0x21, 0x06, 0x21, 0x05, 0x19,
    0x06, 0x21, 0x06, 0x21, 0x05, 0x21, 0x06, 0x19, 0x06, 0x21, 0x05, 0x21,
    0x06, 0x19, 0x05, 0x21, 0x06, 0x21, 0x06, 0x21, 0x05, 0x21, 0x06, 0x21,
    0x06, 0x19, 0x05, 0x21, 0x06, 0x21, 0x06, 0x21, 0x05, 0x21, 0x06, 0x21,
    0x06, 0x21, 0x05, 0x21, 0x06, 0x21, 0x06, 0x21, 0x05, 0x21, 0x06, 0x21,
    0x06, 0x19, 0x05, 0x21, 0x06, 0x21, 0x06, 0x19, 0x05, 0x21, 0x06, 0x21,
    0x06, 0x21, 0x05, 0x21, 0x06, 0x21, 0x05, 0x19, 0x06, 0x21, 0x06, 0x21,
    0x05, 0x21, 0x06, 0x19, 0x06, 0x21, 0x05, 0x21, 0x06, 0x21, 0x05, 0x21,
    0x06, 0x19, 0x05, 0x21, 0x06, 0x21, 0x06, 0x19, 0x05, 0x21, 0x06, 0x21,
    0x06, 0x19, 0x05, 0x21, 0x06, 0x21, 0x06, 0x19, 0x05, 0x21, 0x06, 0x21,
    0x06, 0x21, 0xe5, 0x18, 0xc9, 0x31, 0xd9, 0x94, 0xd9, 0x94, 0xd9, 0x8c,
    0xb9, 0x8c, 0xd9, 0x94, 0xb9, 0x8c, 0xd9, 0x8c, 0xb9, 0x94, 0xb9, 0x8c,
    0xd9, 0x8c, 0xb9, 0x94, 0xd9, 0x94, 0xb9, 0x8c, 0xd9, 0x94, 0xb9, 0x8c,
    0xb9, 0x8c, 0xd9, 0x94, 0x98, 0x94, 0xfd, 0x85, 0x3f, 0x7f, 0xff, 0x7e,
    0xff, 0x7e, 0xff, 0x7e, 0xff, 0x7e, 0xff, 0x7e, 0xff, 0x7e, 0xff, 0x7e,
    0xff, 0x7e, 0xff, 0x7e, 0xff, 0x7e, 0xff, 0x7e, 0xff, 0x7e, 0xff, 0x7e,
    0xff, 0x7e, 0xff, 0x7e, 0xff, 0x7e, 0xff, 0x7e, 0x6e, 0xf3, 0xab, 0xfa,
    0xeb, 0xfa, 0xcb, 0xfa, 0xeb, 0xfa, 0xeb, 0xfa, 0xcb, 0xfa, 0xeb, 0xfa,
    0xcc, 0xfa, 0xeb, 0xfa, 0xeb, 0xfa, 0xcc, 0xfa, 0xeb, 0xfa, 0xcb, 0xfa,
    0xec, 0xfa, 0xcb, 0xfa, 0xeb, 0xfa, 0xeb, 0xfa, 0xcc, 0xfa, 0xeb, 0xfa,
    0xeb, 0xfa, 0xcb, 0xfa, 0xeb, 0xfa, 0xec, 0xfa, 0xcb, 0xfa, 0xcb, 0xfa,
    0xeb, 0xfa, 0xec, 0xfa, 0xcb, 0xfa, 0xcb, 0xfa, 0xeb, 0xfa, 0xec, 0xfa,
    0xcb, 0xfa, 0xcb, 0xfa, 0xec, 0xfa, 0xcb, 0xfa, 0x8a, 0xfa, 0x79, 0xad,
    0x5f, 0x77, 0xff, 0x7e, 0xff, 0x7e, 0xff, 0x7e, 0xff, 0x7e, 0xff, 0x7e,
    0xff, 0x7e, 0xff, 0x7e, 0xff, 0x7e, 0xff, 0x7e, 0xff, 0x7e, 0xff, 0x7e,
    0xff, 0x7e, 0xff, 0x7e, 0xff, 0x7e, 0xff, 0x7e, 0x1f, 0x77, 0xbf, 0x86,
    0xba, 0xfb, 0x79, 0xfb, 0x79, 0xfb, 0x99, 0xfb, 0x99, 0xfb, 0x79, 0xfb,
    0x99, 0xfb, 0x79, 0xfb, 0x79, 0xfb, 0x99, 0xfb, 0x79, 0xfb, 0x79, 0xfb,
    0x99, 0xfb, 0x79, 0xfb, 0x79, 0xfb, 0x99, 0xfb, 0x79, 0xfb, 0x79, 0xfb,
    0x99, 0xfb, 0x79, 0xfb, 0x99, 0xfb, 0x99, 0xfb, 0x79, 0xfb, 0x99, 0xfb,
    0x99, 0xfb, 0x79, 0xfb, 0x79, 0xfb, 0x99, 0xfb, 0x79, 0xfb, 0x99, 0xfb,
    0x79, 0xfb, 0x99, 0xfb, 0x79, 0xfb, 0x79, 0xfb, 0x99, 0xfb, 0x99, 0xfb,
    0x79, 0xfb, 0x79, 0xfb, 0x99, 0xfb, 0x79, 0xfb, 0x79, 0xfb, 0x99, 0xfb,
    0x79, 0xfb, 0x99, 0xfb, 0x99, 0xfb, 0x79, 0xfb, 0x79, 0xfb, 0x99, 0xfb,
    0x79, 0xfb, 0x99, 0xfb, 0x99, 0xfb, 0x79, 0xfb, 0x79, 0xfb, 0x99, 0xfb,
    0x79, 0xfb, 0xba, 0xfb, 0x1f, 0xcd, 0x1f, 0xcd, 0x1f, 0xcd, 0x1f, 0xcd,
    0x1f, 0xcd, 0x1f, 0xcd, 0x1f, 0xcd, 0x1f, 0xcd, 0x1f, 0xcd, 0x1f, 0xcd,
    0x1f, 0xcd, 0x1f, 0xcd, 0x1f, 0xcd, 0x1f, 0xcd, 0x1f, 0xcd, 0x1f, 0xcd,
    0x1f, 0xcd, 0x5f, 0xdd, 0x33, 0x73, 0xa4, 0x10, 0x06, 0x21, 0x05, 0x21,
    0x06, 0x21, 0x05, 0x19, 0x06, 0x21, 0x06, 0x21, 0x05, 0x19, 0x06, 0x21,
    0x06, 0x21, 0x05, 0x19, 0x06, 0x21, 0x05, 0x21, 0x06, 0x19, 0x06, 0x21,
    0x05, 0x21, 0x06, 0x19, 0x06, 0x21, 0x05, 0x21, 0x06, 0x19, 0x06, 0x21,
    0x05, 0x19, 0x06, 0x21, 0x06, 0x19, 0x05, 0x21, 0x06, 0x21, 0x06, 0x19,
    0x05, 0x21, 0x06, 0x21, 0x05, 0x21, 0x06, 0x21, 0x05, 0x19, 0x06, 0x21,
    0x06, 0x21, 0x05, 0x19, 0x06, 0x21, 0x06, 0x21, 0x05, 0x21, 0x06, 0x19,
    0x06, 0x21, 0x05, 0x21, 0x06, 0x21, 0x06, 0x21, 0x05, 0x19, 0x06, 0x21,
    0x06, 0x21, 0x05, 0x21, 0x06, 0x19, 0x06, 0x21, 0x05, 0x21, 0x06, 0x21,
    0x05, 0x21, 0x06, 0x19, 0x06, 0x21, 0x05, 0x21, 0x06, 0x21, 0x06, 0x21,
    0x05, 0x19, 0x06, 0x21, 0xc5, 0x18, 0xa9, 0x31, 0xd9, 0x94, 0xd9, 0x94,
    0xb9, 0x8c, 0xd9, 0x94, 0xb9, 0x94, 0xd9, 0x8c, 0xb9, 0x94, 0xd9, 0x94,
    0xd9, 0x8c, 0xb9, 0x8c, 0xd9, 0x94, 0xb9, 0x8c, 0xd9, 0x94, 0xb9, 0x8c,
    0xd9, 0x94, 0xb9, 0x8c, 0xb9, 0x8c, 0x98, 0x94, 0xfd, 0x85, 0x1f, 0x77,
    0xff, 0x7e, 0xff, 0x7e, 0xff, 0x7e, 0xff, 0x7e, 0xff, 0x7e, 0xff, 0x7e,
    0xff, 0x7e, 0xff, 0x7e, 0xff, 0x7e, 0xff, 0x7e, 0xff, 0x7e, 0xff, 0x7e,
    0xff, 0x7e, 0xff, 0x7e, 0xff, 0x7e, 0x1f, 0x77, 0xff, 0x7e, 0x6e, 0xf3,
    0xaa, 0xfa, 0xcb, 0xfa, 0xcc, 0xfa, 0xeb, 0xfa, 0xcc, 0xfa, 0xeb, 0xfa,
    0xcb, 0xfa, 0xcb, 0xfa, 0xeb, 0xfa, 0xcb, 0xfa, 0xeb, 0xfa, 0xcb, 0xfa,
    0xeb, 0xfa, 0xcb, 0xfa, 0xcc, 0xfa, 0xeb, 0xfa, 0xcb, 0xfa, 0xcb, 0xfa,
    0xec, 0xfa, 0xcb, 0xfa, 0xcb, 0xfa, 0xec, 0xfa, 0xeb, 0xfa, 0xcb, 0xfa,
    0xec, 0xfa, 0xcb, 0xfa, 0xeb, 0xfa, 0xcb, 0xfa, 0xeb, 0xfa, 0xcb, 0xfa,
    0xeb, 0xfa, 0xec, 0xfa, 0xcb, 0xfa, 0xcb, 0xfa, 0xeb, 0xfa, 0x8a, 0xfa,
    0x78, 0xad, 0x3f, 0x77, 0xff, 0x7e, 0xff, 0x7e, 0xff, 0x7e, 0xff, 0x7e,
    0xff, 0x7e, 0xff, 0x7e, 0xff, 0x7e, 0xff, 0x7e, 0xff, 0x7e, 0xff, 0x7e,
    0xff, 0x7e, 0xff, 0x7e, 0xff, 0x7e, 0xff, 0x7e, 0xff, 0x7e, 0x1f, 0x77,
    0xbf, 0x86, 0xba, 0xfb, 0x79, 0xfb, 0x79, 0xfb, 0x79, 0xfb, 0x99, 0xfb,
    0x99, 0xfb, 0x79, 0xfb, 0x99, 0xfb, 0x99, 0xfb, 0x79, 0xfb, 0x99, 0xfb,
    0x99, 0xfb, 0x79, 0xfb, 0x99, 0xfb, 0x99, 0xfb, 0x79, 0xfb, 0x99, 0xfb,
    0x99, 0xfb, 0x79, 0xfb, 0x79, 0xfb, 0x99, 0xfb, 0x79, 0xfb, 0x79, 0xfb,
    0x99, 0xfb, 0x99, 0xfb, 0x79, 0xfb, 0x99, 0xfb, 0x99, 0xfb, 0x79, 0xfb,
    0x79, 0xfb, 0x99, 0xfb, 0x79, 0xfb, 0x99, 0xfb, 0x79, 0xfb, 0x99, 0xfb,
    0x99, 0xfb, 0x79, 0xfb, 0x99, 0xfb, 0x99, 0xfb, 0x79, 0xfb, 0x99, 0xfb,
    0x79, 0xfb, 0x99, 0xfb, 0x79, 0xfb, 0x99, 0xfb, 0x99, 0xfb, 0x99, 0xfb,
    0x79, 0xfb, 0x79, 0xfb, 0x99, 0xfb, 0x79, 0xfb, 0x99, 0xfb, 0x99, 0xfb,
    0x79, 0xfb, 0x79, 0xfb, 0xba, 0xfb, 0x1f, 0xcd, 0x3f, 0xc5, 0x1f, 0xcd,
    0x1f, 0xcd, 0x1f, 0xcd, 0x1f, 0xcd, 0x1f, 0xcd, 0x1f, 0xcd, 0x1f, 0xcd,
    0x1f, 0xcd, 0x1f, 0xcd, 0x1f, 0xcd, 0x1f, 0xcd, 0x1f, 0xcd, 0x1f, 0xcd,
    0x1f, 0xcd, 0x1f, 0xcd, 0x7f, 0xdd, 0x13, 0x73, 0xa4, 0x10, 0x05, 0x21,
    0x06, 0x19, 0x06, 0x21, 0x05, 0x21, 0x06, 0x21, 0x06, 0x21, 0x05, 0x21,
    0x06, 0x21, 0x06, 0x21, 0x06, 0x21, 0x05, 0x19, 0x06, 0x21, 0x06, 0x21,
    0x05, 0x19, 0x05, 0x21, 0x06, 0x21, 0x06, 0x21, 0x05, 0x19, 0x06, 0x21,
    0x06, 0x21, 0x05, 0x21, 0x06, 0x19, 0x06, 0x21, 0x05, 0x21, 0x06, 0x19,
    0x06, 0x21, 0x05, 0x21, 0x06, 0x19, 0x06, 0x21, 0x05, 0x21, 0x06, 0x21,
    0x05, 0x21, 0x06, 0x19, 0x05, 0x21, 0x06, 0x21, 0x06, 0x21, 0x05, 0x21,
    0x06, 0x21, 0x05, 0x19, 0x06, 0x21, 0x05, 0x21, 0x06, 0x19, 0x06, 0x21,
    0x05, 0x21, 0x06, 0x21, 0x06, 0x21, 0x05, 0x21, 0x06, 0x19, 0x06, 0x21,
    0x05, 0x21, 0x06, 0x19, 0x05, 0x21, 0x06, 0x21, 0x05, 0x19, 0x06, 0x21,
    0x06, 0x21, 0x05, 0x21, 0x05, 0x21, 0xe5, 0x18, 0xa9, 0x31, 0xd9, 0x94,
    0xda, 0x94, 0xb9, 0x8c, 0xd9, 0x8c, 0xb9, 0x94, 0xb9, 0x8c, 0xd9, 0x8c,
    0xb9, 0x94, 0xd9, 0x94, 0xb9, 0x94, 0xd9, 0x8c, 0xb9, 0x8c, 0xd9, 0x94,
    0xd9, 0x94, 0xb9, 0x8c, 0xd9, 0x94, 0xd9, 0x94, 0x98, 0x94, 0xfd, 0x85,
    0x1f, 0x7f, 0xff, 0x7e, 0xff, 0x7e, 0xff, 0x7e, 0xff, 0x7e, 0xff, 0x7e,
    0xff, 0x7e, 0xff, 0x7e, 0xff, 0x7e, 0xff, 0x7e, 0xff, 0x7e, 0xff, 0x7e,
    0xff, 0x7e, 0xff, 0x7e, 0xff, 0x7e, 0xff, 0x7e, 0xff, 0x7e, 0xff, 0x7e,
    0x6e, 0xeb, 0xab, 0xfa, 0xeb, 0xfa, 0xeb, 0xfa, 0xcb, 0xfa, 0xcc, 0xfa,
    0xeb, 0xfa, 0xeb, 0xfa, 0xcc, 0xfa, 0xcb, 0xfa, 0xec, 0xfa, 0xcb, 0xfa,
    0xec, 0xfa, 0xeb, 0xfa, 0xcb, 0xfa, 0xeb, 0xfa, 0xec, 0xfa, 0xcb, 0xfa,
    0xeb, 0xfa, 0xeb, 0xfa, 0xcc, 0xfa, 0xeb, 0xfa, 0xcb, 0xfa, 0xcb, 0xfa,
    0xeb, 0xfa, 0xcb, 0xfa, 0xec, 0xfa, 0xcb, 0xfa, 0xec, 0xfa, 0xcb, 0xfa,
    0xcb, 0xfa, 0xec, 0xfa, 0xcb, 0xfa, 0xeb, 0xfa, 0xeb, 0xfa, 0xcc, 0xfa,
    0x8a, 0xfa, 0x78, 0xad, 0x5f, 0x77, 0xff, 0x7e, 0xff, 0x7e, 0xff, 0x7e,
    0xff, 0x7e, 0xff, 0x7e, 0xff, 0x7e, 0xff, 0x7e, 0xff, 0x7e, 0xff, 0x7e,
    0xff, 0x7e, 0xff, 0x7e, 0xff, 0x7e, 0xff, 0x7e, 0xff, 0x7e, 0xff, 0x7e,
    0x1f, 0x7f, 0xbf, 0x86, 0xb9, 0xfb, 0x79, 0xfb, 0x79, 0xfb, 0x79, 0xfb,
    0x99, 0xfb, 0x79, 0xfb, 0x79, 0xfb, 0x99, 0xfb, 0x79, 0xfb, 0x79, 0xfb,
    0x99, 0xfb, 0x79, 0xfb, 0x79, 0xfb, 0x99, 0xfb, 0x79, 0xfb, 0x79, 0xfb,
    0x99, 0xfb, 0x99, 0xfb, 0x79, 0xfb, 0x99, 0xfb, 0x79, 0xfb, 0x99, 0xfb,
    0x79, 0xfb, 0x79, 0xfb, 0x99, 0xfb, 0x79, 0xfb, 0x79, 0xfb, 0x99, 0xfb,
    0x99, 0xfb, 0x79, 0xfb, 0x99, 0xfb, 0x99, 0xfb, 0x79, 0xfb, 0x99, 0xfb,
    0x79, 0xfb, 0x79, 0xfb, 0x99, 0xfb, 0x79, 0xfb, 0x79, 0xfb, 0x99, 0xfb,
    0x99, 0xfb, 0x79, 0xfb, 0x79, 0xfb, 0x99, 0xfb, 0x79, 0xfb, 0x79, 0xfb,
    0x99, 0xfb, 0x79, 0xfb, 0x99, 0xfb, 0x79, 0xfb, 0x79, 0xfb, 0x99, 0xfb,
    0x79, 0xfb, 0x99, 0xfb, 0x79, 0xfb, 0xba, 0xfb, 0x1f, 0xcd, 0x1f, 0xcd,
    0x1f, 0xcd, 0x1f, 0xcd, 0x1f, 0xcd, 0x1f, 0xcd, 0x1f, 0xcd, 0x1f, 0xcd,
    0x1f, 0xcd, 0x1f, 0xcd, 0x1f, 0xcd, 0x1f, 0xcd, 0x1f, 0xcd, 0x1f, 0xcd,
    0x1f, 0xcd, 0x1f, 0xcd, 0x1f, 0xcd, 0x7f, 0xdd, 0x13, 0x73, 0xa3, 0x10,
    0x06, 0x21, 0x06, 0x21, 0x05, 0x19, 0x06, 0x21, 0x05, 0x21, 0x06, 0x19,
    0x05, 0x21, 0x05, 0x19, 0x06, 0x21, 0x05, 0x21, 0x06, 0x21, 0x06, 0x21,
    0x05, 0x21, 0x06, 0x21, 0x06, 0x21, 0x05, 0x21, 0x06, 0x19, 0x06, 0x21,
    0x05, 0x21, 0x06, 0x21, 0x05, 0x21, 0x06, 0x21, 0x05, 0x21, 0x06, 0x21,
    0x05, 0x21, 0x06, 0x21, 0x06, 0x21, 0x05, 0x19, 0x06, 0x21, 0x06, 0x21,
    0x05, 0x19, 0x06, 0x21, 0x06, 0x21, 0x05, 0x21, 0x06, 0x21, 0x06, 0x21,
    0x06, 0x21, 0x05, 0x21, 0x06, 0x19, 0x06, 0x21, 0x05, 0x21, 0x06, 0x21,
    0x06, 0x21, 0x05, 0x19, 0x06, 0x19, 0x06, 0x21, 0x05, 0x21, 0x06, 0x21,
    0x06, 0x19, 0x05, 0x21, 0x06, 0x21, 0x06, 0x21, 0x05, 0x21, 0x06, 0x19,
    0x06, 0x21, 0x05, 0x21, 0x06, 0x19, 0x06, 0x21, 0xe5, 0x18, 0xa9, 0x31,
    0xd9, 0x94, 0xd9, 0x94, 0xb9, 0x8c, 0xd9, 0x94, 0xd9, 0x94, 0xb9, 0x8c,
    0xd9, 0x8c, 0xb9, 0x94, 0xb9, 0x8c, 0xd9, 0x8c, 0xb9, 0x94, 0xd9, 0x94,
    0xb9, 0x8c, 0xb9, 0x8c, 0xd9, 0x94, 0xb9, 0x8c, 0xb9, 0x8c, 0x98, 0x94,
    0xfd, 0x85, 0x3f, 0x7f, 0xff, 0x7e, 0xff, 0x7e, 0xff, 0x7e, 0xff, 0x7e,
    0xff, 0x7e, 0xff, 0x7e, 0xff, 0x7e, 0xff, 0x7e, 0xff, 0x7e, 0xff, 0x7e,
    0xff, 0x7e, 0xff, 0x7e, 0xff, 0x7e, 0xff, 0x7e, 0xff, 0x7e, 0xff, 0x7e,
    0xff, 0x7e, 0x6e, 0xeb, 0xaa, 0xfa, 0xeb, 0xfa, 0xeb, 0xfa, 0xcb, 0xfa,
    0xeb, 0xfa, 0xcb, 0xfa, 0xec, 0xfa, 0xeb, 0xfa, 0xcb, 0xfa, 0xeb, 0xfa,
    0xcc, 0xfa, 0xcb, 0xfa, 0xeb, 0xfa, 0xcc, 0xfa, 0xeb, 0xfa, 0xcb, 0xfa,
    0xcc, 0xfa, 0xeb, 0xfa, 0xcb, 0xfa, 0xeb, 0xfa, 0xeb, 0xfa, 0xcc, 0xfa,
    0xeb, 0xfa, 0xcb, 0xfa, 0xec, 0xfa, 0xcb, 0xfa, 0xeb, 0xfa, 0xeb, 0xfa,
    0xcc, 0xfa, 0xeb, 0xfa, 0xcb, 0xfa, 0xcb, 0xfa, 0xec, 0xfa, 0xcb, 0xfa,
    0xeb, 0xfa, 0x8a, 0xfa, 0x78, 0xad, 0x5f, 0x77, 0xff, 0x7e, 0xff, 0x7e,
    0xff, 0x7e, 0xff, 0x7e, 0xff, 0x7e, 0xff, 0x7e, 0xff, 0x7e, 0xff, 0x7e,
    0xff, 0x7e, 0xff, 0x7e, 0xff, 0x7e, 0xff, 0x7e, 0xff, 0x7e, 0xff, 0x7e,
    0xff, 0x7e, 0x1f, 0x7f, 0xbf, 0x86, 0xba, 0xfb, 0x79, 0xfb, 0x99, 0xfb,
    0x99, 0xfb, 0x79, 0xfb, 0x99, 0xfb, 0x99, 0xfb, 0x79, 0xfb, 0x99, 0xfb,
    0x99, 0xfb, 0x79, 0xfb, 0x99, 0xfb, 0x99, 0xfb, 0x79, 0xfb, 0x99, 0xfb,
    0x79, 0xfb, 0x79, 0xfb, 0x99, 0xfb, 0x79, 0xfb, 0x99, 0xfb, 0x99, 0xfb,
    0x79, 0xfb, 0x99, 0xfb, 0x99, 0xfb, 0x79, 0xfb, 0x99, 0xfb, 0x79, 0xfb,
    0x79, 0xfb, 0x99, 0xfb, 0x79, 0xfb, 0x79, 0xfb, 0x99, 0xfb, 0x79, 0xfb,
    0x99, 0xfb, 0x79, 0xfb, 0x99, 0xfb, 0x99, 0xfb, 0x79, 0xfb, 0x79, 0xfb,
    0x99, 0xfb, 0x79, 0xfb, 0x99, 0xfb, 0x99, 0xfb, 0x79, 0xfb, 0x99, 0xfb,
    0x79, 0xfb, 0x79, 0xfb, 0x99, 0xfb, 0x99, 0xfb, 0x79, 0xfb, 0x99, 0xfb,
    0x79, 0xfb, 0x79, 0xfb, 0x99, 0xfb, 0x79, 0xfb, 0xba, 0xfb, 0x1f, 0xcd,
    0x1f, 0xcd, 0x1f, 0xcd, 0x1f, 0xcd, 0x1f, 0xcd, 0x1f, 0xcd, 0x1f, 0xcd,
    0x1f, 0xcd, 0x1f, 0xcd, 0x1f, 0xcd, 0x1f, 0xcd, 0x1f, 0xcd, 0x1f, 0xcd,
    0x1f, 0xcd, 0x1f, 0xcd, 0x1f, 0xcd, 0x1f, 0xcd, 0x7f, 0xdd, 0x33, 0x7b,
    0xa4, 0x10, 0x06, 0x21, 0x05, 0x21, 0x06, 0x21, 0x06, 0x19, 0x05, 0x21,
    0x06, 0x21, 0x06, 0x19, 0x06, 0x21, 0x05, 0x21, 0x06, 0x19, 0x06, 0x21,
    0x05, 0x19, 0x06, 0x19, 0x06, 0x21, 0x05, 0x21, 0x06, 0x19, 0x05, 0x21,
    0x06, 0x21, 0x06, 0x19, 0x05, 0x19, 0x06, 0x21, 0x06, 0x21, 0x05, 0x19,
    0x06, 0x19, 0x06, 0x21, 0x05, 0x21, 0x06, 0x19, 0x05, 0x21, 0x06, 0x21,
    0x06, 0x19, 0x05, 0x21, 0x06, 0x21, 0x06, 0x19, 0x05, 0x21, 0x06, 0x21,
    0x05, 0x19, 0x06, 0x21, 0x06, 0x21, 0x05, 0x21, 0x06, 0x19, 0x06, 0x21,
    0x05, 0x21, 0x05, 0x21, 0x06, 0x21, 0x05, 0x21, 0x06, 0x19, 0x05, 0x21,
    0x06, 0x21, 0x05, 0x21, 0x06, 0x21, 0x06, 0x19, 0x05, 0x21, 0x06, 0x21,
    0x06, 0x21, 0x05, 0x21, 0x06, 0x19, 0x06, 0x21, 0x05, 0x21, 0xc5, 0x18,
    0xc9, 0x31, 0xd9, 0x94, 0xd9, 0x8c, 0xb9, 0x8c, 0xd9, 0x94, 0xb9, 0x94,
    0xd9, 0x8c, 0xd9, 0x94, 0xb9, 0x94, 0xd9, 0x8c, 0xd9, 0x8c, 0xb9, 0x94,
    0xd9, 0x94, 0xb9, 0x8c, 0xd9, 0x94, 0xd9, 0x94, 0xb9, 0x8c, 0xd9, 0x8c,
    0x98, 0x94, 0xfd, 0x85, 0x1f, 0x7f, 0xff, 0x7e, 0xff, 0x7e, 0xff, 0x7e,
    0xff, 0x7e, 0xff, 0x7e, 0xff, 0x7e, 0xff, 0x7e, 0xff, 0x7e, 0xff, 0x7e,
    0xff, 0x7e, 0xff, 0x7e, 0xff, 0x7e, 0xff, 0x7e, 0xff, 0x7e, 0xff, 0x7e,
    0x1f, 0x7f, 0xff, 0x7e, 0x6e, 0xf3, 0xab, 0xfa, 0xcb, 0xfa, 0xcc, 0xfa,
    0xec, 0xfa, 0xcb, 0xfa, 0xcb, 0xfa, 0xeb, 0xfa, 0xcb, 0xfa, 0xeb, 0xfa,
    0xeb, 0xfa, 0xcb, 0xfa, 0xeb, 0xfa, 0xcb, 0xfa, 0xec, 0xfa, 0xcb, 0xfa,
    0xeb, 0xfa, 0xeb, 0xfa, 0xcc, 0xfa, 0xcb, 0xfa, 0xeb, 0xfa, 0xcc, 0xfa,
    0xeb, 0xfa, 0xcb, 0xfa, 0xec, 0xfa, 0xcb, 0xfa, 0xcb, 0xfa, 0xeb, 0xfa,
    0xcb, 0xfa, 0xeb, 0xfa, 0xec, 0xfa, 0xcb, 0xfa, 0xeb, 0xfa, 0xcb, 0xfa,
    0xeb, 0xfa, 0xcb, 0xfa, 0x8a, 0xfa, 0x79, 0xad, 0x5f, 0x77, 0xff, 0x7e,
    0xff, 0x7e, 0xff, 0x7e, 0xff, 0x7e, 0xff, 0x7e, 0xff, 0x7e, 0xff, 0x7e,
    0xff, 0x7e, 0xff, 0x7e, 0xff, 0x7e, 0xff, 0x7e, 0xff, 0x7e, 0xff, 0x7e,
    0xff, 0x7e, 0xff, 0x7e, 0x1f, 0x77, 0xbf, 0x86, 0xb9, 0xfb, 0x79, 0xfb,
    0x79, 0xfb, 0x79, 0xfb, 0x99, 0xfb, 0x79, 0xfb, 0x79, 0xfb, 0x99, 0xfb,
    0x79, 0xfb, 0x99, 0xfb, 0x79, 0xfb, 0x79, 0xfb, 0x99, 0xfb, 0x79, 0xfb,
    0x99, 0xfb, 0x99, 0xfb, 0x79, 0xfb, 0x79, 0xfb, 0x99, 0xfb, 0x79, 0xfb,
    0x79, 0xfb, 0x99, 0xfb, 0x79, 0xfb, 0x99, 0xfb, 0x79, 0xfb, 0x99, 0xfb,
    0x99, 0xfb, 0x79, 0xfb, 0x99, 0xfb, 0x99, 0xfb, 0x79, 0xfb, 0x79, 0xfb,
    0x99, 0xfb, 0x79, 0xfb, 0x99, 0xfb, 0x79, 0xfb, 0x99, 0xfb, 0x99, 0xfb,
    0x79, 0xfb, 0x99, 0xfb, 0x79, 0xfb, 0x79, 0xfb, 0x99, 0xfb, 0x79, 0xfb,
    0x99, 0xfb, 0x99, 0xfb, 0x79, 0xfb, 0x99, 0xfb, 0x79, 0xfb, 0x99, 0xfb,
    0x99, 0xfb, 0x79, 0xfb, 0x99, 0xfb, 0x99, 0xfb, 0x79, 0xfb, 0xba, 0xfb,
    0x1f, 0xcd, 0x1f, 0xcd, 0x1f, 0xcd, 0x1f, 0xcd, 0x1f, 0xcd, 0x1f, 0xcd,
    0x1f, 0xcd, 0x1f, 0xcd, 0x1f, 0xcd, 0x1f, 0xcd, 0x1f, 0xcd, 0x1f, 0xcd,
    0x1f, 0xcd, 0x1f, 0xcd, 0x1f, 0xcd, 0x1f, 0xcd, 0x1f, 0xcd, 0x7f, 0xd5,
    0x13, 0x7b, 0xa3, 0x10, 0x06, 0x19, 0x05, 0x21, 0x06, 0x21, 0x06, 0x21,
    0x05, 0x21, 0x06, 0x21, 0x06, 0x21, 0x05, 0x21, 0x06, 0x21, 0x06, 0x19,
    0x05, 0x21, 0x06, 0x21, 0x06, 0x21, 0x05, 0x21, 0x06, 0x19, 0x06, 0x21,
    0x05, 0x21, 0x06, 0x21, 0x06, 0x21, 0x05, 0x21, 0x06, 0x21, 0x06, 0x21,
    0x05, 0x21, 0x06, 0x21, 0x06, 0x21, 0x05, 0x19, 0x06, 0x21, 0x06, 0x21,
    0x05, 0x21, 0x06, 0x21, 0x06, 0x21, 0x05, 0x21, 0x06, 0x19, 0x06, 0x21,
    0x05, 0x21, 0x06, 0x21, 0x05, 0x19, 0x06, 0x21, 0x05, 0x21, 0x06, 0x21,
    0x06, 0x19, 0x05, 0x21, 0x06, 0x19, 0x06, 0x21, 0x06, 0x21, 0x05, 0x21,
    0x06, 0x19, 0x06, 0x21, 0x05, 0x21, 0x06, 0x19, 0x06, 0x21, 0x05, 0x21,
    0x06, 0x19, 0x05, 0x21, 0x06, 0x21, 0x06, 0x21, 0x05, 0x21, 0x05, 0x21,
    0xc5, 0x18, 0xc9, 0x31, 0xd9, 0x94, 0xda, 0x94, 0xb9, 0x8c, 0xb9, 0x8c,
    0xd9, 0x94, 0xb9, 0x8c, 0xb9, 0x8c, 0xd9, 0x94, 0xb9, 0x94, 0xb9, 0x8c,
    0xd9, 0x8c, 0xb9, 0x94, 0xd9, 0x8c, 0xb9, 0x8c, 0xb9, 0x94, 0xd9, 0x94,
    0xb9, 0x8c, 0x98, 0x94, 0xfd, 0x85, 0x1f, 0x7f, 0xff, 0x7e, 0xff, 0x7e,
    0xff, 0x7e, 0xff, 0x7e, 0xff, 0x7e, 0xff, 0x7e, 0xff, 0x7e, 0xff, 0x7e,
    0xff, 0x7e, 0xff, 0x7e, 0xff, 0x7e, 0xff, 0x7e, 0xff, 0x7e, 0xff, 0x7e,
    0xff, 0x7e, 0xff, 0x7e, 0xff, 0x7e, 0x6e, 0xeb, 0xaa, 0xfa, 0xeb, 0xfa,
    0xeb, 0xfa, 0xcb, 0xfa, 0xec, 0xfa, 0xeb, 0xfa, 0xcc, 0xfa, 0xcc, 0xfa,
    0xeb, 0xfa, 0xcc, 0xfa, 0xeb, 0xfa, 0xcb, 0xfa, 0xec, 0xfa, 0xcb, 0xfa,
    0xcb, 0xfa, 0xeb, 0xfa, 0xeb, 0xfa, 0xcb, 0xfa, 0xec, 0xfa, 0xcb, 0xfa,
    0xcb, 0xfa, 0xeb, 0xfa, 0xcb, 0xfa, 0xeb, 0xfa, 0xeb, 0xfa, 0xcc, 0xfa,
    0xcb, 0xfa, 0xeb, 0xfa, 0xcc, 0xfa, 0xcb, 0xfa, 0xeb, 0xfa, 0xec, 0xfa,
    0xcb, 0xfa, 0xec, 0xfa, 0xeb, 0xfa, 0x8a, 0xfa, 0x78, 0xad, 0x3f, 0x77,
    0xff, 0x7e, 0xff, 0x7e, 0xff, 0x7e, 0xff, 0x7e, 0xff, 0x7e, 0xff, 0x7e,
    0xff, 0x7e, 0xff, 0x7e, 0xff, 0x7e, 0xff, 0x7e, 0xff, 0x7e, 0xff, 0x7e,
    0xff, 0x7e, 0xff, 0x7e, 0xff, 0x7e, 0x1f, 0x77, 0xbf, 0x86, 0xba, 0xfb,
    0x79, 0xfb, 0x79, 0xfb, 0x99, 0xfb, 0x99, 0xfb, 0x79, 0xfb, 0x99, 0xfb,
    0x79, 0xfb, 0x79, 0xfb, 0x99, 0xfb, 0x99, 0xfb, 0x79, 0xfb, 0x99, 0xfb,
    0x79, 0xfb, 0x79, 0xfb, 0x99, 0xfb, 0x99, 0xfb, 0x79, 0xfb, 0x99, 0xfb,
    0x99, 0xfb, 0x79, 0xfb, 0x99, 0xfb, 0x79, 0xfb, 0x79, 0xfb, 0x99, 0xfb,
    0x79, 0xfb, 0x99, 0xfb, 0x79, 0xfb, 0x79, 0xfb, 0x99, 0xfb, 0x99, 0xfb,
    0x79, 0xfb, 0x99, 0xfb, 0x99, 0xfb, 0x79, 0xfb, 0x79, 0xfb, 0x79, 0xfb,
    0x99, 0xfb, 0x79, 0xfb, 0x99, 0xfb, 0x99, 0xfb, 0x79, 0xfb, 0x99, 0xfb,
    0x79, 0xfb, 0x79, 0xfb, 0x99, 0xfb, 0x99, 0xfb, 0x79, 0xfb, 0x79, 0xfb,
    0x99, 0xfb, 0x79, 0xfb, 0x99, 0xfb, 0x79, 0xfb, 0x79, 0xfb, 0x79, 0xfb,
    0xba, 0xfb, 0x1f, 0xcd, 0x3f, 0xcd, 0x1f, 0xcd, 0x1f, 0xcd, 0x1f, 0xcd,
    0x1f, 0xcd, 0x1f, 0xcd, 0x1f, 0xcd, 0x1f, 0xcd, 0x1f, 0xcd, 0x1f, 0xcd,
    0x1f, 0xcd, 0x1f, 0xcd, 0x1f, 0xcd, 0x1f, 0xcd, 0x1f, 0xcd, 0x1f, 0xcd,
    0x7f, 0xdd, 0x13, 0x73, 0xa4, 0x10, 0x06, 0x21, 0x05, 0x21, 0x06, 0x19,
    0x05, 0x21, 0x06, 0x19, 0x06, 0x21, 0x05, 0x21, 0x06, 0x19, 0x06, 0x21,
    0x05, 0x21, 0x05, 0x21, 0x06, 0x21, 0x05, 0x21, 0x06, 0x21, 0x06, 0x21,
    0x05, 0x21, 0x06, 0x19, 0x05, 0x21, 0x06, 0x21, 0x05, 0x19, 0x06, 0x21,
    0x06, 0x19, 0x05, 0x21, 0x06, 0x21, 0x05, 0x19, 0x06, 0x21, 0x06, 0x21,
    0x05, 0x21, 0x05, 0x19, 0x06, 0x21, 0x06, 0x21, 0x05, 0x19, 0x06, 0x21,
    0x06, 0x21, 0x05, 0x19, 0x06, 0x21, 0x06, 0x21, 0x05, 0x19, 0x06, 0x21,
    0x05, 0x21, 0x06, 0x21, 0x06, 0x21, 0x05, 0x19, 0x06, 0x21, 0x06, 0x21,
    0x05, 0x21, 0x06, 0x21, 0x06, 0x19, 0x05, 0x21, 0x06, 0x21, 0x05, 0x21,
    0x06, 0x21, 0x06, 0x19, 0x05, 0x21, 0x06, 0x21, 0x06, 0x19, 0x05, 0x21,
    0x06, 0x21, 0xe5, 0x18, 0xa9, 0x31, 0xd9, 0x94, 0xd9, 0x94, 0xd9, 0x8c,
    0xb9, 0x94, 0xd9, 0x94, 0xd9, 0x8c, 0xb9, 0x8c, 0xd9, 0x94, 0xd9, 0x94,
    0xb9, 0x8c, 0xd9, 0x94, 0xb9, 0x94, 0xd9, 0x8c, 0xd9, 0x8c, 0xb9, 0x94,
    0xd9, 0x8c, 0xb9, 0x94, 0x98, 0x94, 0xfd, 0x85, 0x3f, 0x7f, 0xff, 0x7e,
    0xff, 0x7e, 0xff, 0x7e, 0xff, 0x7e, 0xff, 0x7e, 0xff, 0x7e, 0xff, 0x7e,
    0xff, 0x7e, 0xff, 0x7e, 0xff, 0x7e, 0xff, 0x7e, 0xff, 0x7e, 0xff, 0x7e,
    0xff, 0x7e, 0xff, 0x7e, 0xff, 0x7e, 0xff, 0x7e, 0x6e, 0xeb, 0xab, 0xfa,
    0xeb, 0xfa, 0xcb, 0xfa, 0xcb, 0xfa, 0xeb, 0xfa, 0xeb, 0xfa, 0xcb, 0xfa,
    0xeb, 0xfa, 0xcb, 0xfa, 0xcc, 0xfa, 0xeb, 0xfa, 0xeb, 0xfa, 0xcb, 0xfa,
    0xeb, 0xfa, 0xcc, 0xfa, 0xcb, 0xfa, 0xeb, 0xfa, 0xcc, 0xfa, 0xeb, 0xfa,
    0xeb, 0xfa, 0xcc, 0xfa, 0xeb, 0xfa, 0xcc, 0xfa, 0xcb, 0xfa, 0xeb, 0xfa,
    0xec, 0xfa, 0xcb, 0xfa, 0xeb, 0xfa, 0xeb, 0xfa, 0xcb, 0xfa, 0xcb, 0xfa,
    0xeb, 0xfa, 0xcc, 0xfa, 0xcb, 0xfa, 0xeb, 0xfa, 0x8a, 0xfa, 0x78, 0xad,
    0x5f, 0x77, 0xff, 0x7e, 0xff, 0x7e, 0xff, 0x7e, 0xff, 0x7e, 0xff, 0x7e,
    0xff, 0x7e, 0xff, 0x7e, 0xff, 0x7e, 0xff, 0x7e, 0xff, 0x7e, 0xff, 0x7e,
    0xff, 0x7e, 0xff, 0x7e, 0xff, 0x7e, 0xff, 0x7e, 0x1f, 0x7f, 0xbf, 0x86,
    0xb9, 0xfb, 0x79, 0xfb, 0x79, 0xfb, 0x99, 0xfb, 0x79, 0xfb, 0x99, 0xfb,
    0x99, 0xfb, 0x79, 0xfb, 0x99, 0xfb, 0x79, 0xfb, 0x99, 0xfb, 0x79, 0xfb,
    0x99, 0xfb, 0x99, 0xfb, 0x79, 0xfb, 0x99, 0xfb, 0x79, 0xfb, 0x99, 0xfb,
    0x79, 0xfb, 0x79, 0xfb, 0x99, 0xfb, 0x99, 0xfb, 0x79, 0xfb, 0x99, 0xfb,
    0x99, 0xfb, 0x79, 0xfb, 0x79, 0xfb, 0x99, 0xfb, 0x79, 0xfb, 0x99, 0xfb,
    0x79, 0xfb, 0x79, 0xfb, 0x99, 0xfb, 0x79, 0xfb, 0x99, 0xfb, 0x99, 0xfb,
    0x79, 0xfb, 0x99, 0xfb, 0x79, 0xfb, 0x79, 0xfb, 0x99, 0xfb, 0x99, 0xfb,
    0x79, 0xfb, 0x99, 0xfb, 0x79, 0xfb, 0x79, 0xfb, 0x99, 0xfb, 0x79, 0xfb,
    0x99, 0xfb, 0x79, 0xfb, 0x99, 0xfb, 0x79, 0xfb, 0x99, 0xfb, 0x99, 0xfb,
    0x79, 0xfb, 0xba, 0xfb, 0x1f, 0xcd, 0x1f, 0xc5, 0x1f, 0xcd, 0x1f, 0xcd,
    0x1f, 0xcd, 0x1f, 0xcd, 0x1f, 0xcd, 0x1f, 0xcd, 0x1f, 0xcd, 0x1f, 0xcd,
    0x1f, 0xcd, 0x1f, 0xcd, 0x1f, 0xcd, 0x1f, 0xcd, 0x1f, 0xcd, 0x1f, 0xcd,
    0x1f, 0xcd, 0x7f, 0xdd, 0x13, 0x73, 0xa4, 0x10, 0x05, 0x21, 0x06, 0x21,
    0x06, 0x21, 0x05, 0x19, 0x06, 0x21, 0x05, 0x21, 0x06, 0x19, 0x05, 0x21,
    0x06, 0x21, 0x06, 0x19, 0x06, 0x21, 0x05, 0x19, 0x06, 0x19, 0x06, 0x21,
    0x05, 0x21, 0x06, 0x19, 0x06, 0x21, 0x05, 0x21, 0x06, 0x19, 0x06, 0x21,
    0x05, 0x21, 0x06, 0x21, 0x06, 0x19, 0x05, 0x21, 0x06, 0x21, 0x06, 0x21,
    0x05, 0x21, 0x06, 0x19, 0x06, 0x21, 0x05, 0x21, 0x06, 0x19, 0x05, 0x21,
    0x06, 0x21, 0x06, 0x21, 0x05, 0x21, 0x05, 0x21, 0x06, 0x21, 0x06, 0x21,
    0x05, 0x19, 0x06, 0x21, 0x06, 0x21, 0x05, 0x21, 0x06, 0x21, 0x05, 0x19,
    0x06, 0x21, 0x05, 0x21, 0x06, 0x19, 0x05, 0x21, 0x06, 0x21, 0x06, 0x19,
    0x05, 0x21, 0x06, 0x21, 0x06, 0x21, 0x05, 0x19, 0x06, 0x21, 0x05, 0x21,
    0x06, 0x19, 0x06, 0x21, 0xc5, 0x18, 0xc9, 0x31, 0xd9, 0x94, 0xd9, 0x94,
    0xb9, 0x8c, 0xd9, 0x8c, 0xb9, 0x94, 0xb9, 0x94, 0xd9, 0x8c, 0xb9, 0x8c,
    0xb9, 0x94, 0xd9, 0x8c, 0xb9, 0x8c, 0xd9, 0x94, 0xb9, 0x94, 0xb9, 0x8c,
    0xd9, 0x94, 0xd9, 0x8c, 0xb9, 0x8c, 0x98, 0x94, 0xfd, 0x85, 0x1f, 0x7f,
    0xff, 0x7e, 0xff, 0x7e, 0xff, 0x7e, 0xff, 0x7e, 0xff, 0x7e, 0xff, 0x7e,
    0xff, 0x7e, 0xff, 0x7e, 0xff, 0x7e, 0xff, 0x7e, 0xff, 0x7e, 0xff, 0x7e,
    0xff, 0x7e, 0xff, 0x7e, 0xff, 0x7e, 0x1f, 0x7f, 0xff, 0x7e, 0x6e, 0xf3,
    0xaa, 0xfa, 0xcc, 0xfa, 0xeb, 0xfa, 0xcc, 0xfa, 0xcb, 0xfa, 0xeb, 0xfa,
    0xcb, 0xfa, 0xeb, 0xfa, 0xeb, 0xfa, 0xcb, 0xfa, 0xcc, 0xfa, 0xeb, 0xfa,
    0xcb, 0xfa, 0xec, 0xfa, 0xeb, 0xfa, 0xcb, 0xfa, 0xec, 0xfa, 0xcb, 0xfa,
    0xcb, 0xfa, 0xeb, 0xfa, 0xeb, 0xfa, 0xcb, 0xfa, 0xec, 0xfa, 0xcb, 0xfa,
    0xeb, 0xfa, 0xcb, 0xfa, 0xcc, 0xfa, 0xeb, 0xfa, 0xeb, 0xfa, 0xcc, 0xfa,
    0xeb, 0xfa, 0xeb, 0xfa, 0xcb, 0xfa, 0xcb, 0xfa, 0xeb, 0xfa, 0x8a, 0xfa,
    0x79, 0xad, 0x5f, 0x77, 0xff, 0x7e, 0xff, 0x7e, 0xff, 0x7e, 0xff, 0x7e,
    0xff, 0x7e, 0xff, 0x7e, 0xff, 0x7e, 0xff, 0x7e, 0xff, 0x7e, 0xff, 0x7e,
    0xff, 0x7e, 0xff, 0x7e, 0xff, 0x7e, 0xff, 0x7e, 0xff, 0x7e, 0x1f, 0x77,
    0xbf, 0x86, 0xba, 0xfb, 0x79, 0xfb, 0x79, 0xfb, 0x79, 0xfb, 0x99, 0xfb,
    0x79, 0xfb, 0x79, 0xfb, 0x99, 0xfb, 0x99, 0xfb, 0x79, 0xfb, 0x79, 0xfb,
    0x99, 0xfb, 0x79, 0xfb, 0x79, 0xfb, 0x99, 0xfb, 0x79, 0xfb, 0x99, 0xfb,
    0x79, 0xfb, 0x99, 0xfb, 0x79, 0xfb, 0x99, 0xfb, 0x79, 0xfb, 0x79, 0xfb,
    0x99, 0xfb, 0x79, 0xfb, 0x99, 0xfb, 0x99, 0xfb, 0x79, 0xfb, 0x99, 0xfb,
    0x99, 0xfb, 0x79, 0xfb, 0x99, 0xfb, 0x79, 0xfb, 0x79, 0xfb, 0x99, 0xfb,
    0x79, 0xfb, 0x99, 0xfb, 0x99, 0xfb, 0x79, 0xfb, 0x79, 0xfb, 0x99, 0xfb,
    0x79, 0xfb, 0x79, 0xfb, 0x99, 0xfb, 0x99, 0xfb, 0x79, 0xfb, 0x99, 0xfb,
    0x99, 0xfb, 0x79, 0xfb, 0x99, 0xfb, 0x79, 0xfb, 0x79, 0xfb, 0x99, 0xfb,
    0x99, 0xfb, 0x79, 0xfb, 0xba, 0xfb, 0x1f, 0xcd, 0x1f, 0xcd, 0x1f, 0xcd,
    0x1f, 0xcd, 0x1f, 0xcd, 0x1f, 0xcd, 0x1f, 0xcd, 0x1f, 0xcd, 0x1f, 0xcd,
    0x1f, 0xcd, 0x1f, 0xcd, 0x1f, 0xcd, 0x1f, 0xcd, 0x1f, 0xcd, 0x1f, 0xcd,
    0x1f, 0xcd, 0x1f, 0xcd, 0x7f, 0xdd, 0x33, 0x7b, 0xa3, 0x10, 0x06, 0x21,
    0x06, 0x19, 0x05, 0x21, 0x06, 0x21, 0x06, 0x21, 0x05, 0x21, 0x06, 0x21,
    0x06, 0x21, 0x05, 0x21, 0x06, 0x21, 0x06, 0x21, 0x05, 0x21, 0x06, 0x21,
    0x05, 0x21, 0x06, 0x19, 0x06, 0x21, 0x05, 0x21, 0x06, 0x21, 0x06, 0x21,
    0x05, 0x21, 0x05, 0x21, 0x06, 0x21, 0x06, 0x21, 0x05, 0x19, 0x06, 0x21,
    0x05, 0x21, 0x06, 0x19, 0x06, 0x21, 0x05, 0x21, 0x06, 0x21, 0x06, 0x21,
    0x05, 0x21, 0x06, 0x19, 0x06, 0x21, 0x05, 0x21, 0x06, 0x21, 0x05, 0x21,
    0x06, 0x21, 0x06, 0x21, 0x05, 0x19, 0x06, 0x21, 0x06, 0x19, 0x05, 0x21,
    0x06, 0x21, 0x06, 0x19, 0x06, 0x21, 0x05, 0x21, 0x06, 0x21, 0x06, 0x21,
    0x05, 0x19, 0x06, 0x21, 0x05, 0x21, 0x06, 0x21, 0x06, 0x21, 0x05, 0x21,
    0x06, 0x21, 0x05, 0x19, 0x05, 0x21, 0xc5, 0x18, 0xc9, 0x31, 0xd9, 0x94,
    0xda, 0x94, 0xb9, 0x8c, 0xd9, 0x8c, 0xb9, 0x94, 0xd9, 0x94, 0xd9, 0x8c,
    0xb9, 0x94, 0xd9, 0x94, 0xd9, 0x8c, 0xb9, 0x8c, 0xd9, 0x94, 0xb9, 0x8c,
    0xb9, 0x94, 0xd9, 0x94, 0xb9, 0x8c, 0xd9, 0x94, 0x98, 0x94, 0xfd, 0x85,
    0x1f, 0x77, 0xff, 0x7e, 0xff, 0x7e, 0xff, 0x7e, 0xff, 0x7e, 0xff, 0x7e,
    0xff, 0x7e, 0xff, 0x7e, 0xff, 0x7e, 0xff, 0x7e, 0xff, 0x7e, 0xff, 0x7e,
    0xff, 0x7e, 0xff, 0x7e, 0xff, 0x7e, 0xff, 0x7e, 0xff, 0x76, 0xff, 0x7e,
    0x6e, 0xf3, 0xaa, 0xfa, 0xeb, 0xfa, 0xeb, 0xfa, 0xcb, 0xfa, 0xec, 0xfa,
    0xcc, 0xfa, 0xcb, 0xfa, 0xec, 0xfa, 0xeb, 0xfa, 0xcb, 0xfa, 0xeb, 0xfa,
    0xcc, 0xfa, 0xcb, 0xfa, 0xeb, 0xfa, 0xcb, 0xfa, 0xeb, 0xfa, 0xeb, 0xfa,
    0xcb, 0xfa, 0xcc, 0xfa, 0xeb, 0xfa, 0xcb, 0xfa, 0xeb, 0xfa, 0xcb, 0xfa,
    0xec, 0xfa, 0xeb, 0xfa, 0xcb, 0xfa, 0xeb, 0xfa, 0xcc, 0xfa, 0xcb, 0xfa,
    0xeb, 0xfa, 0xcc, 0xfa, 0xeb, 0xfa, 0xeb, 0xfa, 0xcc, 0xfa, 0xeb, 0xfa,
    0x8a, 0xfa, 0x78, 0xad, 0x3f, 0x77, 0xff, 0x7e, 0xff, 0x7e, 0xff, 0x7e,
    0xff, 0x7e, 0xff, 0x7e, 0xff, 0x7e, 0xff, 0x7e, 0xff, 0x7e, 0xff, 0x7e,
    0xff, 0x7e, 0xff, 0x7e, 0xff, 0x7e, 0xff, 0x7e, 0xff, 0x7e, 0xff, 0x7e,
    0x1f, 0x7f, 0xbf, 0x86, 0xb9, 0xfb, 0x79, 0xfb, 0x99, 0xfb, 0x79, 0xfb,
    0x99, 0xfb, 0x79, 0xfb, 0x79, 0xfb, 0x99, 0xfb, 0x79, 0xfb, 0x99, 0xfb,
    0x99, 0xfb, 0x79, 0xfb, 0x99, 0xfb, 0x99, 0xfb, 0x79, 0xfb, 0x99, 0xfb,
    0x79, 0xfb, 0x99, 0xfb, 0x79, 0xfb, 0x99, 0xfb, 0x79, 0xfb, 0x99, 0xfb,
    0x99, 0xfb, 0x79, 0xfb, 0x79, 0xfb, 0x99, 0xfb, 0x79, 0xfb, 0x79, 0xfb,
    0x99, 0xfb, 0x79, 0xfb, 0x99, 0xfb, 0x99, 0xfb, 0x79, 0xfb, 0x99, 0xfb,
    0x79, 0xfb, 0x79, 0xfb, 0x99, 0xfb, 0x79, 0xfb, 0x99, 0xfb, 0x99, 0xfb,
    0x79, 0xfb, 0x99, 0xfb, 0x99, 0xfb, 0x79, 0xfb, 0x99, 0xfb, 0x79, 0xfb,
    0x79, 0xfb, 0x99, 0xfb, 0x79, 0xfb, 0x99, 0xfb, 0x99, 0xfb, 0x79, 0xfb,
    0x79, 0xfb, 0x79, 0xfb, 0x78, 0xfb, 0xba, 0xfb, 0x1f, 0xcd, 0x3f, 0xcd,
    0x1f, 0xcd, 0x1f, 0xcd, 0x1f, 0xcd, 0x1f, 0xcd, 0x1f, 0xcd, 0x1f, 0xcd,
    0x1f, 0xcd, 0x1f, 0xcd, 0x1f, 0xcd, 0x1f, 0xcd, 0x1f, 0xcd, 0x1f, 0xcd,
    0x1f, 0xcd, 0x1f, 0xcd, 0x1f, 0xcd, 0x7f, 0xdd, 0x13, 0x73, 0xa4, 0x10,
    0x06, 0x21, 0x05, 0x21, 0x06, 0x19, 0x06, 0x21, 0x05, 0x21, 0x06, 0x19,
    0x06, 0x21, 0x05, 0x19, 0x05, 0x21, 0x06, 0x21, 0x05, 0x19, 0x06, 0x21,
    0x06, 0x21, 0x05, 0x21, 0x06, 0x21, 0x05, 0x21, 0x06, 0x19, 0x06, 0x21,
    0x05, 0x21, 0x06, 0x19, 0x06, 0x19, 0x05, 0x21, 0x06, 0x21, 0x06, 0x21,
    0x05, 0x19, 0x06, 0x21, 0x06, 0x21, 0x05, 0x21, 0x06, 0x19, 0x06, 0x21,
    0x05, 0x21, 0x06, 0x19, 0x05, 0x21, 0x06, 0x21, 0x06, 0x19, 0x06, 0x21,
    0x05, 0x19, 0x06, 0x21, 0x06, 0x21, 0x05, 0x21, 0x06, 0x21, 0x06, 0x21,
    0x05, 0x21, 0x06, 0x21, 0x05, 0x21, 0x06, 0x19, 0x06, 0x21, 0x05, 0x21,
    0x06, 0x21, 0x06, 0x21, 0x05, 0x19, 0x06, 0x21, 0x05, 0x19, 0x06, 0x21,
    0x06, 0x21, 0x06, 0x19, 0x06, 0x21, 0x05, 0x21, 0xe5, 0x18, 0xa9, 0x31,
    0xd9, 0x94, 0xd9, 0x94, 0xb9, 0x8c, 0xb9, 0x94, 0xd9, 0x8c, 0xb9, 0x8c,
    0xb9, 0x94, 0xd9, 0x8c, 0xb9, 0x94, 0xb9, 0x94, 0xd9, 0x8c, 0xd9, 0x94,
    0xd9, 0x8c, 0xb9, 0x8c, 0xd9, 0x94, 0xb9, 0x8c, 0xb9, 0x8c, 0x99, 0x94,
    0xfd, 0x85, 0x3f, 0x7f, 0xff, 0x7e, 0xff, 0x7e, 0xff, 0x7e, 0xff, 0x7e,
    0xff, 0x7e, 0xff, 0x7e, 0xff, 0x7e, 0xff, 0x7e, 0xff, 0x7e, 0xff, 0x7e,
    0xff, 0x7e, 0xff, 0x7e, 0xff, 0x7e, 0xff, 0x7e, 0xff, 0x7e, 0xff, 0x7e,
    0xff, 0x7e, 0x8f, 0xfb, 0xcb, 0xfa, 0xec, 0xfa, 0x0c, 0xfb, 0x0c, 0xfb,
    0xec, 0xfa, 0x0c, 0xfb, 0x0c, 0xfb, 0xec, 0xfa, 0xec, 0xfa, 0x0c, 0xfb,
    0x0c, 0xfb, 0xec, 0xfa, 0x0c, 0xfb, 0xec, 0xfa, 0xec, 0xfa, 0x0c, 0xfb,
    0xec, 0xfa, 0x0c, 0xfb, 0x0c, 0xfb, 0xec, 0xfa, 0xec, 0xfa, 0x0c, 0xfb,
    0xec, 0xfa, 0xec, 0xfa, 0x0c, 0xfb, 0xec, 0xfa, 0x0c, 0xfb, 0x0c, 0xfb,
    0xec, 0xfa, 0xec, 0xfa, 0x0c, 0xfb, 0xec, 0xfa, 0xec, 0xfa, 0x0c, 0xfb,
    0xec, 0xfa, 0xaa, 0xfa, 0x99, 0xb5, 0x5f, 0x77, 0xff, 0x7e, 0xff, 0x7e,
    0xff, 0x7e, 0xff, 0x7e, 0xff, 0x7e, 0xff, 0x7e, 0xff, 0x7e, 0xff, 0x7e,
    0xff, 0x7e, 0xff, 0x7e, 0xff, 0x7e, 0xff, 0x7e, 0xff, 0x7e, 0xff, 0x7e,
    0xff, 0x7e, 0x1f, 0x77, 0xbf, 0x86, 0x7a, 0xfb, 0x1a, 0xfb, 0x3a, 0xfb,
    0x3a, 0xfb, 0x3a, 0xfb, 0x3a, 0xfb, 0x3a, 0xfb, 0x3a, 0xfb, 0x3a, 0xfb,
    0x3a, 0xfb, 0x3a, 0xfb, 0x3a, 0xfb, 0x3a, 0xfb, 0x3a, 0xfb, 0x3a, 0xfb,
    0x3a, 0xfb, 0x3a, 0xfb, 0x3a, 0xfb, 0x3a, 0xfb, 0x3a, 0xfb, 0x3a, 0xfb,
    0x3a, 0xfb, 0x3a, 0xfb, 0x3a, 0xfb, 0x3a, 0xfb, 0x3a, 0xfb, 0x3a, 0xfb,
    0x3a, 0xfb, 0x3a, 0xfb, 0x3a, 0xfb, 0x3a, 0xfb, 0x3a, 0xfb, 0x3a, 0xfb,
    0x3a, 0xfb, 0x3a, 0xfb, 0x3a, 0xfb, 0x3a, 0xfb, 0x3a, 0xfb, 0x3a, 0xfb,
    0x3a, 0xfb, 0x3a, 0xfb, 0x3a, 0xfb, 0x3a, 0xfb, 0x3a, 0xfb, 0x3a, 0xfb,
    0x3a, 0xfb, 0x3a, 0xfb, 0x3a, 0xfb, 0x3a, 0xfb, 0x3a, 0xfb, 0x3a, 0xfb,
    0x3a, 0xfb, 0x3a, 0xfb, 0x3a, 0xfb, 0x39, 0xfb, 0x7b, 0xfb, 0x1f, 0xcd,
    0x1f, 0xcd, 0x1f, 0xcd, 0x1f, 0xcd, 0x1f, 0xcd, 0x1f, 0xcd, 0x1f, 0xcd,
    0x1f, 0xcd, 0x1f, 0xcd, 0x1f, 0xcd, 0x1f, 0xcd, 0x1f, 0xcd, 0x1f, 0xcd,
    0x1f, 0xcd, 0x1f, 0xcd, 0x1f, 0xcd, 0x1f, 0xcd, 0x7f, 0xdd, 0xf2, 0x72,
    0x62, 0x00, 0xc4, 0x10, 0xc4, 0x10, 0xc4, 0x10, 0xc4, 0x10, 0xc4, 0x10,
    0xc4, 0x10, 0xc4, 0x10, 0xc4, 0x10, 0xc4, 0x10, 0xc4, 0x10, 0xc4, 0x10,
    0xc4, 0x10, 0xc4, 0x10, 0xc4, 0x10, 0xc4, 0x10, 0xc4, 0x10, 0xc4, 0x10,
    0xe5, 0x18, 0x06, 0x21, 0x06, 0x21, 0x06, 0x21, 0x05, 0x19, 0x06, 0x21,
    0x06, 0x21, 0x05, 0x21, 0x06, 0x19, 0x05, 0x21, 0x06, 0x21, 0x06, 0x19,
    0x05, 0x21, 0x06, 0x21, 0x06, 0x19, 0x05, 0x21, 0x06, 0x21, 0x06, 0x21,
    0x06, 0x21, 0x05, 0x19, 0x06, 0x21, 0x05, 0x19, 0x06, 0x21, 0x05, 0x19,
    0x06, 0x21, 0x06, 0x19, 0x05, 0x21, 0x06, 0x21, 0x05, 0x21, 0x06, 0x19,
    0x05, 0x21, 0x06, 0x21, 0x06, 0x19, 0x05, 0x21, 0x06, 0x21, 0x06, 0x21,
    0x05, 0x19, 0x05, 0x21, 0x06, 0x21, 0x06, 0x21, 0x06, 0x21, 0xc5, 0x18,
    0xa9, 0x31, 0xd9, 0x94, 0xd9, 0x8c, 0xd9, 0x94, 0xb9, 0x94, 0xd9, 0x8c,
    0xd9, 0x94, 0xb9, 0x8c, 0xd9, 0x8c, 0xd9, 0x94, 0xb9, 0x8c, 0xb9, 0x94,
    0xd9, 0x94, 0xb9, 0x8c, 0xd9, 0x94, 0xd9, 0x94, 0xb9, 0x8c, 0xd9, 0x94,
    0x98, 0x94, 0xfd, 0x85, 0x1f, 0x7f, 0xff, 0x7e, 0xff, 0x7e, 0xff, 0x7e,
    0xff, 0x7e, 0xff, 0x7e, 0xff, 0x7e, 0xff, 0x7e, 0xff, 0x7e, 0xff, 0x7e,
    0xff, 0x7e, 0xff, 0x7e, 0xff, 0x7e, 0xff, 0x7e, 0xff, 0x7e, 0xff, 0x7e,
    0x1f, 0x7f, 0xdf, 0x7e, 0x6b, 0x72, 0x67, 0x69, 0xa7, 0x69, 0xa7, 0x69,
    0xa7, 0x69, 0xa7, 0x71, 0xa7, 0x69, 0xa7, 0x69, 0xa7, 0x71, 0xa8, 0x69,
    0xa7, 0x69, 0xa7, 0x71, 0xa7, 0x69, 0xa8, 0x69, 0xa7, 0x71, 0xa8, 0x69,
    0xa7, 0x69, 0xa8, 0x71, 0xa7, 0x69, 0xa7, 0x69, 0xa8, 0x71, 0xa7, 0x69,
    0xa8, 0x69, 0xa7, 0x71, 0xa7, 0x69, 0xa8, 0x69, 0xa7, 0x71, 0xa7, 0x69,
    0xa7, 0x69, 0xa7, 0x71, 0xa8, 0x69, 0xa7, 0x69, 0xa7, 0x71, 0xa8, 0x69,
    0xa7, 0x69, 0xa7, 0x71, 0x46, 0x69, 0x17, 0x75, 0x5f, 0x7f, 0xff, 0x7e,
    0xff, 0x7e, 0xff, 0x7e, 0xff, 0x7e, 0xff, 0x7e, 0xff, 0x7e, 0xff, 0x7e,
    0xff, 0x7e, 0xff, 0x7e, 0xff, 0x7e, 0xff, 0x7e, 0xff, 0x7e, 0xff, 0x7e,
    0xff, 0x7e, 0xff, 0x7e, 0xff, 0x76, 0xdf, 0x86, 0x33, 0xfe, 0x32, 0xfe,
    0x32, 0xfe, 0x32, 0xfe, 0x32, 0xfe, 0x32, 0xfe, 0x32, 0xfe, 0x32, 0xfe,
    0x32, 0xfe, 0x32, 0xfe, 0x32, 0xfe, 0x32, 0xfe, 0x32, 0xfe, 0x32, 0xfe,
    0x32, 0xfe, 0x32, 0xfe, 0x32, 0xfe, 0x32, 0xfe, 0x32, 0xfe, 0x32, 0xfe,
    0x32, 0xfe, 0x32, 0xfe, 0x32, 0xfe, 0x32, 0xfe, 0x32, 0xfe, 0x32, 0xfe,
    0x32, 0xfe, 0x32, 0xfe, 0x32, 0xfe, 0x32, 0xfe, 0x32, 0xfe, 0x32, 0xfe,
    0x32, 0xfe, 0x32, 0xfe, 0x32, 0xfe, 0x32, 0xfe, 0x32, 0xfe, 0x32, 0xfe,
    0x32, 0xfe, 0x32, 0xfe, 0x32, 0xfe, 0x32, 0xfe, 0x32, 0xfe, 0x32, 0xfe,
    0x32, 0xfe, 0x32, 0xfe, 0x32, 0xfe, 0x32, 0xfe, 0x32, 0xfe, 0x32, 0xfe,
    0x32, 0xfe, 0x32, 0xfe, 0x32, 0xfe, 0x32, 0xfe, 0x32, 0xfe, 0x14, 0xfe,
    0x1f, 0xcd, 0x1f, 0xcd, 0x1f, 0xcd, 0x1f, 0xcd, 0x1f, 0xcd, 0x1f, 0xcd,
    0x1f, 0xcd, 0x1f, 0xcd, 0x1f, 0xcd, 0x1f, 0xcd, 0x1f, 0xcd, 0x1f, 0xcd,
    0x1f, 0xcd, 0x1f, 0xcd, 0x1f, 0xcd, 0x1f, 0xcd, 0x1f, 0xcd, 0x3f, 0xcd,
    0x7c, 0xac, 0x96, 0x8b, 0xb7, 0x93, 0xb7, 0x93, 0xb6, 0x93, 0xb7, 0x93,
    0xb7, 0x93, 0xb7, 0x93, 0xb7, 0x93, 0xb7, 0x93, 0xb7, 0x93, 0xb7, 0x93,
    0xb7, 0x93, 0xb7, 0x93, 0xb7, 0x93, 0xb7, 0x93, 0xb7, 0x93, 0xb7, 0x93,
    0xb7, 0x93, 0x68, 0x31, 0xe5, 0x18, 0x05, 0x21, 0x05, 0x21, 0x06, 0x21,
    0x05, 0x19, 0x06, 0x21, 0x06, 0x21, 0x05, 0x21, 0x06, 0x21, 0x05, 0x21,
    0x06, 0x21, 0x05, 0x21, 0x06, 0x21, 0x06, 0x21, 0x05, 0x21, 0x05, 0x21,
    0x06, 0x21, 0x06, 0x21, 0x06, 0x21, 0x05, 0x21, 0x06, 0x21, 0x06, 0x19,
    0x05, 0x21, 0x05, 0x21, 0x06, 0x21, 0x06, 0x19, 0x05, 0x21, 0x06, 0x21,
    0x06, 0x21, 0x05, 0x19, 0x06, 0x21, 0x05, 0x21, 0x06, 0x21, 0x06, 0x21,
    0x05, 0x21, 0x06, 0x19, 0x06, 0x21, 0x05, 0x21, 0x05, 0x19, 0x06, 0x21,
    0xe4, 0x18, 0xc9, 0x31, 0xd9, 0x94, 0xda, 0x94, 0xb9, 0x8c, 0xd9, 0x8c,
    0xb9, 0x94, 0xd9, 0x94, 0xb9, 0x8c, 0xb9, 0x94, 0xd9, 0x8c, 0xd9, 0x8c,
    0xb9, 0x94, 0xb9, 0x8c, 0xb9, 0x8c, 0xd9, 0x94, 0xb9, 0x8c, 0xd9, 0x8c,
    0xb9, 0x94, 0x98, 0x94, 0xfd, 0x85, 0x1f, 0x7f, 0xff, 0x7e, 0xff, 0x7e,
    0xff, 0x7e, 0xff, 0x7e, 0xff, 0x7e, 0xff, 0x7e, 0xff, 0x7e, 0xff, 0x7e,
    0xff, 0x7e, 0xff, 0x7e, 0xff, 0x7e, 0xff, 0x7e, 0xff, 0x7e, 0xff, 0x7e,
    0xff, 0x7e, 0x1f, 0x7f, 0xdf, 0x7e, 0xc9, 0x19, 0xa4, 0x08, 0xe5, 0x10,
    0xe5, 0x10, 0xe5, 0x10, 0xe5, 0x10, 0xe5, 0x10, 0xe5, 0x10, 0xe5, 0x10,
    0xe5, 0x10, 0xe5, 0x10, 0xe5, 0x10, 0xe5, 0x10, 0xe5, 0x10, 0xe5, 0x10,
    0xe5, 0x10, 0xe5, 0x10, 0xe5, 0x10, 0xe5, 0x10, 0xe5, 0x10, 0xe5, 0x10,
    0xe5, 0x10, 0xe5, 0x10, 0xe5, 0x10, 0xe5, 0x10, 0xe5, 0x10, 0xe5, 0x10,
    0xe5, 0x10, 0xe5, 0x10, 0xe5, 0x10, 0xe5, 0x10, 0xe5, 0x10, 0xe5, 0x10,
    0xe5, 0x10, 0xe5, 0x10, 0xe5, 0x10, 0x63, 0x08, 0xb6, 0x54, 0x5f, 0x87,
    0xff, 0x7e, 0xff, 0x7e, 0xff, 0x7e, 0xff, 0x7e, 0xff, 0x7e, 0xff, 0x7e,
    0xff, 0x7e, 0xff, 0x7e, 0xff, 0x7e, 0xff, 0x7e, 0xff, 0x7e, 0xff, 0x7e,
    0xff, 0x7e, 0xff, 0x7e, 0xff, 0x7e, 0xff, 0x7e, 0xff, 0x86, 0xd0, 0xff,
    0xee, 0xff, 0xee, 0xff, 0xce, 0xff, 0xee, 0xff, 0xee, 0xff, 0xee, 0xff,
    0xce, 0xff, 0xee, 0xff, 0xce, 0xff, 0xee, 0xff, 0xce, 0xff, 0xce, 0xff,
    0xee, 0xff, 0xce, 0xff, 0xee, 0xff, 0xee, 0xff, 0xce, 0xff, 0xee, 0xff,
    0xee, 0xff, 0xce, 0xff, 0xee, 0xff, 0xee, 0xff, 0xce, 0xff, 0xee, 0xff,
    0xee, 0xff, 0xce, 0xff, 0xee, 0xff, 0xee, 0xff, 0xce, 0xff, 0xee, 0xff,
    0xce, 0xff, 0xee, 0xff, 0xee, 0xff, 0xce, 0xff, 0xee, 0xff, 0xee, 0xff,
    0xce, 0xff, 0xee, 0xff, 0xce, 0xff, 0xee, 0xff, 0xce, 0xff, 0xee, 0xff,
    0xce, 0xff, 0xee, 0xff, 0xee, 0xff, 0xce, 0xff, 0xee, 0xff, 0xce, 0xff,
    0xee, 0xff, 0xee, 0xff, 0xce, 0xff, 0xee, 0xff, 0xee, 0xff, 0xee, 0xff,
    0x71, 0xff, 0x1f, 0xcd, 0x1f, 0xc5, 0x1f, 0xcd, 0x1f, 0xcd, 0x1f, 0xcd,
    0x1f, 0xcd, 0x1f, 0xcd, 0x1f, 0xcd, 0x1f, 0xcd, 0x1f, 0xcd, 0x1f, 0xcd,
    0x1f, 0xcd, 0x1f, 0xcd, 0x1f, 0xcd, 0x1f, 0xcd, 0x1f, 0xcd, 0x1f, 0xcd,
    0x1f, 0xcd, 0x3f, 0xd5, 0x5f, 0xdd, 0x5f, 0xd5, 0x5f, 0xd5, 0x5f, 0xdd,
    0x5f, 0xd5, 0x5f, 0xd5, 0x5f, 0xdd, 0x5f, 0xd5, 0x5f, 0xd5, 0x5f, 0xd5,
    0x5f, 0xd5, 0x5f, 0xd5, 0x5f, 0xd5, 0x5f, 0xd5, 0x5f, 0xd5, 0x5f, 0xd5,
    0x5f, 0xdd, 0x7f, 0xdd, 0xca, 0x41, 0xc4, 0x10, 0x06, 0x21, 0x06, 0x21,
    0x06, 0x21, 0x05, 0x21, 0x06, 0x19, 0x06, 0x21, 0x05, 0x21, 0x06, 0x19,
    0x06, 0x19, 0x05, 0x21, 0x06, 0x19, 0x05, 0x21, 0x06, 0x21, 0x06, 0x19,
    0x05, 0x19, 0x06, 0x21, 0x05, 0x21, 0x06, 0x21, 0x06, 0x19, 0x05, 0x21,
    0x06, 0x21, 0x06, 0x21, 0x05, 0x21, 0x06, 0x21, 0x06, 0x19, 0x05, 0x21,
    0x06, 0x21, 0x06, 0x19, 0x05, 0x21, 0x06, 0x21, 0x06, 0x19, 0x05, 0x21,
    0x06, 0x21, 0x05, 0x19, 0x06, 0x21, 0x06, 0x21, 0x05, 0x21, 0x06, 0x19,
    0x06, 0x21, 0xc5, 0x18, 0xa9, 0x31, 0xd9, 0x94, 0xd9, 0x94, 0xb9, 0x8c,
    0xb9, 0x8c, 0xd9, 0x94, 0xb9, 0x8c, 0xd9, 0x94, 0xb9, 0x94, 0xb9, 0x8c,
    0xd9, 0x94, 0xd9, 0x94, 0xb9, 0x8c, 0xd9, 0x94, 0xb9, 0x8c, 0xd9, 0x94,
    0xb9, 0x8c, 0xd9, 0x8c, 0x98, 0x94, 0xfd, 0x85, 0x3f, 0x7f, 0xff, 0x7e,
    0xff, 0x7e, 0xff, 0x7e, 0xff, 0x7e, 0xff, 0x7e, 0xff, 0x7e, 0xff, 0x7e,
    0xff, 0x7e, 0xff, 0x7e, 0xff, 0x7e, 0xff, 0x7e, 0xff, 0x7e, 0xff, 0x7e,
    0xff, 0x7e, 0xff, 0x7e, 0x1f, 0x7f, 0xdf, 0x7e, 0xe9, 0x29, 0xc5, 0x18,
    0x06, 0x21, 0x06, 0x21, 0x06, 0x21, 0x06, 0x21, 0x06, 0x21, 0x06, 0x21,
    0x06, 0x21, 0x06, 0x21, 0x06, 0x21, 0x06, 0x21, 0x06, 0x21, 0x06, 0x21,
    0x06, 0x21, 0x06, 0x21, 0x06, 0x21, 0x06, 0x21, 0x06, 0x21, 0x06, 0x21,
    0x06, 0x21, 0x06, 0x21, 0x06, 0x21, 0x06, 0x21, 0x06, 0x21, 0x06, 0x21,
    0x06, 0x21, 0x06, 0x21, 0x06, 0x21, 0x06, 0x21, 0x06, 0x21, 0x06, 0x21,
    0x06, 0x21, 0x06, 0x21, 0x06, 0x21, 0x06, 0x21, 0xa4, 0x18, 0xd6, 0x5c,
    0x5f, 0x87, 0xff, 0x7e, 0xff, 0x7e, 0xff, 0x7e, 0xff, 0x7e, 0xff, 0x7e,
    0xff, 0x7e, 0xff, 0x7e, 0xff, 0x7e, 0xff, 0x7e, 0xff, 0x7e, 0xff, 0x7e,
    0xff, 0x7e, 0xff, 0x7e, 0xff, 0x7e, 0xff, 0x7e, 0xff, 0x7e, 0xff, 0x86,
    0x90, 0xff, 0x8f, 0xff, 0x8f, 0xff, 0x8f, 0xff, 0x8f, 0xff, 0x8f, 0xff,
    0x8f, 0xff, 0x8f, 0xff, 0x8f, 0xff, 0x8f, 0xff, 0x8f, 0xff, 0x8f, 0xff,
    0x8f, 0xff, 0x8f, 0xff, 0x8f, 0xff, 0x8f, 0xff, 0x8f, 0xff, 0x8f, 0xff,
    0x8f, 0xff, 0x8f, 0xff, 0x8f, 0xff, 0x8f, 0xff, 0x8f, 0xff, 0x8f, 0xff,
    0x8f, 0xff, 0x8f, 0xff, 0x8f, 0xff, 0x8f, 0xff, 0x8f, 0xff, 0x8f, 0xff,
    0x8f, 0xff, 0x8f, 0xff, 0x8f, 0xff, 0x8f, 0xff, 0x8f, 0xff, 0x8f, 0xff,
    0x8f, 0xff, 0x8f, 0xff, 0x8f, 0xff, 0x8f, 0xff, 0x8f, 0xff, 0x8f, 0xff,
    0x8f, 0xff, 0x8f, 0xff, 0x8f, 0xff, 0x8f, 0xff, 0x8f, 0xff, 0x8f, 0xff,
    0x8f, 0xff, 0x8f, 0xff, 0x8f, 0xff, 0x8f, 0xff, 0x8f, 0xff, 0x8f, 0xff,
    0xae, 0xff, 0x32, 0xff, 0x1f, 0xcd, 0x1f, 0xcd, 0x1f, 0xcd, 0x1f, 0xcd,
    0x1f, 0xcd, 0x1f, 0xcd, 0x1f, 0xcd, 0x1f, 0xcd, 0x1f, 0xcd, 0x1f, 0xcd,
    0x1f, 0xcd, 0x1f, 0xcd, 0x1f, 0xcd, 0x1f, 0xcd, 0x1f, 0xcd, 0x1f, 0xcd,
    0x1f, 0xcd, 0x1f, 0xcd, 0x1f, 0xcd, 0x1f, 0xcd, 0x1f, 0xcd, 0x1f, 0xcd,
    0x1f, 0xcd, 0x1f, 0xcd, 0x1f, 0xcd, 0x1f, 0xcd, 0x1f, 0xcd, 0x1f, 0xcd,
    0x1f, 0xcd, 0x1f, 0xcd, 0x1f, 0xcd, 0x1f, 0xcd, 0x1f, 0xcd, 0x1f, 0xcd,
    0x1f, 0xcd, 0x1f, 0xcd, 0x1f, 0xcd, 0xca, 0x39, 0xe4, 0x18, 0x06, 0x21,
    0x06, 0x19, 0x05, 0x21, 0x06, 0x21, 0x05, 0x21, 0x06, 0x19, 0x06, 0x21,
    0x05, 0x21, 0x06, 0x21, 0x06, 0x21, 0x06, 0x21, 0x05, 0x19, 0x06, 0x21,
    0x06, 0x21, 0x06, 0x21, 0x05, 0x21, 0x06, 0x21, 0x05, 0x21, 0x06, 0x19,
    0x05, 0x21, 0x06, 0x21, 0x06, 0x19, 0x06, 0x21, 0x05, 0x21, 0x06, 0x21,
    0x06, 0x21, 0x05, 0x21, 0x06, 0x21, 0x06, 0x21, 0x05, 0x21, 0x06, 0x19,
    0x06, 0x21, 0x05, 0x21, 0x06, 0x21, 0x06, 0x21, 0x05, 0x21, 0x06, 0x19,
    0x06, 0x21, 0x05, 0x21, 0xe5, 0x18, 0xa9, 0x31, 0xd9, 0x94, 0xd9, 0x94,
    0xd9, 0x8c, 0xb9, 0x94, 0xd9, 0x8c, 0xd9, 0x8c, 0xb9, 0x94, 0xd9, 0x8c,
    0xd9, 0x8c, 0xb9, 0x94, 0xd9, 0x8c, 0xd9, 0x94, 0xb9, 0x8c, 0xd9, 0x94,
    0xb9, 0x94, 0xd9, 0x94, 0xb9, 0x8c, 0x98, 0x94, 0xfd, 0x85, 0x1f, 0x7f,
    0xff, 0x7e, 0xff, 0x7e, 0xff, 0x7e, 0xff, 0x7e, 0xff, 0x7e, 0xff, 0x7e,
    0xff, 0x7e, 0xff, 0x7e, 0xff, 0x7e, 0xff, 0x7e, 0xff, 0x7e, 0xff, 0x7e,
    0xff, 0x7e, 0xff, 0x7e, 0xff, 0x7e, 0x1f, 0x7f, 0xdf, 0x7e, 0xc9, 0x29,
    0xc5, 0x18, 0x06, 0x21, 0x06, 0x21, 0x06, 0x19, 0x06, 0x21, 0x06, 0x19,
    0x06, 0x21, 0x06, 0x19, 0x06, 0x19, 0x06, 0x21, 0x06, 0x19, 0x05, 0x21,
    0x06, 0x19, 0x06, 0x21, 0x05, 0x19, 0x06, 0x19, 0x06, 0x21, 0x05, 0x19,
    0x06, 0x21, 0x06, 0x19, 0x05, 0x21, 0x06, 0x19, 0x06, 0x21, 0x05, 0x19,
    0x06, 0x21, 0x06, 0x19, 0x06, 0x21, 0x06, 0x19, 0x06, 0x21, 0x06, 0x21,
    0x05, 0x19, 0x06, 0x21, 0x06, 0x19, 0x05, 0x21, 0x06, 0x19, 0x84, 0x18,
    0xd6, 0x5c, 0x7f, 0x87, 0xff, 0x7e, 0xff, 0x7e, 0xff, 0x7e, 0xff, 0x7e,
    0xff, 0x7e, 0xff, 0x7e, 0xff, 0x7e, 0xff, 0x7e, 0xff, 0x7e, 0xff, 0x7e,
    0xff, 0x7e, 0xff, 0x7e, 0xff, 0x7e, 0xff, 0x7e, 0xff, 0x7e, 0xff, 0x76,
    0xff, 0x86, 0x90, 0xff, 0x8f, 0xff, 0x8f, 0xff, 0x8f, 0xff, 0x8f, 0xff,
    0x8f, 0xff, 0x8f, 0xff, 0x8f, 0xff, 0x8f, 0xff, 0x8f, 0xff, 0x8f, 0xff,
    0x8f, 0xff, 0x8f, 0xff, 0x8f, 0xff, 0x8f, 0xff, 0x8f, 0xff, 0x8f, 0xff,
    0x8f, 0xff, 0x8f, 0xff, 0x8f, 0xff, 0x8f, 0xff, 0x8f, 0xff, 0x8f, 0xff,
    0x8f, 0xff, 0x8f, 0xff, 0x8f, 0xff, 0x8f, 0xff, 0x8f, 0xff, 0x8f, 0xff,
    0x8f, 0xff, 0x8f, 0xff, 0x8f, 0xff, 0x8f, 0xff, 0x8f, 0xff, 0x8f, 0xff,
    0x8f, 0xff, 0x8f, 0xff, 0x8f, 0xff, 0x8f, 0xff, 0x8f, 0xff, 0x8f, 0xff,
    0x8f, 0xff, 0x8f, 0xff, 0x8f, 0xff, 0x8f, 0xff, 0x8f, 0xff, 0x8f, 0xff,
    0x8f, 0xff, 0x8f, 0xff, 0x8f, 0xff, 0x8f, 0xff, 0x8f, 0xff, 0x8f, 0xff,
    0x8f, 0xff, 0xae, 0xff, 0x31, 0xff, 0x1f, 0xcd, 0x1f, 0xcd, 0x1f, 0xcd,
    0x1f, 0xcd, 0x1f, 0xcd, 0x1f, 0xcd, 0x1f, 0xcd, 0x1f, 0xcd, 0x1f, 0xcd,
    0x1f, 0xcd, 0x1f, 0xcd, 0x1f, 0xcd, 0x1f, 0xcd, 0x1f, 0xcd, 0x1f, 0xcd,
    0x1f, 0xcd, 0x1f, 0xcd, 0x1f, 0xcd, 0x1f, 0xcd, 0x1f, 0xcd, 0x1f, 0xcd,
    0x1f, 0xcd, 0x1f, 0xcd, 0x1f, 0xcd, 0x1f, 0xcd, 0x1f, 0xcd, 0x1f, 0xcd,
    0x1f, 0xcd, 0x1f, 0xcd, 0x1f, 0xcd, 0x1f, 0xcd, 0x1f, 0xcd, 0x1f, 0xcd,
    0x1f, 0xcd, 0x1f, 0xcd, 0x1f, 0xcd, 0x1f, 0xcd, 0xca, 0x39, 0xc4, 0x18,
    0x06, 0x21, 0x05, 0x21, 0x06, 0x19, 0x06, 0x21, 0x05, 0x21, 0x06, 0x21,
    0x06, 0x21, 0x05, 0x21, 0x05, 0x19, 0x06, 0x21, 0x05, 0x21, 0x06, 0x21,
    0x05, 0x19, 0x06, 0x21, 0x05, 0x21, 0x06, 0x21, 0x06, 0x21, 0x06, 0x21,
    0x05, 0x21, 0x06, 0x21, 0x05, 0x21, 0x06, 0x19, 0x05, 0x21, 0x06, 0x21,
    0x05, 0x19, 0x06, 0x19, 0x05, 0x21, 0x06, 0x21, 0x05, 0x19, 0x06, 0x21,
    0x05, 0x21, 0x06, 0x19, 0x06, 0x21, 0x05, 0x19, 0x06, 0x21, 0x05, 0x21,
    0x06, 0x21, 0x05, 0x21, 0x06, 0x21, 0xe5, 0x18, 0xc9, 0x31, 0xd9, 0x94,
    0xda, 0x94, 0xb9, 0x8c, 0xd9, 0x94, 0xb9, 0x94, 0xb9, 0x8c, 0xd9, 0x94,
    0xb9, 0x94, 0xb9, 0x8c, 0xd9, 0x8c, 0xb9, 0x94, 0xb9, 0x8c, 0xd9, 0x8c,
    0xb9, 0x94, 0xd9, 0x8c, 0xb9, 0x8c, 0xb9, 0x94, 0x98, 0x94, 0xfd, 0x85,
    0x1f, 0x77, 0xff, 0x7e, 0xff, 0x7e, 0xff, 0x7e, 0xff, 0x7e, 0xff, 0x7e,
    0xff, 0x7e, 0xff, 0x7e, 0xff, 0x7e, 0xff, 0x7e, 0xff, 0x7e, 0xff, 0x7e,
    0xff, 0x7e, 0xff, 0x7e, 0xff, 0x7e, 0xff, 0x7e, 0x1f, 0x7f, 0xff, 0x7e,
    0xc9, 0x29, 0xc4, 0x18, 0x05, 0x21, 0x05, 0x21, 0x05, 0x21, 0x06, 0x21,
    0x05, 0x21, 0x05, 0x21, 0x05, 0x21, 0x05, 0x21, 0x06, 0x21, 0x05, 0x21,
    0x06, 0x19, 0x05, 0x21, 0x06, 0x21, 0x05, 0x21, 0x05, 0x21, 0x06, 0x21,
    0x05, 0x21, 0x06, 0x21, 0x05, 0x21, 0x05, 0x19, 0x06, 0x21, 0x05, 0x21,
    0x06, 0x21, 0x05, 0x21, 0x05, 0x21, 0x05, 0x21, 0x05, 0x21, 0x06, 0x19,
    0x05, 0x21, 0x05, 0x21, 0x06, 0x19, 0x06, 0x21, 0x05, 0x21, 0x06, 0x21,
    0x84, 0x18, 0xd6, 0x5c, 0x7f, 0x87, 0xff, 0x7e, 0xff, 0x7e, 0xff, 0x7e,
    0xff, 0x7e, 0xff, 0x7e, 0xff, 0x7e, 0xff, 0x7e, 0xff, 0x7e, 0xff, 0x7e,
    0xff, 0x7e, 0xff, 0x7e, 0xff, 0x7e, 0xff, 0x7e, 0xff, 0x7e, 0xff, 0x7e,
    0xff, 0x76, 0xff, 0x86, 0x90, 0xff, 0x8f, 0xff, 0x8f, 0xff, 0x8f, 0xff,
    0x8f, 0xff, 0x8f, 0xff, 0x8f, 0xff, 0x8f, 0xff, 0x8f, 0xff, 0x8f, 0xff,
    0x8f, 0xff, 0x8f, 0xff, 0x8f, 0xff, 0x8f, 0xff, 0x8f, 0xff, 0x8f, 0xff,
    0x8f, 0xff, 0x8f, 0xff, 0x8f, 0xff, 0x8f, 0xff, 0x8f, 0xff, 0x8f, 0xff,
    0x8f, 0xff, 0x8f, 0xff, 0x8f, 0xff, 0x8f, 0xff, 0x8f, 0xff, 0x8f, 0xff,
    0x8f, 0xff, 0x8f, 0xff, 0x8f, 0xff, 0x8f, 0xff, 0x8f, 0xff, 0x8f, 0xff,
    0x8f, 0xff, 0x8f, 0xff, 0x8f, 0xff, 0x8f, 0xff, 0x8f, 0xff, 0x8f, 0xff,
    0x8f, 0xff, 0x8f, 0xff, 0x8f, 0xff, 0x8f, 0xff, 0x8f, 0xff, 0x8f, 0xff,
    0x8f, 0xff, 0x8f, 0xff, 0x8f, 0xff, 0x8f, 0xff, 0x8f, 0xff, 0x8f, 0xff,
    0x8f, 0xff, 0x8f, 0xff, 0xae, 0xff, 0x32, 0xff, 0x1f, 0xcd, 0x1f, 0xcd,
    0x1f, 0xcd, 0x1f, 0xcd, 0x1f, 0xcd, 0x1f, 0xcd, 0x1f, 0xcd, 0x1f, 0xcd,
    0x1f, 0xcd, 0x1f, 0xcd, 0x1f, 0xcd, 0x1f, 0xcd, 0x1f, 0xcd, 0x1f, 0xcd,
    0x1f, 0xcd, 0x1f, 0xcd, 0x1f, 0xcd, 0x1f, 0xcd, 0x1f, 0xcd, 0x1f, 0xcd,
    0x1f, 0xcd, 0x1f, 0xcd, 0x1f, 0xcd, 0x1f, 0xcd, 0x1f, 0xcd, 0x1f, 0xcd,
    0x1f, 0xcd, 0x1f, 0xcd, 0x1f, 0xcd, 0x1f, 0xcd, 0x1f, 0xcd, 0x1f, 0xcd,
    0x1f, 0xcd, 0x1f, 0xcd, 0x1f, 0xcd, 0x1f, 0xcd, 0x1f, 0xd5, 0xca, 0x39,
    0xc4, 0x18, 0x06, 0x21, 0x06, 0x21, 0x05, 0x21, 0x06, 0x19, 0x06, 0x21,
    0x05, 0x19, 0x06, 0x21, 0x06, 0x21, 0x06, 0x19, 0x05, 0x21, 0x06, 0x21,
    0x06, 0x21, 0x05, 0x21, 0x06, 0x19, 0x06, 0x21, 0x05, 0x19, 0x05, 0x21,
    0x06, 0x19, 0x06, 0x21, 0x05, 0x21, 0x06, 0x19, 0x06, 0x21, 0x05, 0x21,
    0x06, 0x21, 0x06, 0x21, 0x05, 0x21, 0x06, 0x19, 0x06, 0x21, 0x05, 0x21,
    0x06, 0x21, 0x06, 0x21, 0x05, 0x21, 0x06, 0x21, 0x06, 0x19, 0x05, 0x21,
    0x06, 0x21, 0x06, 0x19, 0x05, 0x21, 0x06, 0x21, 0xc5, 0x18, 0xa9, 0x31,
    0xd9, 0x94, 0xd9, 0x8c, 0xb9, 0x8c, 0xd9, 0x94, 0xb9, 0x8c, 0xd9, 0x8c,
    0xd9, 0x94, 0xb9, 0x94, 0xd9, 0x8c, 0xd9, 0x94, 0xb9, 0x94, 0xd9, 0x8c,
    0xb9, 0x94, 0xd9, 0x94, 0xd9, 0x8c, 0xb9, 0x8c, 0xd9, 0x94, 0x98, 0x94,
    0xfd, 0x85, 0x3f, 0x7f, 0xff, 0x7e, 0xff, 0x7e, 0xff, 0x7e, 0xff, 0x7e,
    0xff, 0x7e, 0xff, 0x7e, 0xff, 0x7e, 0xff, 0x7e, 0xff, 0x7e, 0xff, 0x7e,
    0xff, 0x7e, 0xff, 0x7e, 0xff, 0x7e, 0xff, 0x7e, 0xff, 0x7e, 0x1f, 0x7f,
    0xdf, 0x7e, 0xe9, 0x31, 0xc5, 0x18, 0x06, 0x21, 0x06, 0x21, 0x06, 0x19,
    0x05, 0x21, 0x06, 0x21, 0x06, 0x19, 0x06, 0x21, 0x06, 0x21, 0x05, 0x21,
    0x06, 0x21, 0x06, 0x21, 0x06, 0x21, 0x05, 0x21, 0x06, 0x21, 0x06, 0x21,
    0x06, 0x19, 0x06, 0x21, 0x06, 0x21, 0x06, 0x21, 0x06, 0x21, 0x06, 0x21,
    0x06, 0x19, 0x06, 0x21, 0x06, 0x21, 0x06, 0x19, 0x06, 0x21, 0x06, 0x21,
    0x05, 0x21, 0x06, 0x21, 0x06, 0x21, 0x05, 0x21, 0x06, 0x21, 0x06, 0x19,
    0x05, 0x21, 0xa4, 0x18, 0xd6, 0x54, 0x5f, 0x87, 0xff, 0x7e, 0xff, 0x7e,
    0xff, 0x7e, 0xff, 0x7e, 0xff, 0x7e, 0xff, 0x7e, 0xff, 0x7e, 0xff, 0x7e,
    0xff, 0x7e, 0xff, 0x7e, 0xff, 0x7e, 0xff, 0x7e, 0xff, 0x7e, 0xff, 0x7e,
    0xff, 0x7e, 0xff, 0x7e, 0xff, 0x86, 0x90, 0xff, 0x8e, 0xff, 0x8f, 0xff,
    0x8f, 0xff, 0x8f, 0xff, 0x8f, 0xff, 0x8f, 0xff, 0x8f, 0xff, 0x8f, 0xff,
    0x8f, 0xff, 0x8f, 0xff, 0x8f, 0xff, 0x8f, 0xff, 0x8f, 0xff, 0x8f, 0xff,
    0x8f, 0xff, 0x8f, 0xff, 0x8f, 0xff, 0x8f, 0xff, 0x8f, 0xff, 0x8f, 0xff,
    0x8f, 0xff, 0x8f, 0xff, 0x8f, 0xff, 0x8f, 0xff, 0x8f, 0xff, 0x8f, 0xff,
    0x8f, 0xff, 0x8f, 0xff, 0x8f, 0xff, 0x8f, 0xff, 0x8f, 0xff, 0x8f, 0xff,
    0x8f, 0xff, 0x8f, 0xff, 0x8f, 0xff, 0x8f, 0xff, 0x8f, 0xff, 0x8f, 0xff,
    0x8f, 0xff, 0x8f, 0xff, 0x8f, 0xff, 0x8f, 0xff, 0x8f, 0xff, 0x8f, 0xff,
    0x8f, 0xff, 0x8f, 0xff, 0x8f, 0xff, 0x8f, 0xff, 0x8f, 0xff, 0x8f, 0xff,
    0x8f, 0xff, 0x8f, 0xff, 0x8f, 0xff, 0xae, 0xff, 0x32, 0xff, 0x1f, 0xcd,
    0x1f, 0xc5, 0x1f, 0xcd, 0x1f, 0xcd, 0x1f, 0xcd, 0x1f, 0xcd, 0x1f, 0xcd,
    0x1f, 0xcd, 0x1f, 0xcd, 0x1f, 0xcd, 0x1f, 0xcd, 0x1f, 0xcd, 0x1f, 0xcd,
    0x1f, 0xcd, 0x1f, 0xcd, 0x1f, 0xcd, 0x1f, 0xcd, 0x1f, 0xcd, 0x1f, 0xcd,
    0x1f, 0xcd, 0x1f, 0xcd, 0x1f, 0xcd, 0x1f, 0xcd, 0x1f, 0xcd, 0x1f, 0xcd,
    0x1f, 0xcd, 0x1f, 0xcd, 0x1f, 0xcd, 0x1f, 0xcd, 0x1f, 0xcd, 0x1f, 0xcd,
    0x1f, 0xcd, 0x1f, 0xcd, 0x1f, 0xcd, 0x1f, 0xcd, 0x1f, 0xcd, 0x1f, 0xcd,
    0xca, 0x41, 0xe4, 0x18, 0x06, 0x19, 0x06, 0x21, 0x05, 0x21, 0x06, 0x21,
    0x05, 0x21, 0x05, 0x19, 0x06, 0x21, 0x06, 0x21, 0x05, 0x21, 0x06, 0x19,
    0x06, 0x21, 0x05, 0x21, 0x06, 0x19, 0x06, 0x21, 0x05, 0x21, 0x06, 0x21,
    0x06, 0x21, 0x05, 0x19, 0x06, 0x21, 0x06, 0x21, 0x05, 0x21, 0x06, 0x21,
    0x06, 0x19, 0x05, 0x21, 0x06, 0x21, 0x06, 0x21, 0x05, 0x21, 0x06, 0x19,
    0x06, 0x21, 0x05, 0x19, 0x06, 0x21, 0x05, 0x21, 0x06, 0x21, 0x06, 0x21,
    0x05, 0x21, 0x06, 0x19, 0x06, 0x21, 0x05, 0x21, 0x05, 0x19, 0xc5, 0x18,
    0xc9, 0x31, 0xd9, 0x94, 0xd9, 0x94, 0xb9, 0x8c, 0xd9, 0x94, 0xb9, 0x94,
    0xd9, 0x8c, 0xb9, 0x8c, 0xb9, 0x94, 0xd9, 0x8c, 0xb9, 0x94, 0xd9, 0x8c,
    0xb9, 0x8c, 0xb9, 0x94, 0xd9, 0x8c, 0xb9, 0x94, 0xd9, 0x94, 0xd9, 0x8c,
    0x98, 0x94, 0xfd, 0x85, 0x1f, 0x7f, 0xff, 0x7e, 0xff, 0x7e, 0xff, 0x7e,
    0xff, 0x7e, 0xff, 0x7e, 0xff, 0x7e, 0xff, 0x7e, 0xff, 0x7e, 0xff, 0x7e,
    0xff, 0x7e, 0xff, 0x7e, 0xff, 0x7e, 0xff, 0x7e, 0xff, 0x7e, 0xff, 0x7e,
    0x1f, 0x7f, 0xdf, 0x7e, 0xe9, 0x29, 0xc5, 0x18, 0x06, 0x21, 0x06, 0x21,
    0x05, 0x21, 0x06, 0x19, 0x06, 0x21, 0x05, 0x21, 0x06, 0x19, 0x06, 0x21,
    0x05, 0x19, 0x06, 0x19, 0x05, 0x21, 0x06, 0x19, 0x06, 0x19, 0x05, 0x21,
    0x06, 0x21, 0x05, 0x19, 0x05, 0x21, 0x06, 0x19, 0x05, 0x19, 0x05, 0x21,
    0x06, 0x21, 0x05, 0x19, 0x05, 0x21, 0x06, 0x21, 0x05, 0x19, 0x06, 0x21,
    0x06, 0x19, 0x05, 0x21, 0x06, 0x19, 0x06, 0x21, 0x05, 0x21, 0x06, 0x19,
    0x06, 0x21, 0x05, 0x21, 0x84, 0x18, 0xd6, 0x5c, 0x5f, 0x87, 0xff, 0x7e,
    0xff, 0x7e, 0xff, 0x7e, 0xff, 0x7e, 0xff, 0x7e, 0xff, 0x7e, 0xff, 0x7e,
    0xff, 0x7e, 0xff, 0x7e, 0xff, 0x7e, 0xff, 0x7e, 0xff, 0x7e, 0xff, 0x7e,
    0xff, 0x7e, 0xff, 0x7e, 0xff, 0x76, 0xff, 0x86, 0x90, 0xff, 0x8f, 0xff,
    0x8f, 0xff, 0x8f, 0xff, 0x8f, 0xff, 0x8f, 0xff, 0x8f, 0xff, 0x8f, 0xff,
    0x8f, 0xff, 0x8f, 0xff, 0x8f, 0xff, 0x8f, 0xff, 0x8f, 0xff, 0x8f, 0xff,
    0x8f, 0xff, 0x8f, 0xff, 0x8f, 0xff, 0x8f, 0xff, 0x8f, 0xff, 0x8f, 0xff,
    0x8f, 0xff, 0x8f, 0xff, 0x8f, 0xff, 0x8f, 0xff, 0x8f, 0xff, 0x8f, 0xff,
    0x8f, 0xff, 0x8f, 0xff, 0x8f, 0xff, 0x8f, 0xff, 0x8f, 0xff, 0x8f, 0xff,
    0x8f, 0xff, 0x8f, 0xff, 0x8f, 0xff, 0x8f, 0xff, 0x8f, 0xff, 0x8f, 0xff,
    0x8f, 0xff, 0x8f, 0xff, 0x8f, 0xff, 0x8f, 0xff, 0x8f, 0xff, 0x8f, 0xff,
    0x8f, 0xff, 0x8f, 0xff, 0x8f, 0xff, 0x8f, 0xff, 0x8f, 0xff, 0x8f, 0xff,
    0x8f, 0xff, 0x8f, 0xff, 0x8f, 0xff, 0x8f, 0xff, 0x8e, 0xff, 0x32, 0xff,
    0x1f, 0xcd, 0x1f, 0xcd, 0x1f, 0xcd, 0x1f, 0xcd, 0x1f, 0xcd, 0x1f, 0xcd,
    0x1f, 0xcd, 0x1f, 0xcd, 0x1f, 0xcd, 0x1f, 0xcd, 0x1f, 0xcd, 0x1f, 0xcd,
    0x1f, 0xcd, 0x1f, 0xcd, 0x1f, 0xcd, 0x1f, 0xcd, 0x1f, 0xcd, 0x1f, 0xcd,
    0x1f, 0xcd, 0x1f, 0xcd, 0x1f, 0xcd, 0x1f, 0xcd, 0x1f, 0xcd, 0x1f, 0xcd,
    0x1f, 0xcd, 0x1f, 0xcd, 0x1f, 0xcd, 0x1f, 0xcd, 0x1f, 0xcd, 0x1f, 0xcd,
    0x1f, 0xcd, 0x1f, 0xcd, 0x1f, 0xcd, 0x1f, 0xcd, 0x1f, 0xcd, 0x1f, 0xcd,
    0x1f, 0xcd, 0xca, 0x39, 0xc4, 0x18, 0x06, 0x21, 0x06, 0x19, 0x05, 0x21,
    0x06, 0x21, 0x06, 0x21, 0x06, 0x21, 0x05, 0x19, 0x05, 0x21, 0x06, 0x21,
    0x06, 0x21, 0x05, 0x19, 0x06, 0x21, 0x06, 0x21, 0x05, 0x21, 0x06, 0x21,
    0x06, 0x21, 0x06, 0x21, 0x05, 0x21, 0x06, 0x19, 0x06, 0x21, 0x05, 0x21,
    0x06, 0x19, 0x06, 0x21, 0x05, 0x19, 0x06, 0x21, 0x06, 0x19, 0x05, 0x21,
    0x06, 0x21, 0x06, 0x21, 0x05, 0x21, 0x06, 0x19, 0x06, 0x21, 0x05, 0x19,
    0x06, 0x21, 0x05, 0x21, 0x06, 0x19, 0x06, 0x21, 0x05, 0x21, 0x06, 0x21,
    0xe5, 0x18, 0xa9, 0x31, 0xd9, 0x94, 0xd9, 0x94, 0xb9, 0x8c, 0xd9, 0x8c,
    0xb9, 0x94, 0xd9, 0x94, 0xb9, 0x8c, 0xd9, 0x8c, 0xb9, 0x94, 0xb9, 0x8c,
    0xd9, 0x94, 0xd9, 0x94, 0xb9, 0x8c, 0xd9, 0x8c, 0xb9, 0x94, 0xb9, 0x8c,
    0xb9, 0x8c, 0x98, 0x94, 0xfd, 0x85, 0x1f, 0x7f, 0xff, 0x7e, 0xff, 0x7e,
    0xff, 0x7e, 0xff, 0x7e, 0xff, 0x7e, 0xff, 0x7e, 0xff, 0x7e, 0xff, 0x7e,
    0xff, 0x7e, 0xff, 0x7e, 0xff, 0x7e, 0xff, 0x7e, 0xff, 0x7e, 0xff, 0x7e,
    0xff, 0x7e, 0x1f, 0x7f, 0xdf, 0x7e, 0xc9, 0x29, 0xc4, 0x18, 0x06, 0x21,
    0x05, 0x21, 0x05, 0x21, 0x06, 0x21, 0x06, 0x21, 0x05, 0x21, 0x05, 0x21,
    0x06, 0x21, 0x06, 0x21, 0x05, 0x21, 0x06, 0x21, 0x05, 0x21, 0x06, 0x21,
    0x06, 0x21, 0x05, 0x19, 0x06, 0x21, 0x06, 0x21, 0x05, 0x21, 0x06, 0x21,
    0x06, 0x21, 0x05, 0x21, 0x06, 0x21, 0x06, 0x21, 0x05, 0x21, 0x06, 0x21,
    0x05, 0x21, 0x06, 0x21, 0x06, 0x19, 0x05, 0x21, 0x06, 0x21, 0x06, 0x19,
    0x05, 0x21, 0x06, 0x21, 0x06, 0x19, 0xa4, 0x18, 0xd6, 0x5c, 0x5f, 0x87,
    0xff, 0x7e, 0xff, 0x7e, 0xff, 0x7e, 0xff, 0x7e, 0xff, 0x7e, 0xff, 0x7e,
    0xff, 0x7e, 0xff, 0x7e, 0xff, 0x7e, 0xff, 0x7e, 0xff, 0x7e, 0xff, 0x7e,
    0xff, 0x7e, 0xff, 0x7e, 0xff, 0x7e, 0xff, 0x7e, 0xff, 0x86, 0x90, 0xff,
    0x8f, 0xff, 0x8f, 0xff, 0x8f, 0xff, 0x8f, 0xff, 0x8f, 0xff, 0x8f, 0xff,
    0x8f, 0xff, 0x8f, 0xff, 0x8f, 0xff, 0x8f, 0xff, 0x8f, 0xff, 0x8f, 0xff,
    0x8f, 0xff, 0x8f, 0xff, 0x8f, 0xff, 0x8f, 0xff, 0x8f, 0xff, 0x8f, 0xff,
    0x8f, 0xff, 0x8f, 0xff, 0x8f, 0xff, 0x8f, 0xff, 0x8f, 0xff, 0x8f, 0xff,
    0x8f, 0xff, 0x8f, 0xff, 0x8f, 0xff, 0x8f, 0xff, 0x8f, 0xff, 0x8f, 0xff,
    0x8f, 0xff, 0x8f, 0xff, 0x8f, 0xff, 0x8f, 0xff, 0x8f, 0xff, 0x8f, 0xff,
    0x8f, 0xff, 0x8f, 0xff, 0x8f, 0xff, 0x8f, 0xff, 0x8f, 0xff, 0x8f, 0xff,
    0x8f, 0xff, 0x8f, 0xff, 0x8f, 0xff, 0x8f, 0xff, 0x8f, 0xff, 0x8f, 0xff,
    0x8f, 0xff, 0x8f, 0xff, 0x8f, 0xff, 0x8f, 0xff, 0x8f, 0xff, 0xae, 0xff,
    0x32, 0xff, 0x1f, 0xcd, 0xff, 0xcc, 0x1f, 0xcd, 0x1f, 0xcd, 0x1f, 0xcd,
    0x1f, 0xcd, 0x1f, 0xcd, 0x1f, 0xcd, 0x1f, 0xcd, 0x1f, 0xcd, 0x1f, 0xcd,
    0x1f, 0xcd, 0x1f, 0xcd, 0x1f, 0xcd, 0x1f, 0xcd, 0x1f, 0xcd, 0x1f, 0xcd,
    0x1f, 0xcd, 0x1f, 0xcd, 0x1f, 0xcd, 0x1f, 0xcd, 0x1f, 0xcd, 0x1f, 0xcd,
    0x1f, 0xcd, 0x1f, 0xcd, 0x1f, 0xcd, 0x1f, 0xcd, 0x1f, 0xcd, 0x1f, 0xcd,
    0x1f, 0xcd, 0x1f, 0xcd, 0x1f, 0xcd, 0x1f, 0xcd, 0x1f, 0xcd, 0x1f, 0xcd,
    0x1f, 0xd5, 0x1f, 0xcd, 0xca, 0x39, 0xc4, 0x18, 0x06, 0x21, 0x05, 0x21,
    0x06, 0x19, 0x06, 0x21, 0x05, 0x21, 0x06, 0x19, 0x06, 0x21, 0x06, 0x21,
    0x05, 0x21, 0x06, 0x19, 0x05, 0x21, 0x06, 0x21, 0x05, 0x19, 0x06, 0x21,
    0x05, 0x19, 0x06, 0x21, 0x06, 0x21, 0x05, 0x21, 0x06, 0x21, 0x05, 0x19,
    0x06, 0x21, 0x05, 0x21, 0x06, 0x21, 0x05, 0x21, 0x06, 0x21, 0x05, 0x21,
    0x06, 0x19, 0x05, 0x21, 0x06, 0x21, 0x06, 0x21, 0x05, 0x21, 0x06, 0x19,
    0x06, 0x21, 0x05, 0x21, 0x06, 0x21, 0x05, 0x21, 0x06, 0x21, 0x06, 0x21,
    0x05, 0x21, 0xc5, 0x18, 0xc9, 0x31, 0xd9, 0x94, 0xda, 0x94, 0xb9, 0x8c,
    0xd9, 0x94, 0xd9, 0x8c, 0xb9, 0x94, 0xd9, 0x94, 0xd9, 0x8c, 0xb9, 0x94,
    0xd9, 0x8c, 0xb9, 0x94, 0xd9, 0x94, 0xb9, 0x8c, 0xd9, 0x94, 0xd9, 0x94,
    0xb9, 0x8c, 0xd9, 0x94, 0x99, 0x94, 0xfd, 0x85, 0x1f, 0x7f, 0xff, 0x7e,
    0xff, 0x7e, 0xff, 0x7e, 0xff, 0x7e, 0xff, 0x7e, 0xff, 0x7e, 0xff, 0x7e,
    0xff, 0x7e, 0xff, 0x7e, 0xff, 0x7e, 0xff, 0x7e, 0xff, 0x7e, 0xff, 0x7e,
    0xff, 0x7e, 0xff, 0x7e, 0x1f, 0x7f, 0xff, 0x7e, 0xc9, 0x29, 0xc5, 0x18,
    0x06, 0x21, 0x06, 0x21, 0x06, 0x19, 0x05, 0x21, 0x06, 0x19, 0x06, 0x21,
    0x05, 0x19, 0x06, 0x21, 0x06, 0x21, 0x05, 0x21, 0x06, 0x19, 0x06, 0x21,
    0x05, 0x21, 0x06, 0x21, 0x06, 0x21, 0x06, 0x21, 0x05, 0x21, 0x06, 0x21,
    0x06, 0x19, 0x06, 0x21, 0x05, 0x21, 0x06, 0x19, 0x06, 0x21, 0x06, 0x19,
    0x05, 0x21, 0x06, 0x21, 0x05, 0x21, 0x06, 0x21, 0x05, 0x21, 0x06, 0x21,
    0x06, 0x21, 0x05, 0x21, 0x05, 0x21, 0x06, 0x21, 0x84, 0x18, 0xd6, 0x5c,
    0x7f, 0x87, 0xff, 0x7e, 0xff, 0x7e, 0xff, 0x7e, 0xff, 0x7e, 0xff, 0x7e,
    0xff, 0x7e, 0xff, 0x7e, 0xff, 0x7e, 0xff, 0x7e, 0xff, 0x7e, 0xff, 0x7e,
    0xff, 0x7e, 0xff, 0x7e, 0xff, 0x7e, 0xff, 0x7e, 0xff, 0x76, 0xff, 0x86,
    0x90, 0xff, 0x8e, 0xff, 0x8f, 0xff, 0x8f, 0xff, 0x8f, 0xff, 0x8f, 0xff,
    0x8f, 0xff, 0x8f, 0xff, 0x8f, 0xff, 0x8f, 0xff, 0x8f, 0xff, 0x8f, 0xff,
    0x8f, 0xff, 0x8f, 0xff, 0x8f, 0xff, 0x8f, 0xff, 0x8f, 0xff, 0x8f, 0xff,
    0x8f, 0xff, 0x8f, 0xff, 0x8f, 0xff, 0x8f, 0xff, 0x8f, 0xff, 0x8f, 0xff,
    0x8f, 0xff, 0x8f, 0xff, 0x8f, 0xff, 0x8f, 0xff, 0x8f, 0xff, 0x8f, 0xff,
    0x8f, 0xff, 0x8f, 0xff, 0x8f, 0xff, 0x8f, 0xff, 0x8f, 0xff, 0x8f, 0xff,
    0x8f, 0xff, 0x8f, 0xff, 0x8f, 0xff, 0x8f, 0xff, 0x8f, 0xff, 0x8f, 0xff,
    0x8f, 0xff, 0x8f, 0xff, 0x8f, 0xff, 0x8f, 0xff, 0x8f, 0xff, 0x8f, 0xff,
    0x8f, 0xff, 0x8f, 0xff, 0x8f, 0xff, 0x8f, 0xff, 0x8f, 0xff, 0x8f, 0xff,
    0xae, 0xff, 0x32, 0xff, 0x1f, 0xcd, 0x1f, 0xcd, 0x1f, 0xcd, 0x1f, 0xcd,
    0x1f, 0xcd, 0x1f, 0xcd, 0x1f, 0xcd, 0x1f, 0xcd, 0x1f, 0xcd, 0x1f, 0xcd,
    0x1f, 0xcd, 0x1f, 0xcd, 0x1f, 0xcd, 0x1f, 0xcd, 0x1f, 0xcd, 0x1f, 0xcd,
    0x1f, 0xcd, 0x1f, 0xcd, 0x1f, 0xcd, 0x1f, 0xcd, 0x1f, 0xcd, 0x1f, 0xcd,
    0x1f, 0xcd, 0x1f, 0xcd, 0x1f, 0xcd, 0x1f, 0xcd, 0x1f, 0xcd, 0x1f, 0xcd,
    0x1f, 0xcd, 0x1f, 0xcd, 0x1f, 0xcd, 0x1f, 0xcd, 0x1f, 0xcd, 0x1f, 0xcd,
    0x1f, 0xcd, 0x1f, 0xcd, 0x3f, 0xd5, 0xca, 0x39, 0xc4, 0x18, 0x06, 0x21,
    0x06, 0x21, 0x05, 0x21, 0x06, 0x19, 0x05, 0x21, 0x05, 0x21, 0x06, 0x21,
    0x06, 0x19, 0x05, 0x21, 0x06, 0x21, 0x06, 0x21, 0x05, 0x21, 0x06, 0x21,
    0x06, 0x19, 0x05, 0x21, 0x06, 0x21, 0x06, 0x21, 0x06, 0x21, 0x05, 0x21,
    0x06, 0x21, 0x06, 0x19, 0x05, 0x21, 0x06, 0x21, 0x06, 0x19, 0x05, 0x21,
    0x06, 0x21, 0x06, 0x21, 0x05, 0x19, 0x06, 0x21, 0x05, 0x21, 0x06, 0x19,
    0x05, 0x21, 0x06, 0x21, 0x06, 0x19, 0x05, 0x21, 0x06, 0x19, 0x06, 0x21,
    0x05, 0x19, 0x06, 0x21, 0xc5, 0x18, 0xc9, 0x31, 0xd9, 0x94, 0xd9, 0x94,
    0xb9, 0x8c, 0xb9, 0x94, 0xd9, 0x8c, 0xb9, 0x8c, 0xb9, 0x94, 0xd9, 0x94,
    0xd9, 0x8c, 0xb9, 0x8c, 0xd9, 0x8c, 0xb9, 0x94, 0xb9, 0x8c, 0xd9, 0x8c,
    0xb9, 0x94, 0xd9, 0x8c, 0xb9, 0x8c, 0x98, 0x94, 0xfd, 0x85, 0x3f, 0x7f,
    0xff, 0x7e, 0xff, 0x7e, 0xff, 0x7e, 0xff, 0x7e, 0xff, 0x7e, 0xff, 0x7e,
    0xff, 0x7e, 0xff, 0x7e, 0xff, 0x7e, 0xff, 0x7e, 0xff, 0x7e, 0xff, 0x7e,
    0xff, 0x7e, 0xff, 0x7e, 0xff, 0x7e, 0x1f, 0x7f, 0xdf, 0x7e, 0xe9, 0x31,
    0xc5, 0x18, 0x05, 0x21, 0x06, 0x21, 0x06, 0x21, 0x05, 0x19, 0x06, 0x21,
    0x06, 0x21, 0x05, 0x21, 0x06, 0x19, 0x06, 0x21, 0x05, 0x21, 0x06, 0x19,
    0x06, 0x21, 0x05, 0x21, 0x05, 0x19, 0x06, 0x21, 0x05, 0x19, 0x06, 0x21,
    0x05, 0x21, 0x06, 0x19, 0x05, 0x21, 0x06, 0x21, 0x05, 0x19, 0x05, 0x21,
    0x06, 0x21, 0x06, 0x19, 0x05, 0x21, 0x06, 0x19, 0x06, 0x21, 0x05, 0x19,
    0x06, 0x21, 0x06, 0x21, 0x05, 0x19, 0x06, 0x21, 0x06, 0x19, 0x84, 0x18,
    0xd6, 0x5c, 0x5f, 0x7f, 0xff, 0x7e, 0xff, 0x7e, 0xff, 0x7e, 0xff, 0x7e,
    0xff, 0x7e, 0xff, 0x7e, 0xff, 0x7e, 0xff, 0x7e, 0xff, 0x7e, 0xff, 0x7e,
    0xff, 0x7e, 0xff, 0x7e, 0xff, 0x7e, 0xff, 0x7e, 0xff, 0x7e, 0xff, 0x76,
    0xff, 0x86, 0x90, 0xff, 0x8f, 0xff, 0x8f, 0xff, 0x8f, 0xff, 0x8f, 0xff,
    0x8f, 0xff, 0x8f, 0xff, 0x8f, 0xff, 0x8f, 0xff, 0x8f, 0xff, 0x8f, 0xff,
    0x8f, 0xff, 0x8f, 0xff, 0x8f, 0xff, 0x8f, 0xff, 0x8f, 0xff, 0x8f, 0xff,
    0x8f, 0xff, 0x8f, 0xff, 0x8f, 0xff, 0x8f, 0xff, 0x8f, 0xff, 0x8f, 0xff,
    0x8f, 0xff, 0x8f, 0xff, 0x8f, 0xff, 0x8f, 0xff, 0x8f, 0xff, 0x8f, 0xff,
    0x8f, 0xff, 0x8f, 0xff, 0x8f, 0xff, 0x8f, 0xff, 0x8f, 0xff, 0x8f, 0xff,
    0x8f, 0xff, 0x8f, 0xff, 0x8f, 0xff, 0x8f, 0xff, 0x8f, 0xff, 0x8f, 0xff,
    0x8f, 0xff, 0x8f, 0xff, 0x8f, 0xff, 0x8f, 0xff, 0x8f, 0xff, 0x8f, 0xff,
    0x8f, 0xff, 0x8f, 0xff, 0x8f, 0xff, 0x8f, 0xff, 0x8f, 0xff, 0x8f, 0xff,
    0x8f, 0xff, 0xae, 0xff, 0x32, 0xff, 0x1f, 0xcd, 0x1f, 0xc5, 0x1f, 0xcd,
    0x1f, 0xcd, 0x1f, 0xcd, 0x1f, 0xcd, 0x1f, 0xcd, 0x1f, 0xcd, 0x1f, 0xcd,
    0x1f, 0xcd, 0x1f, 0xcd, 0x1f, 0xcd, 0x1f, 0xcd, 0x1f, 0xcd, 0x1f, 0xcd,
    0x1f, 0xcd, 0x1f, 0xcd, 0x1f, 0xcd, 0x1f, 0xcd, 0x1f, 0xcd, 0x1f, 0xcd,
    0x1f, 0xcd, 0x1f, 0xcd, 0x1f, 0xcd, 0x1f, 0xcd, 0x1f, 0xcd, 0x1f, 0xcd,
    0x1f, 0xcd, 0x1f, 0xcd, 0x1f, 0xcd, 0x1f, 0xcd, 0x1f, 0xcd, 0x1f, 0xcd,
    0x1f, 0xcd, 0x1f, 0xcd, 0x1f, 0xcd, 0x1f, 0xcd, 0xca, 0x41, 0xe4, 0x18,
    0x06, 0x21, 0x06, 0x19, 0x05, 0x21, 0x06, 0x21, 0x06, 0x19, 0x06, 0x21,
    0x05, 0x21, 0x06, 0x21, 0x06, 0x19, 0x05, 0x21, 0x06, 0x21, 0x06, 0x19,
    0x05, 0x21, 0x06, 0x21, 0x06, 0x21, 0x05, 0x21, 0x05, 0x21, 0x06, 0x19,
    0x06, 0x21, 0x05, 0x21, 0x06, 0x21, 0x06, 0x21, 0x05, 0x19, 0x06, 0x21,
    0x06, 0x21, 0x05, 0x19, 0x06, 0x21, 0x06, 0x21, 0x05, 0x19, 0x06, 0x21,
    0x06, 0x21, 0x05, 0x21, 0x06, 0x21, 0x06, 0x21, 0x05, 0x19, 0x06, 0x21,
    0x06, 0x21, 0x05, 0x21, 0x06, 0x21, 0xe5, 0x18, 0xa9, 0x31, 0xd9, 0x94,
    0xd9, 0x8c, 0xb9, 0x8c, 0xd9, 0x94, 0xb9, 0x94, 0xd9, 0x8c, 0xb9, 0x8c,
    0xb9, 0x94, 0xd9, 0x94, 0xb9, 0x8c, 0xd9, 0x94, 0xd9, 0x94, 0xb9, 0x8c,
    0xd9, 0x94, 0xb9, 0x94, 0xb9, 0x8c, 0xd9, 0x94, 0x98, 0x94, 0xfd, 0x85,
    0x1f, 0x77, 0xff, 0x7e, 0xff, 0x7e, 0xff, 0x7e, 0xff, 0x7e, 0xff, 0x7e,
    0xff, 0x7e, 0xff, 0x7e, 0xff, 0x7e, 0xff, 0x7e, 0xff, 0x7e, 0xff, 0x7e,
    0xff, 0x7e, 0xff, 0x7e, 0xff, 0x7e, 0xff, 0x7e, 0x1f, 0x7f, 0xdf, 0x7e,
    0xe9, 0x29, 0xc5, 0x18, 0x05, 0x21, 0x05, 0x21, 0x06, 0x21, 0x06, 0x21,
    0x05, 0x21, 0x06, 0x21, 0x06, 0x21, 0x05, 0x19, 0x06, 0x21, 0x05, 0x21,
    0x06, 0x21, 0x06, 0x21, 0x05, 0x19, 0x06, 0x21, 0x06, 0x21, 0x05, 0x19,
    0x06, 0x21, 0x06, 0x21, 0x05, 0x21, 0x06, 0x21, 0x06, 0x21, 0x06, 0x21,
    0x05, 0x21, 0x06, 0x21, 0x06, 0x21, 0x05, 0x21, 0x06, 0x21, 0x06, 0x19,
    0x05, 0x21, 0x06, 0x21, 0x05, 0x19, 0x06, 0x21, 0x06, 0x21, 0x05, 0x21,
    0xa4, 0x18, 0xd6, 0x5c, 0x5f, 0x87, 0xff, 0x7e, 0xff, 0x7e, 0xff, 0x7e,
    0xff, 0x7e, 0xff, 0x7e, 0xff, 0x7e, 0xff, 0x7e, 0xff, 0x7e, 0xff, 0x7e,
    0xff, 0x7e, 0xff, 0x7e, 0xff, 0x7e, 0xff, 0x7e, 0xff, 0x7e, 0xff, 0x7e,
    0xff, 0x7e, 0xff, 0x86, 0x90, 0xff, 0x8f, 0xff, 0x8f, 0xff, 0x8f, 0xff,
    0x8f, 0xff, 0x8f, 0xff, 0x8f, 0xff, 0x8f, 0xff, 0x8f, 0xff, 0x8f, 0xff,
    0x8f, 0xff, 0x8f, 0xff, 0x8f, 0xff, 0x8f, 0xff, 0x8f, 0xff, 0x8f, 0xff,
    0x8f, 0xff, 0x8f, 0xff, 0x8f, 0xff, 0x8f, 0xff, 0x8f, 0xff, 0x8f, 0xff,
    0x8f, 0xff, 0x8f, 0xff, 0x8f, 0xff, 0x8f, 0xff, 0x8f, 0xff, 0x8f, 0xff,
    0x8f, 0xff, 0x8f, 0xff, 0x8f, 0xff, 0x8f, 0xff, 0x8f, 0xff, 0x8f, 0xff,
    0x8f, 0xff, 0x8f, 0xff, 0x8f, 0xff, 0x8f, 0xff, 0x8f, 0xff, 0x8f, 0xff,
    0x8f, 0xff, 0x8f, 0xff, 0x8f, 0xff, 0x8f, 0xff, 0x8f, 0xff, 0x8f, 0xff,
    0x8f, 0xff, 0x8f, 0xff, 0x8f, 0xff, 0x8f, 0xff, 0x8f, 0xff, 0x8f, 0xff,
    0x8f, 0xff, 0x8f, 0xff, 0xae, 0xff, 0x32, 0xff, 0x1f, 0xcd, 0xff, 0xcc,
    0x1f, 0xcd, 0x1f, 0xcd, 0x1f, 0xcd, 0x1f, 0xcd, 0x1f, 0xcd, 0x1f, 0xcd,
    0x1f, 0xcd, 0x1f, 0xcd, 0x1f, 0xcd, 0x1f, 0xcd, 0x1f, 0xcd, 0x1f, 0xcd,
    0x1f, 0xcd, 0x1f, 0xcd, 0x1f, 0xcd, 0x1f, 0xcd, 0x1f, 0xcd, 0x1f, 0xcd,
    0x1f, 0xcd, 0x1f, 0xcd, 0x1f, 0xcd, 0x1f, 0xcd, 0x1f, 0xcd, 0x1f, 0xcd,
    0x1f, 0xcd, 0x1f, 0xcd, 0x1f, 0xcd, 0x1f, 0xcd, 0x1f, 0xcd, 0x1f, 0xcd,
    0x1f, 0xcd, 0x1f, 0xcd, 0x1f, 0xcd, 0x1f, 0xcd, 0x1f, 0xcd, 0xca, 0x39,
    0xc4, 0x18, 0x06, 0x21, 0x06, 0x21, 0x05, 0x21, 0x06, 0x21, 0x06, 0x21,
    0x05, 0x19, 0x06, 0x21, 0x06, 0x21, 0x05, 0x21, 0x06, 0x19, 0x06, 0x21,
    0x05, 0x21, 0x06, 0x19, 0x06, 0x21, 0x05, 0x21, 0x06, 0x19, 0x06, 0x21,
    0x05, 0x19, 0x06, 0x21, 0x05, 0x19, 0x06, 0x21, 0x06, 0x21, 0x05, 0x21,
    0x06, 0x21, 0x06, 0x21, 0x05, 0x19, 0x06, 0x21, 0x06, 0x21, 0x05, 0x21,
    0x06, 0x21, 0x06, 0x19, 0x05, 0x21, 0x06, 0x21, 0x05, 0x21, 0x06, 0x21,
    0x05, 0x21, 0x06, 0x19, 0x05, 0x21, 0x05, 0x21, 0xc5, 0x18, 0xc9, 0x31,
    0xd9, 0x94, 0xda, 0x94, 0xd9, 0x8c, 0xb9, 0x94, 0xd9, 0x94, 0xd9, 0x8c,
    0xb9, 0x8c, 0xd9, 0x94, 0xb9, 0x8c, 0xb9, 0x94, 0xd9, 0x8c, 0xb9, 0x8c,
    0xd9, 0x94, 0xd9, 0x8c, 0xb9, 0x8c, 0xd9, 0x94, 0xd9, 0x8c, 0x98, 0x94,
    0xfd, 0x85, 0x1f, 0x7f, 0xff, 0x7e, 0xff, 0x7e, 0xff, 0x7e, 0xff, 0x7e,
    0xff, 0x7e, 0xff, 0x7e, 0xff, 0x7e, 0xff, 0x7e, 0xff, 0x7e, 0xff, 0x7e,
    0xff, 0x7e, 0xff, 0x7e, 0xff, 0x7e, 0xff, 0x7e, 0xff, 0x7e, 0x1f, 0x7f,
    0xdf, 0x7e, 0xc9, 0x29, 0xc5, 0x18, 0x06, 0x21, 0x06, 0x21, 0x05, 0x19,
    0x06, 0x21, 0x05, 0x19, 0x06, 0x21, 0x06, 0x21, 0x05, 0x21, 0x06, 0x19,
    0x06, 0x21, 0x05, 0x21, 0x06, 0x19, 0x06, 0x21, 0x06, 0x21, 0x05, 0x21,
    0x06, 0x21, 0x06, 0x19, 0x05, 0x21, 0x06, 0x19, 0x06, 0x21, 0x05, 0x19,
    0x06, 0x21, 0x06, 0x19, 0x05, 0x21, 0x06, 0x19, 0x06, 0x21, 0x05, 0x21,
    0x06, 0x21, 0x06, 0x21, 0x05, 0x21, 0x06, 0x21, 0x06, 0x19, 0x05, 0x21,
    0x05, 0x21, 0x84, 0x18, 0xd6, 0x5c, 0x7f, 0x87, 0xff, 0x7e, 0xff, 0x7e,
    0xff, 0x7e, 0xff, 0x7e, 0xff, 0x7e, 0xff, 0x7e, 0xff, 0x7e, 0xff, 0x7e,
    0xff, 0x7e, 0xff, 0x7e, 0xff, 0x7e, 0xff, 0x7e, 0xff, 0x7e, 0xff, 0x7e,
    0xff, 0x7e, 0xff, 0x76, 0xff, 0x86, 0x90, 0xff, 0x8e, 0xff, 0x8f, 0xff,
    0x8f, 0xff, 0x8f, 0xff, 0x8f, 0xff, 0x8f, 0xff, 0x8f, 0xff, 0x8f, 0xff,
    0x8f, 0xff, 0x8f, 0xff, 0x8f, 0xff, 0x8f, 0xff, 0x8f, 0xff, 0x8f, 0xff,
    0x8f, 0xff, 0x8f, 0xff, 0x8f, 0xff, 0x8f, 0xff, 0x8f, 0xff, 0x8f, 0xff,
    0x8f, 0xff, 0x8f, 0xff, 0x8f, 0xff, 0x8f, 0xff, 0x8f, 0xff, 0x8f, 0xff,
    0x8f, 0xff, 0x8f, 0xff, 0x8f, 0xff, 0x8f, 0xff, 0x8f, 0xff, 0x8f, 0xff,
    0x8f, 0xff, 0x8f, 0xff, 0x8f, 0xff, 0x8f, 0xff, 0x8f, 0xff, 0x8f, 0xff,
    0x8f, 0xff, 0x8f, 0xff, 0x8f, 0xff, 0x8f, 0xff, 0x8f, 0xff, 0x8f, 0xff,
    0x8f, 0xff, 0x8f, 0xff, 0x8f, 0xff, 0x8f, 0xff, 0x8f, 0xff, 0x8f, 0xff,
    0x8f, 0xff, 0x8f, 0xff, 0x8f, 0xff, 0x8e, 0xff, 0x32, 0xff, 0x1f, 0xcd,
    0x1f, 0xcd, 0x1f, 0xcd, 0x1f, 0xcd, 0x1f, 0xcd, 0x1f, 0xcd, 0x1f, 0xcd,
    0x1f, 0xcd, 0x1f, 0xcd, 0x1f, 0xcd, 0x1f, 0xcd, 0x1f, 0xcd, 0x1f, 0xcd,
    0x1f, 0xcd, 0x1f, 0xcd, 0x1f, 0xcd, 0x1f, 0xcd, 0x1f, 0xcd, 0x1f, 0xcd,
    0x1f, 0xcd, 0x1f, 0xcd, 0x1f, 0xcd, 0x1f, 0xcd, 0x1f, 0xcd, 0x1f, 0xcd,
    0x1f, 0xcd, 0x1f, 0xcd, 0x1f, 0xcd, 0x1f, 0xcd, 0x1f, 0xcd, 0x1f, 0xcd,
    0x1f, 0xcd, 0x1f, 0xcd, 0x1f, 0xcd, 0x1f, 0xcd, 0x1f, 0xd5, 0x1f, 0xcd,
    0xca, 0x39, 0xc4, 0x18, 0x06, 0x21, 0x06, 0x19, 0x05, 0x21, 0x06, 0x21,
    0x05, 0x21, 0x06, 0x21, 0x06, 0x19, 0x05, 0x21, 0x05, 0x21, 0x06, 0x21,
    0x06, 0x21, 0x05, 0x21, 0x06, 0x21, 0x05, 0x21, 0x06, 0x21, 0x06, 0x21,
    0x06, 0x21, 0x06, 0x21, 0x05, 0x21, 0x06, 0x21, 0x06, 0x19, 0x05, 0x21,
    0x06, 0x19, 0x05, 0x21, 0x06, 0x21, 0x05, 0x21, 0x06, 0x21, 0x05, 0x19,
    0x06, 0x21, 0x06, 0x21, 0x05, 0x19, 0x06, 0x21, 0x06, 0x19, 0x05, 0x19,
    0x06, 0x21, 0x06, 0x21, 0x06, 0x19, 0x06, 0x21, 0x06, 0x21, 0xc5, 0x18,
    0xa9, 0x31, 0xd9, 0x94, 0xd9, 0x94, 0xb9, 0x8c, 0xb9, 0x8c, 0xd9, 0x94,
    0xb9, 0x8c, 0xd9, 0x94, 0xd9, 0x8c, 0xb9, 0x94, 0xd9, 0x8c, 0xb9, 0x94,
    0xb9, 0x94, 0xd9, 0x8c, 0xb9, 0x94, 0xb9, 0x8c, 0xd9, 0x94, 0xb9, 0x8c,
    0x98, 0x94, 0xfd, 0x85, 0x1f, 0x7f, 0xff, 0x7e, 0xff, 0x7e, 0xff, 0x7e,
    0xff, 0x7e, 0xff, 0x7e, 0xff, 0x7e, 0xff, 0x7e, 0xff, 0x7e, 0xff, 0x7e,
    0xff, 0x7e, 0xff, 0x7e, 0xff, 0x7e, 0xff, 0x7e, 0xff, 0x7e, 0xff, 0x7e,
    0x1f, 0x7f, 0xdf, 0x7e, 0xe9, 0x29, 0xc5, 0x18, 0x06, 0x21, 0x05, 0x21,
    0x06, 0x21, 0x06, 0x19, 0x05, 0x21, 0x06, 0x21, 0x05, 0x19, 0x06, 0x21,
    0x06, 0x21, 0x05, 0x19, 0x06, 0x21, 0x05, 0x21, 0x06, 0x21, 0x05, 0x19,
    0x06, 0x21, 0x06, 0x21, 0x05, 0x21, 0x06, 0x21, 0x06, 0x21, 0x05, 0x19,
    0x05, 0x21, 0x06, 0x21, 0x06, 0x21, 0x05, 0x19, 0x06, 0x21, 0x06, 0x21,
    0x05, 0x19, 0x06, 0x21, 0x06, 0x19, 0x05, 0x21, 0x06, 0x21, 0x06, 0x21,
    0x05, 0x19, 0x06, 0x19, 0x84, 0x18, 0xd6, 0x5c, 0x7f, 0x87, 0xff, 0x7e,
    0xff, 0x7e, 0xff, 0x7e, 0xff, 0x7e, 0xff, 0x7e, 0xff, 0x7e, 0xff, 0x7e,
    0xff, 0x7e, 0xff, 0x7e, 0xff, 0x7e, 0xff, 0x7e, 0xff, 0x7e, 0xff, 0x7e,
    0xff, 0x7e, 0xff, 0x7e, 0xff, 0x7e, 0xff, 0x86, 0x90, 0xff, 0x8f, 0xff,
    0x8f, 0xff, 0x8f, 0xff, 0x8f, 0xff, 0x8f, 0xff, 0x8f, 0xff, 0x8f, 0xff,
    0x8f, 0xff, 0x8f, 0xff, 0x8f, 0xff, 0x8f, 0xff, 0x8f, 0xff, 0x8f, 0xff,
    0x8f, 0xff, 0x8f, 0xff, 0x8f, 0xff, 0x8f, 0xff, 0x8f, 0xff, 0x8f, 0xff,
    0x8f, 0xff, 0x8f, 0xff, 0x8f, 0xff, 0x8f, 0xff, 0x8f, 0xff, 0x8f, 0xff,
    0x8f, 0xff, 0x8f, 0xff, 0x8f, 0xff, 0x8f, 0xff, 0x8f, 0xff, 0x8f, 0xff,
    0x8f, 0xff, 0x8f, 0xff, 0x8f, 0xff, 0x8f, 0xff, 0x8f, 0xff, 0x8f, 0xff,
    0x8f, 0xff, 0x8f, 0xff, 0x8f, 0xff, 0x8f, 0xff, 0x8f, 0xff, 0x8f, 0xff,
    0x8f, 0xff, 0x8f, 0xff, 0x8f, 0xff, 0x8f, 0xff, 0x8f, 0xff, 0x8f, 0xff,
    0x8f, 0xff, 0x8f, 0xff, 0x8f, 0xff, 0x8f, 0xff, 0xae, 0xff, 0x32, 0xff,
    0x1f, 0xcd, 0x1f, 0xcd, 0x1f, 0xcd, 0x1f, 0xcd, 0x1f, 0xcd, 0x1f, 0xcd,
    0x1f, 0xcd, 0x1f, 0xcd, 0x1f, 0xcd, 0x1f, 0xcd, 0x1f, 0xcd, 0x1f, 0xcd,
    0x1f, 0xcd, 0x1f, 0xcd, 0x1f, 0xcd, 0x1f, 0xcd, 0x1f, 0xcd, 0x1f, 0xcd,
    0x1f, 0xcd, 0x1f, 0xcd, 0x1f, 0xcd, 0x1f, 0xcd, 0x1f, 0xcd, 0x1f, 0xcd,
    0x1f, 0xcd, 0x1f, 0xcd, 0x1f, 0xcd, 0x1f, 0xcd, 0x1f, 0xcd, 0x1f, 0xcd,
    0x1f, 0xcd, 0x1f, 0xcd, 0x1f, 0xcd, 0x1f, 0xcd, 0x1f, 0xcd, 0x1f, 0xcd,
    0x1f, 0xcd, 0xca, 0x41, 0xe4, 0x18, 0x06, 0x21, 0x05, 0x19, 0x06, 0x21,
    0x06, 0x19, 0x05, 0x21, 0x06, 0x21, 0x06, 0x21, 0x05, 0x19, 0x06, 0x21,
    0x06, 0x21, 0x05, 0x19, 0x06, 0x21, 0x06, 0x19, 0x05, 0x21, 0x06, 0x19,
    0x05, 0x21, 0x05, 0x21, 0x06, 0x21, 0x06, 0x19, 0x05, 0x21, 0x06, 0x21,
    0x06, 0x21, 0x05, 0x21, 0x06, 0x19, 0x06, 0x21, 0x06, 0x21, 0x05, 0x19,
    0x06, 0x21, 0x05, 0x21, 0x06, 0x21, 0x05, 0x21, 0x06, 0x21, 0x06, 0x21,
    0x05, 0x21, 0x06, 0x21, 0x05, 0x21, 0x05, 0x21, 0x06, 0x21, 0x05, 0x19,
    0xe5, 0x18, 0xc9, 0x31, 0xd9, 0x94, 0xd9, 0x94, 0xb9, 0x8c, 0xd9, 0x94,
    0xb9, 0x8c, 0xb9, 0x94, 0xd9, 0x94, 0xb9, 0x8c, 0xd9, 0x94, 0xd9, 0x8c,
    0xb9, 0x8c, 0xd9, 0x94, 0xd9, 0x8c, 0xb9, 0x94, 0xd9, 0x94, 0xb9, 0x8c,
    0xb9, 0x94, 0x98, 0x94, 0xfd, 0x85, 0x3f, 0x7f, 0xff, 0x7e, 0xff, 0x7e,
    0xff, 0x7e, 0xff, 0x7e, 0xff, 0x7e, 0xff, 0x7e, 0xff, 0x7e, 0xff, 0x7e,
    0xff, 0x7e, 0xff, 0x7e, 0xff, 0x7e, 0xff, 0x7e, 0xff, 0x7e, 0xff, 0x7e,
    0xff, 0x7e, 0x1f, 0x7f, 0xdf, 0x7e, 0xe9, 0x31, 0xc5, 0x18, 0x05, 0x21,
    0x05, 0x21, 0x06, 0x21, 0x06, 0x21, 0x05, 0x21, 0x06, 0x21, 0x06, 0x19,
    0x05, 0x21, 0x06, 0x21, 0x06, 0x21, 0x05, 0x21, 0x06, 0x21, 0x05, 0x19,
    0x06, 0x21, 0x06, 0x21, 0x05, 0x19, 0x05, 0x21, 0x06, 0x21, 0x06, 0x21,
    0x05, 0x21, 0x06, 0x21, 0x06, 0x21, 0x05, 0x21, 0x06, 0x21, 0x05, 0x21,
    0x06, 0x21, 0x05, 0x21, 0x06, 0x19, 0x05, 0x21, 0x06, 0x21, 0x05, 0x19,
    0x06, 0x21, 0x06, 0x21, 0x06, 0x21, 0xa4, 0x18, 0xd6, 0x5c, 0x5f, 0x7f,
    0xff, 0x7e, 0xff, 0x7e, 0xff, 0x7e, 0xff, 0x7e, 0xff, 0x7e, 0xff, 0x7e,
    0xff, 0x7e, 0xff, 0x7e, 0xff, 0x7e, 0xff, 0x7e, 0xff, 0x7e, 0xff, 0x7e,
    0xff, 0x7e, 0xff, 0x7e, 0xff, 0x7e, 0xff, 0x76, 0xff, 0x86, 0x90, 0xff,
    0x8f, 0xff, 0x8f, 0xff, 0x8f, 0xff, 0x8f, 0xff, 0x8f, 0xff, 0x8f, 0xff,
    0x8f, 0xff, 0x8f, 0xff, 0x8f, 0xff, 0x8f, 0xff, 0x8f, 0xff, 0x8f, 0xff,
    0x8f, 0xff, 0x8f, 0xff, 0x8f, 0xff, 0x8f, 0xff, 0x8f, 0xff, 0x8f, 0xff,
    0x8f, 0xff, 0x8f, 0xff, 0x8f, 0xff, 0x8f, 0xff, 0x8f, 0xff, 0x8f, 0xff,
    0x8f, 0xff, 0x8f, 0xff, 0x8f, 0xff, 0x8f, 0xff, 0x8f, 0xff, 0x8f, 0xff,
    0x8f, 0xff, 0x8f, 0xff, 0x8f, 0xff, 0x8f, 0xff, 0x8f, 0xff, 0x8f, 0xff,
    0x8f, 0xff, 0x8f, 0xff, 0x8f, 0xff, 0x8f, 0xff, 0x8f, 0xff, 0x8f, 0xff,
    0x8f, 0xff, 0x8f, 0xff, 0x8f, 0xff, 0x8f, 0xff, 0x8f, 0xff, 0x8f, 0xff,
    0x8f, 0xff, 0x8f, 0xff, 0x8f, 0xff, 0x8f, 0xff, 0x8f, 0xff, 0xae, 0xff,
    0x32, 0xff, 0x1f, 0xcd, 0x1f, 0xcd, 0x1f, 0xcd, 0x1f, 0xcd, 0x1f, 0xcd,
    0x1f, 0xcd, 0x1f, 0xcd, 0x1f, 0xcd, 0x1f, 0xcd, 0x1f, 0xcd, 0x1f, 0xcd,
    0x1f, 0xcd, 0x1f, 0xcd, 0x1f, 0xcd, 0x1f, 0xcd, 0x1f, 0xcd, 0x1f, 0xcd,
    0x1f, 0xcd, 0x1f, 0xcd, 0x1f, 0xcd, 0x1f, 0xcd, 0x1f, 0xcd, 0x1f, 0xcd,
    0x1f, 0xcd, 0x1f, 0xcd, 0x1f, 0xcd, 0x1f, 0xcd, 0x1f, 0xcd, 0x1f, 0xcd,
    0x1f, 0xcd, 0x1f, 0xcd, 0x1f, 0xcd, 0x1f, 0xcd, 0x1f, 0xcd, 0x1f, 0xcd,
    0x3f, 0xcd, 0x1f, 0xcd, 0xca, 0x39, 0xc4, 0x18, 0x06, 0x21, 0x06, 0x21,
    0x05, 0x21, 0x06, 0x19, 0x06, 0x21, 0x05, 0x21, 0x06, 0x19, 0x06, 0x21,
    0x05, 0x21, 0x06, 0x19, 0x05, 0x21, 0x06, 0x21, 0x06, 0x21, 0x05, 0x19,
    0x06, 0x21, 0x06, 0x21, 0x06, 0x21, 0x05, 0x19, 0x06, 0x21, 0x05, 0x21,
    0x06, 0x21, 0x06, 0x19, 0x05, 0x21, 0x06, 0x21, 0x05, 0x19, 0x06, 0x21,
    0x06, 0x21, 0x05, 0x21, 0x06, 0x19, 0x06, 0x21, 0x05, 0x21, 0x06, 0x19,
    0x05, 0x21, 0x06, 0x21, 0x06, 0x19, 0x05, 0x21, 0x06, 0x21, 0x06, 0x19,
    0x05, 0x21, 0xc5, 0x18, 0xa9, 0x31, 0xd9, 0x94, 0xda, 0x94, 0xd9, 0x8c,
    0xb9, 0x94, 0xd9, 0x8c, 0xd9, 0x8c, 0xb9, 0x94, 0xb9, 0x8c, 0xd9, 0x94,
    0xb9, 0x94, 0xb9, 0x8c, 0xd9, 0x94, 0xb9, 0x8c, 0xd9, 0x8c, 0xd9, 0x94,
    0xb9, 0x8c, 0xd9, 0x8c, 0x98, 0x94, 0xfd, 0x85, 0x1f, 0x7f, 0xff, 0x7e,
    0xff, 0x7e, 0xff, 0x7e, 0xff, 0x7e, 0xff, 0x7e, 0xff, 0x7e, 0xff, 0x7e,
    0xff, 0x7e, 0xff, 0x7e, 0xff, 0x7e, 0xff, 0x7e, 0xff, 0x7e, 0xff, 0x7e,
    0xff, 0x7e, 0xff, 0x7e, 0x1f, 0x7f, 0xdf, 0x7e, 0xc9, 0x29, 0xc5, 0x18,
    0x06, 0x21, 0x06, 0x21, 0x05, 0x19, 0x06, 0x21, 0x06, 0x21, 0x05, 0x19,
    0x06, 0x21, 0x05, 0x21, 0x06, 0x21, 0x06, 0x19, 0x05, 0x21, 0x06, 0x21,
    0x06, 0x21, 0x05, 0x21, 0x06, 0x21, 0x06, 0x19, 0x05, 0x21, 0x06, 0x19,
    0x06, 0x21, 0x05, 0x21, 0x06, 0x19, 0x06, 0x19, 0x05, 0x21, 0x06, 0x21,
    0x06, 0x19, 0x05, 0x21, 0x06, 0x21, 0x06, 0x21, 0x05, 0x21, 0x06, 0x21,
    0x06, 0x21, 0x05, 0x21, 0x05, 0x21, 0x06, 0x19, 0x84, 0x18, 0xd6, 0x5c,
    0x5f, 0x87, 0xff, 0x7e, 0xff, 0x7e, 0xff, 0x7e, 0xff, 0x7e, 0xff, 0x7e,
    0xff, 0x7e, 0xff, 0x7e, 0xff, 0x7e, 0xff, 0x7e, 0xff, 0x7e, 0xff, 0x7e,
    0xff, 0x7e, 0xff, 0x7e, 0xff, 0x7e, 0xff, 0x7e, 0xff, 0x76, 0xff, 0x86,
    0x90, 0xff, 0x8e, 0xff, 0x8f, 0xff, 0x8f, 0xff, 0x8f, 0xff, 0x8f, 0xff,
    0x8f, 0xff, 0x8f, 0xff, 0x8f, 0xff, 0x8f, 0xff, 0x8f, 0xff, 0x8f, 0xff,
    0x8f, 0xff, 0x8f, 0xff, 0x8f, 0xff, 0x8f, 0xff, 0x8f, 0xff, 0x8f, 0xff,
    0x8f, 0xff, 0x8f, 0xff, 0x8f, 0xff, 0x8f, 0xff, 0x8f, 0xff, 0x8f, 0xff,
    0x8f, 0xff, 0x8f, 0xff, 0x8f, 0xff, 0x8f, 0xff, 0x8f, 0xff, 0x8f, 0xff,
    0x8f, 0xff, 0x8f, 0xff, 0x8f, 0xff, 0x8f, 0xff, 0x8f, 0xff, 0x8f, 0xff,
    0x8f, 0xff, 0x8f, 0xff, 0x8f, 0xff, 0x8f, 0xff, 0x8f, 0xff, 0x8f, 0xff,
    0x8f, 0xff, 0x8f, 0xff, 0x8f, 0xff, 0x8f, 0xff, 0x8f, 0xff, 0x8f, 0xff,
    0x8f, 0xff, 0x8f, 0xff, 0x8f, 0xff, 0x8f, 0xff, 0x8f, 0xff, 0x8f, 0xff,
    0xae, 0xff, 0x32, 0xf7, 0x1f, 0xcd, 0xff, 0xcc, 0x1f, 0xcd, 0x1f, 0xcd,
    0x1f, 0xcd, 0x1f, 0xcd, 0x1f, 0xcd, 0x1f, 0xcd, 0x1f, 0xcd, 0x1f, 0xcd,
    0x1f, 0xcd, 0x1f, 0xcd, 0x1f, 0xcd, 0x1f, 0xcd, 0x1f, 0xcd, 0x1f, 0xcd,
    0x1f, 0xcd, 0x1f, 0xcd, 0x1f, 0xcd, 0x1f, 0xcd, 0x1f, 0xcd, 0x1f, 0xcd,
    0x1f, 0xcd, 0x1f, 0xcd, 0x1f, 0xcd, 0x1f, 0xcd, 0x1f, 0xcd, 0x1f, 0xcd,
    0x1f, 0xcd, 0x1f, 0xcd, 0x1f, 0xcd, 0x1f, 0xcd, 0x1f, 0xcd, 0x1f, 0xcd,
    0x1f, 0xcd, 0x1f, 0xd5, 0x1f, 0xcd, 0xca, 0x39, 0xc4, 0x18, 0x06, 0x21,
    0x06, 0x21, 0x05, 0x21, 0x06, 0x21, 0x05, 0x21, 0x05, 0x19, 0x06, 0x21,
    0x06, 0x21, 0x05, 0x21, 0x06, 0x21, 0x06, 0x21, 0x05, 0x21, 0x06, 0x21,
    0x05, 0x21, 0x06, 0x21, 0x06, 0x21, 0x06, 0x21, 0x06, 0x21, 0x05, 0x21,
    0x06, 0x21, 0x05, 0x19, 0x06, 0x21, 0x06, 0x21, 0x05, 0x21, 0x06, 0x21,
    0x05, 0x19, 0x06, 0x21, 0x06, 0x21, 0x05, 0x19, 0x06, 0x21, 0x06, 0x21,
    0x05, 0x19, 0x06, 0x21, 0x06, 0x21, 0x05, 0x19, 0x06, 0x21, 0x06, 0x21,
    0x05, 0x21, 0x06, 0x21, 0xe5, 0x18, 0xa9, 0x31, 0xd9, 0x94, 0xd9, 0x8c,
    0xb9, 0x8c, 0xb9, 0x94, 0xd9, 0x94, 0xd9, 0x8c, 0xb9, 0x8c, 0xd9, 0x94,
    0xb9, 0x8c, 0xd9, 0x8c, 0xd9, 0x94, 0xb9, 0x94, 0xb9, 0x8c, 0xd9, 0x94,
    0xb9, 0x94, 0xd9, 0x8c, 0xb9, 0x8c, 0x98, 0x94, 0xfd, 0x85, 0x1f, 0x7f,
    0xff, 0x7e, 0xff, 0x7e, 0xff, 0x7e, 0xff, 0x7e, 0xff, 0x7e, 0xff, 0x7e,
    0xff, 0x7e, 0xff, 0x7e, 0xff, 0x7e, 0xff, 0x7e, 0xff, 0x7e, 0xff, 0x7e,
    0xff, 0x7e, 0xff, 0x7e, 0xff, 0x7e, 0x1f, 0x7f, 0xff, 0x7e, 0xc9, 0x29,
    0xc5, 0x18, 0x06, 0x21, 0x05, 0x21, 0x06, 0x19, 0x05, 0x21, 0x06, 0x21,
    0x06, 0x21, 0x05, 0x21, 0x06, 0x19, 0x05, 0x21, 0x06, 0x21, 0x06, 0x19,
    0x05, 0x21, 0x06, 0x19, 0x05, 0x21, 0x06, 0x21, 0x06, 0x21, 0x05, 0x21,
    0x06, 0x21, 0x06, 0x19, 0x05, 0x21, 0x06, 0x21, 0x05, 0x21, 0x06, 0x21,
    0x06, 0x19, 0x05, 0x21, 0x06, 0x21, 0x06, 0x19, 0x05, 0x21, 0x06, 0x19,
    0x06, 0x21, 0x05, 0x19, 0x06, 0x21, 0x06, 0x21, 0x05, 0x19, 0xa4, 0x18,
    0xd6, 0x5c, 0x5f, 0x87, 0xff, 0x7e, 0xff, 0x7e, 0xff, 0x7e, 0xff, 0x7e,
    0xff, 0x7e, 0xff, 0x7e, 0xff, 0x7e, 0xff, 0x7e, 0xff, 0x7e, 0xff, 0x7e,
    0xff, 0x7e, 0xff, 0x7e, 0xff, 0x7e, 0xff, 0x7e, 0xff, 0x7e, 0xff, 0x7e,
    0xff, 0x86, 0x90, 0xff, 0x8f, 0xff, 0x8f, 0xff, 0x8f, 0xff, 0x8f, 0xff,
    0x8f, 0xff, 0x8f, 0xff, 0x8f, 0xff, 0x8f, 0xff, 0x8f, 0xff, 0x8f, 0xff,
    0x8f, 0xff, 0x8f, 0xff, 0x8f, 0xff, 0x8f, 0xff, 0x8f, 0xff, 0x8f, 0xff,
    0x8f, 0xff, 0x8f, 0xff, 0x8f, 0xff, 0x8f, 0xff, 0x8f, 0xff, 0x8f, 0xff,
    0x8f, 0xff, 0x8f, 0xff, 0x8f, 0xff, 0x8f, 0xff, 0x8f, 0xff, 0x8f, 0xff,
    0x8f, 0xff, 0x8f, 0xff, 0x8f, 0xff, 0x8f, 0xff, 0x8f, 0xff, 0x8f, 0xff,
    0x8f, 0xff, 0x8f, 0xff, 0x8f, 0xff, 0x8f, 0xff, 0x8f, 0xff, 0x8f, 0xff,
    0x8f, 0xff, 0x8f, 0xff, 0x8f, 0xff, 0x8f, 0xff, 0x8f, 0xff, 0x8f, 0xff,
    0x8f, 0xff, 0x8f, 0xff, 0x8f, 0xff, 0x8f, 0xff, 0x8f, 0xff, 0x8f, 0xff,
    0x8f, 0xff, 0xae, 0xff, 0x32, 0xff, 0x1f, 0xcd, 0x1f, 0xcd, 0x1f, 0xcd,
    0x1f, 0xcd, 0x1f, 0xcd, 0x1f, 0xcd, 0x1f, 0xcd, 0x1f, 0xcd, 0x1f, 0xcd,
    0x1f, 0xcd, 0x1f, 0xcd, 0x1f, 0xcd, 0x1f, 0xcd, 0x1f, 0xcd, 0x1f, 0xcd,
    0x1f, 0xcd, 0x1f, 0xcd, 0x1f, 0xcd, 0x1f, 0xcd, 0x1f, 0xcd, 0x1f, 0xcd,
    0x1f, 0xcd, 0x1f, 0xcd, 0x1f, 0xcd, 0x1f, 0xcd, 0x1f, 0xcd, 0x1f, 0xcd,
    0x1f, 0xcd, 0x1f, 0xcd, 0x1f, 0xcd, 0x1f, 0xcd, 0x1f, 0xcd, 0x1f, 0xcd,
    0x1f, 0xcd, 0x1f, 0xcd, 0x1f, 0xcd, 0x1f, 0xcd, 0xca, 0x41, 0xe4, 0x18,
    0x06, 0x19, 0x06, 0x19, 0x05, 0x21, 0x06, 0x21, 0x06, 0x19, 0x06, 0x21,
    0x05, 0x21, 0x06, 0x19, 0x06, 0x21, 0x05, 0x19, 0x06, 0x19, 0x06, 0x21,
    0x05, 0x19, 0x06, 0x21, 0x05, 0x19, 0x05, 0x21, 0x05, 0x21, 0x06, 0x19,
    0x06, 0x21, 0x05, 0x21, 0x06, 0x19, 0x05, 0x21, 0x06, 0x21, 0x06, 0x19,
    0x05, 0x21, 0x06, 0x21, 0x05, 0x21, 0x06, 0x21, 0x05, 0x21, 0x06, 0x21,
    0x06, 0x21, 0x05, 0x21, 0x06, 0x21, 0x06, 0x21, 0x05, 0x21, 0x06, 0x19,
    0x06, 0x21, 0x05, 0x21, 0x06, 0x21, 0xe5, 0x18, 0xc9, 0x31, 0xd9, 0x94,
    0xd9, 0x94, 0xb9, 0x8c, 0xd9, 0x94, 0xb9, 0x94, 0xb9, 0x8c, 0xd9, 0x94,
    0xb9, 0x94, 0xd9, 0x8c, 0xb9, 0x8c, 0xd9, 0x94, 0xb9, 0x8c, 0xd9, 0x8c,
    0xb9, 0x94, 0xb9, 0x8c, 0xd9, 0x94, 0xb9, 0x94, 0x99, 0x94, 0xfd, 0x85,
    0x3f, 0x7f, 0xff, 0x7e, 0xff, 0x7e, 0xff, 0x7e, 0xff, 0x7e, 0xff, 0x7e,
    0xff, 0x7e, 0xff, 0x7e, 0xff, 0x7e, 0xff, 0x7e, 0xff, 0x7e, 0xff, 0x7e,
    0xff, 0x7e, 0xff, 0x7e, 0xff, 0x7e, 0xff, 0x7e, 0x1f, 0x7f, 0xdf, 0x7e,
    0xc9, 0x29, 0xc4, 0x18, 0x06, 0x21, 0x06, 0x19, 0x05, 0x19, 0x06, 0x19,
    0x05, 0x19, 0x06, 0x19, 0x06, 0x19, 0x05, 0x19, 0x06, 0x19, 0x05, 0x21,
    0x06, 0x19, 0x06, 0x19, 0x05, 0x19, 0x06, 0x19, 0x06, 0x19, 0x05, 0x19,
    0x06, 0x19, 0x05, 0x19, 0x06, 0x19, 0x06, 0x19, 0x05, 0x19, 0x06, 0x19,
    0x06, 0x19, 0x05, 0x19, 0x06, 0x21, 0x05, 0x19, 0x06, 0x19, 0x05, 0x19,
    0x06, 0x21, 0x06, 0x19, 0x05, 0x19, 0x06, 0x19, 0x06, 0x19, 0x05, 0x21,
    0x84, 0x18, 0xd6, 0x54, 0x7f, 0x87, 0xff, 0x7e, 0xff, 0x7e, 0xff, 0x7e,
    0xff, 0x7e, 0xff, 0x7e, 0xff, 0x7e, 0xff, 0x7e, 0xff, 0x7e, 0xff, 0x7e,
    0xff, 0x7e, 0xff, 0x7e, 0xff, 0x7e, 0xff, 0x7e, 0xff, 0x7e, 0xff, 0x7e,
    0xff, 0x76, 0xff, 0x86, 0x90, 0xff, 0x8f, 0xff, 0x8f, 0xff, 0x8f, 0xff,
    0x8f, 0xff, 0x8f, 0xff, 0x8f, 0xff, 0x8f, 0xff, 0x8f, 0xff, 0x8f, 0xff,
    0x8f, 0xff, 0x8f, 0xff, 0x8f, 0xff, 0x8f, 0xff, 0x8f, 0xff, 0x8f, 0xff,
    0x8f, 0xff, 0x8f, 0xff, 0x8f, 0xff, 0x8f, 0xff, 0x8f, 0xff, 0x8f, 0xff,
    0x8f, 0xff, 0x8f, 0xff, 0x8f, 0xff, 0x8f, 0xff, 0x8f, 0xff, 0x8f, 0xff,
    0x8f, 0xff, 0x8f, 0xff, 0x8f, 0xff, 0x8f, 0xff, 0x8f, 0xff, 0x8f, 0xff,
    0x8f, 0xff, 0x8f, 0xff, 0x8f, 0xff, 0x8f, 0xff, 0x8f, 0xff, 0x8f, 0xff,
    0x8f, 0xff, 0x8f, 0xff, 0x8f, 0xff, 0x8f, 0xff, 0x8f, 0xff, 0x8f, 0xff,
    0x8f, 0xff, 0x8f, 0xff, 0x8f, 0xff, 0x8f, 0xff, 0x8f, 0xff, 0x8f, 0xff,
    0x8f, 0xff, 0x8f, 0xff, 0x8e, 0xff, 0x32, 0xff, 0x1f, 0xcd, 0x1f, 0xcd,
    0x1f, 0xcd, 0x1f, 0xcd, 0x1f, 0xcd, 0x1f, 0xcd, 0x1f, 0xcd, 0x1f, 0xcd,
    0x1f, 0xcd, 0x1f, 0xcd, 0x1f, 0xcd, 0x1f, 0xcd, 0x1f, 0xcd, 0x1f, 0xcd,
    0x1f, 0xcd, 0x1f, 0xcd, 0x1f, 0xcd, 0x1f, 0xcd, 0x1f, 0xcd, 0x1f, 0xcd,
    0x1f, 0xcd, 0x1f, 0xcd, 0x1f, 0xcd, 0x1f, 0xcd, 0x1f, 0xcd, 0x1f, 0xcd,
    0x1f, 0xcd, 0x1f, 0xcd, 0x1f, 0xcd, 0x1f, 0xcd, 0x1f, 0xcd, 0x1f, 0xcd,
    0x1f, 0xcd, 0x1f, 0xcd, 0x1f, 0xcd, 0x1f, 0xcd, 0x1f, 0xcd, 0xaa, 0x41,
    0xe4, 0x18, 0x06, 0x21, 0x06, 0x21, 0x05, 0x21, 0x06, 0x19, 0x06, 0x21,
    0x05, 0x21, 0x06, 0x21, 0x05, 0x21, 0x06, 0x21, 0x05, 0x21, 0x06, 0x21,
    0x06, 0x21, 0x05, 0x21, 0x06, 0x19, 0x06, 0x21, 0x06, 0x21, 0x06, 0x21,
    0x05, 0x21, 0x06, 0x19, 0x06, 0x21, 0x05, 0x21, 0x06, 0x21, 0x05, 0x21,
    0x06, 0x19, 0x06, 0x21, 0x05, 0x21, 0x06, 0x19, 0x06, 0x21, 0x05, 0x19,
    0x06, 0x21, 0x06, 0x19, 0x05, 0x21, 0x06, 0x19, 0x05, 0x21, 0x06, 0x21,
    0x05, 0x21, 0x06, 0x19, 0x05, 0x21, 0x05, 0x21, 0xc5, 0x18, 0xa9, 0x31,
    0xd9, 0x94, 0xd9, 0x94, 0xd9, 0x8c, 0xb9, 0x8c, 0xd9, 0x94, 0xb9, 0x8c,
    0xd9, 0x8c, 0xd9, 0x94, 0xb9, 0x94, 0xb9, 0x94, 0xd9, 0x8c, 0xd9, 0x94,
    0xb9, 0x94, 0xd9, 0x8c, 0xd9, 0x8c, 0xb9, 0x94, 0xd9, 0x8c, 0x98, 0x94,
    0xfd, 0x85, 0x1f, 0x77, 0xff, 0x7e, 0xff, 0x7e, 0xff, 0x7e, 0xff, 0x7e,
    0xff, 0x7e, 0xff, 0x7e, 0xff, 0x7e, 0xff, 0x7e, 0xff, 0x7e, 0xff, 0x7e,
    0xff, 0x7e, 0xff, 0x7e, 0xff, 0x7e, 0xff, 0x7e, 0xff, 0x7e, 0x1f, 0x7f,
    0xdf, 0x7e, 0xc9, 0x29, 0xa4, 0x18, 0xe5, 0x18, 0xe6, 0x18, 0xe5, 0x18,
    0xe5, 0x18, 0xe6, 0x18, 0xe5, 0x18, 0xe5, 0x18, 0xe6, 0x18, 0xe5, 0x18,
    0xe5, 0x18, 0xe5, 0x18, 0xe6, 0x18, 0xe5, 0x18, 0xe5, 0x18, 0xe5, 0x18,
    0xe6, 0x18, 0xe5, 0x18, 0xe5, 0x18, 0xe5, 0x18, 0xe6, 0x18, 0xe5, 0x18,
    0xe5, 0x18, 0xe5, 0x18, 0xe6, 0x18, 0xe5, 0x18, 0xe5, 0x18, 0xe6, 0x18,
    0xe5, 0x18, 0xe5, 0x18, 0xe5, 0x18, 0xe5, 0x18, 0xe6, 0x18, 0xe5, 0x18,
    0xe5, 0x18, 0x64, 0x10, 0xb6, 0x5c, 0x5f, 0x87, 0xff, 0x7e, 0xff, 0x7e,
    0xff, 0x7e, 0xff, 0x7e, 0xff, 0x7e, 0xff, 0x7e, 0xff, 0x7e, 0xff, 0x7e,
    0xff, 0x7e, 0xff, 0x7e, 0xff, 0x7e, 0xff, 0x7e, 0xff, 0x7e, 0xff, 0x7e,
    0xff, 0x7e, 0xff, 0x7e, 0xff, 0x86, 0x90, 0xff, 0x8e, 0xff, 0x8f, 0xff,
    0x8f, 0xff, 0x8f, 0xff, 0x8f, 0xff, 0x8f, 0xff, 0x8f, 0xff, 0x8f, 0xff,
    0x8f, 0xff, 0x8f, 0xff, 0x8f, 0xff, 0x8f, 0xff, 0x8f, 0xff, 0x8f, 0xff,
    0x8f, 0xff, 0x8f, 0xff, 0x8f, 0xff, 0x8f, 0xff, 0x8f, 0xff, 0x8f, 0xff,
    0x8f, 0xff, 0x8f, 0xff, 0x8f, 0xff, 0x8f, 0xff, 0x8f, 0xff, 0x8f, 0xff,
    0x8f, 0xff, 0x8f, 0xff, 0x8f, 0xff, 0x8f, 0xff, 0x8f, 0xff, 0x8f, 0xff,
    0x8f, 0xff, 0x8f, 0xff, 0x8f, 0xff, 0x8f, 0xff, 0x8f, 0xff, 0x8f, 0xff,
    0x8f, 0xff, 0x8f, 0xff, 0x8f, 0xff, 0x8f, 0xff, 0x8f, 0xff, 0x8f, 0xff,
    0x8f, 0xff, 0x8f, 0xff, 0x8f, 0xff, 0x8f, 0xff, 0x8f, 0xff, 0x8f, 0xff,
    0x8f, 0xff, 0x8f, 0xff, 0x8f, 0xff, 0xae, 0xff, 0x31, 0xff, 0x1f, 0xcd,
    0x1f, 0xcd, 0x1f, 0xcd, 0x1f, 0xcd, 0x1f, 0xcd, 0x1f, 0xcd, 0x1f, 0xcd,
    0x1f, 0xcd, 0x1f, 0xcd, 0x1f, 0xcd, 0x1f, 0xcd, 0x1f, 0xcd, 0x1f, 0xcd,
    0x1f, 0xcd, 0x1f, 0xcd, 0x1f, 0xcd, 0x1f, 0xcd, 0x1f, 0xcd, 0x1f, 0xcd,
    0xff, 0xcc, 0xff, 0xcc, 0xff, 0xcc, 0xff, 0xcc, 0xff, 0xcc, 0xff, 0xcc,
    0xff, 0xcc, 0x1f, 0xcd, 0xff, 0xcc, 0xff, 0xcc, 0x1f, 0xcd, 0xff, 0xcc,
    0xff, 0xcc, 0x1f, 0xcd, 0xff, 0xcc, 0x1f, 0xcd, 0x1f, 0xcd, 0x1f, 0xcd,
    0xaa, 0x39, 0xc4, 0x18, 0x06, 0x21, 0x06, 0x21, 0x05, 0x21, 0x06, 0x21,
    0x05, 0x21, 0x06, 0x19, 0x06, 0x21, 0x05, 0x21, 0x06, 0x19, 0x06, 0x21,
    0x05, 0x21, 0x06, 0x21, 0x06, 0x21, 0x05, 0x21, 0x06, 0x21, 0x06, 0x21,
    0x06, 0x21, 0x05, 0x21, 0x06, 0x21, 0x06, 0x21, 0x05, 0x19, 0x06, 0x21,
    0x06, 0x21, 0x05, 0x21, 0x06, 0x21, 0x06, 0x19, 0x05, 0x21, 0x06, 0x21,
    0x06, 0x21, 0x05, 0x19, 0x06, 0x21, 0x06, 0x21, 0x05, 0x21, 0x06, 0x19,
    0x06, 0x21, 0x06, 0x21, 0x05, 0x19, 0x06, 0x21, 0x06, 0x21, 0xc5, 0x18,
    0xc9, 0x31, 0xd9, 0x94, 0xda, 0x94, 0xb9, 0x8c, 0xd9, 0x94, 0xb9, 0x8c,
    0xd9, 0x94, 0xb9, 0x8c, 0xd9, 0x8c, 0xb9, 0x94, 0xd9, 0x8c, 0xb9, 0x8c,
    0xb9, 0x94, 0xd9, 0x94, 0xb9, 0x8c, 0xd9, 0x94, 0xb9, 0x8c, 0xb9, 0x8c,
    0x98, 0x94, 0xfd, 0x85, 0x1f, 0x7f, 0xff, 0x7e, 0xff, 0x7e, 0xff, 0x7e,
    0xff, 0x7e, 0xff, 0x7e, 0xff, 0x7e, 0xff, 0x7e, 0xff, 0x7e, 0xff, 0x7e,
    0xff, 0x7e, 0xff, 0x7e, 0xff, 0x7e, 0xff, 0x7e, 0xff, 0x7e, 0xff, 0x7e,
    0xff, 0x7e, 0xff, 0x7e, 0x0d, 0xc5, 0x89, 0xd4, 0xaa, 0xd4, 0xaa, 0xd4,
    0xaa, 0xd4, 0xaa, 0xd4, 0xaa, 0xd4, 0xaa, 0xd4, 0xaa, 0xd4, 0xaa, 0xd4,
    0xaa, 0xd4, 0xaa, 0xd4, 0xaa, 0xd4, 0xaa, 0xd4, 0xaa, 0xd4, 0xaa, 0xd4,
    0xaa, 0xd4, 0xaa, 0xd4, 0xaa, 0xd4, 0xaa, 0xd4, 0xaa, 0xd4, 0xaa, 0xd4,
    0xaa, 0xd4, 0xaa, 0xd4, 0xaa, 0xd4, 0xaa, 0xd4, 0xaa, 0xd4, 0xaa, 0xd4,
    0xaa, 0xd4, 0xaa, 0xd4, 0xaa, 0xd4, 0xaa, 0xd4, 0xaa, 0xd4, 0xaa, 0xd4,
    0xaa, 0xd4, 0xaa, 0xd4, 0x89, 0xd4, 0x38, 0x9e, 0x1f, 0x77, 0xff, 0x7e,
    0xff, 0x7e, 0xff, 0x7e, 0xff, 0x7e, 0xff, 0x7e, 0xff, 0x7e, 0xff, 0x7e,
    0xff, 0x7e, 0xff, 0x7e, 0xff, 0x7e, 0xff, 0x7e, 0xff, 0x7e, 0xff, 0x7e,
    0xff, 0x7e, 0xff, 0x7e, 0xff, 0x76, 0xff, 0x86, 0x90, 0xff, 0x8f, 0xff,
    0x8f, 0xff, 0x8f, 0xff, 0x8f, 0xff, 0x8f, 0xff, 0x8f, 0xff, 0x8f, 0xff,
    0x8f, 0xff, 0x8f, 0xff, 0x8f, 0xff, 0x8f, 0xff, 0x8f, 0xff, 0x8f, 0xff,
    0x8f, 0xff, 0x8f, 0xff, 0x8f, 0xff, 0x8f, 0xff, 0xb0, 0xcf, 0xf2, 0x6f,
    0xf2, 0x77, 0xf2, 0x7f, 0xf2, 0x77, 0xf2, 0x77, 0xf2, 0x7f, 0xf2, 0x77,
    0xf2, 0x77, 0xf2, 0x7f, 0xf2, 0x77, 0xf2, 0x77, 0xf2, 0x7f, 0xf2, 0x77,
    0xf2, 0x77, 0xf2, 0x7f, 0xf2, 0x77, 0xf2, 0x77, 0xf2, 0x7f, 0xf2, 0x77,
    0xf2, 0x77, 0xf2, 0x7f, 0xf2, 0x77, 0xf2, 0x77, 0xf2, 0x7f, 0xf2, 0x77,
    0xf2, 0x77, 0xf2, 0x7f, 0xf2, 0x77, 0xf2, 0x77, 0xf2, 0x7f, 0xf2, 0x77,
    0xf2, 0x77, 0xf2, 0x7f, 0xf2, 0x77, 0xf2, 0x77, 0xf2, 0x77, 0x74, 0x87,
    0x1f, 0xcd, 0x1f, 0xcd, 0x1f, 0xcd, 0x1f, 0xcd, 0x1f, 0xcd, 0x1f, 0xcd,
    0x1f, 0xcd, 0x1f, 0xcd, 0x1f, 0xcd, 0x1f, 0xcd, 0x1f, 0xcd, 0x1f, 0xcd,
    0x1f, 0xcd, 0x1f, 0xcd, 0x1f, 0xcd, 0x1f, 0xcd, 0x1f, 0xcd, 0xdf, 0xc4,
    0x19, 0xde, 0x32, 0xf7, 0x13, 0xf7, 0x12, 0xf7, 0x13, 0xf7, 0x12, 0xf7,
    0x12, 0xf7, 0x13, 0xf7, 0x12, 0xf7, 0x12, 0xf7, 0x12, 0xf7, 0x12, 0xff,
    0x12, 0xf7, 0x12, 0xf7, 0x12, 0xff, 0x12, 0xf7, 0x12, 0xff, 0x13, 0xff,
    0x13, 0xff, 0x08, 0x42, 0xc5, 0x10, 0x06, 0x21, 0x05, 0x19, 0x06, 0x19,
    0x06, 0x21, 0x05, 0x21, 0x06, 0x19, 0x06, 0x21, 0x05, 0x21, 0x06, 0x19,
    0x06, 0x21, 0x05, 0x19, 0x06, 0x19, 0x05, 0x21, 0x06, 0x21, 0x05, 0x19,
    0x05, 0x21, 0x06, 0x21, 0x05, 0x19, 0x06, 0x21, 0x06, 0x21, 0x05, 0x19,
    0x06, 0x21, 0x06, 0x21, 0x05, 0x19, 0x06, 0x21, 0x06, 0x21, 0x05, 0x21,
    0x06, 0x21, 0x06, 0x21, 0x05, 0x21, 0x05, 0x21, 0x06, 0x21, 0x06, 0x21,
    0x05, 0x19, 0x06, 0x21, 0x06, 0x21, 0x05, 0x21, 0x06, 0x21, 0x06, 0x19,
    0xe4, 0x18, 0xa9, 0x31, 0xd9, 0x94, 0xd9, 0x94, 0xb9, 0x8c, 0xb9, 0x94,
    0xd9, 0x94, 0xb9, 0x8c, 0xb9, 0x94, 0xd9, 0x94, 0xd9, 0x8c, 0xb9, 0x94,
    0xd9, 0x8c, 0xb9, 0x8c, 0xd9, 0x94, 0xb9, 0x8c, 0xd9, 0x94, 0xd9, 0x94,
    0xb9, 0x8c, 0x98, 0x94, 0xfd, 0x85, 0x3f, 0x7f, 0xff, 0x7e, 0xff, 0x7e,
    0xff, 0x7e, 0xff, 0x7e, 0xff, 0x7e, 0xff, 0x7e, 0xff, 0x7e, 0xff, 0x7e,
    0xff, 0x7e, 0xff, 0x7e, 0xff, 0x7e, 0xff, 0x7e, 0xff, 0x7e, 0xff, 0x7e,
    0xff, 0x7e, 0xff, 0x7e, 0xff, 0x7e, 0x0e, 0xfe, 0xeb, 0xfd, 0xec, 0xfd,
    0xec, 0xfd, 0xec, 0xfd, 0xec, 0xfd, 0xec, 0xfd, 0xec, 0xfd, 0xec, 0xfd,
    0xec, 0xfd, 0xec, 0xfd, 0xec, 0xfd, 0xec, 0xfd, 0xec, 0xfd, 0xec, 0xfd,
    0xec, 0xfd, 0xec, 0xfd, 0xec, 0xfd, 0xec, 0xfd, 0xec, 0xfd, 0xec, 0xfd,
    0xec, 0xfd, 0xec, 0xfd, 0xec, 0xfd, 0xec, 0xfd, 0xec, 0xfd, 0xec, 0xfd,
    0xec, 0xfd, 0xec, 0xfd, 0xec, 0xfd, 0xec, 0xfd, 0xec, 0xfd, 0xec, 0xfd,
    0xec, 0xfd, 0xec, 0xfd, 0xeb, 0xfd, 0xca, 0xfd, 0x99, 0xae, 0x1f, 0x77,
    0xff, 0x7e, 0xff, 0x7e, 0xff, 0x7e, 0xff, 0x7e, 0xff, 0x7e, 0xff, 0x7e,
    0xff, 0x7e, 0xff, 0x7e, 0xff, 0x7e, 0xff, 0x7e, 0xff, 0x7e, 0xff, 0x7e,
    0xff, 0x7e, 0xff, 0x7e, 0xff, 0x7e, 0xff, 0x76, 0xff, 0x86, 0x90, 0xff,
    0x8e, 0xff, 0x8f, 0xff, 0x8f, 0xff, 0x8f, 0xff, 0x8f, 0xff, 0x8f, 0xff,
    0x8f, 0xff, 0x8f, 0xff, 0x8f, 0xff, 0x8f, 0xff, 0x8f, 0xff, 0x8f, 0xff,
    0x8f, 0xff, 0x8f, 0xff, 0x8f, 0xff, 0x8f, 0xff, 0x8f, 0xff, 0xb1, 0xbf,
    0xf3, 0x3f, 0xf3, 0x4f, 0xf3, 0x4f, 0xf3, 0x4f, 0xf3, 0x4f, 0xf3, 0x4f,
    0xf3, 0x4f, 0xf3, 0x4f, 0xf3, 0x4f, 0xf3, 0x4f, 0xf3, 0x4f, 0xf3, 0x4f,
    0xf3, 0x4f, 0xf3, 0x4f, 0xf3, 0x4f, 0xf3, 0x4f, 0xf3, 0x4f, 0xf3, 0x4f,
    0xf3, 0x4f, 0xf3, 0x4f, 0xf3, 0x4f, 0xf3, 0x4f, 0xf3, 0x4f, 0xf3, 0x4f,
    0xf3, 0x4f, 0xf3, 0x4f, 0xf3, 0x4f, 0xf3, 0x4f, 0xf3, 0x4f, 0xf3, 0x4f,
    0xf3, 0x4f, 0xf3, 0x4f, 0xf3, 0x4f, 0xf3, 0x4f, 0xf3, 0x4f, 0xf3, 0x47,
    0x95, 0x5f, 0x1f, 0xcd, 0x1f, 0xcd, 0x1f, 0xcd, 0x1f, 0xcd, 0x1f, 0xcd,
    0x1f, 0xcd, 0x1f, 0xcd, 0x1f, 0xcd, 0x1f, 0xcd, 0x1f, 0xcd, 0x1f, 0xcd,
    0x1f, 0xcd, 0x1f, 0xcd, 0x1f, 0xcd, 0x1f, 0xcd, 0x1f, 0xcd, 0x1f, 0xcd,
    0xdf, 0xc4, 0x57, 0xee, 0xed, 0xff, 0xae, 0xff, 0xae, 0xff, 0xae, 0xff,
    0xae, 0xff, 0xae, 0xff, 0xae, 0xff, 0xae, 0xff, 0xae, 0xff, 0xae, 0xff,
    0xae, 0xff, 0xae, 0xff, 0xae, 0xff, 0xae, 0xff, 0xae, 0xff, 0xae, 0xff,
    0xae, 0xff, 0xce, 0xff, 0x27, 0x42, 0xc5, 0x18, 0x06, 0x21, 0x06, 0x21,
    0x05, 0x21, 0x06, 0x21, 0x06, 0x21, 0x05, 0x21, 0x06, 0x21, 0x05, 0x21,
    0x06, 0x21, 0x05, 0x21, 0x06, 0x21, 0x06, 0x21, 0x05, 0x21, 0x06, 0x19,
    0x06, 0x21, 0x06, 0x21, 0x06, 0x21, 0x05, 0x21, 0x06, 0x19, 0x05, 0x21,
    0x06, 0x21, 0x06, 0x21, 0x05, 0x19, 0x06, 0x21, 0x05, 0x21, 0x06, 0x19,
    0x05, 0x21, 0x06, 0x19, 0x06, 0x19, 0x05, 0x21, 0x06, 0x19, 0x06, 0x21,
    0x05, 0x21, 0x05, 0x21, 0x06, 0x19, 0x05, 0x21, 0x06, 0x21, 0x06, 0x21,
    0x05, 0x21, 0xc5, 0x18, 0xc9, 0x31, 0xd9, 0x94, 0xd9, 0x8c, 0xb9, 0x8c,
    0xd9, 0x94, 0xd9, 0x8c, 0xb9, 0x8c, 0xd9, 0x94, 0xb9, 0x8c, 0xb9, 0x94,
    0xd9, 0x94, 0xd9, 0x8c, 0xb9, 0x94, 0xd9, 0x8c, 0xb9, 0x8c, 0xb9, 0x94,
    0xd9, 0x8c, 0xd9, 0x94, 0x98, 0x94, 0xfd, 0x85, 0x1f, 0x7f, 0xff, 0x7e,
    0xff, 0x7e, 0xff, 0x7e, 0xff, 0x7e, 0xff, 0x7e, 0xff, 0x7e, 0xff, 0x7e,
    0xff, 0x7e, 0xff, 0x7e, 0xff, 0x7e, 0xff, 0x7e, 0xff, 0x7e, 0xff, 0x7e,
    0xff, 0x7e, 0xff, 0x7e, 0xff, 0x7e, 0xff, 0x7e, 0xee, 0xed, 0xaa, 0xfd,
    0xab, 0xfd, 0xab, 0xfd, 0xab, 0xfd, 0xab, 0xfd, 0xab, 0xfd, 0xab, 0xfd,
    0xab, 0xfd, 0xab, 0xfd, 0xab, 0xfd, 0xab, 0xfd, 0xab, 0xfd, 0xab, 0xfd,
    0xab, 0xfd, 0xab, 0xfd, 0xab, 0xfd, 0xab, 0xfd, 0xab, 0xfd, 0xab, 0xfd,
    0xab, 0xfd, 0xab, 0xfd, 0xab, 0xfd, 0xab, 0xfd, 0xab, 0xfd, 0xab, 0xfd,
    0xab, 0xfd, 0xab, 0xfd, 0xab, 0xfd, 0xab, 0xfd, 0xab, 0xfd, 0xab, 0xfd,
    0xab, 0xfd, 0xab, 0xfd, 0xab, 0xfd, 0xab, 0xfd, 0x8a, 0xfd, 0x78, 0xae,
    0x1f, 0x77, 0xff, 0x7e, 0xff, 0x7e, 0xff, 0x7e, 0xff, 0x7e, 0xff, 0x7e,
    0xff, 0x7e, 0xff, 0x7e, 0xff, 0x7e, 0xff, 0x7e, 0xff, 0x7e, 0xff, 0x7e,
    0xff, 0x7e, 0xff, 0x7e, 0xff, 0x7e, 0xff, 0x7e, 0xff, 0x7e, 0xff, 0x86,
    0x90, 0xff, 0x8f, 0xff, 0x8f, 0xff, 0x8f, 0xff, 0x8f, 0xff, 0x8f, 0xff,
    0x8f, 0xff, 0x8f, 0xff, 0x8f, 0xff, 0x8f, 0xff, 0x8f, 0xff, 0x8f, 0xff,
    0x8f, 0xff, 0x8f, 0xff, 0x8f, 0xff, 0x8f, 0xff, 0x8f, 0xff, 0x8f, 0xff,
    0xb0, 0xbf, 0xf3, 0x47, 0xf3, 0x57, 0xf3, 0x57, 0xf3, 0x57, 0xf3, 0x57,
    0xf3, 0x57, 0xf3, 0x57, 0xf3, 0x57, 0xf3, 0x57, 0xf3, 0x57, 0xf3, 0x57,
    0xf3, 0x57, 0xf3, 0x57, 0xf3, 0x57, 0xf3, 0x57, 0xf3, 0x57, 0xf3, 0x57,
    0xf3, 0x57, 0xf3, 0x57, 0xf3, 0x57, 0xf3, 0x57, 0xf3, 0x57, 0xf3, 0x57,
    0xf3, 0x57, 0xf3, 0x57, 0xf3, 0x57, 0xf3, 0x57, 0xf3, 0x57, 0xf3, 0x57,
    0xf3, 0x57, 0xf3, 0x57, 0xf3, 0x57, 0xf3, 0x57, 0xf3, 0x57, 0xf3, 0x57,
    0xf2, 0x4f, 0x94, 0x67, 0x1f, 0xcd, 0x1f, 0xcd, 0x1f, 0xcd, 0x1f, 0xcd,
    0x1f, 0xcd, 0x1f, 0xcd, 0x1f, 0xcd, 0x1f, 0xcd, 0x1f, 0xcd, 0x1f, 0xcd,
    0x1f, 0xcd, 0x1f, 0xcd, 0x1f, 0xcd, 0x1f, 0xcd, 0x1f, 0xcd, 0x1f, 0xcd,
    0x1f, 0xcd, 0xdf, 0xc4, 0x58, 0xe6, 0xce, 0xff, 0x8f, 0xff, 0x8f, 0xff,
    0x8f, 0xff, 0x8f, 0xff, 0x8f, 0xff, 0x8f, 0xff, 0x8f, 0xff, 0x8f, 0xff,
    0x8f, 0xff, 0x8f, 0xff, 0x8f, 0xff, 0x8f, 0xff, 0x8f, 0xff, 0x8f, 0xff,
    0x8f, 0xff, 0x8f, 0xff, 0xaf, 0xff, 0x27, 0x42, 0xa5, 0x10, 0x06, 0x21,
    0x06, 0x21, 0x05, 0x19, 0x06, 0x21, 0x05, 0x19, 0x06, 0x21, 0x06, 0x19,
    0x06, 0x21, 0x05, 0x21, 0x06, 0x19, 0x06, 0x21, 0x05, 0x21, 0x06, 0x21,
    0x06, 0x21, 0x05, 0x21, 0x06, 0x21, 0x06, 0x21, 0x06, 0x21, 0x05, 0x21,
    0x06, 0x21, 0x06, 0x21, 0x05, 0x19, 0x06, 0x21, 0x06, 0x21, 0x05, 0x21,
    0x06, 0x21, 0x06, 0x21, 0x05, 0x21, 0x06, 0x21, 0x06, 0x21, 0x05, 0x21,
    0x06, 0x19, 0x06, 0x21, 0x06, 0x21, 0x05, 0x21, 0x06, 0x19, 0x06, 0x21,
    0x05, 0x19, 0x06, 0x21, 0xc5, 0x18, 0xc9, 0x31, 0xd9, 0x94, 0xda, 0x94,
    0xb9, 0x8c, 0xd9, 0x94, 0xb9, 0x8c, 0xd9, 0x94, 0xd9, 0x8c, 0xb9, 0x8c,
    0xb9, 0x94, 0xd9, 0x8c, 0xb9, 0x94, 0xb9, 0x94, 0xd9, 0x8c, 0xd9, 0x94,
    0xb9, 0x8c, 0xb9, 0x8c, 0xd9, 0x94, 0x98, 0x94, 0xfd, 0x85, 0x1f, 0x7f,
    0xff, 0x7e, 0xff, 0x7e, 0xff, 0x7e, 0xff, 0x7e, 0xff, 0x7e, 0xff, 0x7e,
    0xff, 0x7e, 0xff, 0x7e, 0xff, 0x7e, 0xff, 0x7e, 0xff, 0x7e, 0xff, 0x7e,
    0xff, 0x7e, 0xff, 0x7e, 0xff, 0x7e, 0xff, 0x7e, 0xff, 0x7e, 0xce, 0xed,
    0x8b, 0xfd, 0xab, 0xfd, 0xab, 0xfd, 0xab, 0xfd, 0xab, 0xfd, 0xab, 0xfd,
    0xab, 0xfd, 0xab, 0xfd, 0xab, 0xfd, 0xab, 0xfd, 0xab, 0xfd, 0xab, 0xfd,
    0xab, 0xfd, 0xab, 0xfd, 0xab, 0xfd, 0xab, 0xfd, 0xab, 0xfd, 0xab, 0xfd,
    0xab, 0xfd, 0xab, 0xfd, 0xab, 0xfd, 0xab, 0xfd, 0xab, 0xfd, 0xab, 0xfd,
    0xab, 0xfd, 0xab, 0xfd, 0xab, 0xfd, 0xab, 0xfd, 0xab, 0xfd, 0xab, 0xfd,
    0xab, 0xfd, 0xab, 0xfd, 0xab, 0xfd, 0xab, 0xfd, 0xab, 0xfd, 0x8a, 0xfd,
    0x78, 0xae, 0x1f, 0x77, 0xff, 0x7e, 0xff, 0x7e, 0xff, 0x7e, 0xff, 0x7e,
    0xff, 0x7e, 0xff, 0x7e, 0xff, 0x7e, 0xff, 0x7e, 0xff, 0x7e, 0xff, 0x7e,
    0xff, 0x7e, 0xff, 0x7e, 0xff, 0x7e, 0xff, 0x7e, 0xff, 0x7e, 0xff, 0x76,
    0xff, 0x86, 0x90, 0xff, 0x8f, 0xff, 0x8f, 0xff, 0x8f, 0xff, 0x8f, 0xff,
    0x8f, 0xff, 0x8f, 0xff, 0x8f, 0xff, 0x8f, 0xff, 0x8f, 0xff, 0x8f, 0xff,
    0x8f, 0xff, 0x8f, 0xff, 0x8f, 0xff, 0x8f, 0xff, 0x8f, 0xff, 0x8f, 0xff,
    0x8f, 0xff, 0xd0, 0xc7, 0xf3, 0x47, 0xf3, 0x57, 0xf3, 0x57, 0xf3, 0x57,
    0xf3, 0x57, 0xf3, 0x57, 0xf3, 0x57, 0xf3, 0x57, 0xf3, 0x57, 0xf3, 0x57,
    0xf3, 0x57, 0xf3, 0x57, 0xf3, 0x57, 0xf3, 0x57, 0xf3, 0x57, 0xf3, 0x57,
    0xf3, 0x57, 0xf3, 0x57, 0xf3, 0x57, 0xf3, 0x57, 0xf3, 0x57, 0xf3, 0x57,
    0xf3, 0x57, 0xf3, 0x57, 0xf3, 0x57, 0xf3, 0x57, 0xf3, 0x57, 0xf3, 0x57,
    0xf3, 0x57, 0xf3, 0x57, 0xf3, 0x57, 0xf3, 0x57, 0xf3, 0x57, 0xf3, 0x57,
    0xf3, 0x57, 0xf2, 0x4f, 0x95, 0x67, 0x1f, 0xcd, 0x1f, 0xcd, 0x1f, 0xcd,
    0x1f, 0xcd, 0x1f, 0xcd, 0x1f, 0xcd, 0x1f, 0xcd, 0x1f, 0xcd, 0x1f, 0xcd,
    0x1f, 0xcd, 0x1f, 0xcd, 0x1f, 0xcd, 0x1f, 0xcd, 0x1f, 0xcd, 0x1f, 0xcd,
    0x1f, 0xcd, 0x1f, 0xcd, 0xdf, 0xc4, 0x58, 0xee, 0xcd, 0xff, 0x8f, 0xff,
    0x8f, 0xff, 0x8f, 0xff, 0x8f, 0xff, 0x8f, 0xff, 0x8f, 0xff, 0x8f, 0xff,
    0x8f, 0xff, 0x8f, 0xff, 0x8f, 0xff, 0x8f, 0xff, 0x8f, 0xff, 0x8f, 0xff,
    0x8f, 0xff, 0x8f, 0xff, 0x8f, 0xff, 0x8f, 0xff, 0x27, 0x4a, 0xa5, 0x10,
    0x06, 0x21, 0x05, 0x21, 0x06, 0x21, 0x06, 0x21, 0x05, 0x21, 0x05, 0x19,
    0x06, 0x21, 0x06, 0x21, 0x05, 0x19, 0x06, 0x21, 0x05, 0x21, 0x06, 0x19,
    0x06, 0x19, 0x05, 0x21, 0x05, 0x19, 0x06, 0x21, 0x05, 0x21, 0x06, 0x19,
    0x06, 0x21, 0x05, 0x21, 0x06, 0x19, 0x05, 0x21, 0x06, 0x21, 0x06, 0x21,
    0x05, 0x19, 0x06, 0x21, 0x06, 0x21, 0x05, 0x19, 0x06, 0x21, 0x06, 0x21,
    0x05, 0x21, 0x06, 0x19, 0x06, 0x21, 0x05, 0x21, 0x06, 0x21, 0x06, 0x21,
    0x05, 0x21, 0x05, 0x21, 0x06, 0x21, 0xe5, 0x18, 0xa9, 0x31, 0xd9, 0x94,
    0xd9, 0x94, 0xb9, 0x8c, 0xb9, 0x94, 0xd9, 0x94, 0xb9, 0x8c, 0xd9, 0x94,
    0xd9, 0x94, 0xb9, 0x8c, 0xd9, 0x8c, 0xd9, 0x94, 0xb9, 0x8c, 0xd9, 0x94,
    0xd9, 0x94, 0xb9, 0x8c, 0xb9, 0x94, 0xd9, 0x8c, 0x98, 0x94, 0xfd, 0x85,
    0x1f, 0x77, 0xff, 0x7e, 0xff, 0x7e, 0xff, 0x7e, 0xff, 0x7e, 0xff, 0x7e,
    0xff, 0x7e, 0xff, 0x7e, 0xff, 0x7e, 0xff, 0x7e, 0xff, 0x7e, 0xff, 0x7e,
    0xff, 0x7e, 0xff, 0x7e, 0xff, 0x7e, 0xff, 0x7e, 0xff, 0x7e, 0xff, 0x7e,
    0xee, 0xf5, 0xaa, 0xfd, 0xab, 0xfd, 0xac, 0xfd, 0xab, 0xfd, 0xab, 0xfd,
    0xac, 0xfd, 0xab, 0xfd, 0xab, 0xfd, 0xac, 0xfd, 0xab, 0xfd, 0xab, 0xfd,
    0xac, 0xfd, 0xab, 0xfd, 0xab, 0xfd, 0xac, 0xfd, 0xab, 0xfd, 0xab, 0xfd,
    0xac, 0xfd, 0xab, 0xfd, 0xab, 0xfd, 0xac, 0xfd, 0xab, 0xfd, 0xab, 0xfd,
    0xac, 0xfd, 0xab, 0xfd, 0xab, 0xfd, 0xac, 0xfd, 0xab, 0xfd, 0xab, 0xfd,
    0xac, 0xfd, 0xab, 0xfd, 0xab, 0xfd, 0xac, 0xfd, 0xab, 0xfd, 0xab, 0xfd,
    0x8a, 0xfd, 0x79, 0xae, 0x1f, 0x77, 0xff, 0x7e, 0xff, 0x7e, 0xff, 0x7e,
    0xff, 0x7e, 0xff, 0x7e, 0xff, 0x7e, 0xff, 0x7e, 0xff, 0x7e, 0xff, 0x7e,
    0xff, 0x7e, 0xff, 0x7e, 0xff, 0x7e, 0xff, 0x7e, 0xff, 0x7e, 0xff, 0x7e,
    0xff, 0x7e, 0xff, 0x86, 0x90, 0xff, 0x8e, 0xff, 0x8f, 0xff, 0x8f, 0xff,
    0x8f, 0xff, 0x8f, 0xff, 0x8f, 0xff, 0x8f, 0xff, 0x8f, 0xff, 0x8f, 0xff,
    0x8f, 0xff, 0x8f, 0xff, 0x8f, 0xff, 0x8f, 0xff, 0x8f, 0xff, 0x8f, 0xff,
    0x8f, 0xff, 0x8f, 0xff, 0xb1, 0xbf, 0xf3, 0x4f, 0xf3, 0x57, 0xf3, 0x57,
    0xf3, 0x57, 0xf2, 0x57, 0xf3, 0x57, 0xf3, 0x57, 0xf2, 0x57, 0xf3, 0x57,
    0xf3, 0x57, 0xf2, 0x57, 0xf3, 0x57, 0xf3, 0x57, 0xf2, 0x57, 0xf3, 0x57,
    0xf3, 0x57, 0xf2, 0x57, 0xf3, 0x57, 0xf3, 0x57, 0xf2, 0x57, 0xf3, 0x57,
    0xf3, 0x57, 0xf2, 0x57, 0xf3, 0x57, 0xf3, 0x57, 0xf2, 0x57, 0xf3, 0x57,
    0xf3, 0x57, 0xf2, 0x57, 0xf3, 0x57, 0xf3, 0x57, 0xf2, 0x57, 0xf3, 0x57,
    0xf3, 0x57, 0xf2, 0x57, 0xf2, 0x57, 0x95, 0x67, 0x1f, 0xcd, 0x1f, 0xcd,
    0x1f, 0xcd, 0x1f, 0xcd, 0x1f, 0xcd, 0x1f, 0xcd, 0x1f, 0xcd, 0x1f, 0xcd,
    0x1f, 0xcd, 0x1f, 0xcd, 0x1f, 0xcd, 0x1f, 0xcd, 0x1f, 0xcd, 0x1f, 0xcd,
    0x1f, 0xcd, 0x1f, 0xcd, 0x1f, 0xcd, 0xdf, 0xc4, 0x58, 0xee, 0xce, 0xff,
    0x8f, 0xff, 0x8f, 0xff, 0x8f, 0xff, 0x8f, 0xff, 0x8f, 0xff, 0x8f, 0xff,
    0x8f, 0xff, 0x8f, 0xff, 0x8f, 0xff, 0x8f, 0xff, 0x8f, 0xff, 0x8f, 0xff,
    0x8f, 0xff, 0x8f, 0xff, 0x8f, 0xff, 0xaf, 0xff, 0x8f, 0xff, 0x28, 0x4a,
    0xc5, 0x10, 0x06, 0x21, 0x06, 0x21, 0x05, 0x19, 0x06, 0x21, 0x06, 0x21,
    0x05, 0x21, 0x06, 0x21, 0x05, 0x21, 0x06, 0x21, 0x06, 0x21, 0x05, 0x21,
    0x06, 0x21, 0x06, 0x21, 0x05, 0x21, 0x06, 0x21, 0x06, 0x19, 0x06, 0x21,
    0x05, 0x21, 0x06, 0x19, 0x06, 0x21, 0x05, 0x21, 0x06, 0x21, 0x05, 0x21,
    0x06, 0x19, 0x05, 0x21, 0x06, 0x21, 0x05, 0x19, 0x06, 0x21, 0x05, 0x21,
    0x06, 0x19, 0x05, 0x21, 0x06, 0x21, 0x05, 0x19, 0x05, 0x21, 0x06, 0x19,
    0x06, 0x21, 0x05, 0x19, 0x06, 0x21, 0x06, 0x21, 0xc4, 0x18, 0xc9, 0x31,
    0xd9, 0x94, 0xd9, 0x94, 0xd9, 0x8c, 0xb9, 0x8c, 0xd9, 0x94, 0xb9, 0x8c,
    0xb9, 0x94, 0xd9, 0x94, 0xb9, 0x8c, 0xb9, 0x94, 0xd9, 0x8c, 0xb9, 0x8c,
    0xb9, 0x94, 0xd9, 0x8c, 0xb9, 0x94, 0xd9, 0x8c, 0xb9, 0x8c, 0x99, 0x94,
    0xfd, 0x85, 0x1f, 0x7f, 0xff, 0x7e, 0xff, 0x7e, 0xff, 0x7e, 0xff, 0x7e,
    0xff, 0x7e, 0xff, 0x7e, 0xff, 0x7e, 0xff, 0x7e, 0xff, 0x7e, 0xff, 0x7e,
    0xff, 0x7e, 0xff, 0x7e, 0xff, 0x7e, 0xff, 0x7e, 0xff, 0x7e, 0xff, 0x7e,
    0xff, 0x7e, 0xee, 0xed, 0x8b, 0xfd, 0xab, 0xfd, 0xab, 0xfd, 0xab, 0xfd,
    0xab, 0xfd, 0xac, 0xfd, 0xab, 0xfd, 0xab, 0xfd, 0xab, 0xfd, 0xab, 0xfd,
    0xac, 0xfd, 0xab, 0xfd, 0xab, 0xfd, 0xab, 0xfd, 0xac, 0xfd, 0xab, 0xfd,
    0xab, 0xfd, 0xac, 0xfd, 0xab, 0xfd, 0xab, 0xfd, 0xab, 0xfd, 0xab, 0xfd,
    0xac, 0xfd, 0xab, 0xfd, 0xab, 0xfd, 0xab, 0xfd, 0xab, 0xfd, 0xab, 0xfd,
    0xac, 0xfd, 0xab, 0xfd, 0xab, 0xfd, 0xac, 0xfd, 0xab, 0xfd, 0xab, 0xfd,
    0xab, 0xfd, 0x8a, 0xfd, 0x98, 0xae, 0x1f, 0x77, 0xff, 0x7e, 0xff, 0x7e,
    0xff, 0x7e, 0xff, 0x7e, 0xff, 0x7e, 0xff, 0x7e, 0xff, 0x7e, 0xff, 0x7e,
    0xff, 0x7e, 0xff, 0x7e, 0xff, 0x7e, 0xff, 0x7e, 0xff, 0x7e, 0xff, 0x7e,
    0xff, 0x7e, 0xff, 0x76, 0xff, 0x86, 0x90, 0xff, 0x8f, 0xff, 0x8f, 0xff,
    0x8f, 0xff, 0x8f, 0xff, 0x8f, 0xff, 0x8f, 0xff, 0x8f, 0xff, 0x8f, 0xff,
    0x8f, 0xff, 0x8f, 0xff, 0x8f, 0xff, 0x8f, 0xff, 0x8f, 0xff, 0x8f, 0xff,
    0x8f, 0xff, 0x8f, 0xff, 0x8f, 0xff, 0xb0, 0xbf, 0xf3, 0x47, 0xf3, 0x57,
    0xf3, 0x57, 0xf2, 0x57, 0xf3, 0x57, 0xf3, 0x57, 0xf3, 0x57, 0xf2, 0x57,
    0xf3, 0x57, 0xf3, 0x57, 0xf3, 0x57, 0xf3, 0x57, 0xf3, 0x57, 0xf2, 0x57,
    0xf3, 0x57, 0xf3, 0x57, 0xf3, 0x57, 0xf3, 0x57, 0xf3, 0x57, 0xf2, 0x57,
    0xf3, 0x57, 0xf3, 0x57, 0xf3, 0x57, 0xf3, 0x57, 0xf3, 0x57, 0xf2, 0x57,
    0xf3, 0x57, 0xf3, 0x57, 0xf3, 0x57, 0xf2, 0x57, 0xf3, 0x57, 0xf3, 0x57,
    0xf2, 0x57, 0xf3, 0x57, 0xf3, 0x57, 0xf2, 0x4f, 0x95, 0x67, 0x1f, 0xcd,
    0x1f, 0xcd, 0x1f, 0xcd, 0x1f, 0xcd, 0x1f, 0xcd, 0x1f, 0xcd, 0x1f, 0xcd,
    0x1f, 0xcd, 0x1f, 0xcd, 0x1f, 0xcd, 0x1f, 0xcd, 0x1f, 0xcd, 0x1f, 0xcd,
    0x1f, 0xcd, 0x1f, 0xcd, 0x1f, 0xcd, 0x1f, 0xcd, 0xdf, 0xc4, 0x57, 0xe6,
    0xce, 0xff, 0x8f, 0xff, 0x8f, 0xff, 0x8f, 0xff, 0x8f, 0xff, 0x8f, 0xff,
    0x8f, 0xff, 0x8f, 0xff, 0x8f, 0xff, 0x8f, 0xff, 0x8f, 0xff, 0x8f, 0xff,
    0x8f, 0xff, 0x8f, 0xff, 0x8f, 0xff, 0x8f, 0xff, 0x8f, 0xff, 0xaf, 0xff,
    0x27, 0x42, 0xa5, 0x10, 0x06, 0x21, 0x06, 0x21, 0x05, 0x19, 0x06, 0x21,
    0x06, 0x21, 0x06, 0x19, 0x05, 0x21, 0x06, 0x19, 0x06, 0x21, 0x05, 0x19,
    0x06, 0x21, 0x05, 0x21, 0x06, 0x19, 0x06, 0x21, 0x05, 0x21, 0x06, 0x21,
    0x06, 0x21, 0x05, 0x21, 0x06, 0x21, 0x06, 0x19, 0x05, 0x21, 0x06, 0x21,
    0x06, 0x19, 0x05, 0x21, 0x06, 0x21, 0x06, 0x21, 0x05, 0x21, 0x06, 0x21,
    0x06, 0x21, 0x05, 0x19, 0x06, 0x21, 0x06, 0x21, 0x06, 0x21, 0x06, 0x21,
    0x05, 0x21, 0x06, 0x19, 0x06, 0x21, 0x06, 0x21, 0x05, 0x19, 0xc5, 0x18,
    0xc9, 0x31, 0xd9, 0x94, 0xda, 0x94, 0xb9, 0x8c, 0xd9, 0x94, 0xd9, 0x8c,
    0xb9, 0x8c, 0xd9, 0x8c, 0xd9, 0x94, 0xb9, 0x8c, 0xd9, 0x94, 0xd9, 0x94,
    0xb9, 0x8c, 0xd9, 0x8c, 0xb9, 0x94, 0xd9, 0x94, 0xd9, 0x8c, 0xb9, 0x94,
    0x98, 0x94, 0xfd, 0x85, 0x3f, 0x7f, 0xff, 0x7e, 0xff, 0x7e, 0xff, 0x7e,
    0xff, 0x7e, 0xff, 0x7e, 0xff, 0x7e, 0xff, 0x7e, 0xff, 0x7e, 0xff, 0x7e,
    0xff, 0x7e, 0xff, 0x7e, 0xff, 0x7e, 0xff, 0x7e, 0xff, 0x7e, 0xff, 0x7e,
    0xff, 0x7e, 0xff, 0x7e, 0xee, 0xed, 0x8a, 0xfd, 0xab, 0xfd, 0xac, 0xfd,
    0xab, 0xfd, 0xab, 0xfd, 0xab, 0xfd, 0xab, 0xfd, 0xac, 0xfd, 0xab, 0xfd,
    0xab, 0xfd, 0xab, 0xfd, 0xab, 0xfd, 0xab, 0xfd, 0xac, 0xfd, 0xab, 0xfd,
    0xab, 0xfd, 0xab, 0xfd, 0xab, 0xfd, 0xab, 0xfd, 0xac, 0xfd, 0xab, 0xfd,
    0xab, 0xfd, 0xab, 0xfd, 0xab, 0xfd, 0xac, 0xfd, 0xab, 0xfd, 0xab, 0xfd,
    0xac, 0xfd, 0xab, 0xfd, 0xab, 0xfd, 0xab, 0xfd, 0xab, 0xfd, 0xac, 0xfd,
    0xab, 0xfd, 0xab, 0xfd, 0x8a, 0xfd, 0x78, 0xae, 0x1f, 0x77, 0xff, 0x7e,
    0xff, 0x7e, 0xff, 0x7e, 0xff, 0x7e, 0xff, 0x7e, 0xff, 0x7e, 0xff, 0x7e,
    0xff, 0x7e, 0xff, 0x7e, 0xff, 0x7e, 0xff, 0x7e, 0xff, 0x7e, 0xff, 0x7e,
    0xff, 0x7e, 0xff, 0x7e, 0xff, 0x76, 0xff, 0x86, 0x90, 0xff, 0x8e, 0xff,
    0x8f, 0xff, 0x8f, 0xff, 0x8f, 0xff, 0x8f, 0xff, 0x8f, 0xff, 0x8f, 0xff,
    0x8f, 0xff, 0x8f, 0xff, 0x8f, 0xff, 0x8f, 0xff, 0x8f, 0xff, 0x8f, 0xff,
    0x8f, 0xff, 0x8f, 0xff, 0x8f, 0xff, 0x8f, 0xff, 0xb0, 0xc7, 0xf3, 0x47,
    0xf3, 0x57, 0xf3, 0x57, 0xf3, 0x57, 0xf3, 0x57, 0xf3, 0x57, 0xf2, 0x57,
    0xf3, 0x57, 0xf3, 0x57, 0xf2, 0x57, 0xf3, 0x57, 0xf3, 0x57, 0xf2, 0x57,
    0xf3, 0x57, 0xf3, 0x57, 0xf2, 0x57, 0xf3, 0x57, 0xf3, 0x57, 0xf2, 0x57,
    0xf3, 0x57, 0xf3, 0x57, 0xf2, 0x57, 0xf3, 0x57, 0xf3, 0x57, 0xf2, 0x57,
    0xf3, 0x57, 0xf3, 0x57, 0xf3, 0x57, 0xf3, 0x57, 0xf3, 0x57, 0xf3, 0x57,
    0xf3, 0x57, 0xf3, 0x57, 0xf3, 0x57, 0xf3, 0x57, 0xf2, 0x4f, 0x94, 0x67,
    0x1f, 0xcd, 0x1f, 0xcd, 0x1f, 0xcd, 0x1f, 0xcd, 0x1f, 0xcd, 0x1f, 0xcd,
    0x1f, 0xcd, 0x1f, 0xcd, 0x1f, 0xcd, 0x1f, 0xcd, 0x1f, 0xcd, 0x1f, 0xcd,
    0x1f, 0xcd, 0x1f, 0xcd, 0x1f, 0xcd, 0x1f, 0xcd, 0x1f, 0xcd, 0xdf, 0xc4,
    0x58, 0xee, 0xcd, 0xff, 0x8f, 0xff, 0x8f, 0xff, 0x8f, 0xff, 0x8f, 0xff,
    0x8f, 0xff, 0x8f, 0xff, 0x8f, 0xff, 0x8f, 0xff, 0x8f, 0xff, 0x8f, 0xff,
    0x8f, 0xff, 0x8f, 0xff, 0x8f, 0xff, 0x8f, 0xff, 0x8f, 0xff, 0x8f, 0xff,
    0xb0, 0xff, 0x27, 0x4a, 0xa5, 0x10, 0x06, 0x21, 0x06, 0x21, 0x05, 0x21,
    0x05, 0x21, 0x06, 0x19, 0x06, 0x21, 0x05, 0x21, 0x06, 0x21, 0x06, 0x19,
    0x05, 0x21, 0x06, 0x21, 0x06, 0x19, 0x05, 0x21, 0x06, 0x21, 0x06, 0x19,
    0x05, 0x21, 0x06, 0x21, 0x05, 0x19, 0x06, 0x21, 0x05, 0x21, 0x06, 0x19,
    0x06, 0x21, 0x05, 0x21, 0x06, 0x21, 0x06, 0x19, 0x05, 0x21, 0x06, 0x19,
    0x06, 0x21, 0x05, 0x21, 0x06, 0x21, 0x06, 0x21, 0x05, 0x19, 0x06, 0x21,
    0x06, 0x21, 0x05, 0x21, 0x05, 0x21, 0x06, 0x21, 0x05, 0x21, 0x06, 0x21,
    0xe5, 0x18, 0xa9, 0x31, 0xd9, 0x94, 0xd9, 0x8c, 0xb9, 0x94, 0xb9, 0x94,
    0xd9, 0x94, 0xb9, 0x8c, 0xb9, 0x94, 0xd9, 0x8c, 0xb9, 0x8c, 0xb9, 0x94,
    0xd9, 0x94, 0xb9, 0x8c, 0xd9, 0x94, 0xb9, 0x8c, 0xb9, 0x8c, 0xd9, 0x94,
    0xb9, 0x8c, 0x98, 0x94, 0xfd, 0x85, 0x1f, 0x7f, 0xff, 0x7e, 0xff, 0x7e,
    0xff, 0x7e, 0xff, 0x7e, 0xff, 0x7e, 0xff, 0x7e, 0xff, 0x7e, 0xff, 0x7e,
    0xff, 0x7e, 0xff, 0x7e, 0xff, 0x7e, 0xff, 0x7e, 0xff, 0x7e, 0xff, 0x7e,
    0xff, 0x7e, 0xff, 0x7e, 0xff, 0x7e, 0xee, 0xf5, 0x8b, 0xfd, 0xab, 0xfd,
    0xab, 0xfd, 0xac, 0xfd, 0xab, 0xfd, 0xab, 0xfd, 0xac, 0xfd, 0xab, 0xfd,
    0xab, 0xfd, 0xac, 0xfd, 0xab, 0xfd, 0xab, 0xfd, 0xac, 0xfd, 0xab, 0xfd,
    0xab, 0xfd, 0xab, 0xfd, 0xac, 0xfd, 0xab, 0xfd, 0xab, 0xfd, 0xac, 0xfd,
    0xab, 0xfd, 0xab, 0xfd, 0xac, 0xfd, 0xab, 0xfd, 0xab, 0xfd, 0xac, 0xfd,
    0xab, 0xfd, 0xab, 0xfd, 0xab, 0xfd, 0xac, 0xfd, 0xab, 0xfd, 0xab, 0xfd,
    0xab, 0xfd, 0xac, 0xfd, 0xab, 0xfd, 0x8a, 0xfd, 0x79, 0xae, 0x1f, 0x77,
    0xff, 0x7e, 0xff, 0x7e, 0xff, 0x7e, 0xff, 0x7e, 0xff, 0x7e, 0xff, 0x7e,
    0xff, 0x7e, 0xff, 0x7e, 0xff, 0x7e, 0xff, 0x7e, 0xff, 0x7e, 0xff, 0x7e,
    0xff, 0x7e, 0xff, 0x7e, 0xff, 0x7e, 0xff, 0x7e, 0xff, 0x86, 0x90, 0xff,
    0x8f, 0xff, 0x8f, 0xff, 0x8f, 0xff, 0x8f, 0xff, 0x8f, 0xff, 0x8f, 0xff,
    0x8f, 0xff, 0x8f, 0xff, 0x8f, 0xff, 0x8f, 0xff, 0x8f, 0xff, 0x8f, 0xff,
    0x8f, 0xff, 0x8f, 0xff, 0x8f, 0xff, 0x8f, 0xff, 0x8f, 0xff, 0xb0, 0xc7,
    0xf3, 0x47, 0xf3, 0x57, 0xf2, 0x57, 0xf3, 0x57, 0xf3, 0x57, 0xf2, 0x57,
    0xf3, 0x57, 0xf3, 0x57, 0xf3, 0x57, 0xf3, 0x57, 0xf2, 0x57, 0xf3, 0x57,
    0xf3, 0x57, 0xf3, 0x57, 0xf3, 0x57, 0xf2, 0x57, 0xf3, 0x57, 0xf3, 0x57,
    0xf3, 0x57, 0xf3, 0x57, 0xf3, 0x57, 0xf2, 0x57, 0xf3, 0x57, 0xf3, 0x57,
    0xf3, 0x57, 0xf3, 0x57, 0xf2, 0x57, 0xf2, 0x57, 0xf3, 0x57, 0xf2, 0x57,
    0xf3, 0x57, 0xf2, 0x57, 0xf3, 0x57, 0xf3, 0x57, 0xf2, 0x57, 0xf2, 0x57,
    0x95, 0x67, 0x1f, 0xcd, 0x1f, 0xd5, 0x1f, 0xcd, 0x1f, 0xcd, 0x1f, 0xcd,
    0x1f, 0xcd, 0x1f, 0xcd, 0x1f, 0xcd, 0x1f, 0xcd, 0x1f, 0xcd, 0x1f, 0xcd,
    0x1f, 0xcd, 0x1f, 0xcd, 0x1f, 0xcd, 0x1f, 0xcd, 0x1f, 0xcd, 0x1f, 0xcd,
    0xdf, 0xc4, 0x58, 0xee, 0xce, 0xff, 0x8f, 0xff, 0x8f, 0xff, 0x8f, 0xff,
    0x8f, 0xff, 0x8f, 0xff, 0x8f, 0xff, 0x8f, 0xff, 0x8f, 0xff, 0x8f, 0xff,
    0x8f, 0xff, 0x8f, 0xff, 0x8f, 0xff, 0x8f, 0xff, 0x8f, 0xff, 0x8f, 0xff,
    0x8f, 0xff, 0xaf, 0xff, 0x28, 0x4a, 0xa5, 0x10, 0x06, 0x21, 0x06, 0x21,
    0x06, 0x21, 0x05, 0x21, 0x06, 0x21, 0x05, 0x21, 0x06, 0x21, 0x05, 0x21,
    0x06, 0x21, 0x06, 0x21, 0x05, 0x21, 0x06, 0x21, 0x05, 0x21, 0x06, 0x21,
    0x06, 0x21, 0x05, 0x21, 0x06, 0x21, 0x06, 0x21, 0x05, 0x21, 0x06, 0x21,
    0x06, 0x21, 0x05, 0x19, 0x06, 0x21, 0x06, 0x21, 0x05, 0x21, 0x06, 0x19,
    0x06, 0x21, 0x05, 0x21, 0x06, 0x19, 0x05, 0x21, 0x06, 0x21, 0x05, 0x19,
    0x05, 0x21, 0x06, 0x19, 0x06, 0x21, 0x06, 0x21, 0x05, 0x19, 0x06, 0x21,
    0x06, 0x21, 0xc4, 0x18, 0xa9, 0x31, 0xd9, 0x94, 0xd9, 0x94, 0xb9, 0x8c,
    0xd9, 0x8c, 0xb9, 0x94, 0xd9, 0x94, 0xb9, 0x8c, 0xd9, 0x94, 0xd9, 0x8c,
    0xb9, 0x8c, 0xb9, 0x94, 0xd9, 0x8c, 0xd9, 0x94, 0xb9, 0x94, 0xd9, 0x8c,
    0xb9, 0x94, 0xd9, 0x8c, 0x98, 0x94, 0xfd, 0x85, 0x1f, 0x7f, 0xff, 0x7e,
    0xff, 0x7e, 0xff, 0x7e, 0xff, 0x7e, 0xff, 0x7e, 0xff, 0x7e, 0xff, 0x7e,
    0xff, 0x7e, 0xff, 0x7e, 0xff, 0x7e, 0xff, 0x7e, 0xff, 0x7e, 0xff, 0x7e,
    0xff, 0x7e, 0xff, 0x7e, 0xff, 0x76, 0xff, 0x7e, 0xee, 0xf5, 0xaa, 0xfd,
    0xab, 0xfd, 0xab, 0xfd, 0xac, 0xfd, 0xab, 0xfd, 0xab, 0xfd, 0xab, 0xfd,
    0xab, 0xfd, 0xab, 0xfd, 0xac, 0xfd, 0xab, 0xfd, 0xab, 0xfd, 0xac, 0xfd,
    0xab, 0xfd, 0xab, 0xfd, 0xac, 0xfd, 0xab, 0xfd, 0xab, 0xfd, 0xab, 0xfd,
    0xab, 0xfd, 0xab, 0xfd, 0xac, 0xfd, 0xab, 0xfd, 0xab, 0xfd, 0xab, 0xfd,
    0xab, 0xfd, 0xac, 0xfd, 0xab, 0xfd, 0xab, 0xfd, 0xab, 0xfd, 0xac, 0xfd,
    0xab, 0xfd, 0xab, 0xfd, 0xab, 0xfd, 0xab, 0xfd, 0x8a, 0xfd, 0x78, 0xae,
    0x1f, 0x77, 0xff, 0x7e, 0xff, 0x7e, 0xff, 0x7e, 0xff, 0x7e, 0xff, 0x7e,
    0xff, 0x7e, 0xff, 0x7e, 0xff, 0x7e, 0xff, 0x7e, 0xff, 0x7e, 0xff, 0x7e,
    0xff, 0x7e, 0xff, 0x7e, 0xff, 0x7e, 0xff, 0x7e, 0xff, 0x76, 0xff, 0x86,
    0x90, 0xff, 0x8f, 0xff, 0x8f, 0xff, 0x8f, 0xff, 0x8f, 0xff, 0x8f, 0xff,
    0x8f, 0xff, 0x8f, 0xff, 0x8f, 0xff, 0x8f, 0xff, 0x8f, 0xff, 0x8f, 0xff,
    0x8f, 0xff, 0x8f, 0xff, 0x8f, 0xff, 0x8f, 0xff, 0x8f, 0xff, 0x8f, 0xff,
    0xd0, 0xbf, 0xf3, 0x47, 0xf3, 0x57, 0xf3, 0x57, 0xf2, 0x57, 0xf3, 0x57,
    0xf3, 0x57, 0xf3, 0x57, 0xf2, 0x57, 0xf3, 0x57, 0xf3, 0x57, 0xf3, 0x57,
    0xf2, 0x57, 0xf3, 0x57, 0xf3, 0x57, 0xf3, 0x57, 0xf3, 0x57, 0xf2, 0x57,
    0xf3, 0x57, 0xf3, 0x57, 0xf2, 0x57, 0xf3, 0x57, 0xf3, 0x57, 0xf3, 0x57,
    0xf2, 0x57, 0xf3, 0x57, 0xf3, 0x57, 0xf3, 0x57, 0xf3, 0x57, 0xf3, 0x57,
    0xf3, 0x57, 0xf2, 0x57, 0xf3, 0x57, 0xf3, 0x57, 0xf3, 0x57, 0xf3, 0x57,
    0xf2, 0x4f, 0x95, 0x67, 0x1f, 0xcd, 0x1f, 0xcd, 0x1f, 0xcd, 0x1f, 0xcd,
    0x1f, 0xcd, 0x1f, 0xcd, 0x1f, 0xcd, 0x1f, 0xcd, 0x1f, 0xcd, 0x1f, 0xcd,
    0x1f, 0xcd, 0x1f, 0xcd, 0x1f, 0xcd, 0x1f, 0xcd, 0x1f, 0xcd, 0x1f, 0xcd,
    0x1f, 0xcd, 0xdf, 0xc4, 0x57, 0xe6, 0xce, 0xff, 0x8f, 0xff, 0x8f, 0xff,
    0x8f, 0xff, 0x8f, 0xff, 0x8f, 0xff, 0x8f, 0xff, 0x8f, 0xff, 0x8f, 0xff,
    0x8f, 0xff, 0x8f, 0xff, 0x8f, 0xff, 0x8f, 0xff, 0x8f, 0xff, 0x8f, 0xff,
    0x8f, 0xff, 0x8f, 0xff, 0xaf, 0xff, 0x27, 0x42, 0xa5, 0x18, 0x06, 0x21,
    0x05, 0x19, 0x06, 0x19, 0x06, 0x21, 0x05, 0x19, 0x06, 0x19, 0x06, 0x21,
    0x05, 0x19, 0x06, 0x21, 0x06, 0x19, 0x05, 0x21, 0x06, 0x19, 0x06, 0x21,
    0x05, 0x19, 0x06, 0x21, 0x06, 0x21, 0x05, 0x21, 0x06, 0x19, 0x06, 0x21,
    0x05, 0x21, 0x06, 0x21, 0x05, 0x21, 0x06, 0x19, 0x05, 0x21, 0x06, 0x21,
    0x05, 0x21, 0x06, 0x21, 0x06, 0x21, 0x05, 0x19, 0x06, 0x21, 0x06, 0x21,
    0x06, 0x21, 0x05, 0x21, 0x06, 0x21, 0x06, 0x19, 0x05, 0x21, 0x06, 0x21,
    0x06, 0x19, 0x05, 0x21, 0xe5, 0x18, 0xc9, 0x31, 0xda, 0x94, 0xd9, 0x94,
    0xb9, 0x8c, 0xd9, 0x8c, 0xd9, 0x8c, 0xb9, 0x94, 0xd9, 0x8c, 0xb9, 0x94,
    0xd9, 0x94, 0xd9, 0x8c, 0xb9, 0x94, 0xd9, 0x8c, 0xb9, 0x8c, 0xd9, 0x94,
    0xd9, 0x94, 0xb9, 0x8c, 0xb9, 0x94, 0x98, 0x94, 0xfd, 0x85, 0x3f, 0x7f,
    0xff, 0x7e, 0xff, 0x7e, 0xff, 0x7e, 0xff, 0x7e, 0xff, 0x7e, 0xff, 0x7e,
    0xff, 0x7e, 0xff, 0x7e, 0xff, 0x7e, 0xff, 0x7e, 0xff, 0x7e, 0xff, 0x7e,
    0xff, 0x7e, 0xff, 0x7e, 0xff, 0x7e, 0xff, 0x7e, 0xff, 0x7e, 0xce, 0xed,
    0x8b, 0xfd, 0xab, 0xfd, 0xab, 0xfd, 0xab, 0xfd, 0xac, 0xfd, 0xab, 0xfd,
    0xac, 0xfd, 0xab, 0xfd, 0xab, 0xfd, 0xab, 0xfd, 0xab, 0xfd, 0xab, 0xfd,
    0xab, 0xfd, 0xab, 0xfd, 0xab, 0xfd, 0xab, 0xfd, 0xac, 0xfd, 0xab, 0xfd,
    0xac, 0xfd, 0xab, 0xfd, 0xab, 0xfd, 0xab, 0xfd, 0xac, 0xfd, 0xab, 0xfd,
    0xab, 0xfd, 0xab, 0xfd, 0xab, 0xfd, 0xac, 0xfd, 0xab, 0xfd, 0xab, 0xfd,
    0xab, 0xfd, 0xac, 0xfd, 0xab, 0xfd, 0xab, 0xfd, 0xac, 0xfd, 0xaa, 0xfd,
    0x78, 0xae, 0x1f, 0x77, 0xff, 0x7e, 0xff, 0x7e, 0xff, 0x7e, 0xff, 0x7e,
    0xff, 0x7e, 0xff, 0x7e, 0xff, 0x7e, 0xff, 0x7e, 0xff, 0x7e, 0xff, 0x7e,
    0xff, 0x7e, 0xff, 0x7e, 0xff, 0x7e, 0xff, 0x7e, 0xff, 0x7e, 0xff, 0x76,
    0xff, 0x86, 0x90, 0xff, 0x8e, 0xff, 0x8f, 0xff, 0x8f, 0xff, 0x8f, 0xff,
    0x8f, 0xff, 0x8f, 0xff, 0x8f, 0xff, 0x8f, 0xff, 0x8f, 0xff, 0x8f, 0xff,
    0x8f, 0xff, 0x8f, 0xff, 0x8f, 0xff, 0x8f, 0xff, 0x8f, 0xff, 0x8f, 0xff,
    0x8f, 0xff, 0xb0, 0xc7, 0xf3, 0x47, 0xf3, 0x57, 0xf3, 0x57, 0xf3, 0x57,
    0xf2, 0x57, 0xf3, 0x57, 0xf3, 0x57, 0xf3, 0x57, 0xf2, 0x57, 0xf3, 0x57,
    0xf3, 0x57, 0xf3, 0x57, 0xf2, 0x57, 0xf3, 0x57, 0xf3, 0x57, 0xf2, 0x57,
    0xf3, 0x57, 0xf3, 0x57, 0xf2, 0x57, 0xf3, 0x57, 0xf3, 0x57, 0xf3, 0x57,
    0xf2, 0x57, 0xf3, 0x57, 0xf3, 0x57, 0xf2, 0x57, 0xf3, 0x57, 0xf3, 0x57,
    0xf3, 0x57, 0xf3, 0x57, 0xf3, 0x57, 0xf3, 0x57, 0xf2, 0x57, 0xf3, 0x57,
    0xf3, 0x57, 0xf2, 0x57, 0x94, 0x67, 0x1f, 0xcd, 0x1f, 0xcd, 0x1f, 0xcd,
    0x1f, 0xcd, 0x1f, 0xcd, 0x1f, 0xcd, 0x1f, 0xcd, 0x1f, 0xcd, 0x1f, 0xcd,
    0x1f, 0xcd, 0x1f, 0xcd, 0x1f, 0xcd, 0x1f, 0xcd, 0x1f, 0xcd, 0x1f, 0xcd,
    0x1f, 0xcd, 0x1f, 0xcd, 0xdf, 0xc4, 0x58, 0xee, 0xad, 0xff, 0x8f, 0xff,
    0x8f, 0xff, 0x8f, 0xff, 0x8f, 0xff, 0x8f, 0xff, 0x8f, 0xff, 0x8f, 0xff,
    0x8f, 0xff, 0x8f, 0xff, 0x8f, 0xff, 0x8f, 0xff, 0x8f, 0xff, 0x8f, 0xff,
    0x8f, 0xff, 0x8f, 0xff, 0x8f, 0xff, 0xaf, 0xff, 0x27, 0x42, 0xa5, 0x18,
    0x06, 0x21, 0x05, 0x21, 0x06, 0x21, 0x06, 0x21, 0x05, 0x21, 0x06, 0x21,
    0x06, 0x21, 0x05, 0x21, 0x06, 0x19, 0x05, 0x21, 0x06, 0x21, 0x06, 0x21,
    0x05, 0x19, 0x05, 0x21, 0x06, 0x21, 0x06, 0x19, 0x06, 0x21, 0x05, 0x21,
    0x06, 0x19, 0x06, 0x19, 0x05, 0x21, 0x06, 0x21, 0x06, 0x21, 0x05, 0x19,
    0x06, 0x21, 0x06, 0x21, 0x05, 0x19, 0x06, 0x21, 0x06, 0x21, 0x05, 0x21,
    0x06, 0x19, 0x06, 0x21, 0x05, 0x21, 0x06, 0x21, 0x05, 0x19, 0x06, 0x21,
    0x06, 0x21, 0x05, 0x21, 0x06, 0x21, 0xc5, 0x18, 0xa9, 0x31, 0xd9, 0x94,
    0xda, 0x94, 0xb9, 0x8c, 0xb9, 0x94, 0xd9, 0x94, 0xb9, 0x8c, 0xb9, 0x8c,
    0xd9, 0x94, 0xb9, 0x8c, 0xb9, 0x94, 0xd9, 0x94, 0xb9, 0x8c, 0xb9, 0x8c,
    0xd9, 0x94, 0xb9, 0x8c, 0xd9, 0x8c, 0xd9, 0x94, 0x98, 0x94, 0xfd, 0x85,
    0x1f, 0x77, 0xff, 0x7e, 0xff, 0x7e, 0xff, 0x7e, 0xff, 0x7e, 0xff, 0x7e,
    0xff, 0x7e, 0xff, 0x7e, 0xff, 0x7e, 0xff, 0x7e, 0xff, 0x7e, 0xff, 0x7e,
    0xff, 0x7e, 0xff, 0x7e, 0xff, 0x7e, 0xff, 0x7e, 0xff, 0x7e, 0xff, 0x7e,
    0xee, 0xed, 0xab, 0xfd, 0xab, 0xfd, 0xab, 0xfd, 0xab, 0xfd, 0xab, 0xfd,
    0xab, 0xfd, 0xac, 0xfd, 0xab, 0xfd, 0xab, 0xfd, 0xac, 0xfd, 0xac, 0xfd,
    0xab, 0xfd, 0xac, 0xfd, 0xab, 0xfd, 0xab, 0xfd, 0xac, 0xfd, 0xab, 0xfd,
    0xab, 0xfd, 0xab, 0xfd, 0xac, 0xfd, 0xab, 0xfd, 0xab, 0xfd, 0xab, 0xfd,
    0xac, 0xfd, 0xac, 0xfd, 0xab, 0xfd, 0xab, 0xfd, 0xab, 0xfd, 0xac, 0xfd,
    0xab, 0xfd, 0xab, 0xfd, 0xab, 0xfd, 0xac, 0xfd, 0xab, 0xfd, 0xab, 0xfd,
    0x8a, 0xfd, 0x78, 0xae, 0x1f, 0x77, 0xff, 0x7e, 0xff, 0x7e, 0xff, 0x7e,
    0xff, 0x7e, 0xff, 0x7e, 0xff, 0x7e, 0xff, 0x7e, 0xff, 0x7e, 0xff, 0x7e,
    0xff, 0x7e, 0xff, 0x7e, 0xff, 0x7e, 0xff, 0x7e, 0xff, 0x7e, 0xff, 0x7e,
    0xff, 0x7e, 0xff, 0x86, 0x90, 0xff, 0x8f, 0xff, 0x8f, 0xff, 0x8f, 0xff,
    0x8f, 0xff, 0x8f, 0xff, 0x8f, 0xff, 0x8f, 0xff, 0x8f, 0xff, 0x8f, 0xff,
    0x8f, 0xff, 0x8f, 0xff, 0x8f, 0xff, 0x8f, 0xff, 0x8f, 0xff, 0x8f, 0xff,
    0x8f, 0xff, 0x8f, 0xff, 0xb0, 0xbf, 0xf3, 0x4f, 0xf3, 0x57, 0xf3, 0x57,
    0xf3, 0x57, 0xf3, 0x57, 0xf2, 0x57, 0xf3, 0x57, 0xf3, 0x57, 0xf3, 0x57,
    0xf2, 0x57, 0xf3, 0x57, 0xf3, 0x57, 0xf3, 0x57, 0xf2, 0x57, 0xf3, 0x57,
    0xf3, 0x57, 0xf3, 0x57, 0xf3, 0x57, 0xf3, 0x57, 0xf3, 0x57, 0xf2, 0x57,
    0xf3, 0x57, 0xf3, 0x57, 0xf3, 0x57, 0xf3, 0x57, 0xf2, 0x57, 0xf3, 0x57,
    0xf2, 0x57, 0xf2, 0x57, 0xf3, 0x57, 0xf3, 0x57, 0xf2, 0x57, 0xf3, 0x57,
    0xf3, 0x57, 0xf3, 0x57, 0xf2, 0x4f, 0x95, 0x67, 0x1f, 0xcd, 0x1f, 0xcd,
    0x1f, 0xcd, 0x1f, 0xcd, 0x1f, 0xcd, 0x1f, 0xcd, 0x1f, 0xcd, 0x1f, 0xcd,
    0x1f, 0xcd, 0x1f, 0xcd, 0x1f, 0xcd, 0x1f, 0xcd, 0x1f, 0xcd, 0x1f, 0xcd,
    0x1f, 0xcd, 0x1f, 0xcd, 0x1f, 0xcd, 0xdf, 0xc4, 0x58, 0xe6, 0xce, 0xff,
    0x8f, 0xff, 0x8f, 0xff, 0x8f, 0xff, 0x8f, 0xff, 0x8f, 0xff, 0x8f, 0xff,
    0x8f, 0xff, 0x8f, 0xff, 0x8f, 0xff, 0x8f, 0xff, 0x8f, 0xff, 0x8f, 0xff,
    0x8f, 0xff, 0x8f, 0xff, 0x8f, 0xff, 0x8f, 0xff, 0xb0, 0xff, 0x27, 0x4a,
    0xa5, 0x10, 0x06, 0x21, 0x06, 0x21, 0x05, 0x21, 0x06, 0x19, 0x06, 0x21,
    0x05, 0x21, 0x06, 0x21, 0x06, 0x21, 0x05, 0x21, 0x06, 0x21, 0x05, 0x21,
    0x06, 0x21, 0x06, 0x21, 0x06, 0x21, 0x05, 0x21, 0x05, 0x21, 0x06, 0x21,
    0x05, 0x21, 0x06, 0x21, 0x06, 0x21, 0x05, 0x19, 0x06, 0x21, 0x06, 0x21,
    0x05, 0x21, 0x06, 0x19, 0x06, 0x21, 0x05, 0x21, 0x05, 0x19, 0x06, 0x21,
    0x05, 0x21, 0x05, 0x19, 0x06, 0x21, 0x06, 0x21, 0x05, 0x19, 0x06, 0x21,
    0x06, 0x21, 0x05, 0x19, 0x06, 0x21, 0x06, 0x21, 0xe4, 0x18, 0xa9, 0x31,
    0xd9, 0x94, 0xd9, 0x94, 0xd9, 0x8c, 0xb9, 0x94, 0xd9, 0x94, 0xd9, 0x8c,
    0xb9, 0x94, 0xd9, 0x8c, 0xb9, 0x8c, 0xd9, 0x94, 0xd9, 0x8c, 0xb9, 0x94,
    0xd9, 0x94, 0xb9, 0x8c, 0xb9, 0x94, 0xd9, 0x8c, 0xb9, 0x8c, 0x98, 0x94,
    0xfd, 0x85, 0x1f, 0x7f, 0xff, 0x7e, 0xff, 0x7e, 0xff, 0x7e, 0xff, 0x7e,
    0xff, 0x7e, 0xff, 0x7e, 0xff, 0x7e, 0xff, 0x7e, 0xff, 0x7e, 0xff, 0x7e,
    0xff, 0x7e, 0xff, 0x7e, 0xff, 0x7e, 0xff, 0x7e, 0xff, 0x7e, 0xff, 0x7e,
    0xff, 0x7e, 0xee, 0xf5, 0x8a, 0xfd, 0xab, 0xfd, 0xac, 0xfd, 0xac, 0xfd,
    0xab, 0xfd, 0xab, 0xfd, 0xab, 0xfd, 0xab, 0xfd, 0xab, 0xfd, 0xab, 0xfd,
    0xab, 0xfd, 0xab, 0xfd, 0xac, 0xfd, 0xab, 0xfd, 0xab, 0xfd, 0xab, 0xfd,
    0xab, 0xfd, 0xab, 0xfd, 0xab, 0xfd, 0xac, 0xfd, 0xab, 0xfd, 0xab, 0xfd,
    0xab, 0xfd, 0xab, 0xfd, 0xab, 0xfd, 0xac, 0xfd, 0xab, 0xfd, 0xab, 0xfd,
    0xab, 0xfd, 0xac, 0xfd, 0xab, 0xfd, 0xab, 0xfd, 0xab, 0xfd, 0xab, 0xfd,
    0xab, 0xfd, 0x8a, 0xfd, 0x79, 0xae, 0x1f, 0x77, 0xff, 0x7e, 0xff, 0x7e,
    0xff, 0x7e, 0xff, 0x7e, 0xff, 0x7e, 0xff, 0x7e, 0xff, 0x7e, 0xff, 0x7e,
    0xff, 0x7e, 0xff, 0x7e, 0xff, 0x7e, 0xff, 0x7e, 0xff, 0x7e, 0xff, 0x7e,
    0xff, 0x7e, 0xff, 0x76, 0xff, 0x86, 0x90, 0xff, 0x8e, 0xff, 0x8f, 0xff,
    0x8f, 0xff, 0x8f, 0xff, 0x8f, 0xff, 0x8f, 0xff, 0x8f, 0xff, 0x8f, 0xff,
    0x8f, 0xff, 0x8f, 0xff, 0x8f, 0xff, 0x8f, 0xff, 0x8f, 0xff, 0x8f, 0xff,
    0x8f, 0xff, 0x8f, 0xff, 0x8f, 0xff, 0xb0, 0xbf, 0xf3, 0x47, 0xf3, 0x57,
    0xf2, 0x57, 0xf3, 0x57, 0xf3, 0x57, 0xf3, 0x57, 0xf2, 0x57, 0xf3, 0x57,
    0xf3, 0x57, 0xf3, 0x57, 0xf2, 0x57, 0xf3, 0x57, 0xf3, 0x57, 0xf3, 0x57,
    0xf2, 0x57, 0xf3, 0x57, 0xf3, 0x57, 0xf2, 0x57, 0xf3, 0x57, 0xf3, 0x57,
    0xf2, 0x57, 0xf3, 0x57, 0xf3, 0x57, 0xf2, 0x57, 0xf3, 0x57, 0xf3, 0x57,
    0xf3, 0x57, 0xf3, 0x57, 0xf3, 0x57, 0xf3, 0x57, 0xf2, 0x57, 0xf3, 0x57,
    0xf3, 0x57, 0xf2, 0x57, 0xf3, 0x57, 0xf2, 0x4f, 0x95, 0x67, 0x1f, 0xcd,
    0x1f, 0xd5, 0x1f, 0xcd, 0x1f, 0xcd, 0x1f, 0xcd, 0x1f, 0xcd, 0x1f, 0xcd,
    0x1f, 0xcd, 0x1f, 0xcd, 0x1f, 0xcd, 0x1f, 0xcd, 0x1f, 0xcd, 0x1f, 0xcd,
    0x1f, 0xcd, 0x1f, 0xcd, 0x1f, 0xcd, 0x1f, 0xcd, 0xdf, 0xcc, 0x57, 0xe6,
    0xce, 0xff, 0x8f, 0xff, 0x8f, 0xff, 0x8f, 0xff, 0x8f, 0xff, 0x8f, 0xff,
    0x8f, 0xff, 0x8f, 0xff, 0x8f, 0xff, 0x8f, 0xff, 0x8f, 0xff, 0x8f, 0xff,
    0x8f, 0xff, 0x8f, 0xff, 0x8f, 0xff, 0x8f, 0xff, 0xaf, 0xff, 0x8f, 0xff,
    0x28, 0x42, 0xc5, 0x10, 0x06, 0x21, 0x06, 0x21, 0x05, 0x19, 0x06, 0x21,
    0x06, 0x21, 0x05, 0x19, 0x06, 0x19, 0x06, 0x21, 0x05, 0x21, 0x06, 0x19,
    0x06, 0x19, 0x05, 0x21, 0x06, 0x21, 0x06, 0x19, 0x06, 0x21, 0x06, 0x21,
    0x06, 0x21, 0x05, 0x19, 0x06, 0x21, 0x05, 0x21, 0x06, 0x21, 0x05, 0x19,
    0x06, 0x21, 0x05, 0x21, 0x06, 0x21, 0x06, 0x21, 0x05, 0x21, 0x06, 0x21,
    0x06, 0x21, 0x06, 0x21, 0x06, 0x21, 0x05, 0x21, 0x06, 0x19, 0x06, 0x21,
    0x05, 0x21, 0x06, 0x21, 0x05, 0x21, 0x06, 0x19, 0x06, 0x21, 0xe4, 0x18,
    0xc9, 0x31, 0xd9, 0x94, 0xd9, 0x8c, 0xb9, 0x8c, 0xd9, 0x8c, 0xb9, 0x94,
    0xb9, 0x8c, 0xd9, 0x94, 0xd9, 0x94, 0xb9, 0x8c, 0xb9, 0x94, 0xd9, 0x8c,
    0xd9, 0x8c, 0xb9, 0x94, 0xd9, 0x8c, 0xd9, 0x94, 0xb9, 0x94, 0xb9, 0x8c,
    0x99, 0x94, 0xfd, 0x85, 0x3f, 0x7f, 0xff, 0x7e, 0xff, 0x7e, 0xff, 0x7e,
    0xff, 0x7e, 0xff, 0x7e, 0xff, 0x7e, 0xff, 0x7e, 0xff, 0x7e, 0xff, 0x7e,
    0xff, 0x7e, 0xff, 0x7e, 0xff, 0x7e, 0xff, 0x7e, 0xff, 0x7e, 0xff, 0x7e,
    0xff, 0x7e, 0xff, 0x7e, 0xee, 0xed, 0x8a, 0xfd, 0xab, 0xfd, 0xab, 0xfd,
    0xab, 0xfd, 0xab, 0xfd, 0xac, 0xfd, 0xab, 0xfd, 0xac, 0xfd, 0xab, 0xfd,
    0xab, 0xfd, 0xab, 0xfd, 0xab, 0xfd, 0xab, 0xfd, 0xac, 0xfd, 0xab, 0xfd,
    0xab, 0xfd, 0xac, 0xfd, 0xab, 0xfd, 0xab, 0xfd, 0xab, 0xfd, 0xac, 0xfd,
    0xab, 0xfd, 0xac, 0xfd, 0xab, 0xfd, 0xab, 0xfd, 0xab, 0xfd, 0xac, 0xfd,
    0xab, 0xfd, 0xab, 0xfd, 0xab, 0xfd, 0xac, 0xfd, 0xab, 0xfd, 0xab, 0xfd,
    0xac, 0xfd, 0xab, 0xfd, 0x8a, 0xfd, 0x78, 0xae, 0x1f, 0x77, 0xff, 0x7e,
    0xff, 0x7e, 0xff, 0x7e, 0xff, 0x7e, 0xff, 0x7e, 0xff, 0x7e, 0xff, 0x7e,
    0xff, 0x7e, 0xff, 0x7e, 0xff, 0x7e, 0xff, 0x7e, 0xff, 0x7e, 0xff, 0x7e,
    0xff, 0x7e, 0xff, 0x7e, 0xff, 0x7e, 0xff, 0x86, 0x90, 0xff, 0x8f, 0xff,
    0x8f, 0xff, 0x8f, 0xff, 0x8f, 0xff, 0x8f, 0xff, 0x8f, 0xff, 0x8f, 0xff,
    0x8f, 0xff, 0x8f, 0xff, 0x8f, 0xff, 0x8f, 0xff, 0x8f, 0xff, 0x8f, 0xff,
    0x8f, 0xff, 0x8f, 0xff, 0x8f, 0xff, 0x8f, 0xff, 0xd0, 0xc7, 0xf3, 0x47,
    0xf3, 0x57, 0xf3, 0x57, 0xf2, 0x57, 0xf3, 0x57, 0xf3, 0x57, 0xf3, 0x57,
    0xf2, 0x57, 0xf3, 0x57, 0xf3, 0x57, 0xf3, 0x57, 0xf2, 0x57, 0xf3, 0x57,
    0xf3, 0x57, 0xf3, 0x57, 0xf2, 0x57, 0xf3, 0x57, 0xf3, 0x57, 0xf2, 0x57,
    0xf3, 0x57, 0xf3, 0x57, 0xf3, 0x57, 0xf3, 0x57, 0xf2, 0x57, 0xf3, 0x57,
    0xf3, 0x57, 0xf2, 0x57, 0xf3, 0x57, 0xf3, 0x57, 0xf3, 0x57, 0xf3, 0x57,
    0xf3, 0x57, 0xf3, 0x57, 0xf3, 0x57, 0xf2, 0x57, 0xf2, 0x57, 0x95, 0x67,
    0x1f, 0xcd, 0x1f, 0xcd, 0x1f, 0xcd, 0x1f, 0xcd, 0x1f, 0xcd, 0x1f, 0xcd,
    0x1f, 0xcd, 0x1f, 0xcd, 0x1f, 0xcd, 0x1f, 0xcd, 0x1f, 0xcd, 0x1f, 0xcd,
    0x1f, 0xcd, 0x1f, 0xcd, 0x1f, 0xcd, 0x1f, 0xcd, 0x1f, 0xcd, 0xdf, 0xc4,
    0x58, 0xee, 0xcd, 0xff, 0x8f, 0xff, 0x8f, 0xff, 0x8f, 0xff, 0x8f, 0xff,
    0x8f, 0xff, 0x8f, 0xff, 0x8f, 0xff, 0x8f, 0xff, 0x8f, 0xff, 0x8f, 0xff,
    0x8f, 0xff, 0x8f, 0xff, 0x8f, 0xff, 0x8f, 0xff, 0x8f, 0xff, 0x8f, 0xff,
    0x8f, 0xff, 0x27, 0x4a, 0xa5, 0x10, 0x06, 0x21, 0x06, 0x21, 0x05, 0x21,
    0x06, 0x21, 0x05, 0x21, 0x05, 0x21, 0x06, 0x21, 0x05, 0x19, 0x06, 0x21,
    0x06, 0x21, 0x05, 0x21, 0x05, 0x21, 0x06, 0x19, 0x05, 0x21, 0x05, 0x21,
    0x06, 0x19, 0x06, 0x21, 0x06, 0x21, 0x05, 0x19, 0x06, 0x21, 0x06, 0x21,
    0x05, 0x21, 0x06, 0x19, 0x06, 0x21, 0x05, 0x19, 0x06, 0x21, 0x06, 0x19,
    0x05, 0x21, 0x06, 0x19, 0x06, 0x21, 0x05, 0x21, 0x06, 0x19, 0x05, 0x21,
    0x06, 0x21, 0x06, 0x21, 0x05, 0x19, 0x06, 0x21, 0x05, 0x21, 0x06, 0x21,
    0xc5, 0x18, 0xa9, 0x31, 0xda, 0x94, 0xd9, 0x94, 0xb9, 0x8c, 0xd9, 0x94,
    0xd9, 0x8c, 0xb9, 0x8c, 0xb9, 0x94, 0xd9, 0x8c, 0xd9, 0x94, 0xb9, 0x94,
    0xb9, 0x8c, 0xd9, 0x94, 0xb9, 0x8c, 0xb9, 0x94, 0xd9, 0x8c, 0xd9, 0x94,
    0xb9, 0x8c, 0x98, 0x94, 0xfd, 0x85, 0x1f, 0x7f, 0xff, 0x7e, 0xff, 0x7e,
    0xff, 0x7e, 0xff, 0x7e, 0xff, 0x7e, 0xff, 0x7e, 0xff, 0x7e, 0xff, 0x7e,
    0xff, 0x7e, 0xff, 0x7e, 0xff, 0x7e, 0xff, 0x7e, 0xff, 0x7e, 0xff, 0x7e,
    0xff, 0x7e, 0xff, 0x7e, 0xff, 0x7e, 0xee, 0xed, 0xab, 0xfd, 0xab, 0xfd,
    0xab, 0xfd, 0xab, 0xfd, 0xac, 0xfd, 0xab, 0xfd, 0xab, 0xfd, 0xac, 0xfd,
    0xab, 0xfd, 0xac, 0xfd, 0xac, 0xfd, 0xab, 0xfd, 0xab, 0xfd, 0xab, 0xfd,
    0xac, 0xfd, 0xab, 0xfd, 0xab, 0xfd, 0xac, 0xfd, 0xab, 0xfd, 0xab, 0xfd,
    0xab, 0xfd, 0xab, 0xfd, 0xab, 0xfd, 0xac, 0xfd, 0xab, 0xfd, 0xab, 0xfd,
    0xab, 0xfd, 0xac, 0xfd, 0xab, 0xfd, 0xab, 0xfd, 0xab, 0xfd, 0xac, 0xfd,
    0xab, 0xfd, 0xab, 0xfd, 0xab, 0xfd, 0x8a, 0xfd, 0x98, 0xae, 0x1f, 0x77,
    0xff, 0x7e, 0xff, 0x7e, 0xff, 0x7e, 0xff, 0x7e, 0xff, 0x7e, 0xff, 0x7e,
    0xff, 0x7e, 0xff, 0x7e, 0xff, 0x7e, 0xff, 0x7e, 0xff, 0x7e, 0xff, 0x7e,
    0xff, 0x7e, 0xff, 0x7e, 0xff, 0x7e, 0xff, 0x76, 0xff, 0x86, 0x90, 0xff,
    0x8f, 0xff, 0x8f, 0xff, 0x8f, 0xff, 0x8f, 0xff, 0x8f, 0xff, 0x8f, 0xff,
    0x8f, 0xff, 0x8f, 0xff, 0x8f, 0xff, 0x8f, 0xff, 0x8f, 0xff, 0x8f, 0xff,
    0x8f, 0xff, 0x8f, 0xff, 0x8f, 0xff, 0x8f, 0xff, 0x8f, 0xff, 0xb0, 0xc7,
    0xf3, 0x47, 0xf3, 0x57, 0xf3, 0x57, 0xf3, 0x57, 0xf2, 0x57, 0xf3, 0x57,
    0xf3, 0x57, 0xf3, 0x57, 0xf2, 0x57, 0xf3, 0x57, 0xf3, 0x57, 0xf3, 0x57,
    0xf2, 0x57, 0xf3, 0x57, 0xf3, 0x57, 0xf3, 0x57, 0xf3, 0x57, 0xf3, 0x57,
    0xf3, 0x57, 0xf2, 0x57, 0xf3, 0x57, 0xf3, 0x57, 0xf2, 0x57, 0xf3, 0x57,
    0xf3, 0x57, 0xf3, 0x57, 0xf2, 0x57, 0xf3, 0x57, 0xf3, 0x57, 0xf2, 0x57,
    0xf3, 0x57, 0xf2, 0x57, 0xf3, 0x57, 0xf3, 0x57, 0xf3, 0x57, 0xf2, 0x4f,
    0x95, 0x67, 0x1f, 0xcd, 0x1f, 0xcd, 0x1f, 0xcd, 0x1f, 0xcd, 0x1f, 0xcd,
    0x1f, 0xcd, 0x1f, 0xcd, 0x1f, 0xcd, 0x1f, 0xcd, 0x1f, 0xcd, 0x1f, 0xcd,
    0x1f, 0xcd, 0x1f, 0xcd, 0x1f, 0xcd, 0x1f, 0xcd, 0x1f, 0xcd, 0x1f, 0xcd,
    0xdf, 0xc4, 0x58, 0xe6, 0xce, 0xff, 0x8f, 0xff, 0x8f, 0xff, 0x8f, 0xff,
    0x8f, 0xff, 0x8f, 0xff, 0x8f, 0xff, 0x8f, 0xff, 0x8f, 0xff, 0x8f, 0xff,
    0x8f, 0xff, 0x8f, 0xff, 0x8f, 0xff, 0x8f, 0xff, 0x8f, 0xff, 0x8f, 0xff,
    0xaf, 0xff, 0xaf, 0xff, 0x27, 0x4a, 0xa5, 0x10, 0x06, 0x21, 0x06, 0x21,
    0x05, 0x19, 0x06, 0x21, 0x06, 0x19, 0x06, 0x21, 0x06, 0x21, 0x05, 0x21,
    0x06, 0x21, 0x06, 0x21, 0x05, 0x21, 0x06, 0x19, 0x06, 0x21, 0x05, 0x21,
    0x06, 0x21, 0x06, 0x21, 0x05, 0x21, 0x06, 0x21, 0x06, 0x21, 0x05, 0x19,
    0x06, 0x21, 0x06, 0x21, 0x05, 0x21, 0x06, 0x21, 0x05, 0x21, 0x06, 0x19,
    0x06, 0x21, 0x05, 0x21, 0x05, 0x19, 0x06, 0x21, 0x06, 0x21, 0x05, 0x21,
    0x06, 0x21, 0x05, 0x21, 0x06, 0x19, 0x06, 0x21, 0x05, 0x21, 0x06, 0x21,
    0x06, 0x21, 0xc4, 0x18, 0xc9, 0x31, 0xd9, 0x94, 0xd9, 0x94, 0xb9, 0x94,
    0xb9, 0x94, 0xd9, 0x8c, 0xd9, 0x94, 0xb9, 0x8c, 0xb9, 0x8c, 0xd9, 0x94,
    0xd9, 0x8c, 0xb9, 0x94, 0xd9, 0x94, 0xd9, 0x8c, 0xb9, 0x8c, 0xb9, 0x94,
    0xd9, 0x8c, 0xd9, 0x94, 0x98, 0x94, 0xfd, 0x85, 0x1f, 0x7f, 0xff, 0x7e,
    0xff, 0x7e, 0xff, 0x7e, 0xff, 0x7e, 0xff, 0x7e, 0xff, 0x7e, 0xff, 0x7e,
    0xff, 0x7e, 0xff, 0x7e, 0xff, 0x7e, 0xff, 0x7e, 0xff, 0x7e, 0xff, 0x7e,
    0xff, 0x7e, 0xff, 0x7e, 0xff, 0x7e, 0xff, 0x7e, 0xce, 0xf5, 0x8b, 0xfd,
    0xab, 0xfd, 0xab, 0xfd, 0xac, 0xfd, 0xab, 0xfd, 0xab, 0xfd, 0xab, 0xfd,
    0xab, 0xfd, 0xab, 0xfd, 0xab, 0xfd, 0xab, 0xfd, 0xac, 0xfd, 0xab, 0xfd,
    0xab, 0xfd, 0xab, 0xfd, 0xab, 0xfd, 0xab, 0xfd, 0xac, 0xfd, 0xab, 0xfd,
    0xab, 0xfd, 0xac, 0xfd, 0xab, 0xfd, 0xab, 0xfd, 0xab, 0xfd, 0xac, 0xfd,
    0xab, 0xfd, 0xab, 0xfd, 0xab, 0xfd, 0xac, 0xfd, 0xab, 0xfd, 0xab, 0xfd,
    0xab, 0xfd, 0xac, 0xfd, 0xab, 0xfd, 0xab, 0xfd, 0x8a, 0xfd, 0x79, 0xae,
    0x1f, 0x77, 0xff, 0x7e, 0xff, 0x7e, 0xff, 0x7e, 0xff, 0x7e, 0xff, 0x7e,
    0xff, 0x7e, 0xff, 0x7e, 0xff, 0x7e, 0xff, 0x7e, 0xff, 0x7e, 0xff, 0x7e,
    0xff, 0x7e, 0xff, 0x7e, 0xff, 0x7e, 0xff, 0x7e, 0xff, 0x76, 0xff, 0x86,
    0x90, 0xff, 0x8e, 0xff, 0x8f, 0xff, 0x8f, 0xff, 0x8f, 0xff, 0x8f, 0xff,
    0x8f, 0xff, 0x8f, 0xff, 0x8f, 0xff, 0x8f, 0xff, 0x8f, 0xff, 0x8f, 0xff,
    0x8f, 0xff, 0x8f, 0xff, 0x8f, 0xff, 0x8f, 0xff, 0x8f, 0xff, 0x8f, 0xff,
    0xb0, 0xbf, 0xf3, 0x4f, 0xf3, 0x57, 0xf3, 0x57, 0xf3, 0x57, 0xf3, 0x57,
    0xf2, 0x57, 0xf3, 0x57, 0xf3, 0x57, 0xf3, 0x57, 0xf2, 0x57, 0xf3, 0x57,
    0xf3, 0x57, 0xf3, 0x57, 0xf2, 0x57, 0xf3, 0x57, 0xf2, 0x57, 0xf3, 0x57,
    0xf3, 0x57, 0xf2, 0x57, 0xf3, 0x57, 0xf3, 0x57, 0xf3, 0x57, 0xf3, 0x57,
    0xf3, 0x57, 0xf3, 0x57, 0xf3, 0x57, 0xf3, 0x57, 0xf3, 0x57, 0xf2, 0x57,
    0xf3, 0x57, 0xf3, 0x57, 0xf2, 0x57, 0xf3, 0x57, 0xf3, 0x57, 0xf3, 0x57,
    0xf2, 0x57, 0x94, 0x67, 0x1f, 0xcd, 0x1f, 0xcd, 0x1f, 0xcd, 0x1f, 0xcd,
    0x1f, 0xcd, 0x1f, 0xcd, 0x1f, 0xcd, 0x1f, 0xcd, 0x1f, 0xcd, 0x1f, 0xcd,
    0x1f, 0xcd, 0x1f, 0xcd, 0x1f, 0xcd, 0x1f, 0xcd, 0x1f, 0xcd, 0x1f, 0xcd,
    0x1f, 0xcd, 0xdf, 0xc4, 0x57, 0xee, 0xae, 0xff, 0x8f, 0xff, 0x8f, 0xff,
    0x8f, 0xff, 0x8f, 0xff, 0x8f, 0xff, 0x8f, 0xff, 0x8f, 0xff, 0x8f, 0xff,
    0x8f, 0xff, 0x8f, 0xff, 0x8f, 0xff, 0x8f, 0xff, 0x8f, 0xff, 0x8f, 0xff,
    0x8f, 0xff, 0x8f, 0xff, 0xb0, 0xff, 0x27, 0x42, 0xa5, 0x18, 0x06, 0x21,
    0x06, 0x19, 0x05, 0x21, 0x06, 0x21, 0x06, 0x21, 0x05, 0x19, 0x06, 0x21,
    0x06, 0x21, 0x05, 0x19, 0x06, 0x19, 0x06, 0x21, 0x06, 0x21, 0x06, 0x21,
    0x05, 0x19, 0x06, 0x21, 0x06, 0x21, 0x06, 0x21, 0x05, 0x21, 0x06, 0x21,
    0x05, 0x21, 0x06, 0x19, 0x06, 0x21, 0x05, 0x21, 0x06, 0x19, 0x06, 0x21,
    0x05, 0x21, 0x06, 0x21, 0x06, 0x21, 0x05, 0x21, 0x06, 0x19, 0x06, 0x21,
    0x05, 0x19, 0x06, 0x21, 0x06, 0x21, 0x05, 0x19, 0x06, 0x21, 0x06, 0x21,
    0x05, 0x19, 0x06, 0x21, 0xe5, 0x18, 0xa9, 0x31, 0xd9, 0x94, 0xda, 0x8c,
    0xd9, 0x8c, 0xb9, 0x8c, 0xb9, 0x94, 0xd9, 0x94, 0xd9, 0x94, 0xb9, 0x8c,
    0xb9, 0x94, 0xd9, 0x8c, 0xb9, 0x8c, 0xb9, 0x94, 0xd9, 0x8c, 0xd9, 0x94,
    0xb9, 0x94, 0xb9, 0x8c, 0xd9, 0x8c, 0x98, 0x94, 0xfd, 0x85, 0x3f, 0x7f,
    0xff, 0x7e, 0xff, 0x7e, 0xff, 0x7e, 0xff, 0x7e, 0xff, 0x7e, 0xff, 0x7e,
    0xff, 0x7e, 0xff, 0x7e, 0xff, 0x7e, 0xff, 0x7e, 0xff, 0x7e, 0xff, 0x7e,
    0xff, 0x7e, 0xff, 0x7e, 0xff, 0x7e, 0xff, 0x7e, 0xff, 0x7e, 0xee, 0xed,
    0xaa, 0xfd, 0xab, 0xfd, 0xac, 0xfd, 0xab, 0xfd, 0xab, 0xfd, 0xab, 0xfd,
    0xac, 0xfd, 0xab, 0xfd, 0xab, 0xfd, 0xab, 0xfd, 0xab, 0xfd, 0xab, 0xfd,
    0xac, 0xfd, 0xab, 0xfd, 0xac, 0xfd, 0xab, 0xfd, 0xab, 0xfd, 0xab, 0xfd,
    0xac, 0xfd, 0xab, 0xfd, 0xab, 0xfd, 0xac, 0xfd, 0xab, 0xfd, 0xab, 0xfd,
    0xab, 0xfd, 0xac, 0xfd, 0xab, 0xfd, 0xab, 0xfd, 0xab, 0xfd, 0xac, 0xfd,
    0xab, 0xfd, 0xab, 0xfd, 0xab, 0xfd, 0xac, 0xfd, 0xab, 0xfd, 0x8a, 0xfd,
    0x78, 0xae, 0x1f, 0x77, 0xff, 0x7e, 0xff, 0x7e, 0xff, 0x7e, 0xff, 0x7e,
    0xff, 0x7e, 0xff, 0x7e, 0xff, 0x7e, 0xff, 0x7e, 0xff, 0x7e, 0xff, 0x7e,
    0xff, 0x7e, 0xff, 0x7e, 0xff, 0x7e, 0xff, 0x7e, 0xff, 0x7e, 0xff, 0x7e,
    0xff, 0x86, 0x90, 0xff, 0x8f, 0xff, 0x8f, 0xff, 0x8f, 0xff, 0x8f, 0xff,
    0x8f, 0xff, 0x8f, 0xff, 0x8f, 0xff, 0x8f, 0xff, 0x8f, 0xff, 0x8f, 0xff,
    0x8f, 0xff, 0x8f, 0xff, 0x8f, 0xff, 0x8f, 0xff, 0x8f, 0xff, 0x8f, 0xff,
    0x8f, 0xff, 0xb0, 0xbf, 0xf3, 0x47, 0xf3, 0x57, 0xf2, 0x57, 0xf3, 0x57,
    0xf3, 0x57, 0xf3, 0x57, 0xf2, 0x57, 0xf3, 0x57, 0xf3, 0x57, 0xf3, 0x57,
    0xf2, 0x57, 0xf3, 0x57, 0xf3, 0x57, 0xf3, 0x57, 0xf3, 0x57, 0xf2, 0x57,
    0xf3, 0x57, 0xf3, 0x57, 0xf3, 0x57, 0xf3, 0x57, 0xf2, 0x57, 0xf3, 0x57,
    0xf2, 0x57, 0xf2, 0x57, 0xf3, 0x57, 0xf2, 0x57, 0xf3, 0x57, 0xf3, 0x57,
    0xf3, 0x57, 0xf3, 0x57, 0xf3, 0x57, 0xf3, 0x57, 0xf2, 0x57, 0xf3, 0x57,
    0xf3, 0x57, 0xf2, 0x4f, 0x95, 0x67, 0x1f, 0xcd, 0x1f, 0xd5, 0x1f, 0xcd,
    0x1f, 0xcd, 0x1f, 0xcd, 0x1f, 0xcd, 0x1f, 0xcd, 0x1f, 0xcd, 0x1f, 0xcd,
    0x1f, 0xcd, 0x1f, 0xcd, 0x1f, 0xcd, 0x1f, 0xcd, 0x1f, 0xcd, 0x1f, 0xcd,
    0x1f, 0xcd, 0x1f, 0xcd, 0xdf, 0xc4, 0x58, 0xee, 0xcd, 0xff, 0x8f, 0xff,
    0x8f, 0xff, 0x8f, 0xff, 0x8f, 0xff, 0x8f, 0xff, 0x8f, 0xff, 0x8f, 0xff,
    0x8f, 0xff, 0x8f, 0xff, 0x8f, 0xff, 0x8f, 0xff, 0x8f, 0xff, 0x8f, 0xff,
    0x8f, 0xff, 0x8f, 0xff, 0x8f, 0xff, 0x8f, 0xff, 0x28, 0x42, 0xc5, 0x18,
    0x06, 0x21, 0x06, 0x21, 0x05, 0x21, 0x06, 0x21, 0x05, 0x21, 0x05, 0x19,
    0x06, 0x21, 0x05, 0x21, 0x06, 0x21, 0x05, 0x21, 0x05, 0x21, 0x06, 0x21,
    0x05, 0x19, 0x06, 0x21, 0x05, 0x21, 0x05, 0x19, 0x06, 0x19, 0x06, 0x21,
    0x05, 0x19, 0x06, 0x21, 0x05, 0x21, 0x06, 0x21, 0x06, 0x19, 0x05, 0x21,
    0x06, 0x21, 0x05, 0x21, 0x06, 0x19, 0x06, 0x21, 0x05, 0x21, 0x06, 0x21,
    0x06, 0x21, 0x05, 0x19, 0x06, 0x21, 0x06, 0x21, 0x05, 0x21, 0x06, 0x21,
    0x06, 0x19, 0x05, 0x21, 0x06, 0x21, 0xc5, 0x18, 0xc9, 0x31, 0xd9, 0x94,
    0xd9, 0x94, 0xb9, 0x8c, 0xd9, 0x94, 0xb9, 0x8c, 0xb9, 0x8c, 0xd9, 0x94,
    0xd9, 0x8c, 0xb9, 0x94, 0xd9, 0x94, 0xd9, 0x8c, 0xb9, 0x94, 0xb9, 0x8c,
    0xd9, 0x94, 0xd9, 0x8c, 0xb9, 0x94, 0xb9, 0x8c, 0x98, 0x94, 0xfd, 0x85,
    0x1f, 0x7f, 0xff, 0x7e, 0xff, 0x7e, 0xff, 0x7e, 0xff, 0x7e, 0xff, 0x7e,
    0xff, 0x7e, 0xff, 0x7e, 0xff, 0x7e, 0xff, 0x7e, 0xff, 0x7e, 0xff, 0x7e,
    0xff, 0x7e, 0xff, 0x7e, 0xff, 0x7e, 0xff, 0x7e, 0xff, 0x7e, 0xff, 0x7e,
    0xee, 0xed, 0x8a, 0xfd, 0xab, 0xfd, 0xab, 0xfd, 0xac, 0xfd, 0xab, 0xfd,
    0xab, 0xfd, 0xac, 0xfd, 0xab, 0xfd, 0xac, 0xfd, 0xac, 0xfd, 0xab, 0xfd,
    0xab, 0xfd, 0xab, 0xfd, 0xab, 0xfd, 0xac, 0xfd, 0xab, 0xfd, 0xab, 0xfd,
    0xac, 0xfd, 0xab, 0xfd, 0xab, 0xfd, 0xab, 0xfd, 0xab, 0xfd, 0xac, 0xfd,
    0xab, 0xfd, 0xab, 0xfd, 0xab, 0xfd, 0xac, 0xfd, 0xab, 0xfd, 0xab, 0xfd,
    0xab, 0xfd, 0xac, 0xfd, 0xab, 0xfd, 0xab, 0xfd, 0xab, 0xfd, 0xab, 0xfd,
    0x8a, 0xfd, 0x98, 0xae, 0x1f, 0x77, 0xff, 0x7e, 0xff, 0x7e, 0xff, 0x7e,
    0xff, 0x7e, 0xff, 0x7e, 0xff, 0x7e, 0xff, 0x7e, 0xff, 0x7e, 0xff, 0x7e,
    0xff, 0x7e, 0xff, 0x7e, 0xff, 0x7e, 0xff, 0x7e, 0xff, 0x7e, 0xff, 0x7e,
    0xff, 0x76, 0xff, 0x86, 0x90, 0xff, 0x8e, 0xff, 0x8f, 0xff, 0x8f, 0xff,
    0x8f, 0xff, 0x8f, 0xff, 0x8f, 0xff, 0x8f, 0xff, 0x8f, 0xff, 0x8f, 0xff,
    0x8f, 0xff, 0x8f, 0xff, 0x8f, 0xff, 0x8f, 0xff, 0x8f, 0xff, 0x8f, 0xff,
    0x8f, 0xff, 0x8f, 0xff, 0xb0, 0xc7, 0xf3, 0x47, 0xf3, 0x57, 0xf3, 0x57,
    0xf2, 0x57, 0xf3, 0x57, 0xf3, 0x57, 0xf3, 0x57, 0xf2, 0x57, 0xf3, 0x57,
    0xf3, 0x57, 0xf3, 0x57, 0xf2, 0x57, 0xf3, 0x57, 0xf3, 0x57, 0xf3, 0x57,
    0xf3, 0x57, 0xf2, 0x57, 0xf3, 0x57, 0xf3, 0x57, 0xf3, 0x4f, 0xf3, 0x4f,
    0xf3, 0x57, 0xf3, 0x4f, 0xf3, 0x4f, 0xf3, 0x57, 0xf3, 0x4f, 0xf3, 0x4f,
    0xf3, 0x57, 0xf3, 0x4f, 0xf3, 0x4f, 0xf3, 0x57, 0xf3, 0x4f, 0xf3, 0x57,
    0xf3, 0x57, 0xf3, 0x4f, 0xf2, 0x4f, 0x95, 0x67, 0x1f, 0xcd, 0xff, 0xcc,
    0xff, 0xcc, 0xff, 0xcc, 0xff, 0xcc, 0xff, 0xcc, 0xff, 0xcc, 0xff, 0xcc,
    0xff, 0xcc, 0xff, 0xcc, 0xff, 0xcc, 0x1f, 0xcd, 0xff, 0xcc, 0xff, 0xcc,
    0x1f, 0xcd, 0xff, 0xcc, 0x1f, 0xcd, 0xdf, 0xc4, 0x38, 0xe6, 0xce, 0xff,
    0x8f, 0xff, 0x8f, 0xff, 0x8f, 0xff, 0x8f, 0xff, 0x8f, 0xff, 0x8f, 0xff,
    0x8f, 0xff, 0x8f, 0xff, 0x8f, 0xff, 0x8f, 0xff, 0x8f, 0xff, 0x8f, 0xff,
    0x8f, 0xff, 0x8f, 0xff, 0x8f, 0xff, 0xaf, 0xff, 0x8f, 0xff, 0x27, 0x4a,
    0xa5, 0x10, 0x06, 0x21, 0x05, 0x21, 0x06, 0x19, 0x06, 0x21, 0x06, 0x21,
    0x06, 0x21, 0x05, 0x19, 0x06, 0x21, 0x06, 0x21, 0x06, 0x19, 0x05, 0x21,
    0x06, 0x21, 0x06, 0x19, 0x06, 0x21, 0x06, 0x21, 0x06, 0x21, 0x05, 0x21,
    0x06, 0x21, 0x06, 0x21, 0x05, 0x19, 0x06, 0x21, 0x05, 0x21, 0x06, 0x21,
    0x06, 0x21, 0x05, 0x19, 0x06, 0x21, 0x06, 0x21, 0x05, 0x19, 0x06, 0x21,
    0x05, 0x21, 0x06, 0x21, 0x06, 0x21, 0x05, 0x19, 0x06, 0x21, 0x05, 0x21,
    0x06, 0x19, 0x05, 0x21, 0x06, 0x21, 0x05, 0x21, 0xc5, 0x18, 0xc9, 0x31,
    0xd9, 0x94, 0xd9, 0x94, 0xb9, 0x8c, 0xd9, 0x94, 0xd9, 0x94, 0xb9, 0x8c,
    0xb9, 0x8c, 0xd9, 0x94, 0xb9, 0x8c, 0xb9, 0x8c, 0xd9, 0x94, 0xd9, 0x8c,
    0xb9, 0x94, 0xb9, 0x8c, 0xd9, 0x94, 0xd9, 0x8c, 0xb9, 0x94, 0x98, 0x94,
    0xfd, 0x85, 0x1f, 0x77, 0xff, 0x7e, 0xff, 0x7e, 0xff, 0x7e, 0xff, 0x7e,
    0xff, 0x7e, 0xff, 0x7e, 0xff, 0x7e, 0xff, 0x7e, 0xff, 0x7e, 0xff, 0x7e,
    0xff, 0x7e, 0xff, 0x7e, 0xff, 0x7e, 0xff, 0x7e, 0xff, 0x7e, 0xff, 0x7e,
    0xff, 0x7e, 0xee, 0xf5, 0x8b, 0xfd, 0xab, 0xfd, 0xab, 0xfd, 0xab, 0xfd,
    0xab, 0xfd, 0xab, 0xfd, 0xab, 0xfd, 0xab, 0xfd, 0xab, 0xfd, 0xab, 0xfd,
    0xab, 0xfd, 0xac, 0xfd, 0xab, 0xfd, 0xab, 0xfd, 0xab, 0xfd, 0xab, 0xfd,
    0xab, 0xfd, 0xab, 0xfd, 0xab, 0xfd, 0xac, 0xfd, 0xab, 0xfd, 0xab, 0xfd,
    0xab, 0xfd, 0xac, 0xfd, 0xab, 0xfd, 0xab, 0xfd, 0xab, 0xfd, 0xac, 0xfd,
    0xab, 0xfd, 0xab, 0xfd, 0xab, 0xfd, 0xac, 0xfd, 0xab, 0xfd, 0xab, 0xfd,
    0xac, 0xfd, 0x8a, 0xfd, 0x78, 0xae, 0x1f, 0x77, 0xff, 0x7e, 0xff, 0x7e,
    0xff, 0x7e, 0xff, 0x7e, 0xff, 0x7e, 0xff, 0x7e, 0xff, 0x7e, 0xff, 0x7e,
    0xff, 0x7e, 0xff, 0x7e, 0xff, 0x7e, 0xff, 0x7e, 0xff, 0x7e, 0xff, 0x7e,
    0xff, 0x7e, 0xff, 0x7e, 0xff, 0x86, 0x90, 0xf7, 0x8f, 0xff, 0x8f, 0xff,
    0x8f, 0xff, 0x8f, 0xff, 0x8f, 0xff, 0x8f, 0xff, 0x8f, 0xff, 0x8f, 0xff,
    0x8f, 0xff, 0x8f, 0xff, 0x8f, 0xff, 0x8f, 0xff, 0x8f, 0xff, 0x8f, 0xff,
    0x8f, 0xff, 0x8f, 0xff, 0x8f, 0xff, 0xd0, 0xbf, 0xf3, 0x4f, 0xf3, 0x57,
    0xf3, 0x57, 0xf3, 0x57, 0xf2, 0x57, 0xf3, 0x57, 0xf3, 0x57, 0xf3, 0x57,
    0xf2, 0x57, 0xf3, 0x57, 0xf3, 0x57, 0xf3, 0x57, 0xf2, 0x57, 0xf3, 0x57,
    0xf3, 0x57, 0xf2, 0x57, 0xf3, 0x57, 0xf3, 0x57, 0xf2, 0x5f, 0xf2, 0x5f,
    0xf3, 0x5f, 0xf2, 0x5f, 0xf3, 0x5f, 0xf3, 0x5f, 0xf2, 0x5f, 0xf2, 0x5f,
    0xf2, 0x5f, 0xf2, 0x5f, 0xf2, 0x5f, 0xf2, 0x5f, 0xf2, 0x5f, 0xf2, 0x5f,
    0xf3, 0x5f, 0xf2, 0x5f, 0xf2, 0x5f, 0xf2, 0x57, 0x94, 0x6f, 0x3f, 0xcd,
    0x3f, 0xd5, 0x3f, 0xcd, 0x3f, 0xcd, 0x3f, 0xcd, 0x3f, 0xcd, 0x3f, 0xcd,
    0x3f, 0xcd, 0x3f, 0xcd, 0x3f, 0xcd, 0x3f, 0xcd, 0x3f, 0xcd, 0x3f, 0xcd,
    0x3f, 0xcd, 0x3f, 0xcd, 0x3f, 0xcd, 0x3f, 0xcd, 0xff, 0xcc, 0x57, 0xee,
    0xce, 0xff, 0x8f, 0xff, 0x8f, 0xff, 0x8f, 0xff, 0x8f, 0xff, 0x8f, 0xff,
    0x8f, 0xff, 0x8f, 0xff, 0x8f, 0xff, 0x8f, 0xff, 0x8f, 0xff, 0x8f, 0xff,
    0x8f, 0xff, 0x8f, 0xff, 0x8f, 0xff, 0x8f, 0xff, 0xaf, 0xff, 0x8f, 0xff,
    0x27, 0x42, 0xc5, 0x10, 0x06, 0x21, 0x06, 0x21, 0x05, 0x19, 0x05, 0x21,
    0x06, 0x21, 0x06, 0x19, 0x05, 0x21, 0x06, 0x21, 0x06, 0x19, 0x05, 0x21,
    0x06, 0x21, 0x06, 0x21, 0x05, 0x21, 0x05, 0x21, 0x06, 0x19, 0x06, 0x21,
    0x06, 0x21, 0x05, 0x21, 0x06, 0x21, 0x06, 0x21, 0x06, 0x19, 0x05, 0x21,
    0x06, 0x21, 0x06, 0x19, 0x05, 0x21, 0x06, 0x21, 0x05, 0x21, 0x06, 0x21,
    0x06, 0x19, 0x05, 0x21, 0x06, 0x21, 0x05, 0x21, 0x06, 0x21, 0x06, 0x19,
    0x05, 0x21, 0x06, 0x21, 0x06, 0x21, 0x05, 0x19, 0x06, 0x21, 0xe5, 0x18,
    0xa9, 0x31, 0xd9, 0x94, 0xda, 0x8c, 0xb9, 0x8c, 0xb9, 0x94, 0xd9, 0x94,
    0xd9, 0x8c, 0xb9, 0x94, 0xd9, 0x94, 0xd9, 0x8c, 0xb9, 0x94, 0xb9, 0x8c,
    0xd9, 0x94, 0xd9, 0x8c, 0xb9, 0x94, 0xb9, 0x8c, 0xd9, 0x8c, 0xb9, 0x94,
    0x98, 0x94, 0xfd, 0x85, 0x3f, 0x7f, 0xff, 0x7e, 0xff, 0x7e, 0xff, 0x7e,
    0xff, 0x7e, 0xff, 0x7e, 0xff, 0x7e, 0xff, 0x7e, 0xff, 0x7e, 0xff, 0x7e,
    0xff, 0x7e, 0xff, 0x7e, 0xff, 0x7e, 0xff, 0x7e, 0xff, 0x7e, 0xff, 0x7e,
    0xff, 0x76, 0xff, 0x7e, 0xee, 0xed, 0xab, 0xfd, 0xab, 0xfd, 0xab, 0xfd,
    0xac, 0xfd, 0xac, 0xfd, 0xab, 0xfd, 0xab, 0xfd, 0xac, 0xfd, 0xab, 0xfd,
    0xab, 0xfd, 0xab, 0xfd, 0xac, 0xfd, 0xab, 0xfd, 0xab, 0xfd, 0xac, 0xfd,
    0xac, 0xfd, 0xab, 0xfd, 0xab, 0xfd, 0xac, 0xfd, 0xab, 0xfd, 0xab, 0xfd,
    0xac, 0xfd, 0xab, 0xfd, 0xab, 0xfd, 0xac, 0xfd, 0xab, 0xfd, 0xab, 0xfd,
    0xab, 0xfd, 0xac, 0xfd, 0xab, 0xfd, 0xab, 0xfd, 0xab, 0xfd, 0xac, 0xfd,
    0xab, 0xfd, 0xab, 0xfd, 0x8a, 0xfd, 0x79, 0xae, 0x1f, 0x77, 0xff, 0x7e,
    0xff, 0x7e, 0xff, 0x7e, 0xff, 0x7e, 0xff, 0x7e, 0xff, 0x7e, 0xff, 0x7e,
    0xff, 0x7e, 0xff, 0x7e, 0xff, 0x7e, 0xff, 0x7e, 0xff, 0x7e, 0xff, 0x7e,
    0xff, 0x7e, 0xff, 0x7e, 0xff, 0x7e, 0xff, 0x7e, 0xf3, 0x67, 0xf2, 0x67,
    0xf2, 0x67, 0xf2, 0x67, 0xf2, 0x67, 0xf2, 0x67, 0xf2, 0x67, 0xf2, 0x67,
    0xf2, 0x67, 0xf2, 0x67, 0xf2, 0x67, 0xf2, 0x67, 0xf2, 0x67, 0xf2, 0x67,
    0xf2, 0x67, 0xf2, 0x67, 0xf2, 0x67, 0xf2, 0x67, 0xf3, 0x5f, 0xf3, 0x57,
    0xf3, 0x57, 0xf3, 0x57, 0xf3, 0x57, 0xf2, 0x57, 0xf3, 0x57, 0xf3, 0x57,
    0xf3, 0x57, 0xf2, 0x57, 0xf3, 0x57, 0xf3, 0x57, 0xf2, 0x57, 0xf3, 0x57,
    0xf3, 0x57, 0xf2, 0x57, 0xf3, 0x57, 0xf3, 0x57, 0xf3, 0x4f, 0xb0, 0xc7,
    0x8f, 0xf7, 0x8f, 0xf7, 0x8f, 0xef, 0xaf, 0xf7, 0x8f, 0xf7, 0x8f, 0xf7,
    0xb0, 0xf7, 0x8f, 0xf7, 0x8f, 0xf7, 0xb0, 0xf7, 0x8f, 0xf7, 0x8f, 0xef,
    0xaf, 0xf7, 0x8f, 0xef, 0xaf, 0xf7, 0xb0, 0xf7, 0x8f, 0xf7, 0x90, 0xf7,
    0x51, 0xff, 0x51, 0xff, 0x51, 0xff, 0x51, 0xff, 0x51, 0xff, 0x51, 0xff,
    0x51, 0xff, 0x51, 0xff, 0x51, 0xff, 0x51, 0xff, 0x51, 0xff, 0x51, 0xff,
    0x51, 0xff, 0x51, 0xff, 0x51, 0xff, 0x51, 0xff, 0x51, 0xff, 0x51, 0xff,
    0x70, 0xff, 0x8f, 0xff, 0x8f, 0xff, 0x8f, 0xff, 0x8f, 0xff, 0x8f, 0xff,
    0x8f, 0xff, 0x8f, 0xff, 0x8f, 0xff, 0x8f, 0xff, 0x8f, 0xff, 0x8f, 0xff,
    0x8f, 0xff, 0x8f, 0xff, 0x8f, 0xff, 0x8f, 0xff, 0x8f, 0xff, 0x8f, 0xff,
    0xb0, 0xff, 0x27, 0x4a, 0xa5, 0x10, 0x06, 0x21, 0x06, 0x21, 0x06, 0x21,
    0x05, 0x19, 0x06, 0x21, 0x05, 0x21, 0x06, 0x21, 0x05, 0x21, 0x06, 0x21,
    0x05, 0x19, 0x06, 0x21, 0x06, 0x19, 0x05, 0x21, 0x06, 0x21, 0x05, 0x21,
    0x05, 0x21, 0x06, 0x21, 0x05, 0x19, 0x05, 0x21, 0x06, 0x21, 0x05, 0x21,
    0x06, 0x19, 0x05, 0x21, 0x06, 0x21, 0x06, 0x21, 0x05, 0x19, 0x06, 0x21,
    0x06, 0x21, 0x05, 0x19, 0x06, 0x21, 0x06, 0x19, 0x05, 0x21, 0x06, 0x21,
    0x06, 0x21, 0x05, 0x21, 0x06, 0x21, 0x06, 0x19, 0x05, 0x21, 0x06, 0x21,
    0xc5, 0x18, 0xa9, 0x31, 0xd9, 0x94, 0xd9, 0x94, 0xd9, 0x8c, 0xb9, 0x8c,
    0xb9, 0x94, 0xd9, 0x8c, 0xb9, 0x8c, 0xb9, 0x94, 0xd9, 0x94, 0xd9, 0x8c,
    0xb9, 0x94, 0xb9, 0x8c, 0xd9, 0x94, 0xd9, 0x94, 0xb9, 0x8c, 0xd9, 0x94,
    0xd9, 0x8c, 0x99, 0x94, 0xfd, 0x85, 0x1f, 0x7f, 0xff, 0x7e, 0xff, 0x7e,
    0xff, 0x7e, 0xff, 0x7e, 0xff, 0x7e, 0xff, 0x7e, 0xff, 0x7e, 0xff, 0x7e,
    0xff, 0x7e, 0xff, 0x7e, 0xff, 0x7e, 0xff, 0x7e, 0xff, 0x7e, 0xff, 0x7e,
    0xff, 0x7e, 0xff, 0x7e, 0xff, 0x7e, 0xee, 0xf5, 0x8a, 0xfd, 0xab, 0xfd,
    0xab, 0xfd, 0xab, 0xfd, 0xab, 0xfd, 0xab, 0xfd, 0xac, 0xfd, 0xab, 0xfd,
    0xab, 0xfd, 0xac, 0xfd, 0xab, 0xfd, 0xab, 0xfd, 0xab, 0xfd, 0xab, 0xfd,
    0xab, 0xfd, 0xab, 0xfd, 0xac, 0xfd, 0xab, 0xfd, 0xab, 0xfd, 0xab, 0xfd,
    0xab, 0xfd, 0xac, 0xfd, 0xab, 0xfd, 0xab, 0xfd, 0xab, 0xfd, 0xac, 0xfd,
    0xab, 0xfd, 0xab, 0xfd, 0xab, 0xfd, 0xac, 0xfd, 0xab, 0xfd, 0xab, 0xfd,
    0xab, 0xfd, 0xab, 0xfd, 0xab, 0xfd, 0x8a, 0xfd, 0x78, 0xae, 0x1f, 0x77,
    0xff, 0x7e, 0xff, 0x7e, 0xff, 0x7e, 0xff, 0x7e, 0xff, 0x7e, 0xff, 0x7e,
    0xff, 0x7e, 0xff, 0x7e, 0xff, 0x7e, 0xff, 0x7e, 0xff, 0x7e, 0xff, 0x7e,
    0xff, 0x7e, 0xff, 0x7e, 0xff, 0x7e, 0xff, 0x7e, 0xff, 0x7e, 0xf4, 0x57,
    0xf2, 0x4f, 0xf3, 0x4f, 0xf3, 0x4f, 0xf3, 0x4f, 0xf3, 0x4f, 0xf3, 0x4f,
    0xf3, 0x4f, 0xf3, 0x4f, 0xf3, 0x4f, 0xf3, 0x4f, 0xf3, 0x4f, 0xf3, 0x4f,
    0xf3, 0x4f, 0xf3, 0x4f, 0xf3, 0x4f, 0xf3, 0x4f, 0xf3, 0x4f, 0xf3, 0x57,
    0xf3, 0x57, 0xf2, 0x57, 0xf3, 0x57, 0xf3, 0x57, 0xf3, 0x57, 0xf2, 0x57,
    0xf3, 0x57, 0xf3, 0x57, 0xf3, 0x57, 0xf3, 0x57, 0xf3, 0x57, 0xf2, 0x57,
    0xf3, 0x57, 0xf3, 0x57, 0xf3, 0x57, 0xf3, 0x57, 0xf3, 0x57, 0xf3, 0x4f,
    0xb0, 0xd7, 0x8f, 0xff, 0x8f, 0xff, 0x8f, 0xff, 0x8f, 0xff, 0x8f, 0xff,
    0x8f, 0xff, 0x8f, 0xff, 0x8f, 0xff, 0x8f, 0xff, 0x8f, 0xff, 0x8f, 0xff,
    0x8f, 0xff, 0x8f, 0xff, 0x8f, 0xff, 0x8f, 0xff, 0x8f, 0xff, 0x8f, 0xff,
    0x8f, 0xff, 0xae, 0xff, 0xae, 0xff, 0xae, 0xff, 0xae, 0xff, 0xae, 0xff,
    0xae, 0xff, 0xae, 0xff, 0xae, 0xff, 0xae, 0xff, 0xae, 0xff, 0xae, 0xff,
    0xae, 0xff, 0xae, 0xff, 0x8e, 0xff, 0xae, 0xff, 0xae, 0xff, 0x8e, 0xff,
    0xae, 0xff, 0x8f, 0xff, 0x8f, 0xff, 0x8f, 0xff, 0x8f, 0xff, 0x8f, 0xff,
    0x8f, 0xff, 0x8f, 0xff, 0x8f, 0xff, 0x8f, 0xff, 0x8f, 0xff, 0x8f, 0xff,
    0x8f, 0xff, 0x8f, 0xff, 0x8f, 0xff, 0x8f, 0xff, 0x8f, 0xff, 0x8f, 0xff,
    0x8f, 0xff, 0xaf, 0xff, 0x28, 0x4a, 0xa5, 0x10, 0x06, 0x21, 0x05, 0x21,
    0x06, 0x21, 0x06, 0x21, 0x05, 0x19, 0x06, 0x21, 0x06, 0x21, 0x06, 0x19,
    0x05, 0x21, 0x06, 0x21, 0x05, 0x21, 0x06, 0x21, 0x06, 0x19, 0x06, 0x21,
    0x06, 0x21, 0x06, 0x19, 0x06, 0x21, 0x06, 0x21, 0x06, 0x19, 0x05, 0x21,
    0x06, 0x21, 0x06, 0x21, 0x05, 0x19, 0x06, 0x21, 0x06, 0x21, 0x05, 0x19,
    0x06, 0x21, 0x05, 0x21, 0x06, 0x21, 0x06, 0x21, 0x05, 0x21, 0x06, 0x19,
    0x05, 0x21, 0x06, 0x19, 0x05, 0x21, 0x06, 0x21, 0x06, 0x21, 0x05, 0x21,
    0x05, 0x21, 0xe5, 0x18, 0xc9, 0x31, 0xd9, 0x94, 0xd9, 0x94, 0xb9, 0x8c,
    0xd9, 0x94, 0xd9, 0x94, 0xb9, 0x8c, 0xd9, 0x8c, 0xb9, 0x94, 0xb9, 0x8c,
    0xd9, 0x8c, 0xd9, 0x94, 0xb9, 0x8c, 0xb9, 0x8c, 0xd9, 0x94, 0xb9, 0x8c,
    0xb9, 0x94, 0xd9, 0x8c, 0x98, 0x94, 0xfd, 0x85, 0x1f, 0x7f, 0xff, 0x7e,
    0xff, 0x7e, 0xff, 0x7e, 0xff, 0x7e, 0xff, 0x7e, 0xff, 0x7e, 0xff, 0x7e,
    0xff, 0x7e, 0xff, 0x7e, 0xff, 0x7e, 0xff, 0x7e, 0xff, 0x7e, 0xff, 0x7e,
    0xff, 0x7e, 0xff, 0x7e, 0xff, 0x7e, 0xff, 0x7e, 0xee, 0xed, 0x8b, 0xfd,
    0xab, 0xfd, 0xac, 0xfd, 0xab, 0xfd, 0xab, 0xfd, 0xac, 0xfd, 0xab, 0xfd,
    0xab, 0xfd, 0xab, 0xfd, 0xac, 0xfd, 0xab, 0xfd, 0xab, 0xfd, 0xac, 0xfd,
    0xab, 0xfd, 0xab, 0xfd, 0xab, 0xfd, 0xab, 0xfd, 0xac, 0xfd, 0xab, 0xfd,
    0xab, 0xfd, 0xac, 0xfd, 0xab, 0xfd, 0xab, 0xfd, 0xab, 0xfd, 0xab, 0xfd,
    0xab, 0xfd, 0xac, 0xfd, 0xab, 0xfd, 0xab, 0xfd, 0xab, 0xfd, 0xac, 0xfd,
    0xab, 0xfd, 0xab, 0xfd, 0xac, 0xfd, 0xab, 0xfd, 0xaa, 0xfd, 0x78, 0xae,
    0x1f, 0x77, 0xff, 0x7e, 0xff, 0x7e, 0xff, 0x7e, 0xff, 0x7e, 0xff, 0x7e,
    0xff, 0x7e, 0xff, 0x7e, 0xff, 0x7e, 0xff, 0x7e, 0xff, 0x7e, 0xff, 0x7e,
    0xff, 0x7e, 0xff, 0x7e, 0xff, 0x7e, 0xff, 0x7e, 0xff, 0x7e, 0xff, 0x76,
    0xf4, 0x57, 0xf2, 0x57, 0xf3, 0x57, 0xf3, 0x57, 0xf3, 0x57, 0xf3, 0x57,
    0xf3, 0x57, 0xf3, 0x57, 0xf3, 0x57, 0xf3, 0x57, 0xf3, 0x57, 0xf3, 0x57,
    0xf3, 0x57, 0xf3, 0x57, 0xf3, 0x57, 0xf3, 0x57, 0xf3, 0x57, 0xf3, 0x57,
    0xf3, 0x57, 0xf3, 0x57, 0xf2, 0x57, 0xf3, 0x57, 0xf3, 0x57, 0xf2, 0x57,
    0xf3, 0x57, 0xf3, 0x57, 0xf2, 0x57, 0xf3, 0x57, 0xf3, 0x57, 0xf2, 0x57,
    0xf3, 0x57, 0xf3, 0x57, 0xf2, 0x57, 0xf3, 0x57, 0xf2, 0x57, 0xf3, 0x57,
    0xf3, 0x4f, 0xb0, 0xd7, 0x8f, 0xff, 0x8f, 0xff, 0x8f, 0xff, 0x8f, 0xff,
    0x8f, 0xff, 0x8f, 0xff, 0x8f, 0xff, 0x8f, 0xff, 0x8f, 0xff, 0x8f, 0xff,
    0x8f, 0xff, 0x8f, 0xff, 0x8f, 0xff, 0x8f, 0xff, 0x8f, 0xff, 0x8f, 0xff,
    0x8f, 0xff, 0x8f, 0xff, 0x8f, 0xff, 0x8f, 0xff, 0x8f, 0xff, 0x8f, 0xff,
    0x8f, 0xff, 0x8f, 0xff, 0x8f, 0xff, 0x8f, 0xff, 0x8f, 0xff, 0x8f, 0xff,
    0x8f, 0xff, 0x8f, 0xff, 0x8f, 0xff, 0x8f, 0xff, 0x8f, 0xff, 0x8f, 0xff,
    0x8f, 0xff, 0x8f, 0xff, 0x8f, 0xff, 0x8f, 0xff, 0x8f, 0xff, 0x8f, 0xff,
    0x8f, 0xff, 0x8f, 0xff, 0x8f, 0xff, 0x8f, 0xff, 0x8f, 0xff, 0x8f, 0xff,
    0x8f, 0xff, 0x8f, 0xff, 0x8f, 0xff, 0x8f, 0xff, 0x8f, 0xff, 0x8f, 0xff,
    0x8f, 0xff, 0x8f, 0xff, 0x8f, 0xff, 0x27, 0x42, 0xc5, 0x18, 0x06, 0x21,
    0x06, 0x19, 0x05, 0x21, 0x06, 0x21, 0x06, 0x21, 0x05, 0x19, 0x06, 0x21,
    0x05, 0x21, 0x06, 0x19, 0x06, 0x21, 0x05, 0x21, 0x05, 0x21, 0x06, 0x19,
    0x05, 0x21, 0x05, 0x21, 0x06, 0x21, 0x05, 0x21, 0x06, 0x21, 0x06, 0x19,
    0x05, 0x21, 0x06, 0x21, 0x06, 0x21, 0x05, 0x21, 0x06, 0x21, 0x05, 0x21,
    0x06, 0x21, 0x06, 0x21, 0x05, 0x19, 0x06, 0x21, 0x05, 0x21, 0x06, 0x21,
    0x06, 0x21, 0x06, 0x19, 0x05, 0x21, 0x06, 0x21, 0x05, 0x19, 0x06, 0x21,
    0x06, 0x19, 0x06, 0x21, 0xc4, 0x18, 0xa9, 0x31, 0xd9, 0x94, 0xda, 0x94,
    0xb9, 0x8c, 0xd9, 0x8c, 0xb9, 0x94, 0xd9, 0x94, 0xd9, 0x8c, 0xd9, 0x94,
    0xb9, 0x94, 0xb9, 0x8c, 0xd9, 0x94, 0xd9, 0x94, 0xb9, 0x8c, 0xd9, 0x8c,
    0xd9, 0x94, 0xb9, 0x8c, 0xb9, 0x94, 0x98, 0x94, 0xfd, 0x85, 0x1f, 0x7f,
    0xff, 0x7e, 0xff, 0x7e, 0xff, 0x7e, 0xff, 0x7e, 0xff, 0x7e, 0xff, 0x7e,
    0xff, 0x7e, 0xff, 0x7e, 0xff, 0x7e, 0xff, 0x7e, 0xff, 0x7e, 0xff, 0x7e,
    0xff, 0x7e, 0xff, 0x7e, 0xff, 0x7e, 0xff, 0x7e, 0xff, 0x7e, 0xee, 0xed,
    0x8a, 0xfd, 0xab, 0xfd, 0xac, 0xfd, 0xab, 0xfd, 0xab, 0xfd, 0xab, 0xfd,
    0xab, 0xfd, 0xab, 0xfd, 0xac, 0xfd, 0xab, 0xfd, 0xab, 0xfd, 0xab, 0xfd,
    0xac, 0xfd, 0xab, 0xfd, 0xac, 0xfd, 0xab, 0xfd, 0xab, 0xfd, 0xab, 0xfd,
    0xac, 0xfd, 0xab, 0xfd, 0xab, 0xfd, 0xab, 0xfd, 0xac, 0xfd, 0xab, 0xfd,
    0xab, 0xfd, 0xac, 0xfd, 0xab, 0xfd, 0xab, 0xfd, 0xab, 0xfd, 0xab, 0xfd,
    0xac, 0xfd, 0xab, 0xfd, 0xab, 0xfd, 0xac, 0xfd, 0xab, 0xfd, 0x8a, 0xfd,
    0x79, 0xae, 0x1f, 0x77, 0xff, 0x7e, 0xff, 0x7e, 0xff, 0x7e, 0xff, 0x7e,
    0xff, 0x7e, 0xff, 0x7e, 0xff, 0x7e, 0xff, 0x7e, 0xff, 0x7e, 0xff, 0x7e,
    0xff, 0x7e, 0xff, 0x7e, 0xff, 0x7e, 0xff, 0x7e, 0xff, 0x7e, 0xff, 0x7e,
    0xff, 0x7e, 0xf4, 0x57, 0xf2, 0x57, 0xf3, 0x57, 0xf3, 0x57, 0xf3, 0x57,
    0xf3, 0x57, 0xf3, 0x57, 0xf3, 0x57, 0xf3, 0x57, 0xf3, 0x57, 0xf3, 0x57,
    0xf3, 0x57, 0xf3, 0x57, 0xf3, 0x57, 0xf3, 0x57, 0xf3, 0x57, 0xf3, 0x57,
    0xf3, 0x57, 0xf3, 0x57, 0xf3, 0x57, 0xf3, 0x57, 0xf3, 0x57, 0xf2, 0x57,
    0xf3, 0x57, 0xf3, 0x57, 0xf3, 0x57, 0xf2, 0x57, 0xf3, 0x57, 0xf3, 0x57,
    0xf3, 0x57, 0xf3, 0x57, 0xf3, 0x57, 0xf3, 0x57, 0xf3, 0x57, 0xf2, 0x57,
    0xf3, 0x57, 0xf3, 0x4f, 0xb0, 0xd7, 0x8e, 0xff, 0x8f, 0xff, 0x8f, 0xff,
    0x8f, 0xff, 0x8f, 0xff, 0x8f, 0xff, 0x8f, 0xff, 0x8f, 0xff, 0x8f, 0xff,
    0x8f, 0xff, 0x8f, 0xff, 0x8f, 0xff, 0x8f, 0xff, 0x8f, 0xff, 0x8f, 0xff,
    0x8f, 0xff, 0x8f, 0xff, 0x8f, 0xff, 0x8f, 0xff, 0x8f, 0xff, 0x8f, 0xff,
    0x8f, 0xff, 0x8f, 0xff, 0x8f, 0xff, 0x8f, 0xff, 0x8f, 0xff, 0x8f, 0xff,
    0x8f, 0xff, 0x8f, 0xff, 0x8f, 0xff, 0x8f, 0xff, 0x8f, 0xff, 0x8f, 0xff,
    0x8f, 0xff, 0x8f, 0xff, 0x8f, 0xff, 0x8f, 0xff, 0x8f, 0xff, 0x8f, 0xff,
    0x8f, 0xff, 0x8f, 0xff, 0x8f, 0xff, 0x8f, 0xff, 0x8f, 0xff, 0x8f, 0xff,
    0x8f, 0xff, 0x8f, 0xff, 0x8f, 0xff, 0x8f, 0xff, 0x8f, 0xff, 0x8f, 0xff,
    0x8f, 0xff, 0x8f, 0xff, 0xaf, 0xff, 0x8f, 0xff, 0x27, 0x4a, 0xa5, 0x10,
    0x06, 0x21, 0x06, 0x21, 0x05, 0x19, 0x06, 0x21, 0x06, 0x21, 0x05, 0x21,
    0x06, 0x21, 0x06, 0x21, 0x05, 0x21, 0x06, 0x19, 0x06, 0x21, 0x06, 0x21,
    0x06, 0x21, 0x05, 0x19, 0x06, 0x21, 0x06, 0x21, 0x06, 0x21, 0x05, 0x21,
    0x06, 0x21, 0x06, 0x19, 0x05, 0x21, 0x06, 0x19, 0x06, 0x21, 0x05, 0x19,
    0x06, 0x21, 0x06, 0x21, 0x05, 0x19, 0x06, 0x21, 0x06, 0x21, 0x05, 0x19,
    0x06, 0x21, 0x05, 0x21, 0x06, 0x21, 0x06, 0x21, 0x05, 0x21, 0x06, 0x19,
    0x05, 0x21, 0x06, 0x21, 0x06, 0x21, 0xe5, 0x18, 0xa9, 0x31, 0xd9, 0x94,
    0xd9, 0x94, 0xb9, 0x8c, 0xb9, 0x8c, 0xd9, 0x94, 0xb9, 0x8c, 0xb9, 0x8c,
    0xd9, 0x94, 0xd9, 0x8c, 0xb9, 0x8c, 0xb9, 0x94, 0xd9, 0x94, 0xb9, 0x8c,
    0xb9, 0x94, 0xd9, 0x94, 0xd9, 0x8c, 0xb9, 0x8c, 0x98, 0x94, 0xfd, 0x85,
    0x3f, 0x77, 0xff, 0x7e, 0xff, 0x7e, 0xff, 0x7e, 0xff, 0x7e, 0xff, 0x7e,
    0xff, 0x7e, 0xff, 0x7e, 0xff, 0x7e, 0xff, 0x7e, 0xff, 0x7e, 0xff, 0x7e,
    0xff, 0x7e, 0xff, 0x7e, 0xff, 0x7e, 0xff, 0x7e, 0xff, 0x7e, 0xff, 0x7e,
    0xee, 0xf5, 0xaa, 0xfd, 0xab, 0xfd, 0xab, 0xfd, 0xac, 0xfd, 0xab, 0xfd,
    0xab, 0xfd, 0xac, 0xfd, 0xab, 0xfd, 0xab, 0xfd, 0xab, 0xfd, 0xab, 0xfd,
    0xac, 0xfd, 0xab, 0xfd, 0xab, 0xfd, 0xab, 0xfd, 0xac, 0xfd, 0xab, 0xfd,
    0xab, 0xfd, 0xab, 0xfd, 0xab, 0xfd, 0xab, 0xfd, 0xac, 0xfd, 0xab, 0xfd,
    0xab, 0xfd, 0xac, 0xfd, 0xab, 0xfd, 0xab, 0xfd, 0xac, 0xfd, 0xab, 0xfd,
    0xab, 0xfd, 0xab, 0xfd, 0xab, 0xfd, 0xab, 0xfd, 0xab, 0xfd, 0xab, 0xfd,
    0x8a, 0xfd, 0x78, 0xae, 0x1f, 0x77, 0xff, 0x7e, 0xff, 0x7e, 0xff, 0x7e,
    0xff, 0x7e, 0xff, 0x7e, 0xff, 0x7e, 0xff, 0x7e, 0xff, 0x7e, 0xff, 0x7e,
    0xff, 0x7e, 0xff, 0x7e, 0xff, 0x7e, 0xff, 0x7e, 0xff, 0x7e, 0xff, 0x7e,
    0xff, 0x7e, 0x1f, 0x7f, 0xf4, 0x57, 0xf2, 0x57, 0xf3, 0x57, 0xf3, 0x57,
    0xf2, 0x57, 0xf3, 0x57, 0xf3, 0x57, 0xf2, 0x57, 0xf3, 0x57, 0xf3, 0x57,
    0xf2, 0x57, 0xf3, 0x57, 0xf3, 0x57, 0xf2, 0x57, 0xf3, 0x57, 0xf3, 0x57,
    0xf2, 0x57, 0xf2, 0x57, 0xf3, 0x57, 0xf2, 0x57, 0xf3, 0x57, 0xf3, 0x57,
    0xf3, 0x57, 0xf3, 0x57, 0xf3, 0x57, 0xf2, 0x57, 0xf3, 0x57, 0xf3, 0x57,
    0xf2, 0x57, 0xf3, 0x57, 0xf2, 0x57, 0xf3, 0x57, 0xf3, 0x57, 0xf3, 0x57,
    0xf3, 0x57, 0xf2, 0x57, 0xf3, 0x4f, 0xb0, 0xd7, 0x8f, 0xff, 0x8f, 0xff,
    0x8f, 0xff, 0x8f, 0xff, 0x8f, 0xff, 0x8f, 0xff, 0x8f, 0xff, 0x8f, 0xff,
    0x8f, 0xff, 0x8f, 0xff, 0x8f, 0xff, 0x8f, 0xff, 0x8f, 0xff, 0x8f, 0xff,
    0x8f, 0xff, 0x8f, 0xff, 0x8f, 0xff, 0x8f, 0xff, 0x8f, 0xff, 0x8f, 0xff,
    0x8f, 0xff, 0x8f, 0xff, 0x8f, 0xff, 0x8f, 0xff, 0x8f, 0xff, 0x8f, 0xff,
    0x8f, 0xff, 0x8f, 0xff, 0x8f, 0xff, 0x8f, 0xff, 0x8f, 0xff, 0x8f, 0xff,
    0x8f, 0xff, 0x8f, 0xff, 0x8f, 0xff, 0x8f, 0xff, 0x8f, 0xff, 0x8f, 0xff,
    0x8f, 0xff, 0x8f, 0xff, 0x8f, 0xff, 0x8f, 0xff, 0x8f, 0xff, 0x8f, 0xff,
    0x8f, 0xff, 0x8f, 0xff, 0x8f, 0xff, 0x8f, 0xff, 0x8f, 0xff, 0x8f, 0xff,
    0x8f, 0xff, 0x8f, 0xff, 0x8f, 0xff, 0xaf, 0xff, 0xb0, 0xff, 0x27, 0x42,
    0xa5, 0x10, 0x06, 0x21, 0x06, 0x21, 0x05, 0x21, 0x06, 0x19, 0x05, 0x21,
    0x06, 0x21, 0x06, 0x19, 0x05, 0x21, 0x06, 0x21, 0x05, 0x21, 0x06, 0x19,
    0x06, 0x21, 0x05, 0x21, 0x06, 0x21, 0x06, 0x19, 0x05, 0x21, 0x06, 0x21,
    0x05, 0x19, 0x06, 0x21, 0x06, 0x21, 0x05, 0x21, 0x06, 0x21, 0x06, 0x19,
    0x05, 0x21, 0x06, 0x21, 0x05, 0x19, 0x06, 0x21, 0x06, 0x21, 0x05, 0x21,
    0x06, 0x19, 0x06, 0x21, 0x05, 0x19, 0x06, 0x21, 0x06, 0x21, 0x05, 0x19,
    0x06, 0x21, 0x06, 0x21, 0x05, 0x21, 0x05, 0x21, 0xe5, 0x18, 0xc9, 0x31,
    0xd9, 0x94, 0xd9, 0x94, 0xd9, 0x8c, 0xb9, 0x94, 0xd9, 0x94, 0xb9, 0x8c,
    0xb9, 0x94, 0xd9, 0x94, 0xb9, 0x8c, 0xd9, 0x94, 0xd9, 0x8c, 0xb9, 0x8c,
    0xd9, 0x94, 0xb9, 0x8c, 0xb9, 0x94, 0xd9, 0x8c, 0xd9, 0x94, 0x98, 0x94,
    0xfd, 0x85, 0x1f, 0x7f, 0xff, 0x7e, 0xff, 0x7e, 0xff, 0x7e, 0xff, 0x7e,
    0xff, 0x7e, 0xff, 0x7e, 0xff, 0x7e, 0xff, 0x7e, 0xff, 0x7e, 0xff, 0x7e,
    0xff, 0x7e, 0xff, 0x7e, 0xff, 0x7e, 0xff, 0x7e, 0xff, 0x7e, 0xff, 0x7e,
    0xff, 0x7e, 0xee, 0xed, 0x8b, 0xfd, 0xab, 0xfd, 0xab, 0xfd, 0xab, 0xfd,
    0xac, 0xfd, 0xab, 0xfd, 0xab, 0xfd, 0xac, 0xfd, 0xab, 0xfd, 0xab, 0xfd,
    0xac, 0xfd, 0xab, 0xfd, 0xab, 0xfd, 0xab, 0xfd, 0xab, 0xfd, 0xac, 0xfd,
    0xab, 0xfd, 0xab, 0xfd, 0xac, 0xfd, 0xab, 0xfd, 0xab, 0xfd, 0xac, 0xfd,
    0xab, 0xfd, 0xab, 0xfd, 0xab, 0xfd, 0xab, 0xfd, 0xab, 0xfd, 0xac, 0xfd,
    0xab, 0xfd, 0xac, 0xfd, 0xab, 0xfd, 0xac, 0xfd, 0xab, 0xfd, 0xab, 0xfd,
    0xab, 0xfd, 0x8a, 0xfd, 0x78, 0xae, 0x1f, 0x77, 0xff, 0x7e, 0xff, 0x7e,
    0xff, 0x7e, 0xff, 0x7e, 0xff, 0x7e, 0xff, 0x7e, 0xff, 0x7e, 0xff, 0x7e,
    0xff, 0x7e, 0xff, 0x7e, 0xff, 0x7e, 0xff, 0x7e, 0xff, 0x7e, 0xff, 0x7e,
    0xff, 0x7e, 0xff, 0x7e, 0xff, 0x7e, 0xf3, 0x57, 0xf2, 0x57, 0xf3, 0x57,
    0xf3, 0x57, 0xf2, 0x57, 0xf3, 0x57, 0xf3, 0x57, 0xf2, 0x57, 0xf3, 0x57,
    0xf3, 0x57, 0xf2, 0x57, 0xf3, 0x57, 0xf3, 0x57, 0xf2, 0x57, 0xf3, 0x57,
    0xf3, 0x57, 0xf3, 0x57, 0xf3, 0x57, 0xf3, 0x57, 0xf3, 0x57, 0xf2, 0x57,
    0xf3, 0x57, 0xf2, 0x57, 0xf3, 0x57, 0xf3, 0x57, 0xf3, 0x57, 0xf3, 0x57,
    0xf3, 0x57, 0xf3, 0x57, 0xf2, 0x57, 0xf3, 0x57, 0xf3, 0x57, 0xf2, 0x57,
    0xf3, 0x57, 0xf3, 0x57, 0xf3, 0x57, 0xf3, 0x4f, 0xb0, 0xd7, 0x8f, 0xff,
    0x8f, 0xff, 0x8f, 0xff, 0x8f, 0xff, 0x8f, 0xff, 0x8f, 0xff, 0x8f, 0xff,
    0x8f, 0xff, 0x8f, 0xff, 0x8f, 0xff, 0x8f, 0xff, 0x8f, 0xff, 0x8f, 0xff,
    0x8f, 0xff, 0x8f, 0xff, 0x8f, 0xff, 0x8f, 0xff, 0x8f, 0xff, 0x8f, 0xff,
    0x8f, 0xff, 0x8f, 0xff, 0x8f, 0xff, 0x8f, 0xff, 0x8f, 0xff, 0x8f, 0xff,
    0x8f, 0xff, 0x8f, 0xff, 0x8f, 0xff, 0x8f, 0xff, 0x8f, 0xff, 0x8f, 0xff,
    0x8f, 0xff, 0x8f, 0xff, 0x8f, 0xff, 0x8f, 0xff, 0x8f, 0xff, 0x8f, 0xff,
    0x8f, 0xff, 0x8f, 0xff, 0x8f, 0xff, 0x8f, 0xff, 0x8f, 0xff, 0x8f, 0xff,
    0x8f, 0xff, 0x8f, 0xff, 0x8f, 0xff, 0x8f, 0xff, 0x8f, 0xff, 0x8f, 0xff,
    0x8f, 0xff, 0x8f, 0xff, 0x8f, 0xff, 0x8f, 0xff, 0x8f, 0xff, 0x8f, 0xff,
    0x28, 0x4a, 0xc5, 0x18, 0x06, 0x21, 0x05, 0x21, 0x06, 0x21, 0x06, 0x21,
    0x05, 0x19, 0x06, 0x21, 0x05, 0x21, 0x06, 0x19, 0x06, 0x21, 0x05, 0x21,
    0x05, 0x21, 0x06, 0x19, 0x05, 0x21, 0x06, 0x21, 0x06, 0x21, 0x05, 0x21,
    0x06, 0x21, 0x05, 0x21, 0x06, 0x19, 0x05, 0x21, 0x05, 0x21, 0x06, 0x21,
    0x05, 0x21, 0x06, 0x21, 0x06, 0x21, 0x05, 0x21, 0x06, 0x21, 0x05, 0x19,
    0x06, 0x21, 0x06, 0x21, 0x05, 0x21, 0x06, 0x21, 0x05, 0x19, 0x06, 0x21,
    0x06, 0x21, 0x05, 0x21, 0x06, 0x19, 0x06, 0x21, 0x05, 0x21, 0xc5, 0x18,
    0xa9, 0x31, 0xd9, 0x94, 0xda, 0x8c, 0xb9, 0x8c, 0xd9, 0x94, 0xd9, 0x8c,
    0xb9, 0x94, 0xd9, 0x8c, 0xb9, 0x8c, 0xb9, 0x94, 0xd9, 0x94, 0xb9, 0x8c,
    0xd9, 0x94, 0xd9, 0x8c, 0xb9, 0x94, 0xd9, 0x8c, 0xb9, 0x94, 0xb9, 0x8c,
    0x98, 0x94, 0xfd, 0x85, 0x1f, 0x7f, 0xff, 0x7e, 0xff, 0x7e, 0xff, 0x7e,
    0xff, 0x7e, 0xff, 0x7e, 0xff, 0x7e, 0xff, 0x7e, 0xff, 0x7e, 0xff, 0x7e,
    0xff, 0x7e, 0xff, 0x7e, 0xff, 0x7e, 0xff, 0x7e, 0xff, 0x7e, 0xff, 0x7e,
    0xff, 0x7e, 0xff, 0x7e, 0xee, 0xed, 0x8b, 0xfd, 0xab, 0xfd, 0xab, 0xfd,
    0xab, 0xfd, 0xab, 0xfd, 0xab, 0xfd, 0xab, 0xfd, 0xac, 0xfd, 0xab, 0xfd,
    0xab, 0xfd, 0xab, 0xfd, 0xab, 0xfd, 0xac, 0xfd, 0xab, 0xfd, 0xab, 0xfd,
    0xab, 0xfd, 0xab, 0xfd, 0xac, 0xfd, 0xab, 0xfd, 0xab, 0xfd, 0xab, 0xfd,
    0xab, 0xfd, 0xab, 0xfd, 0xac, 0xfd, 0xab, 0xfd, 0xab, 0xfd, 0xac, 0xfd,
    0xab, 0xfd, 0xab, 0xfd, 0xab, 0xfd, 0xab, 0xfd, 0xac, 0xfd, 0xab, 0xfd,
    0xab, 0xfd, 0xac, 0xfd, 0xaa, 0xfd, 0x78, 0xae, 0x1f, 0x77, 0xff, 0x7e,
    0xff, 0x7e, 0xff, 0x7e, 0xff, 0x7e, 0xff, 0x7e, 0xff, 0x7e, 0xff, 0x7e,
    0xff, 0x7e, 0xff, 0x7e, 0xff, 0x7e, 0xff, 0x7e, 0xff, 0x7e, 0xff, 0x7e,
    0xff, 0x7e, 0xff, 0x7e, 0xff, 0x7e, 0xff, 0x7e, 0xf4, 0x57, 0xf2, 0x57,
    0xf3, 0x57, 0xf3, 0x57, 0xf3, 0x57, 0xf3, 0x57, 0xf3, 0x57, 0xf3, 0x57,
    0xf3, 0x57, 0xf3, 0x57, 0xf3, 0x57, 0xf3, 0x57, 0xf3, 0x57, 0xf3, 0x57,
    0xf3, 0x57, 0xf2, 0x57, 0xf3, 0x57, 0xf3, 0x57, 0xf3, 0x57, 0xf3, 0x57,
    0xf3, 0x57, 0xf2, 0x57, 0xf3, 0x57, 0xf3, 0x57, 0xf2, 0x57, 0xf3, 0x57,
    0xf2, 0x57, 0xf3, 0x57, 0xf3, 0x57, 0xf3, 0x57, 0xf3, 0x57, 0xf3, 0x57,
    0xf2, 0x57, 0xf3, 0x57, 0xf3, 0x57, 0xf2, 0x57, 0xf3, 0x4f, 0xb0, 0xd7,
    0x8e, 0xff, 0x8f, 0xff, 0x8f, 0xff, 0x8f, 0xff, 0x8f, 0xff, 0x8f, 0xff,
    0x8f, 0xff, 0x8f, 0xff, 0x8f, 0xff, 0x8f, 0xff, 0x8f, 0xff, 0x8f, 0xff,
    0x8f, 0xff, 0x8f, 0xff, 0x8f, 0xff, 0x8f, 0xff, 0x8f, 0xff, 0x8f, 0xff,
    0x8f, 0xff, 0x8f, 0xff, 0x8f, 0xff, 0x8f, 0xff, 0x8f, 0xff, 0x8f, 0xff,
    0x8f, 0xff, 0x8f, 0xff, 0x8f, 0xff, 0x8f, 0xff, 0x8f, 0xff, 0x8f, 0xff,
    0x8f, 0xff, 0x8f, 0xff, 0x8f, 0xff, 0x8f, 0xff, 0x8f, 0xff, 0x8f, 0xff,
    0x8f, 0xff, 0x8f, 0xff, 0x8f, 0xff, 0x8f, 0xff, 0x8f, 0xff, 0x8f, 0xff,
    0x8f, 0xff, 0x8f, 0xff, 0x8f, 0xff, 0x8f, 0xff, 0x8f, 0xff, 0x8f, 0xff,
    0x8f, 0xff, 0x8f, 0xff, 0x8f, 0xff, 0x8f, 0xff, 0x8f, 0xff, 0x8f, 0xff,
    0xaf, 0xff, 0x27, 0x42, 0xa5, 0x10, 0x06, 0x21, 0x06, 0x19, 0x05, 0x21,
    0x06, 0x21, 0x06, 0x21, 0x05, 0x21, 0x06, 0x21, 0x06, 0x19, 0x05, 0x21,
    0x06, 0x21, 0x06, 0x19, 0x06, 0x21, 0x05, 0x21, 0x06, 0x19, 0x06, 0x21,
    0x05, 0x21, 0x06, 0x21, 0x06, 0x21, 0x05, 0x21, 0x06, 0x19, 0x06, 0x21,
    0x06, 0x19, 0x05, 0x21, 0x06, 0x19, 0x06, 0x21, 0x05, 0x21, 0x06, 0x19,
    0x06, 0x21, 0x05, 0x21, 0x06, 0x21, 0x06, 0x19, 0x05, 0x21, 0x06, 0x21,
    0x05, 0x21, 0x06, 0x21, 0x05, 0x19, 0x06, 0x21, 0x06, 0x21, 0x06, 0x19,
    0xc5, 0x18, 0xc9, 0x31, 0xd9, 0x94, 0xd9, 0x94, 0xb9, 0x8c, 0xb9, 0x94,
    0xd9, 0x8c, 0xd9, 0x94, 0xb9, 0x94, 0xd9, 0x8c, 0xd9, 0x8c, 0xb9, 0x94,
    0xb9, 0x8c, 0xd9, 0x94, 0xb9, 0x94, 0xd9, 0x8c, 0xd9, 0x94, 0xb9, 0x8c,
    0xb9, 0x8c, 0x99, 0x94, 0xfd, 0x85, 0x3f, 0x7f, 0xff, 0x7e, 0xff, 0x7e,
    0xff, 0x7e, 0xff, 0x7e, 0xff, 0x7e, 0xff, 0x7e, 0xff, 0x7e, 0xff, 0x7e,
    0xff, 0x7e, 0xff, 0x7e, 0xff, 0x7e, 0xff, 0x7e, 0xff, 0x7e, 0xff, 0x7e,
    0xff, 0x7e, 0xff, 0x7e, 0xff, 0x7e, 0xee, 0xf5, 0x8a, 0xfd, 0xab, 0xfd,
    0xac, 0xfd, 0xac, 0xfd, 0xab, 0xfd, 0xab, 0xfd, 0xac, 0xfd, 0xab, 0xfd,
    0xab, 0xfd, 0xac, 0xfd, 0xab, 0xfd, 0xab, 0xfd, 0xac, 0xfd, 0xab, 0xfd,
    0xab, 0xfd, 0xac, 0xfd, 0xab, 0xfd, 0xab, 0xfd, 0xac, 0xfd, 0xab, 0xfd,
    0xac, 0xfd, 0xab, 0xfd, 0xab, 0xfd, 0xac, 0xfd, 0xab, 0xfd, 0xab, 0xfd,
    0xab, 0xfd, 0xab, 0xfd, 0xab, 0xfd, 0xab, 0xfd, 0xab, 0xfd, 0xab, 0xfd,
    0xac, 0xfd, 0xab, 0xfd, 0xab, 0xfd, 0x8a, 0xfd, 0x79, 0xae, 0x1f, 0x77,
    0xff, 0x7e, 0xff, 0x7e, 0xff, 0x7e, 0xff, 0x7e, 0xff, 0x7e, 0xff, 0x7e,
    0xff, 0x7e, 0xff, 0x7e, 0xff, 0x7e, 0xff, 0x7e, 0xff, 0x7e, 0xff, 0x7e,
    0xff, 0x7e, 0xff, 0x7e, 0xff, 0x7e, 0xff, 0x7e, 0xff, 0x7e, 0xf4, 0x57,
    0xf2, 0x57, 0xf3, 0x57, 0xf3, 0x57, 0xf2, 0x57, 0xf3, 0x57, 0xf2, 0x57,
    0xf3, 0x57, 0xf2, 0x57, 0xf3, 0x57, 0xf2, 0x57, 0xf3, 0x57, 0xf2, 0x57,
    0xf3, 0x57, 0xf3, 0x57, 0xf2, 0x57, 0xf3, 0x57, 0xf2, 0x57, 0xf2, 0x57,
    0xf3, 0x57, 0xf3, 0x57, 0xf3, 0x57, 0xf3, 0x57, 0xf3, 0x57, 0xf3, 0x57,
    0xf2, 0x57, 0xf3, 0x57, 0xf3, 0x57, 0xf2, 0x57, 0xf3, 0x57, 0xf3, 0x57,
    0xf2, 0x57, 0xf3, 0x57, 0xf3, 0x57, 0xf2, 0x57, 0xf3, 0x57, 0xf3, 0x4f,
    0xb0, 0xd7, 0x6f, 0xff, 0x8f, 0xff, 0x8f, 0xff, 0x8f, 0xff, 0x8f, 0xff,
    0x8f, 0xff, 0x8f, 0xff, 0x8f, 0xff, 0x8f, 0xff, 0x8f, 0xff, 0x8f, 0xff,
    0x8f, 0xff, 0x8f, 0xff, 0x8f, 0xff, 0x8f, 0xff, 0x8f, 0xff, 0x8f, 0xff,
    0x8f, 0xff, 0x8f, 0xff, 0x8f, 0xff, 0x8f, 0xff, 0x8f, 0xff, 0x8f, 0xff,
    0x8f, 0xff, 0x8f, 0xff, 0x8f, 0xff, 0x8f, 0xff, 0x8f, 0xff, 0x8f, 0xff,
    0x8f, 0xff, 0x8f, 0xff, 0x8f, 0xff, 0x8f, 0xff, 0x8f, 0xff, 0x8f, 0xff,
    0x8f, 0xff, 0x8f, 0xff, 0x8f, 0xff, 0x8f, 0xff, 0x8f, 0xff, 0x8f, 0xff,
    0x8f, 0xff, 0x8f, 0xff, 0x8f, 0xff, 0x8f, 0xff, 0x8f, 0xff, 0x8f, 0xff,
    0x8f, 0xff, 0x8f, 0xff, 0x8f, 0xff, 0x8f, 0xff, 0x8f, 0xff, 0x8f, 0xff,
    0xaf, 0xff, 0x8f, 0xff, 0x27, 0x4a, 0xa5, 0x10, 0x06, 0x21, 0x06, 0x21,
    0x05, 0x19, 0x06, 0x21, 0x06, 0x19, 0x05, 0x21, 0x06, 0x21, 0x06, 0x21,
    0x05, 0x21, 0x06, 0x21, 0x06, 0x19, 0x05, 0x21, 0x06, 0x21, 0x05, 0x19,
    0x06, 0x21, 0x06, 0x21, 0x05, 0x21, 0x06, 0x19, 0x06, 0x21, 0x05, 0x21,
    0x06, 0x21, 0x06, 0x21, 0x05, 0x19, 0x06, 0x21, 0x05, 0x21, 0x06, 0x19,
    0x06, 0x21, 0x05, 0x21, 0x05, 0x21, 0x06, 0x19, 0x06, 0x21, 0x05, 0x21,
    0x06, 0x19, 0x06, 0x21, 0x05, 0x21, 0x06, 0x19, 0x05, 0x21, 0x05, 0x21,
    0x06, 0x21, 0xe5, 0x18, 0xa9, 0x31, 0xd9, 0x94, 0xd9, 0x94, 0xb9, 0x8c,
    0xd9, 0x94, 0xb9, 0x8c, 0xb9, 0x8c, 0xd9, 0x94, 0xb9, 0x94, 0xd9, 0x8c,
    0xd9, 0x94, 0xb9, 0x8c, 0xb9, 0x8c, 0xd9, 0x94, 0xb9, 0x8c, 0xb9, 0x94,
    0xd9, 0x94, 0xd9, 0x8c, 0x98, 0x94, 0xfd, 0x85, 0x1f, 0x7f, 0xff, 0x7e,
    0xff, 0x7e, 0xff, 0x7e, 0xff, 0x7e, 0xff, 0x7e, 0xff, 0x7e, 0xff, 0x7e,
    0xff, 0x7e, 0xff, 0x7e, 0xff, 0x7e, 0xff, 0x7e, 0xff, 0x7e, 0xff, 0x7e,
    0xff, 0x7e, 0xff, 0x7e, 0xff, 0x76, 0xff, 0x7e, 0xee, 0xf5, 0xaa, 0xfd,
    0xab, 0xfd, 0xab, 0xfd, 0xab, 0xfd, 0xac, 0xfd, 0xab, 0xfd, 0xab, 0xfd,
    0xab, 0xfd, 0xab, 0xfd, 0xac, 0xfd, 0xab, 0xfd, 0xab, 0xfd, 0xab, 0xfd,
    0xab, 0xfd, 0xac, 0xfd, 0xab, 0xfd, 0xab, 0xfd, 0xab, 0xfd, 0xab, 0xfd,
    0xab, 0xfd, 0xac, 0xfd, 0xab, 0xfd, 0xab, 0xfd, 0xab, 0xfd, 0xac, 0xfd,
    0xab, 0xfd, 0xab, 0xfd, 0xac, 0xfd, 0xac, 0xfd, 0xab, 0xfd, 0xac, 0xfd,
    0xab, 0xfd, 0xab, 0xfd, 0xab, 0xfd, 0xab, 0xfd, 0x8a, 0xfd, 0x78, 0xae,
    0x1f, 0x77, 0xff, 0x7e, 0xff, 0x7e, 0xff, 0x7e, 0xff, 0x7e, 0xff, 0x7e,
    0xff, 0x7e, 0xff, 0x7e, 0xff, 0x7e, 0xff, 0x7e, 0xff, 0x7e, 0xff, 0x7e,
    0xff, 0x7e, 0xff, 0x7e, 0xff, 0x7e, 0xff, 0x7e, 0xff, 0x7e, 0x1f, 0x7f,
    0xf4, 0x57, 0xf2, 0x57, 0xf3, 0x57, 0xf3, 0x57, 0xf3, 0x57, 0xf2, 0x57,
    0xf3, 0x57, 0xf3, 0x57, 0xf3, 0x57, 0xf2, 0x57, 0xf3, 0x57, 0xf3, 0x57,
    0xf3, 0x57, 0xf2, 0x57, 0xf3, 0x57, 0xf3, 0x57, 0xf3, 0x57, 0xf3, 0x57,
    0xf3, 0x57, 0xf2, 0x57, 0xf3, 0x57, 0xf3, 0x57, 0xf2, 0x57, 0xf3, 0x57,
    0xf3, 0x57, 0xf3, 0x57, 0xf3, 0x57, 0xf3, 0x57, 0xf2, 0x57, 0xf3, 0x57,
    0xf3, 0x57, 0xf3, 0x57, 0xf3, 0x57, 0xf3, 0x57, 0xf3, 0x57, 0xf3, 0x57,
    0xf3, 0x4f, 0xb0, 0xd7, 0x8f, 0xff, 0x8f, 0xff, 0x8f, 0xff, 0x8f, 0xff,
    0x8f, 0xff, 0x8f, 0xff, 0x8f, 0xff, 0x8f, 0xff, 0x8f, 0xff, 0x8f, 0xff,
    0x8f, 0xff, 0x8f, 0xff, 0x8f, 0xff, 0x8f, 0xff, 0x8f, 0xff, 0x8f, 0xff,
    0x8f, 0xff, 0x8f, 0xff, 0x8f, 0xff, 0x8f, 0xff, 0x8f, 0xff, 0x8f, 0xff,
    0x8f, 0xff, 0x8f, 0xff, 0x8f, 0xff, 0x8f, 0xff, 0x8f, 0xff, 0x8f, 0xff,
    0x8f, 0xff, 0x8f, 0xff, 0x8f, 0xff, 0x8f, 0xff, 0x8f, 0xff, 0x8f, 0xff,
    0x8f, 0xff, 0x8f, 0xff, 0x8f, 0xff, 0x8f, 0xff, 0x8f, 0xff, 0x8f, 0xff,
    0x8f, 0xff, 0x8f, 0xff, 0x8f, 0xff, 0x8f, 0xff, 0x8f, 0xff, 0x8f, 0xff,
    0x8f, 0xff, 0x8f, 0xff, 0x8f, 0xff, 0x8f, 0xff, 0x8f, 0xff, 0x8f, 0xff,
    0x8f, 0xff, 0x8f, 0xff, 0xaf, 0xff, 0x28, 0x4a, 0xa5, 0x10, 0x06, 0x21,
    0x06, 0x21, 0x05, 0x21, 0x06, 0x21, 0x05, 0x19, 0x06, 0x21, 0x05, 0x21,
    0x06, 0x19, 0x06, 0x21, 0x05, 0x21, 0x05, 0x21, 0x06, 0x21, 0x06, 0x21,
    0x05, 0x21, 0x06, 0x21, 0x06, 0x19, 0x06, 0x21, 0x05, 0x21, 0x06, 0x19,
    0x05, 0x21, 0x06, 0x21, 0x05, 0x21, 0x06, 0x21, 0x06, 0x21, 0x05, 0x21,
    0x06, 0x21, 0x06, 0x21, 0x05, 0x19, 0x06, 0x21, 0x06, 0x21, 0x05, 0x21,
    0x06, 0x21, 0x06, 0x19, 0x05, 0x21, 0x06, 0x21, 0x06, 0x21, 0x06, 0x21,
    0x05, 0x19, 0x05, 0x21, 0xc5, 0x18, 0xc9, 0x31, 0xd9, 0x94, 0xda, 0x94,
    0xd9, 0x8c, 0xb9, 0x94, 0xd9, 0x94, 0xb9, 0x8c, 0xd9, 0x8c, 0xb9, 0x94,
    0xb9, 0x8c, 0xd9, 0x94, 0xd9, 0x94, 0xb9, 0x8c, 0xd9, 0x8c, 0xd9, 0x94,
    0xb9, 0x8c, 0xd9, 0x8c, 0xb9, 0x94, 0x98, 0x94, 0xfd, 0x85, 0x1f, 0x7f,
    0xff, 0x7e, 0xff, 0x7e, 0xff, 0x7e, 0xff, 0x7e, 0xff, 0x7e, 0xff, 0x7e,
    0xff, 0x7e, 0xff, 0x7e, 0xff, 0x7e, 0xff, 0x7e, 0xff, 0x7e, 0xff, 0x7e,
    0xff, 0x7e, 0xff, 0x7e, 0xff, 0x7e, 0xff, 0x7e, 0xff, 0x7e, 0xce, 0xed,
    0xab, 0xfd, 0xab, 0xfd, 0xab, 0xfd, 0xab, 0xfd, 0xab, 0xfd, 0xac, 0xfd,
    0xab, 0xfd, 0xab, 0xfd, 0xab, 0xfd, 0xab, 0xfd, 0xac, 0xfd, 0xab, 0xfd,
    0xab, 0xfd, 0xac, 0xfd, 0xab, 0xfd, 0xab, 0xfd, 0xac, 0xfd, 0xab, 0xfd,
    0xab, 0xfd, 0xab, 0xfd, 0xab, 0xfd, 0xac, 0xfd, 0xab, 0xfd, 0xab, 0xfd,
    0xab, 0xfd, 0xac, 0xfd, 0xab, 0xfd, 0xab, 0xfd, 0xab, 0xfd, 0xab, 0xfd,
    0xab, 0xfd, 0xac, 0xfd, 0xab, 0xfd, 0xab, 0xfd, 0xac, 0xfd, 0x8a, 0xfd,
    0x78, 0xae, 0x1f, 0x77, 0xff, 0x7e, 0xff, 0x7e, 0xff, 0x7e, 0xff, 0x7e,
    0xff, 0x7e, 0xff, 0x7e, 0xff, 0x7e, 0xff, 0x7e, 0xff, 0x7e, 0xff, 0x7e,
    0xff, 0x7e, 0xff, 0x7e, 0xff, 0x7e, 0xff, 0x7e, 0xff, 0x7e, 0xff, 0x7e,
    0xff, 0x7e, 0xf4, 0x57, 0xf2, 0x57, 0xf3, 0x57, 0xf3, 0x57, 0xf3, 0x57,
    0xf3, 0x57, 0xf3, 0x57, 0xf3, 0x57, 0xf3, 0x57, 0xf3, 0x57, 0xf3, 0x57,
    0xf3, 0x57, 0xf3, 0x57, 0xf3, 0x57, 0xf3, 0x57, 0xf3, 0x57, 0xf2, 0x57,
    0xf3, 0x57, 0xf3, 0x57, 0xf3, 0x57, 0xf3, 0x57, 0xf2, 0x57, 0xf3, 0x57,
    0xf2, 0x57, 0xf3, 0x57, 0xf2, 0x57, 0xf3, 0x57, 0xf3, 0x57, 0xf3, 0x57,
    0xf2, 0x57, 0xf3, 0x57, 0xf2, 0x57, 0xf3, 0x57, 0xf2, 0x57, 0xf3, 0x57,
    0xf3, 0x57, 0xf3, 0x4f, 0xb0, 0xd7, 0x8e, 0xff, 0x8f, 0xff, 0x8f, 0xff,
    0x8f, 0xff, 0x8f, 0xff, 0x8f, 0xff, 0x8f, 0xff, 0x8f, 0xff, 0x8f, 0xff,
    0x8f, 0xff, 0x8f, 0xff, 0x8f, 0xff, 0x8f, 0xff, 0x8f, 0xff, 0x8f, 0xff,
    0x8f, 0xff, 0x8f, 0xff, 0x8f, 0xff, 0x8f, 0xff, 0x8f, 0xff, 0x8f, 0xff,
    0x8f, 0xff, 0x8f, 0xff, 0x8f, 0xff, 0x8f, 0xff, 0x8f, 0xff, 0x8f, 0xff,
    0x8f, 0xff, 0x8f, 0xff, 0x8f, 0xff, 0x8f, 0xff, 0x8f, 0xff, 0x8f, 0xff,
    0x8f, 0xff, 0x8f, 0xff, 0x8f, 0xff, 0x8f, 0xff, 0x8f, 0xff, 0x8f, 0xff,
    0x8f, 0xff, 0x8f, 0xff, 0x8f, 0xff, 0x8f, 0xff, 0x8f, 0xff, 0x8f, 0xff,
    0x8f, 0xff, 0x8f, 0xff, 0x8f, 0xff, 0x8f, 0xff, 0x8f, 0xff, 0x8f, 0xff,
    0x8f, 0xff, 0x8f, 0xff, 0x8f, 0xff, 0xaf, 0xff, 0x27, 0x42, 0xa5, 0x18,
    0x06, 0x21, 0x06, 0x21, 0x05, 0x21, 0x06, 0x21, 0x06, 0x21, 0x05, 0x21,
    0x06, 0x19, 0x05, 0x21, 0x06, 0x19, 0x06, 0x21, 0x05, 0x21, 0x06, 0x19,
    0x06, 0x21, 0x05, 0x21, 0x05, 0x19, 0x06, 0x21, 0x06, 0x21, 0x06, 0x21,
    0x05, 0x21, 0x06, 0x19, 0x06, 0x21, 0x05, 0x19, 0x06, 0x21, 0x06, 0x19,
    0x05, 0x21, 0x06, 0x21, 0x06, 0x19, 0x05, 0x21, 0x06, 0x21, 0x06, 0x19,
    0x05, 0x21, 0x06, 0x21, 0x06, 0x21, 0x05, 0x19, 0x06, 0x21, 0x06, 0x21,
    0x06, 0x19, 0x06, 0x21, 0x06, 0x21, 0xc5, 0x18, 0xc9, 0x31, 0xd9, 0x94,
    0xd9, 0x8c, 0xb9, 0x8c, 0xd9, 0x94, 0xb9, 0x94, 0xd9, 0x8c, 0xd9, 0x94,
    0xb9, 0x8c, 0xb9, 0x8c, 0xd9, 0x94, 0xb9, 0x94, 0xb9, 0x8c, 0xd9, 0x94,
    0xb9, 0x94, 0xd9, 0x8c, 0xb9, 0x8c, 0xb9, 0x94, 0x98, 0x94, 0xfd, 0x85,
    0x3f, 0x7f, 0xff, 0x7e, 0xff, 0x7e, 0xff, 0x7e, 0xff, 0x7e, 0xff, 0x7e,
    0xff, 0x7e, 0xff, 0x7e, 0xff, 0x7e, 0xff, 0x7e, 0xff, 0x7e, 0xff, 0x7e,
    0xff, 0x7e, 0xff, 0x7e, 0xff, 0x7e, 0xff, 0x7e, 0xff, 0x7e, 0xff, 0x7e,
    0xee, 0xed, 0x8b, 0xfd, 0xab, 0xfd, 0xac, 0xfd, 0xab, 0xfd, 0xab, 0xfd,
    0xab, 0xfd, 0xac, 0xfd, 0xab, 0xfd, 0xab, 0xfd, 0xac, 0xfd, 0xab, 0xfd,
    0xab, 0xfd, 0xab, 0xfd, 0xab, 0xfd, 0xab, 0xfd, 0xab, 0xfd, 0xac, 0xfd,
    0xab, 0xfd, 0xac, 0xfd, 0xab, 0xfd, 0xab, 0xfd, 0xab, 0xfd, 0xac, 0xfd,
    0xab, 0xfd, 0xab, 0xfd, 0xab, 0xfd, 0xab, 0xfd, 0xab, 0xfd, 0xac, 0xfd,
    0xab, 0xfd, 0xab, 0xfd, 0xab, 0xfd, 0xac, 0xfd, 0xab, 0xfd, 0xab, 0xfd,
    0x8a, 0xfd, 0x98, 0xae, 0x1f, 0x77, 0xff, 0x7e, 0xff, 0x7e, 0xff, 0x7e,
    0xff, 0x7e, 0xff, 0x7e, 0xff, 0x7e, 0xff, 0x7e, 0xff, 0x7e, 0xff, 0x7e,
    0xff, 0x7e, 0xff, 0x7e, 0xff, 0x7e, 0xff, 0x7e, 0xff, 0x7e, 0xff, 0x7e,
    0xff, 0x7e, 0xff, 0x7e, 0xf3, 0x57, 0xf2, 0x57, 0xf3, 0x57, 0xf2, 0x57,
    0xf3, 0x57, 0xf3, 0x57, 0xf2, 0x57, 0xf2, 0x57, 0xf3, 0x57, 0xf3, 0x57,
    0xf2, 0x57, 0xf2, 0x57, 0xf3, 0x57, 0xf3, 0x57, 0xf2, 0x57, 0xf3, 0x57,
    0xf3, 0x57, 0xf2, 0x57, 0xf3, 0x57, 0xf3, 0x57, 0xf2, 0x57, 0xf3, 0x57,
    0xf3, 0x57, 0xf3, 0x57, 0xf3, 0x57, 0xf3, 0x57, 0xf2, 0x57, 0xf3, 0x57,
    0xf3, 0x57, 0xf3, 0x57, 0xf3, 0x57, 0xf3, 0x57, 0xf2, 0x57, 0xf3, 0x57,
    0xf2, 0x57, 0xf3, 0x57, 0xf3, 0x4f, 0xb0, 0xd7, 0x8f, 0xff, 0x8f, 0xff,
    0x8f, 0xff, 0x8f, 0xff, 0x8f, 0xff, 0x8f, 0xff, 0x8f, 0xff, 0x8f, 0xff,
    0x8f, 0xff, 0x8f, 0xff, 0x8f, 0xff, 0x8f, 0xff, 0x8f, 0xff, 0x8f, 0xff,
    0x8f, 0xff, 0x8f, 0xff, 0x8f, 0xff, 0x8f, 0xff, 0x8f, 0xff, 0x8f, 0xff,
    0x8f, 0xff, 0x8f, 0xff, 0x8f, 0xff, 0x8f, 0xff, 0x8f, 0xff, 0x8f, 0xff,
    0x8f, 0xff, 0x8f, 0xff, 0x8f, 0xff, 0x8f, 0xff, 0x8f, 0xff, 0x8f, 0xff,
    0x8f, 0xff, 0x8f, 0xff, 0x8f, 0xff, 0x8f, 0xff, 0x8f, 0xff, 0x8f, 0xff,
    0x8f, 0xff, 0x8f, 0xff, 0x8f, 0xff, 0x8f, 0xff, 0x8f, 0xff, 0x8f, 0xff,
    0x8f, 0xff, 0x8f, 0xff, 0x8f, 0xff, 0x8f, 0xff, 0x8f, 0xff, 0x8f, 0xff,
    0x8f, 0xff, 0x8f, 0xff, 0x8f, 0xff, 0x8f, 0xff, 0xaf, 0xff, 0x28, 0x4a,
    0xa5, 0x10, 0x06, 0x21, 0x05, 0x19, 0x06, 0x19, 0x06, 0x21, 0x05, 0x21,
    0x06, 0x19, 0x06, 0x21, 0x05, 0x21, 0x06, 0x21, 0x06, 0x19, 0x05, 0x21,
    0x06, 0x21, 0x06, 0x19, 0x06, 0x21, 0x05, 0x21, 0x06, 0x21, 0x05, 0x21,
    0x06, 0x21, 0x06, 0x19, 0x05, 0x21, 0x06, 0x21, 0x06, 0x21, 0x05, 0x21,
    0x06, 0x19, 0x05, 0x21, 0x06, 0x21, 0x05, 0x19, 0x06, 0x21, 0x06, 0x21,
    0x05, 0x21, 0x06, 0x19, 0x05, 0x21, 0x06, 0x21, 0x05, 0x21, 0x05, 0x21,
    0x06, 0x19, 0x05, 0x21, 0x05, 0x21, 0x06, 0x21, 0xe4, 0x18, 0xa9, 0x31,
    0xd9, 0x94, 0xd9, 0x94, 0xb9, 0x8c, 0xb9, 0x8c, 0xd9, 0x8c, 0xb9, 0x94,
    0xd9, 0x94, 0xd9, 0x8c, 0xb9, 0x94, 0xd9, 0x8c, 0xd9, 0x8c, 0xb9, 0x94,
    0xb9, 0x8c, 0xd9, 0x94, 0xb9, 0x94, 0xd9, 0x8c, 0xd9, 0x8c, 0x98, 0x94,
    0xfd, 0x85, 0x1f, 0x77, 0xff, 0x7e, 0xff, 0x7e, 0xff, 0x7e, 0xff, 0x7e,
    0xff, 0x7e, 0xff, 0x7e, 0xff, 0x7e, 0xff, 0x7e, 0xff, 0x7e, 0xff, 0x7e,
    0xff, 0x7e, 0xff, 0x7e, 0xff, 0x7e, 0xff, 0x7e, 0xff, 0x7e, 0xff, 0x7e,
    0xff, 0x7e, 0xee, 0xf5, 0x8a, 0xfd, 0xab, 0xfd, 0xab, 0xfd, 0xac, 0xfd,
    0xab, 0xfd, 0xab, 0xfd, 0xab, 0xfd, 0xac, 0xfd, 0xab, 0xfd, 0xab, 0xfd,
    0xab, 0xfd, 0xac, 0xfd, 0xab, 0xfd, 0xac, 0xfd, 0xab, 0xfd, 0xab, 0xfd,
    0xab, 0xfd, 0xab, 0xfd, 0xab, 0xfd, 0xac, 0xfd, 0xab, 0xfd, 0xab, 0xfd,
    0xab, 0xfd, 0xac, 0xfd, 0xab, 0xfd, 0xab, 0xfd, 0xac, 0xfd, 0xab, 0xfd,
    0xab, 0xfd, 0xac, 0xfd, 0xab, 0xfd, 0xab, 0xfd, 0xab, 0xfd, 0xab, 0xfd,
    0xab, 0xfd, 0x8a, 0xfd, 0x79, 0xae, 0x1f, 0x77, 0xff, 0x7e, 0xff, 0x7e,
    0xff, 0x7e, 0xff, 0x7e, 0xff, 0x7e, 0xff, 0x7e, 0xff, 0x7e, 0xff, 0x7e,
    0xff, 0x7e, 0xff, 0x7e, 0xff, 0x7e, 0xff, 0x7e, 0xff, 0x7e, 0xff, 0x7e,
    0xff, 0x7e, 0xff, 0x7e, 0xff, 0x7e, 0xf4, 0x57, 0xf2, 0x57, 0xf3, 0x57,
    0xf3, 0x57, 0xf2, 0x57, 0xf3, 0x57, 0xf3, 0x57, 0xf3, 0x57, 0xf3, 0x57,
    0xf2, 0x57, 0xf3, 0x57, 0xf3, 0x57, 0xf3, 0x57, 0xf2, 0x57, 0xf3, 0x57,
    0xf3, 0x57, 0xf3, 0x57, 0xf3, 0x57, 0xf3, 0x57, 0xf2, 0x57, 0xf3, 0x57,
    0xf3, 0x57, 0xf3, 0x57, 0xf2, 0x57, 0xf3, 0x57, 0xf3, 0x57, 0xf3, 0x57,
    0xf2, 0x57, 0xf3, 0x57, 0xf3, 0x57, 0xf2, 0x57, 0xf3, 0x57, 0xf3, 0x57,
    0xf3, 0x57, 0xf3, 0x57, 0xf2, 0x57, 0xf3, 0x4f, 0xb0, 0xd7, 0x8f, 0xff,
    0x8f, 0xff, 0x8f, 0xff, 0x8f, 0xff, 0x8f, 0xff, 0x8f, 0xff, 0x8f, 0xff,
    0x8f, 0xff, 0x8f, 0xff, 0x8f, 0xff, 0x8f, 0xff, 0x8f, 0xff, 0x8f, 0xff,
    0x8f, 0xff, 0x8f, 0xff, 0x8f, 0xff, 0x8f, 0xff, 0x8f, 0xff, 0x8f, 0xff,
    0x8f, 0xff, 0x8f, 0xff, 0x8f, 0xff, 0x8f, 0xff, 0x8f, 0xff, 0x8f, 0xff,
    0x8f, 0xff, 0x8f, 0xff, 0x8f, 0xff, 0x8f, 0xff, 0x8f, 0xff, 0x8f, 0xff,
    0x8f, 0xff, 0x8f, 0xff, 0x8f, 0xff, 0x8f, 0xff, 0x8f, 0xff, 0x8f, 0xff,
    0x8f, 0xff, 0x8f, 0xff, 0x8f, 0xff, 0x8f, 0xff, 0x8f, 0xff, 0x8f, 0xff,
    0x8f, 0xff, 0x8f, 0xff, 0x8f, 0xff, 0x8f, 0xff, 0x8f, 0xff, 0x8f, 0xff,
    0x8f, 0xff, 0x8f, 0xff, 0x8f, 0xff, 0x8f, 0xff, 0x8f, 0xff, 0xaf, 0xff,
    0x27, 0x42, 0xa5, 0x18, 0x06, 0x21, 0x06, 0x21, 0x05, 0x21, 0x06, 0x21,
    0x05, 0x19, 0x06, 0x21, 0x06, 0x21, 0x05, 0x21, 0x06, 0x21, 0x06, 0x21,
    0x05, 0x21, 0x05, 0x21, 0x06, 0x21, 0x06, 0x19, 0x06, 0x21, 0x05, 0x21,
    0x06, 0x21, 0x05, 0x19, 0x06, 0x21, 0x05, 0x21, 0x06, 0x21, 0x06, 0x21,
    0x05, 0x21, 0x06, 0x21, 0x06, 0x21, 0x05, 0x21, 0x06, 0x21, 0x06, 0x21,
    0x05, 0x21, 0x06, 0x21, 0x06, 0x19, 0x05, 0x21, 0x06, 0x21, 0x06, 0x19,
    0x06, 0x21, 0x05, 0x21, 0x06, 0x21, 0x06, 0x21, 0x05, 0x21, 0xc5, 0x18,
    0xa9, 0x31, 0xd9, 0x94, 0xda, 0x94, 0xb9, 0x94, 0xd9, 0x8c, 0xd9, 0x94,
    0xb9, 0x8c, 0xb9, 0x8c, 0xd9, 0x94, 0xb9, 0x94, 0xb9, 0x8c, 0xd9, 0x94,
    0xd9, 0x8c, 0xb9, 0x8c, 0xd9, 0x94, 0xb9, 0x8c, 0xd9, 0x94, 0xb9, 0x94,
    0x98, 0x94, 0xfd, 0x85, 0x1f, 0x7f, 0xff, 0x7e, 0xff, 0x7e, 0xff, 0x7e,
    0xff, 0x7e, 0xff, 0x7e, 0xff, 0x7e, 0xff, 0x7e, 0xff, 0x7e, 0xff, 0x7e,
    0xff, 0x7e, 0xff, 0x7e, 0xff, 0x7e, 0xff, 0x7e, 0xff, 0x7e, 0xff, 0x7e,
    0xff, 0x7e, 0xff, 0x7e, 0xee, 0xed, 0xab, 0xfd, 0xab, 0xfd, 0xab, 0xfd,
    0xab, 0xfd, 0xac, 0xfd, 0xab, 0xfd, 0xab, 0xfd, 0xab, 0xfd, 0xac, 0xfd,
    0xab, 0xfd, 0xab, 0xfd, 0xab, 0xfd, 0xac, 0xfd, 0xab, 0xfd, 0xab, 0xfd,
    0xac, 0xfd, 0xab, 0xfd, 0xab, 0xfd, 0xab, 0xfd, 0xac, 0xfd, 0xab, 0xfd,
    0xab, 0xfd, 0xab, 0xfd, 0xab, 0xfd, 0xac, 0xfd, 0xab, 0xfd, 0xab, 0xfd,
    0xab, 0xfd, 0xab, 0xfd, 0xab, 0xfd, 0xac, 0xfd, 0xab, 0xfd, 0xab, 0xfd,
    0xac, 0xfd, 0xab, 0xfd, 0x8a, 0xfd, 0x78, 0xae, 0x1f, 0x77, 0xff, 0x7e,
    0xff, 0x7e, 0xff, 0x7e, 0xff, 0x7e, 0xff, 0x7e, 0xff, 0x7e, 0xff, 0x7e,
    0xff, 0x7e, 0xff, 0x7e, 0xff, 0x7e, 0xff, 0x7e, 0xff, 0x7e, 0xff, 0x7e,
    0xff, 0x7e, 0xff, 0x7e, 0xff, 0x7e, 0xff, 0x7e, 0xf4, 0x57, 0xf2, 0x57,
    0xf3, 0x57, 0xf3, 0x57, 0xf3, 0x57, 0xf3, 0x57, 0xf3, 0x57, 0xf3, 0x57,
    0xf2, 0x57, 0xf3, 0x57, 0xf3, 0x57, 0xf3, 0x57, 0xf3, 0x57, 0xf3, 0x57,
    0xf2, 0x57, 0xf3, 0x57, 0xf2, 0x57, 0xf3, 0x57, 0xf3, 0x57, 0xf3, 0x57,
    0xf3, 0x57, 0xf3, 0x57, 0xf2, 0x57, 0xf3, 0x57, 0xf3, 0x57, 0xf2, 0x57,
    0xf3, 0x57, 0xf3, 0x57, 0xf2, 0x57, 0xf3, 0x57, 0xf3, 0x57, 0xf3, 0x57,
    0xf3, 0x57, 0xf3, 0x57, 0xf3, 0x57, 0xf3, 0x57, 0xf3, 0x4f, 0xb0, 0xd7,
    0x8e, 0xff, 0x8f, 0xff, 0x8f, 0xff, 0x8f, 0xff, 0x8f, 0xff, 0x8f, 0xff,
    0x8f, 0xff, 0x8f, 0xff, 0x8f, 0xff, 0x8f, 0xff, 0x8f, 0xff, 0x8f, 0xff,
    0x8f, 0xff, 0x8f, 0xff, 0x8f, 0xff, 0x8f, 0xff, 0x8f, 0xff, 0x8f, 0xff,
    0x8f, 0xff, 0x8f, 0xff, 0x8f, 0xff, 0x8f, 0xff, 0x8f, 0xff, 0x8f, 0xff,
    0x8f, 0xff, 0x8f, 0xff, 0x8f, 0xff, 0x8f, 0xff, 0x8f, 0xff, 0x8f, 0xff,
    0x8f, 0xff, 0x8f, 0xff, 0x8f, 0xff, 0x8f, 0xff, 0x8f, 0xff, 0x8f, 0xff,
    0x8f, 0xff, 0x8f, 0xff, 0x8f, 0xff, 0x8f, 0xff, 0x8f, 0xff, 0x8f, 0xff,
    0x8f, 0xff, 0x8f, 0xff, 0x8f, 0xff, 0x8f, 0xff, 0x8f, 0xff, 0x8f, 0xff,
    0x8f, 0xff, 0x8f, 0xff, 0x8f, 0xff, 0x8f, 0xff, 0x8f, 0xff, 0xaf, 0xff,
    0x8f, 0xff, 0x28, 0x42, 0xc5, 0x10, 0x06, 0x21, 0x06, 0x21, 0x05, 0x21,
    0x06, 0x21, 0x06, 0x21, 0x05, 0x21, 0x06, 0x19, 0x05, 0x21, 0x06, 0x19,
    0x06, 0x21, 0x06, 0x19, 0x05, 0x21, 0x06, 0x21, 0x05, 0x21, 0x06, 0x19,
    0x06, 0x21, 0x06, 0x21, 0x06, 0x21, 0x05, 0x21, 0x06, 0x19, 0x06, 0x19,
    0x05, 0x21, 0x06, 0x19, 0x06, 0x21, 0x05, 0x19, 0x06, 0x21, 0x06, 0x19,
    0x05, 0x21, 0x05, 0x19, 0x06, 0x21, 0x06, 0x21, 0x05, 0x21, 0x06, 0x19,
    0x06, 0x21, 0x05, 0x21, 0x06, 0x19, 0x06, 0x21, 0x06, 0x19, 0x06, 0x21,
    0xe5, 0x18, 0xc9, 0x31, 0xd9, 0x94, 0xd9, 0x94, 0xb9, 0x8c, 0xd9, 0x94,
    0xb9, 0x94, 0xb9, 0x8c, 0xd9, 0x94, 0xd9, 0x8c, 0xb9, 0x8c, 0xb9, 0x94,
    0xd9, 0x94, 0xb9, 0x8c, 0xd9, 0x94, 0xb9, 0x8c, 0xd9, 0x8c, 0xb9, 0x94,
    0xb9, 0x8c, 0x99, 0x94, 0xfd, 0x85, 0x3f, 0x7f, 0xff, 0x7e, 0xff, 0x7e,
    0xff, 0x7e, 0xff, 0x7e, 0xff, 0x7e, 0xff, 0x7e, 0xff, 0x7e, 0xff, 0x7e,
    0xff, 0x7e, 0xff, 0x7e, 0xff, 0x7e, 0xff, 0x7e, 0xff, 0x7e, 0xff, 0x7e,
    0xff, 0x7e, 0xff, 0x7e, 0xff, 0x7e, 0xee, 0xed, 0x8a, 0xfd, 0xac, 0xfd,
    0xab, 0xfd, 0xab, 0xfd, 0xab, 0xfd, 0xac, 0xfd, 0xab, 0xfd, 0xab, 0xfd,
    0xab, 0xfd, 0xac, 0xfd, 0xab, 0xfd, 0xab, 0xfd, 0xab, 0xfd, 0xab, 0xfd,
    0xab, 0xfd, 0xac, 0xfd, 0xab, 0xfd, 0xab, 0xfd, 0xac, 0xfd, 0xab, 0xfd,
    0xab, 0xfd, 0xac, 0xfd, 0xab, 0xfd, 0xab, 0xfd, 0xab, 0xfd, 0xac, 0xfd,
    0xab, 0xfd, 0xac, 0xfd, 0xab, 0xfd, 0xab, 0xfd, 0xac, 0xfd, 0xab, 0xfd,
    0xab, 0xfd, 0xac, 0xfd, 0xab, 0xfd, 0x8a, 0xfd, 0x98, 0xae, 0x1f, 0x77,
    0xff, 0x7e, 0xff, 0x7e, 0xff, 0x7e, 0xff, 0x7e, 0xff, 0x7e, 0xff, 0x7e,
    0xff, 0x7e, 0xff, 0x7e, 0xff, 0x7e, 0xff, 0x7e, 0xff, 0x7e, 0xff, 0x7e,
    0xff, 0x7e, 0xff, 0x7e, 0xff, 0x7e, 0xff, 0x7e, 0x1f, 0x7f, 0xf4, 0x57,
    0xf2, 0x57, 0xf3, 0x57, 0xf3, 0x57, 0xf2, 0x57, 0xf3, 0x57, 0xf2, 0x57,
    0xf3, 0x57, 0xf3, 0x57, 0xf3, 0x57, 0xf2, 0x57, 0xf3, 0x57, 0xf3, 0x57,
    0xf2, 0x57, 0xf3, 0x57, 0xf3, 0x57, 0xf3, 0x57, 0xf2, 0x57, 0xf3, 0x57,
    0xf3, 0x57, 0xf2, 0x57, 0xf3, 0x57, 0xf3, 0x57, 0xf3, 0x57, 0xf3, 0x57,
    0xf2, 0x57, 0xf3, 0x57, 0xf3, 0x57, 0xf3, 0x57, 0xf2, 0x57, 0xf3, 0x57,
    0xf2, 0x57, 0xf2, 0x57, 0xf3, 0x57, 0xf2, 0x57, 0xf3, 0x57, 0xf3, 0x4f,
    0xb0, 0xd7, 0x6f, 0xff, 0x8f, 0xff, 0x8f, 0xff, 0x8f, 0xff, 0x8f, 0xff,
    0x8f, 0xff, 0x8f, 0xff, 0x8f, 0xff, 0x8f, 0xff, 0x8f, 0xff, 0x8f, 0xff,
    0x8f, 0xff, 0x8f, 0xff, 0x8f, 0xff, 0x8f, 0xff, 0x8f, 0xff, 0x8f, 0xff,
    0x8f, 0xff, 0x8f, 0xff, 0x8f, 0xff, 0x8f, 0xff, 0x8f, 0xff, 0x8f, 0xff,
    0x8f, 0xff, 0x8f, 0xff, 0x8f, 0xff, 0x8f, 0xff, 0x8f, 0xff, 0x8f, 0xff,
    0x8f, 0xff, 0x8f, 0xff, 0x8f, 0xff, 0x8f, 0xff, 0x8f, 0xff, 0x8f, 0xff,
    0x8f, 0xff, 0x8f, 0xff, 0x8f, 0xff, 0x8f, 0xff, 0x8f, 0xff, 0x8f, 0xff,
    0x8f, 0xff, 0x8f, 0xff, 0x8f, 0xff, 0x8f, 0xff, 0x8f, 0xff, 0x8f, 0xff,
    0x8f, 0xff, 0x8f, 0xff, 0x8f, 0xff, 0x8f, 0xff, 0x8f, 0xff, 0x8f, 0xff,
    0x8f, 0xff, 0x8f, 0xff, 0x27, 0x4a, 0xa5, 0x10, 0x06, 0x21, 0x05, 0x21,
    0x06, 0x19, 0x06, 0x19, 0x05, 0x21, 0x06, 0x21, 0x06, 0x21, 0x05, 0x19,
    0x05, 0x21, 0x06, 0x21, 0x06, 0x21, 0x06, 0x19, 0x05, 0x21, 0x06, 0x21,
    0x05, 0x21, 0x06, 0x21, 0x05, 0x21, 0x06, 0x21, 0x06, 0x21, 0x05, 0x21,
    0x06, 0x21, 0x05, 0x21, 0x06, 0x21, 0x05, 0x19, 0x06, 0x21, 0x06, 0x21,
    0x05, 0x21, 0x06, 0x19, 0x06, 0x21, 0x05, 0x21, 0x06, 0x21, 0x06, 0x19,
    0x05, 0x21, 0x06, 0x21, 0x05, 0x21, 0x06, 0x21, 0x05, 0x21, 0x05, 0x21,
    0x06, 0x21, 0xc4, 0x18, 0xa9, 0x31, 0xd9, 0x94, 0xd9, 0x8c, 0xb9, 0x8c,
    0xd9, 0x94, 0xd9, 0x8c, 0xb9, 0x94, 0xd9, 0x94, 0xb9, 0x8c, 0xd9, 0x8c,
    0xd9, 0x94, 0xb9, 0x8c, 0xd9, 0x94, 0xb9, 0x94, 0xd9, 0x8c, 0xd9, 0x94,
    0xb9, 0x8c, 0xd9, 0x8c, 0x98, 0x94, 0xfd, 0x85, 0x1f, 0x7f, 0xff, 0x7e,
    0xff, 0x7e, 0xff, 0x7e, 0xff, 0x7e, 0xff, 0x7e, 0xff, 0x7e, 0xff, 0x7e,
    0xff, 0x7e, 0xff, 0x7e, 0xff, 0x7e, 0xff, 0x7e, 0xff, 0x7e, 0xff, 0x7e,
    0xff, 0x7e, 0xff, 0x7e, 0xff, 0x7e, 0xff, 0x7e, 0xee, 0xf5, 0x8a, 0xfd,
    0xab, 0xfd, 0xac, 0xfd, 0xab, 0xfd, 0xab, 0xfd, 0xab, 0xfd, 0xac, 0xfd,
    0xab, 0xfd, 0xab, 0xfd, 0xab, 0xfd, 0xac, 0xfd, 0xab, 0xfd, 0xab, 0xfd,
    0xac, 0xfd, 0xab, 0xfd, 0xab, 0xfd, 0xab, 0xfd, 0xac, 0xfd, 0xab, 0xfd,
    0xab, 0xfd, 0xab, 0xfd, 0xac, 0xfd, 0xab, 0xfd, 0xab, 0xfd, 0xac, 0xfd,
    0xab, 0xfd, 0xab, 0xfd, 0xab, 0xfd, 0xac, 0xfd, 0xab, 0xfd, 0xab, 0xfd,
    0xab, 0xfd, 0xab, 0xfd, 0xab, 0xfd, 0xab, 0xfd, 0x8a, 0xfd, 0x79, 0xae,
    0x1f, 0x77, 0xff, 0x7e, 0xff, 0x7e, 0xff, 0x7e, 0xff, 0x7e, 0xff, 0x7e,
    0xff, 0x7e, 0xff, 0x7e, 0xff, 0x7e, 0xff, 0x7e, 0xff, 0x7e, 0xff, 0x7e,
    0xff, 0x7e, 0xff, 0x7e, 0xff, 0x7e, 0xff, 0x7e, 0xff, 0x7e, 0xff, 0x7e,
    0xf4, 0x57, 0xf2, 0x57, 0xf3, 0x57, 0xf3, 0x57, 0xf3, 0x57, 0xf2, 0x57,
    0xf3, 0x57, 0xf3, 0x57, 0xf3, 0x57, 0xf2, 0x57, 0xf3, 0x57, 0xf3, 0x57,
    0xf2, 0x57, 0xf3, 0x57, 0xf3, 0x57, 0xf3, 0x57, 0xf3, 0x57, 0xf3, 0x57,
    0xf2, 0x57, 0xf3, 0x57, 0xf3, 0x57, 0xf2, 0x57, 0xf3, 0x57, 0xf3, 0x57,
    0xf2, 0x57, 0xf3, 0x57, 0xf3, 0x57, 0xf3, 0x57, 0xf3, 0x57, 0xf3, 0x57,
    0xf3, 0x57, 0xf3, 0x57, 0xf3, 0x57, 0xf3, 0x57, 0xf3, 0x57, 0xf2, 0x57,
    0xf3, 0x4f, 0xb0, 0xd7, 0x8f, 0xff, 0x8f, 0xff, 0x8f, 0xff, 0x8f, 0xff,
    0x8f, 0xff, 0x8f, 0xff, 0x8f, 0xff, 0x8f, 0xff, 0x8f, 0xff, 0x8f, 0xff,
    0x8f, 0xff, 0x8f, 0xff, 0x8f, 0xff, 0x8f, 0xff, 0x8f, 0xff, 0x8f, 0xff,
    0x8f, 0xff, 0x8f, 0xff, 0x8f, 0xff, 0x8f, 0xff, 0x8f, 0xff, 0x8f, 0xff,
    0x8f, 0xff, 0x8f, 0xff, 0x8f, 0xff, 0x8f, 0xff, 0x8f, 0xff, 0x8f, 0xff,
    0x8f, 0xff, 0x8f, 0xff, 0x8f, 0xff, 0x8f, 0xff, 0x8f, 0xff, 0x8f, 0xff,
    0x8f, 0xff, 0x8f, 0xff, 0x8f, 0xff, 0x8f, 0xff, 0x8f, 0xff, 0x8f, 0xff,
    0x8f, 0xff, 0x8f, 0xff, 0x8f, 0xff, 0x8f, 0xff, 0x8f, 0xff, 0x8f, 0xff,
    0x8f, 0xff, 0x8f, 0xff, 0x8f, 0xff, 0x8f, 0xff, 0x8f, 0xff, 0x8f, 0xff,
    0x8f, 0xff, 0xaf, 0xff, 0xaf, 0xff, 0x27, 0x4a, 0xa5, 0x10, 0x06, 0x21,
    0x06, 0x21, 0x05, 0x21, 0x06, 0x21, 0x05, 0x19, 0x06, 0x21, 0x06, 0x21,
    0x06, 0x21, 0x05, 0x21, 0x06, 0x21, 0x05, 0x21, 0x05, 0x19, 0x06, 0x21,
    0x06, 0x21, 0x05, 0x19, 0x06, 0x21, 0x06, 0x21, 0x05, 0x19, 0x06, 0x21,
    0x06, 0x21, 0x05, 0x19, 0x06, 0x21, 0x06, 0x21, 0x05, 0x21, 0x06, 0x21,
    0x05, 0x21, 0x06, 0x21, 0x06, 0x21, 0x05, 0x21, 0x06, 0x19, 0x06, 0x21,
    0x05, 0x21, 0x06, 0x21, 0x06, 0x19, 0x05, 0x21, 0x06, 0x21, 0x06, 0x19,
    0x05, 0x21, 0x06, 0x21, 0xe5, 0x18, 0xa9, 0x31, 0xd9, 0x94, 0xda, 0x94,
    0xb9, 0x8c, 0xd9, 0x8c, 0xb9, 0x94, 0xd9, 0x8c, 0xb9, 0x94, 0xb9, 0x94,
    0xd9, 0x8c, 0xb9, 0x94, 0xd9, 0x8c, 0xb9, 0x8c, 0xb9, 0x94, 0xd9, 0x94,
    0xb9, 0x8c, 0xd9, 0x94, 0xd9, 0x94, 0x98, 0x94, 0xfd, 0x85, 0x1f, 0x7f,
    0xff, 0x7e, 0xff, 0x7e, 0xff, 0x7e, 0xff, 0x7e, 0xff, 0x7e, 0xff, 0x7e,
    0xff, 0x7e, 0xff, 0x7e, 0xff, 0x7e, 0xff, 0x7e, 0xff, 0x7e, 0xff, 0x7e,
    0xff, 0x7e, 0xff, 0x7e, 0xff, 0x7e, 0xff, 0x7e, 0xff, 0x7e, 0xee, 0xed,
    0x8b, 0xfd, 0xab, 0xfd, 0xab, 0xfd, 0xac, 0xfd, 0xab, 0xfd, 0xab, 0xfd,
    0xab, 0xfd, 0xac, 0xfd, 0xab, 0xfd, 0xab, 0xfd, 0xab, 0xfd, 0xac, 0xfd,
    0xab, 0xfd, 0xab, 0xfd, 0xac, 0xfd, 0xab, 0xfd, 0xab, 0xfd, 0xab, 0xfd,
    0xab, 0xfd, 0xab, 0xfd, 0xac, 0xfd, 0xab, 0xfd, 0xab, 0xfd, 0xab, 0xfd,
    0xab, 0xfd, 0xab, 0xfd, 0xab, 0xfd, 0xab, 0xfd, 0xab, 0xfd, 0xac, 0xfd,
    0xab, 0xfd, 0xab, 0xfd, 0xac, 0xfd, 0xab, 0xfd, 0xab, 0xfd, 0x8a, 0xfd,
    0x78, 0xae, 0x1f, 0x77, 0xff, 0x7e, 0xff, 0x7e, 0xff, 0x7e, 0xff, 0x7e,
    0xff, 0x7e, 0xff, 0x7e, 0xff, 0x7e, 0xff, 0x7e, 0xff, 0x7e, 0xff, 0x7e,
    0xff, 0x7e, 0xff, 0x7e, 0xff, 0x7e, 0xff, 0x7e, 0xff, 0x7e, 0xff, 0x7e,
    0xff, 0x7e, 0xf4, 0x57, 0xf2, 0x57, 0xf3, 0x57, 0xf3, 0x57, 0xf3, 0x57,
    0xf3, 0x57, 0xf3, 0x57, 0xf2, 0x57, 0xf3, 0x57, 0xf3, 0x57, 0xf3, 0x57,
    0xf3, 0x57, 0xf3, 0x57, 0xf3, 0x57, 0xf2, 0x57, 0xf3, 0x57, 0xf3, 0x57,
    0xf2, 0x57, 0xf3, 0x57, 0xf3, 0x57, 0xf3, 0x57, 0xf3, 0x57, 0xf2, 0x57,
    0xf3, 0x57, 0xf3, 0x57, 0xf3, 0x57, 0xf2, 0x57, 0xf3, 0x57, 0xf2, 0x57,
    0xf3, 0x57, 0xf3, 0x57, 0xf2, 0x57, 0xf3, 0x57, 0xf3, 0x57, 0xf3, 0x57,
    0xf3, 0x57, 0xf3, 0x4f, 0xb0, 0xd7, 0x8e, 0xff, 0x8f, 0xff, 0x8f, 0xff,
    0x8f, 0xff, 0x8f, 0xff, 0x8f, 0xff, 0x8f, 0xff, 0x8f, 0xff, 0x8f, 0xff,
    0x8f, 0xff, 0x8f, 0xff, 0x8f, 0xff, 0x8f, 0xff, 0x8f, 0xff, 0x8f, 0xff,
    0x8f, 0xff, 0x8f, 0xff, 0x8f, 0xff, 0x8f, 0xff, 0x8f, 0xff, 0x8f, 0xff,
    0x8f, 0xff, 0x8f, 0xff, 0x8f, 0xff, 0x8f, 0xff, 0x8f, 0xff, 0x8f, 0xff,
    0x8f, 0xff, 0x8f, 0xff, 0x8f, 0xff, 0x8f, 0xff, 0x8f, 0xff, 0x8f, 0xff,
    0x8f, 0xff, 0x8f, 0xff, 0x8f, 0xff, 0x8f, 0xff, 0x8f, 0xff, 0x8f, 0xff,
    0x8f, 0xff, 0x8f, 0xff, 0x8f, 0xff, 0x8f, 0xff, 0x8f, 0xff, 0x8f, 0xff,
    0x8f, 0xff, 0x8f, 0xff, 0x8f, 0xff, 0x8f, 0xff, 0x8f, 0xff, 0x8f, 0xff,
    0x8f, 0xff, 0x8f, 0xff, 0x8f, 0xff, 0xb0, 0xff, 0x27, 0x42, 0xa5, 0x18,
    0x06, 0x21, 0x06, 0x19, 0x05, 0x21, 0x06, 0x21, 0x06, 0x21, 0x05, 0x19,
    0x06, 0x21, 0x06, 0x21, 0x06, 0x19, 0x05, 0x21, 0x06, 0x21, 0x06, 0x21,
    0x06, 0x21, 0x05, 0x19, 0x06, 0x21, 0x06, 0x21, 0x06, 0x21, 0x05, 0x19,
    0x06, 0x21, 0x06, 0x21, 0x05, 0x19, 0x06, 0x21, 0x06, 0x21, 0x05, 0x19,
    0x06, 0x21, 0x06, 0x19, 0x05, 0x19, 0x06, 0x21, 0x05, 0x21, 0x06, 0x21,
    0x05, 0x19, 0x05, 0x21, 0x06, 0x21, 0x06, 0x19, 0x05, 0x21, 0x06, 0x21,
    0x06, 0x19, 0x05, 0x21, 0x06, 0x21, 0xe5, 0x18, 0xc9, 0x31, 0xfa, 0x94,
    0xfa, 0x94, 0xfa, 0x94, 0xfa, 0x94, 0xfa, 0x94, 0xfa, 0x94, 0xfa, 0x94,
    0xfa, 0x94, 0xfa, 0x94, 0xfa, 0x94, 0xfa, 0x94, 0xfa, 0x94, 0xfa, 0x94,
    0xfa, 0x94, 0xfa, 0x94, 0xfa, 0x94, 0xda, 0x94, 0xb9, 0x94, 0x1d, 0x86,
    0x5f, 0x7f, 0x3f, 0x7f, 0x3f, 0x7f, 0x3f, 0x7f, 0x3f, 0x7f, 0x3f, 0x7f,
    0x3f, 0x7f, 0x3f, 0x7f, 0x3f, 0x7f, 0x3f, 0x7f, 0x3f, 0x7f, 0x3f, 0x7f,
    0x3f, 0x7f, 0x3f, 0x7f, 0x3f, 0x7f, 0x3f, 0x7f, 0x3f, 0x7f, 0x3f, 0x7f,
    0x0f, 0xfe, 0xcb, 0xfd, 0xeb, 0xfd, 0xcc, 0xfd, 0xec, 0xfd, 0xcc, 0xfd,
    0xec, 0xfd, 0xcc, 0xfd, 0xec, 0xfd, 0xcc, 0xfd, 0xec, 0xfd, 0xcc, 0xfd,
    0xec, 0xfd, 0xcb, 0xfd, 0xec, 0xfd, 0xcc, 0xfd, 0xec, 0xfd, 0xcc, 0xfd,
    0xec, 0xfd, 0xcc, 0xfd, 0xec, 0xfd, 0xcc, 0xfd, 0xec, 0xfd, 0xcc, 0xfd,
    0xec, 0xfd, 0xcc, 0xfd, 0xec, 0xfd, 0xcc, 0xfd, 0xec, 0xfd, 0xcc, 0xfd,
    0xec, 0xfd, 0xec, 0xfd, 0xcc, 0xfd, 0xec, 0xfd, 0xec, 0xfd, 0xec, 0xfd,
    0xca, 0xfd, 0xb9, 0xb6, 0x5f, 0x77, 0x3f, 0x7f, 0x3f, 0x7f, 0x3f, 0x7f,
    0x3f, 0x7f, 0x3f, 0x7f, 0x3f, 0x7f, 0x3f, 0x7f, 0x3f, 0x7f, 0x3f, 0x7f,
    0x3f, 0x7f, 0x3f, 0x7f, 0x3f, 0x7f, 0x3f, 0x7f, 0x3f, 0x7f, 0x3f, 0x7f,
    0x1f, 0x7f, 0x3f, 0x7f, 0xf4, 0x5f, 0xf3, 0x57, 0xf3, 0x57, 0xf3, 0x57,
    0xf3, 0x57, 0xf3, 0x57, 0xf3, 0x57, 0xf3, 0x57, 0xf3, 0x57, 0xf3, 0x5f,
    0xf3, 0x57, 0xf3, 0x57, 0xf3, 0x5f, 0xf3, 0x57, 0xf3, 0x57, 0xf3, 0x5f,
    0xf3, 0x57, 0xf3, 0x57, 0xf3, 0x5f, 0xf3, 0x57, 0xf3, 0x57, 0xf3, 0x57,
    0xf3, 0x57, 0xf3, 0x57, 0xf3, 0x57, 0xf3, 0x57, 0xf3, 0x57, 0xf3, 0x57,
    0xf3, 0x57, 0xf3, 0x57, 0xf3, 0x57, 0xf3, 0x57, 0xf3, 0x57, 0xf3, 0x57,
    0xf3, 0x57, 0xf3, 0x57, 0xf3, 0x4f, 0xf0, 0xdf, 0xcf, 0xff, 0xcf, 0xff,
    0xcf, 0xff, 0xcf, 0xff, 0xcf, 0xff, 0xcf, 0xff, 0xcf, 0xff, 0xcf, 0xff,
    0xcf, 0xff, 0xd0, 0xff, 0xcf, 0xff, 0xcf, 0xff, 0xd0, 0xff, 0xcf, 0xff,
    0xcf, 0xff, 0xd0, 0xff, 0xcf, 0xff, 0xcf, 0xff, 0xd0, 0xff, 0xcf, 0xff,
    0xcf, 0xff, 0xd0, 0xff, 0xcf, 0xff, 0xcf, 0xff, 0xd0, 0xff, 0xcf, 0xff,
    0xcf, 0xff, 0xd0, 0xff, 0xcf, 0xff, 0xd0, 0xff, 0xcf, 0xff, 0xcf, 0xff,
    0xd0, 0xff, 0xcf, 0xff, 0xcf, 0xff, 0xd0, 0xff, 0xcf, 0xff, 0xcf, 0xff,
    0xd0, 0xff, 0xcf, 0xff, 0xcf, 0xff, 0xcf, 0xff, 0xcf, 0xff, 0xcf, 0xff,
    0xcf, 0xff, 0xcf, 0xff, 0xcf, 0xff, 0xcf, 0xff, 0xcf, 0xff, 0xd0, 0xff,
    0xcf, 0xff, 0xd0, 0xff, 0xcf, 0xff, 0xd0, 0xff, 0xd0, 0xff, 0x27, 0x4a,
    0xc5, 0x10, 0x06, 0x21, 0x06, 0x21, 0x05, 0x19, 0x06, 0x21, 0x06, 0x21,
    0x05, 0x21, 0x05, 0x19, 0x06, 0x21, 0x05, 0x21, 0x06, 0x19, 0x06, 0x21,
    0x05, 0x21, 0x06, 0x19, 0x05, 0x21, 0x06, 0x21, 0x05, 0x21, 0x06, 0x21,
    0x05, 0x21, 0x06, 0x21, 0x05, 0x21, 0x06, 0x21, 0x05, 0x21, 0x06, 0x19,
    0x06, 0x21, 0x05, 0x21, 0x06, 0x21, 0x06, 0x21, 0x05, 0x21, 0x06, 0x19,
    0x06, 0x21, 0x06, 0x21, 0x06, 0x21, 0x05, 0x21, 0x06, 0x21, 0x06, 0x21,
    0x05, 0x21, 0x06, 0x21, 0x06, 0x19, 0x05, 0x21, 0xe5, 0x18, 0xa9, 0x31,
    0x57, 0x84, 0x57, 0x84, 0x56, 0x84, 0x57, 0x84, 0x56, 0x84, 0x37, 0x84,
    0x56, 0x84, 0x56, 0x84, 0x57, 0x84, 0x56, 0x84, 0x57, 0x84, 0x56, 0x84,
    0x56, 0x84, 0x37, 0x84, 0x56, 0x84, 0x56, 0x84, 0x57, 0x84, 0x16, 0x84,
    0x5a, 0x75, 0x5c, 0x6e, 0x3c, 0x76, 0x3c, 0x76, 0x3c, 0x6e, 0x3c, 0x76,
    0x3c, 0x76, 0x3c, 0x6e, 0x3c, 0x76, 0x3c, 0x76, 0x3c, 0x6e, 0x3c, 0x76,
    0x3c, 0x76, 0x3c, 0x6e, 0x3c, 0x76, 0x3c, 0x76, 0x3d, 0x6e, 0x3c, 0x6e,
    0x3c, 0x76, 0x4d, 0xd5, 0x0a, 0xe5, 0x0a, 0xe5, 0x0a, 0xe5, 0x0a, 0xe5,
    0x0a, 0xe5, 0x0a, 0xe5, 0x0a, 0xe5, 0x0a, 0xe5, 0x0a, 0xe5, 0x0a, 0xe5,
    0x0b, 0xe5, 0x0a, 0xe5, 0x0a, 0xe5, 0x0b, 0xe5, 0x0a, 0xe5, 0x0a, 0xe5,
    0x0a, 0xe5, 0x0b, 0xe5, 0x0a, 0xe5, 0x0a, 0xe5, 0x0a, 0xe5, 0x0a, 0xe5,
    0x0a, 0xe5, 0x0b, 0xed, 0x0a, 0xe5, 0x0a, 0xe5, 0x0b, 0xe5, 0x0a, 0xed,
    0x0a, 0xe5, 0x0a, 0xe5, 0x0a, 0xe5, 0x0a, 0xe5, 0x0a, 0xed, 0x0a, 0xe5,
    0x0b, 0xe5, 0x09, 0xe5, 0xd6, 0x9d, 0x3d, 0x6e, 0x3c, 0x6e, 0x3d, 0x76,
    0x3d, 0x76, 0x3c, 0x6e, 0x3d, 0x76, 0x3d, 0x76, 0x3c, 0x6e, 0x3d, 0x76,
    0x3d, 0x76, 0x3c, 0x6e, 0x3d, 0x76, 0x3d, 0x76, 0x3c, 0x76, 0x3d, 0x76,
    0x3c, 0x6e, 0x3c, 0x76, 0x5c, 0x6e, 0x12, 0x4f, 0x31, 0x4f, 0x31, 0x4f,
    0x11, 0x4f, 0x31, 0x57, 0x31, 0x4f, 0x31, 0x57, 0x31, 0x4f, 0x31, 0x4f,
    0x31, 0x4f, 0x31, 0x4f, 0x31, 0x4f, 0x31, 0x57, 0x31, 0x4f, 0x31, 0x4f,
    0x31, 0x4f, 0x31, 0x4f, 0x31, 0x4f, 0x31, 0x57, 0x31, 0x4f, 0x11, 0x4f,
    0x31, 0x57, 0x31, 0x57, 0x11, 0x4f, 0x31, 0x57, 0x31, 0x4f, 0x11, 0x57,
    0x31, 0x4f, 0x11, 0x4f, 0x31, 0x57, 0x11, 0x4f, 0x31, 0x4f, 0x11, 0x57,
    0x11, 0x4f, 0x31, 0x4f, 0x11, 0x4f, 0x11, 0x47, 0xcf, 0xbe, 0xae, 0xe6,
    0xae, 0xe6, 0xae, 0xe6, 0xae, 0xe6, 0xae, 0xe6, 0xae, 0xe6, 0xae, 0xe6,
    0xae, 0xe6, 0xae, 0xe6, 0xae, 0xe6, 0xae, 0xe6, 0xae, 0xe6, 0xae, 0xe6,
    0xae, 0xe6, 0xae, 0xe6, 0xae, 0xe6, 0xae, 0xe6, 0xae, 0xe6, 0xae, 0xe6,
    0xae, 0xe6, 0xae, 0xe6, 0xae, 0xe6, 0xae, 0xe6, 0xae, 0xe6, 0xae, 0xe6,
    0xae, 0xe6, 0xae, 0xe6, 0xae, 0xe6, 0xae, 0xe6, 0xae, 0xe6, 0xae, 0xe6,
    0xae, 0xe6, 0xae, 0xe6, 0xae, 0xe6, 0xae, 0xe6, 0xae, 0xe6, 0xae, 0xe6,
    0xae, 0xe6, 0xae, 0xe6, 0xae, 0xe6, 0xae, 0xe6, 0xae, 0xe6, 0xae, 0xe6,
    0xae, 0xe6, 0xae, 0xe6, 0xae, 0xe6, 0xae, 0xe6, 0xae, 0xe6, 0xae, 0xe6,
    0xae, 0xe6, 0xae, 0xe6, 0xae, 0xe6, 0xae, 0xe6, 0xce, 0xe6, 0xce, 0xe6,
    0xe7, 0x41, 0xc5, 0x18, 0x06, 0x21, 0x06, 0x21, 0x05, 0x21, 0x06, 0x19,
    0x06, 0x21, 0x05, 0x21, 0x06, 0x21, 0x06, 0x21, 0x05, 0x21, 0x06, 0x19,
    0x05, 0x21, 0x06, 0x21, 0x06, 0x19, 0x06, 0x21, 0x05, 0x21, 0x06, 0x19,
    0x06, 0x21, 0x06, 0x19, 0x05, 0x21, 0x06, 0x19, 0x06, 0x21, 0x05, 0x21,
    0x06, 0x21, 0x06, 0x21, 0x05, 0x21, 0x06, 0x19, 0x06, 0x21, 0x05, 0x21,
    0x06, 0x21, 0x05, 0x19, 0x06, 0x21, 0x06, 0x21, 0x05, 0x19, 0x06, 0x21,
    0x06, 0x19, 0x05, 0x21, 0x06, 0x21, 0x06, 0x21, 0x05, 0x21, 0x06, 0x21,
    0x05, 0x21, 0x06, 0x21, 0x06, 0x21, 0x06, 0x21, 0x06, 0x21, 0x06, 0x21,
    0x06, 0x21, 0x06, 0x21, 0x06, 0x21, 0x06, 0x21, 0x06, 0x21, 0x06, 0x21,
    0x06, 0x21, 0x06, 0x21, 0x06, 0x21, 0x06, 0x21, 0x06, 0x21, 0x26, 0x21,
    0x06, 0x21, 0x26, 0x21, 0x26, 0x21, 0x26, 0x21, 0x26, 0x21, 0x26, 0x21,
    0x26, 0x21, 0x06, 0x21, 0x26, 0x21, 0x26, 0x21, 0x06, 0x21, 0x26, 0x21,
    0x26, 0x21, 0x06, 0x21, 0x26, 0x21, 0x26, 0x21, 0x26, 0x21, 0x26, 0x21,
    0x26, 0x21, 0x26, 0x21, 0x26, 0x21, 0x06, 0x21, 0x06, 0x21, 0x26, 0x29,
    0x26, 0x21, 0x26, 0x21, 0x26, 0x29, 0x26, 0x21, 0x26, 0x21, 0x26, 0x29,
    0x26, 0x21, 0x26, 0x21, 0x26, 0x29, 0x26, 0x21, 0x26, 0x29, 0x26, 0x21,
    0x26, 0x29, 0x26, 0x21, 0x26, 0x29, 0x26, 0x21, 0x26, 0x29, 0x26, 0x29,
    0x26, 0x21, 0x26, 0x21, 0x26, 0x21, 0x26, 0x29, 0x26, 0x21, 0x26, 0x21,
    0x26, 0x21, 0x26, 0x29, 0x06, 0x21, 0x26, 0x21, 0x26, 0x29, 0x06, 0x21,
    0x06, 0x21, 0x26, 0x21, 0x06, 0x21, 0x26, 0x21, 0x26, 0x21, 0x26, 0x21,
    0x06, 0x21, 0x26, 0x21, 0x26, 0x21, 0x06, 0x21, 0x26, 0x21, 0x26, 0x21,
    0x06, 0x21, 0x26, 0x21, 0x26, 0x21, 0x06, 0x21, 0x26, 0x21, 0x06, 0x21,
    0x26, 0x21, 0x26, 0x21, 0x26, 0x21, 0x26, 0x21, 0x26, 0x21, 0x26, 0x21,
    0x26, 0x21, 0x26, 0x21, 0x26, 0x21, 0x26, 0x21, 0x26, 0x21, 0x26, 0x21,
    0x26, 0x21, 0x26, 0x21, 0x26, 0x21, 0x26, 0x21, 0x26, 0x21, 0x26, 0x21,
    0x26, 0x21, 0x26, 0x21, 0x26, 0x21, 0x26, 0x21, 0x26, 0x21, 0x26, 0x21,
    0x26, 0x21, 0x26, 0x21, 0x26, 0x21, 0x26, 0x21, 0x26, 0x21, 0x26, 0x21,
    0x26, 0x21, 0x26, 0x21, 0x26, 0x21, 0x26, 0x21, 0x26, 0x21, 0x26, 0x21,
    0x26, 0x21, 0x26, 0x21, 0x26, 0x21, 0x26, 0x21, 0x26, 0x21, 0x26, 0x21,
    0x26, 0x21, 0x26, 0x21, 0x26, 0x21, 0x26, 0x21, 0x26, 0x21, 0x26, 0x21,
    0x26, 0x21, 0x26, 0x21, 0x26, 0x21, 0x26, 0x21, 0x26, 0x21, 0x26, 0x21,
    0x26, 0x21, 0x26, 0x21, 0x26, 0x21, 0x26, 0x21, 0x26, 0x21, 0x26, 0x21,
    0x26, 0x21, 0x26, 0x21, 0x26, 0x21, 0x26, 0x21, 0x26, 0x21, 0x26, 0x21,
    0x26, 0x21, 0x26, 0x21, 0x26, 0x29, 0x26, 0x21, 0x26, 0x21, 0x26, 0x29,
    0x26, 0x21, 0x26, 0x21, 0x26, 0x29, 0x26, 0x21, 0x26, 0x21, 0x26, 0x29,
    0x26, 0x21, 0x26, 0x21, 0x26, 0x29, 0x26, 0x21, 0x26, 0x21, 0x26, 0x29,
    0x26, 0x21, 0x26, 0x21, 0x26, 0x29, 0x26, 0x21, 0x26, 0x21, 0x26, 0x29,
    0x26, 0x21, 0x26, 0x21, 0x26, 0x29, 0x26, 0x21, 0x26, 0x21, 0x26, 0x29,
    0x26, 0x21, 0x06, 0x21, 0x06, 0x21, 0x05, 0x19, 0x06, 0x21, 0x06, 0x21,
    0x05, 0x21, 0x06, 0x19, 0x06, 0x21, 0x05, 0x21, 0x06, 0x19, 0x06, 0x21,
    0x05, 0x21, 0x06, 0x21, 0x05, 0x21, 0x06, 0x21, 0x05, 0x21, 0x06, 0x21,
    0x06, 0x21, 0x05, 0x21, 0x06, 0x21, 0x06, 0x21, 0x05, 0x19, 0x06, 0x21,
    0x06, 0x21, 0x05, 0x19, 0x05, 0x21, 0x06, 0x21, 0x05, 0x19, 0x06, 0x21,
    0x06, 0x21, 0x05, 0x21, 0x06, 0x21, 0x05, 0x19, 0x06, 0x21, 0x05, 0x21,
    0x06, 0x19, 0x05, 0x21, 0x05, 0x21, 0x06, 0x19, 0x05, 0x21, 0x06, 0x19,
    0x06, 0x21, 0x05, 0x21, 0x05, 0x19, 0x05, 0x19, 0x05, 0x21, 0x05, 0x19,
    0x05, 0x19, 0x05, 0x19, 0x06, 0x19, 0xe5, 0x18, 0x05, 0x19, 0x05, 0x19,
    0xe6, 0x18, 0x05, 0x19, 0x05, 0x19, 0x06, 0x19, 0xe5, 0x18, 0x05, 0x19,
    0xe5, 0x18, 0x05, 0x21, 0xe5, 0x20, 0xe5, 0x20, 0xe6, 0x18, 0xe5, 0x20,
    0xe6, 0x20, 0xe5, 0x18, 0xe6, 0x20, 0xe6, 0x20, 0xe5, 0x20, 0xe6, 0x18,
    0xe6, 0x20, 0xe5, 0x20, 0xe6, 0x20, 0xe6, 0x20, 0xe5, 0x18, 0xe5, 0x20,
    0xe5, 0x20, 0xe5, 0x20, 0xe5, 0x20, 0xe6, 0x18, 0x05, 0x19, 0x05, 0x21,
    0xe6, 0x18, 0xe5, 0x18, 0x06, 0x21, 0xe6, 0x18, 0xe5, 0x18, 0xe6, 0x20,
    0xe5, 0x18, 0x05, 0x19, 0xe5, 0x20, 0xe5, 0x18, 0xe5, 0x18, 0xe5, 0x18,
    0x06, 0x21, 0xe5, 0x18, 0xe5, 0x18, 0xe5, 0x18, 0xe6, 0x18, 0x05, 0x19,
    0xe5, 0x18, 0xe6, 0x20, 0xe5, 0x18, 0xe5, 0x18, 0x05, 0x19, 0xe5, 0x20,
    0xe5, 0x18, 0x06, 0x19, 0xe5, 0x18, 0x05, 0x21, 0xe6, 0x18, 0x05, 0x19,
    0x05, 0x19, 0x06, 0x21, 0xe5, 0x18, 0xe5, 0x18, 0xe5, 0x20, 0xe5, 0x20,
    0xe5, 0x20, 0xe5, 0x18, 0xe5, 0x20, 0xe5, 0x20, 0xe5, 0x18, 0xe5, 0x20,
    0xe5, 0x20, 0xe5, 0x20, 0xe5, 0x18, 0xe5, 0x20, 0xe5, 0x20, 0xe5, 0x18,
    0xe5, 0x20, 0xe5, 0x20, 0xe6, 0x20, 0xe5, 0x20, 0xe5, 0x20, 0xe5, 0x20,
    0xe5, 0x20, 0xe5, 0x20, 0xe5, 0x20, 0xe5, 0x20, 0xe5, 0x20, 0xe5, 0x20,
    0xe5, 0x20, 0xe5, 0x20, 0xe5, 0x20, 0xe5, 0x20, 0xe5, 0x20, 0xe5, 0x20,
    0xe5, 0x20, 0xe5, 0x20, 0xe5, 0x20, 0xe5, 0x20, 0xe5, 0x20, 0xe5, 0x20,
    0xe5, 0x20, 0xe5, 0x20, 0xe5, 0x18, 0xe5, 0x20, 0xe5, 0x20, 0xe5, 0x18,
    0xe5, 0x20, 0xe5, 0x20, 0xe5, 0x20, 0xe5, 0x20, 0xe5, 0x20, 0xe5, 0x20,
    0xe5, 0x20, 0xe5, 0x20, 0xe5, 0x20, 0xe5, 0x20, 0xe5, 0x20, 0xe5, 0x20,
    0xe5, 0x18, 0xe5, 0x18, 0xe5, 0x20, 0xe5, 0x18, 0xe5, 0x20, 0xe5, 0x18,
    0xe5, 0x20, 0xe5, 0x18, 0xe5, 0x18, 0xe5, 0x20, 0xe5, 0x18, 0xe5, 0x18,
    0xe5, 0x20, 0xe5, 0x18, 0xe5, 0x18, 0xe5, 0x20, 0xe5, 0x18, 0xe5, 0x18,
    0xe5, 0x20, 0xe5, 0x18, 0xe5, 0x20, 0xe5, 0x18, 0xe5, 0x20, 0xe5, 0x20,
    0xe5, 0x18, 0xe5, 0x20, 0xe5, 0x18, 0xe5, 0x18, 0xe5, 0x18, 0xe5, 0x20,
    0xe5, 0x18, 0xe5, 0x18, 0xe5, 0x20, 0xe5, 0x18, 0xe5, 0x18, 0xe5, 0x20,
    0xe5, 0x18, 0xe5, 0x18, 0xe5, 0x18, 0xe5, 0x20, 0xe5, 0x18, 0xe5, 0x18,
    0xe5, 0x20, 0xe5, 0x18, 0xe5, 0x18, 0xe5, 0x20, 0xe5, 0x18, 0xe5, 0x18,
    0xe5, 0x20, 0xe5, 0x18, 0xe5, 0x18, 0xe5, 0x20, 0xe5, 0x18, 0xe5, 0x18,
    0xe5, 0x18, 0xe5, 0x18, 0x06, 0x21, 0x05, 0x21, 0x06, 0x21, 0x05, 0x19,
    0x06, 0x21, 0x05, 0x21, 0x06, 0x21, 0x06, 0x19, 0x05, 0x21, 0x06, 0x21,
    0x06, 0x19, 0x05, 0x21, 0x06, 0x19, 0x06, 0x21, 0x05, 0x19, 0x06, 0x21,
    0x05, 0x21, 0x06, 0x19, 0x06, 0x21, 0x05, 0x21, 0x06, 0x21, 0x05, 0x21,
    0x06, 0x19, 0x06, 0x21, 0x05, 0x21, 0x06, 0x19, 0x06, 0x21, 0x05, 0x21,
    0x06, 0x19, 0x06, 0x21, 0x05, 0x21, 0x06, 0x19, 0x06, 0x21, 0x05, 0x21,
    0x06, 0x21, 0x06, 0x21, 0x06, 0x21, 0x06, 0x21, 0x05, 0x21, 0x06, 0x19,
    0x06, 0x21, 0x05, 0x21, 0x06, 0x21, 0x06, 0x21, 0x06, 0x21, 0x06, 0x21,
    0x06, 0x21, 0x06, 0x21, 0x06, 0x21, 0x06, 0x21, 0x06, 0x21, 0x06, 0x21,
    0x06, 0x21, 0x06, 0x21, 0x06, 0x21, 0x06, 0x21, 0x06, 0x21, 0x06, 0x21,
    0x06, 0x21, 0x06, 0x21, 0x06, 0x21, 0x06, 0x21, 0x06, 0x21, 0x06, 0x21,
    0x06, 0x21, 0x06, 0x21, 0x06, 0x21, 0x06, 0x21, 0x06, 0x21, 0x06, 0x21,
    0x06, 0x21, 0x06, 0x21, 0x06, 0x21, 0x06, 0x19, 0x06, 0x21, 0x06, 0x21,
    0x06, 0x21, 0x06, 0x21, 0x06, 0x21, 0x06, 0x21, 0x06, 0x21, 0x06, 0x21,
    0x05, 0x21, 0x06, 0x21, 0x06, 0x21, 0x05, 0x21, 0x06, 0x21, 0x05, 0x21,
    0x06, 0x21, 0x06, 0x21, 0x06, 0x21, 0x06, 0x21, 0x06, 0x21, 0x06, 0x21,
    0x06, 0x21, 0x06, 0x21, 0x06, 0x21, 0x05, 0x21, 0x06, 0x21, 0x06, 0x21,
    0x06, 0x21, 0x05, 0x21, 0x06, 0x21, 0x06, 0x21, 0x06, 0x21, 0x06, 0x21,
    0x06, 0x21, 0x06, 0x21, 0x06, 0x21, 0x05, 0x21, 0x06, 0x21, 0x06, 0x21,
    0x06, 0x21, 0x06, 0x21, 0x05, 0x21, 0x06, 0x21, 0x06, 0x21, 0x06, 0x21,
    0x06, 0x21, 0x06, 0x21, 0x06, 0x21, 0x06, 0x21, 0x06, 0x21, 0x06, 0x21,
    0x06, 0x21, 0x06, 0x21, 0x06, 0x21, 0x06, 0x21, 0x06, 0x21, 0x06, 0x21,
    0x06, 0x21, 0x06, 0x19, 0x06, 0x21, 0x06, 0x21, 0x06, 0x19, 0x06, 0x21,
    0x06, 0x21, 0x06, 0x19, 0x06, 0x21, 0x06, 0x21, 0x06, 0x19, 0x06, 0x21,
    0x06, 0x21, 0x06, 0x19, 0x06, 0x21, 0x06, 0x21, 0x06, 0x21, 0x06, 0x19,
    0x06, 0x21, 0x06, 0x21, 0x06, 0x19, 0x06, 0x21, 0x06, 0x21, 0x06, 0x21,
    0x06, 0x19, 0x06, 0x21, 0x06, 0x21, 0x06, 0x21, 0x06, 0x21, 0x06, 0x21,
    0x06, 0x21, 0x06, 0x21, 0x06, 0x21, 0x06, 0x19, 0x06, 0x21, 0x06, 0x21,
    0x06, 0x19, 0x06, 0x21, 0x06, 0x21, 0x06, 0x19, 0x06, 0x21, 0x06, 0x21,
    0x06, 0x21, 0x06, 0x21, 0x06, 0x21, 0x06, 0x21, 0x06, 0x21, 0x06, 0x21,
    0x06, 0x21, 0x06, 0x21, 0x06, 0x21, 0x06, 0x21, 0x06, 0x21, 0x06, 0x21,
    0x06, 0x21, 0x06, 0x21, 0x06, 0x21, 0x06, 0x21, 0x06, 0x21, 0x06, 0x21,
    0x06, 0x21, 0x06, 0x21, 0x06, 0x21, 0x06, 0x21, 0x06, 0x21, 0x06, 0x21,
    0x06, 0x21, 0x06, 0x21, 0x06, 0x21, 0x06, 0x21, 0x06, 0x21, 0x06, 0x21,
    0x06, 0x21, 0x06, 0x21, 0x06, 0x21, 0x06, 0x21, 0x06, 0x21, 0x06, 0x21,
    0x06, 0x21, 0x06, 0x21, 0x06, 0x21, 0x06, 0x21, 0x06, 0x21, 0x06, 0x21,
    0x06, 0x21, 0x06, 0x21, 0x06, 0x21, 0x06, 0x21, 0x06, 0x21, 0x06, 0x21,
    0x06, 0x21, 0x06, 0x21, 0x06, 0x21, 0x06, 0x21, 0x06, 0x21, 0x06, 0x21,
    0x06, 0x21, 0x05, 0x21, 0x06, 0x21, 0x06, 0x21, 0x05, 0x21, 0x06, 0x21,
    0x06, 0x21, 0x05, 0x19, 0x06, 0x21, 0x05, 0x21, 0x06, 0x21, 0x05, 0x21,
    0x06, 0x21, 0x05, 0x21, 0x06, 0x21, 0x06, 0x21, 0x05, 0x19, 0x06, 0x21,
    0x06, 0x21, 0x05, 0x19, 0x06, 0x21, 0x06, 0x21, 0x06, 0x19, 0x05, 0x21,
    0x06, 0x21, 0x05, 0x21, 0x06, 0x21, 0x06, 0x21, 0x06, 0x21, 0x05, 0x21,
    0x06, 0x21, 0x05, 0x21, 0x06, 0x19, 0x06, 0x21, 0x05, 0x21, 0x06, 0x21,
    0x06, 0x19, 0x05, 0x21, 0x05, 0x21, 0x06, 0x19, 0x06, 0x21, 0x05, 0x21,
    0x06, 0x21, 0x06, 0x21, 0x05, 0x19, 0x06, 0x21, 0x06, 0x21, 0x05, 0x21,
    0x06, 0x19, 0x06, 0x21, 0x06, 0x21, 0x05, 0x21, 0x06, 0x21, 0x05, 0x21,
    0x06, 0x21, 0x06, 0x21, 0x05, 0x21, 0x05, 0x21, 0x06, 0x21, 0x05, 0x21,
    0x06, 0x21, 0x06, 0x21, 0x06, 0x21, 0x06, 0x19, 0x05, 0x19, 0x06, 0x21,
    0x05, 0x19, 0x05, 0x21, 0x06, 0x19, 0x05, 0x21, 0x05, 0x19, 0x05, 0x19,
    0x05, 0x21, 0x05, 0x21, 0x05, 0x19, 0x05, 0x21, 0x05, 0x21, 0x06, 0x19,
    0x05, 0x21, 0x06, 0x21, 0x06, 0x19, 0x06, 0x19, 0x05, 0x21, 0x06, 0x21,
    0x06, 0x21, 0x05, 0x21, 0x06, 0x21, 0x06, 0x21, 0x05, 0x21, 0x06, 0x21,
    0x06, 0x21, 0x05, 0x21, 0x06, 0x21, 0x06, 0x21, 0x05, 0x21, 0x06, 0x21,
    0x06, 0x21, 0x05, 0x21, 0x05, 0x21, 0x06, 0x21, 0x06, 0x21, 0x05, 0x21,
    0x06, 0x21, 0x06, 0x21, 0x05, 0x21, 0x06, 0x21, 0x06, 0x21, 0x05, 0x21,
    0x06, 0x21, 0x06, 0x21, 0x05, 0x21, 0x06, 0x21, 0x06, 0x21, 0x05, 0x21,
    0x06, 0x21, 0x06, 0x21, 0x05, 0x21, 0x06, 0x21, 0x06, 0x21, 0x05, 0x21,
    0x06, 0x21, 0x06, 0x19, 0x05, 0x21, 0x06, 0x21, 0x06, 0x19, 0x06, 0x21,
    0x05, 0x21, 0x06, 0x19, 0x06, 0x19, 0x06, 0x21, 0x05, 0x21, 0x06, 0x19,
    0x06, 0x21, 0x06, 0x21, 0x05, 0x19, 0x06, 0x21, 0x05, 0x21, 0x06, 0x19,
    0x05, 0x21, 0x06, 0x21, 0x05, 0x19, 0x06, 0x21, 0x05, 0x21, 0x06, 0x19,
    0x05, 0x21, 0x06, 0x21, 0x06, 0x19, 0x05, 0x21, 0x06, 0x21, 0x06, 0x19,
    0x05, 0x21, 0x06, 0x21, 0x06, 0x19, 0x05, 0x21, 0x06, 0x21, 0x06, 0x19,
    0x05, 0x21, 0x06, 0x21, 0x06, 0x19, 0x06, 0x21, 0x05, 0x21, 0x06, 0x19,
    0x06, 0x21, 0x06, 0x21, 0x06, 0x19, 0x06, 0x21, 0x06, 0x21, 0x06, 0x19,
    0x06, 0x21, 0x06, 0x21, 0x05, 0x19, 0x06, 0x21, 0x06, 0x21, 0x05, 0x19,
    0x06, 0x21, 0x06, 0x19, 0x05, 0x21, 0x06, 0x21, 0x06, 0x21, 0x05, 0x21,
    0x06, 0x21, 0x06, 0x21, 0x05, 0x21, 0x06, 0x21, 0x06, 0x21, 0x05, 0x21,
    0x06, 0x21, 0x06, 0x21, 0x05, 0x21, 0x06, 0x21, 0x05, 0x21, 0x06, 0x21,
    0x05, 0x21, 0x06, 0x21, 0x05, 0x21, 0x06, 0x21, 0x05, 0x21, 0x06, 0x21,
    0x05, 0x19, 0x06, 0x21, 0x05, 0x21, 0x06, 0x21, 0x05, 0x21, 0x06, 0x21,
    0x05, 0x21, 0x06, 0x21, 0x05, 0x21, 0x06, 0x21, 0x05, 0x21, 0x06, 0x21,
    0x06, 0x21, 0x05, 0x21, 0x06, 0x21, 0x05, 0x21, 0x06, 0x21, 0x06, 0x21,
    0x05, 0x21, 0x06, 0x21, 0x06, 0x21, 0x05, 0x21, 0x06, 0x21, 0x06, 0x21,
    0x06, 0x21, 0x06, 0x21, 0x05, 0x21, 0x06, 0x21, 0x06, 0x21, 0x05, 0x21,
    0x06, 0x21, 0x06, 0x21, 0x05, 0x21, 0x06, 0x21, 0x06, 0x21, 0x05, 0x19,
    0x06, 0x21, 0x06, 0x21, 0x05, 0x21, 0x06, 0x19, 0x06, 0x21, 0x05, 0x21,
    0x06, 0x19, 0x06, 0x19, 0x05, 0x21, 0x06, 0x21, 0x06, 0x21, 0x05, 0x21,
    0x06, 0x21, 0x06, 0x21, 0x05, 0x21, 0x06, 0x21, 0x05, 0x21, 0x06, 0x19,
    0x06, 0x21, 0x05, 0x21, 0x06, 0x19, 0x05, 0x19, 0x06, 0x21, 0x05, 0x19,
    0x06, 0x21, 0x06, 0x21, 0x05, 0x19, 0x06, 0x21, 0x06, 0x21, 0x05, 0x21,
    0x06, 0x19, 0x06, 0x21, 0x05, 0x21, 0x06, 0x19, 0x06, 0x21, 0x05, 0x19,
    0x06, 0x21, 0x05, 0x21, 0x06, 0x19, 0x06, 0x21, 0x05, 0x19, 0x06, 0x21,
    0x05, 0x21, 0x05, 0x19, 0x06, 0x21, 0x05, 0x21, 0x06, 0x19, 0x05, 0x21,
    0x06, 0x21, 0x05, 0x19, 0x06, 0x21, 0x05, 0x21, 0x06, 0x19, 0x06, 0x21,
    0x05, 0x21, 0x05, 0x19, 0x05, 0x21, 0x06, 0x21, 0x05, 0x21, 0x06, 0x21,
    0x06, 0x21, 0x05, 0x21, 0x06, 0x21, 0x06, 0x21, 0x06, 0x21, 0x06, 0x21,
    0x06, 0x21, 0x06, 0x21, 0x06, 0x19, 0x06, 0x21, 0x06, 0x21, 0x06, 0x21,
    0x05, 0x21, 0x06, 0x19, 0x05, 0x21, 0x05, 0x21, 0x06, 0x21, 0x05, 0x21,
    0x05, 0x19, 0x06, 0x21, 0x06, 0x19, 0x05, 0x21, 0x06, 0x19, 0x06, 0x21,
    0x05, 0x19, 0x06, 0x21, 0x05, 0x19, 0x05, 0x21, 0x06, 0x19, 0x05, 0x21,
    0x05, 0x21, 0x06, 0x19, 0x06, 0x21, 0x05, 0x19, 0x06, 0x21, 0x06, 0x21,
    0x05, 0x19, 0x06, 0x21, 0x05, 0x21, 0x06, 0x19, 0x06, 0x21, 0x05, 0x21,
    0x05, 0x19, 0x06, 0x21, 0x05, 0x21, 0x05, 0x19, 0x06, 0x21, 0x06, 0x21,
    0x05, 0x19, 0x05, 0x21, 0x06, 0x21, 0x05, 0x19, 0x06, 0x21, 0x06, 0x21,
    0x05, 0x19, 0x05, 0x21, 0x06, 0x21, 0x05, 0x19, 0x05, 0x21, 0x06, 0x21,
    0x05, 0x19, 0x06, 0x21, 0x05, 0x21, 0x05, 0x21, 0x06, 0x21, 0x05, 0x19,
    0x05, 0x21, 0x06, 0x21, 0x05, 0x21, 0x06, 0x21, 0x06, 0x21, 0x05, 0x21,
    0x06, 0x21, 0x06, 0x21, 0x05, 0x21, 0x06, 0x21, 0x05, 0x21, 0x06, 0x21,
    0x05, 0x21, 0x06, 0x21, 0x05, 0x21, 0x05, 0x21, 0x06, 0x21, 0x05, 0x21,
    0x05, 0x21, 0x06, 0x21, 0x05, 0x21, 0x05, 0x21, 0x06, 0x21, 0x05, 0x21,
    0x06, 0x19, 0x05, 0x21, 0x05, 0x21, 0x06, 0x21, 0x05, 0x19, 0x06, 0x21,
    0x05, 0x21, 0x05, 0x19, 0x05, 0x21, 0x05, 0x21, 0x05, 0x21, 0x05, 0x21,
    0x05, 0x21, 0x06, 0x21, 0x05, 0x21, 0x05, 0x21, 0x06, 0x21, 0x05, 0x21,
    0x05, 0x21, 0x06, 0x21, 0x05, 0x21, 0x05, 0x19, 0x06, 0x21, 0x05, 0x19,
    0x05, 0x21, 0x06, 0x19, 0x05, 0x21, 0x05, 0x19, 0x06, 0x21, 0x05, 0x21,
    0x05, 0x19, 0x06, 0x21, 0x05, 0x21, 0x05, 0x19, 0x06, 0x21, 0x06, 0x21,
    0x05, 0x19, 0x06, 0x21, 0x05, 0x21, 0x06, 0x19, 0x05, 0x21, 0x06, 0x21,
    0x05, 0x19, 0x06, 0x21, 0x05, 0x21, 0x06, 0x19, 0x05, 0x21, 0x06, 0x21,
    0x05, 0x19, 0x06, 0x21, 0x05, 0x19, 0x06, 0x21, 0x05, 0x19, 0x05, 0x21,
    0x06, 0x19, 0x05, 0x19, 0x05, 0x21, 0x06, 0x21, 0x05, 0x19, 0x05, 0x21,
    0x06, 0x19, 0x05, 0x21, 0x05, 0x19, 0x06, 0x19, 0x05, 0x21, 0x05, 0x19,
    0x06, 0x19, 0x05, 0x21, 0x05, 0x19, 0x06, 0x21, 0x05, 0x19, 0x05, 0x21,
    0x06, 0x19, 0x05, 0x21, 0x06, 0x21, 0x06, 0x19, 0x05, 0x21, 0x06, 0x21,
    0x06, 0x19, 0x05, 0x21, 0x06, 0x21, 0x06, 0x21, 0x05, 0x21, 0x06, 0x19,
    0x06, 0x21, 0x05, 0x21, 0x06, 0x21, 0x06, 0x19, 0x05, 0x21, 0x06, 0x19,
    0x05, 0x21, 0x06, 0x19, 0x06, 0x21, 0x05, 0x21, 0x06, 0x19, 0x06, 0x21,
    0x05, 0x21, 0x06, 0x21, 0x06, 0x21, 0x06, 0x21, 0x05, 0x21, 0x06, 0x21,
    0x06, 0x19, 0x05, 0x21, 0x06, 0x21, 0x06, 0x21, 0x05, 0x21, 0x05, 0x19,
    0x06, 0x21, 0x05, 0x21, 0x06, 0x21, 0x06, 0x21, 0x05, 0x21, 0x06, 0x21,
    0x06, 0x21, 0x05, 0x19, 0x06, 0x21, 0x06, 0x21, 0x05, 0x21, 0x06, 0x21,
    0x06, 0x21, 0x06, 0x21, 0x06, 0x21, 0x05, 0x21, 0x06, 0x21, 0x06, 0x19,
    0x06, 0x21, 0x05, 0x21, 0x06, 0x19, 0x06, 0x21, 0x06, 0x21, 0x05, 0x19,
    0x06, 0x21, 0x06, 0x21, 0x06, 0x19, 0x06, 0x21, 0x05, 0x21, 0x06, 0x19,
    0x06, 0x21, 0x05, 0x21, 0x06, 0x19, 0x06, 0x21, 0x05, 0x21, 0x05, 0x19,
    0x06, 0x21, 0x06, 0x21, 0x05, 0x21, 0x06, 0x21, 0x06, 0x19, 0x05, 0x21,
    0x06, 0x21, 0x06, 0x21, 0x06, 0x21, 0x06, 0x21, 0x06, 0x21, 0x06, 0x21,
    0x06, 0x19, 0x05, 0x21, 0x06, 0x21, 0x06, 0x21, 0x05, 0x19, 0x06, 0x21,
    0x05, 0x21, 0x06, 0x21, 0x06, 0x21, 0x06, 0x21, 0x06, 0x21, 0x06, 0x21,
    0x06, 0x19, 0x05, 0x21, 0x06, 0x21, 0x06, 0x19, 0x05, 0x21, 0x06, 0x21,
    0x06, 0x19, 0x05, 0x21, 0x06, 0x21, 0x06, 0x19, 0x05, 0x21, 0x06, 0x21,
    0x06, 0x19, 0x06, 0x21, 0x06, 0x21, 0x06, 0x19, 0x05, 0x21, 0x06, 0x21,
    0x06, 0x19, 0x06, 0x21, 0x06, 0x21, 0x05, 0x19, 0x06, 0x21, 0x06, 0x21,
    0x05, 0x19, 0x06, 0x21, 0x06, 0x21, 0x06, 0x21, 0x06, 0x21, 0x06, 0x21,
    0x05, 0x21, 0x06, 0x19, 0x06, 0x21, 0x06, 0x21, 0x06, 0x21, 0x06, 0x19,
    0x06, 0x21, 0x06, 0x21, 0x05, 0x19, 0x06, 0x21, 0x06, 0x19, 0x05, 0x21,
    0x06, 0x19, 0x06, 0x21, 0x05, 0x19, 0x06, 0x21, 0x06, 0x19, 0x06, 0x21,
    0x05, 0x19, 0x06, 0x21, 0x06, 0x19, 0x06, 0x21, 0x06, 0x19, 0x06, 0x21,
    0x06, 0x19, 0x06, 0x21, 0x06, 0x19, 0x06, 0x21, 0x06, 0x19, 0x06, 0x21,
    0x06, 0x21, 0x06, 0x21, 0x06, 0x21, 0x06, 0x21, 0x05, 0x19, 0x06, 0x21,
    0x06, 0x21, 0x06, 0x21, 0x06, 0x21, 0x06, 0x19, 0x06, 0x21, 0x06, 0x19,
    0x06, 0x21, 0x06, 0x19, 0x05, 0x21, 0x06, 0x19, 0x06, 0x21, 0x06, 0x19,
    0x06, 0x19, 0x06, 0x21, 0x06, 0x21, 0x06, 0x21, 0x06, 0x21, 0x06, 0x21,
    0x06, 0x21, 0x06, 0x19, 0x06, 0x21, 0x06, 0x21, 0x06, 0x21, 0x06, 0x19,
    0x06, 0x21, 0x06, 0x21, 0x06, 0x19, 0x06, 0x21, 0x06, 0x21, 0x05, 0x19,
    0x06, 0x21, 0x06, 0x21, 0x05, 0x19, 0x06, 0x21, 0x06, 0x21, 0x06, 0x19,
    0x06, 0x21, 0x06, 0x21, 0x06, 0x21, 0x06, 0x21, 0x06, 0x19, 0x06, 0x21,
    0x06, 0x21, 0x06, 0x21, 0x05, 0x19, 0x06, 0x21, 0x06, 0x21, 0x06, 0x21,
    0x06, 0x21, 0x06, 0x21, 0x06, 0x21, 0x06, 0x21, 0x06, 0x19, 0x06, 0x21,
    0x06, 0x21, 0x06, 0x21, 0x06, 0x21, 0x06, 0x21, 0x06, 0x21, 0x06, 0x21,
    0x06, 0x21, 0x05, 0x21, 0x06, 0x21, 0x06, 0x21, 0x06, 0x19, 0x06, 0x21,
    0x06, 0x21, 0x06, 0x21, 0x05, 0x19, 0x06, 0x21, 0x05, 0x21, 0x06, 0x19,
    0x05, 0x21, 0x06, 0x21, 0x05, 0x19, 0x06, 0x21, 0x06, 0x21, 0x05, 0x19,
    0x06, 0x21, 0x06, 0x21, 0x05, 0x21, 0x06, 0x21, 0x05, 0x21, 0x06, 0x21,
    0x06, 0x21, 0x05, 0x19, 0x06, 0x21, 0x05, 0x21, 0x06, 0x21, 0x06, 0x21,
    0x06, 0x21, 0x05, 0x19, 0x05, 0x21, 0x06, 0x19, 0x06, 0x21, 0x05, 0x21,
    0x06, 0x21, 0x06, 0x21, 0x05, 0x19, 0x06, 0x21, 0x06, 0x21, 0x05, 0x19,
    0x06, 0x21, 0x06, 0x21, 0x05, 0x19, 0x06, 0x21, 0x06, 0x19, 0x05, 0x21,
    0x06, 0x21, 0x06, 0x21, 0x05, 0x21, 0x06, 0x19, 0x05, 0x21, 0x06, 0x21,
    0x05, 0x19, 0x06, 0x21, 0x06, 0x19, 0x05, 0x21, 0x06, 0x21, 0x06, 0x19,
    0x05, 0x21, 0x06, 0x21, 0x06, 0x21, 0x05, 0x21, 0x06, 0x21, 0x05, 0x21,
    0x06, 0x21, 0x05, 0x21, 0x06, 0x21, 0x06, 0x21, 0x05, 0x21, 0x06, 0x19,
    0x06, 0x21, 0x05, 0x21, 0x06, 0x19, 0x06, 0x21, 0x05, 0x21, 0x06, 0x19,
    0x06, 0x21, 0x05, 0x21, 0x05, 0x19, 0x06, 0x21, 0x05, 0x21, 0x05, 0x19,
    0x06, 0x21, 0x05, 0x19, 0x05, 0x19, 0x06, 0x21, 0x05, 0x19, 0x05, 0x21,
    0x06, 0x21, 0x06, 0x19, 0x05, 0x21, 0x06, 0x21, 0x05, 0x21, 0x06, 0x21,
    0x06, 0x21, 0x05, 0x21, 0x06, 0x19, 0x05, 0x21, 0x05, 0x21, 0x06, 0x19,
    0x05, 0x21, 0x06, 0x21, 0x06, 0x21, 0x05, 0x21, 0x06, 0x21, 0x06, 0x21,
    0x05, 0x21, 0x06, 0x21, 0x06, 0x21, 0x05, 0x21, 0x06, 0x21, 0x05, 0x21,
    0x05, 0x21, 0x06, 0x21, 0x05, 0x21, 0x06, 0x21, 0x06, 0x21, 0x05, 0x21,
    0x06, 0x21, 0x05, 0x21, 0x06, 0x21, 0x06, 0x21, 0x05, 0x21, 0x06, 0x21,
    0x06, 0x21, 0x05, 0x21, 0x06, 0x19, 0x06, 0x21, 0x05, 0x19, 0x06, 0x21,
    0x06, 0x21, 0x05, 0x19, 0x06, 0x21, 0x05, 0x21, 0x05, 0x19, 0x06, 0x21,
    0x05, 0x21, 0x06, 0x21, 0x06, 0x21, 0x05, 0x21, 0x06, 0x19, 0x05, 0x21,
    0x06, 0x21, 0x06, 0x21, 0x05, 0x19, 0x05, 0x21, 0x06, 0x21, 0x06, 0x21,
    0x05, 0x19, 0x06, 0x21, 0x06, 0x21, 0x05, 0x21, 0x05, 0x19, 0x06, 0x21,
    0x05, 0x21, 0x05, 0x21, 0x06, 0x19, 0x05, 0x21, 0x05, 0x21, 0x06, 0x21,
    0x05, 0x19, 0x05, 0x21, 0x06, 0x19, 0x05, 0x21, 0x06, 0x21, 0x06, 0x21,
    0x05, 0x21, 0x06, 0x19, 0x05, 0x21, 0x06, 0x21, 0x06, 0x21, 0x05, 0x21,
    0x06, 0x21, 0x06, 0x19, 0x05, 0x21, 0x06, 0x21, 0x06, 0x21, 0x05, 0x21,
    0x06, 0x21, 0x05, 0x21, 0x06, 0x19, 0x05, 0x21, 0x05, 0x19, 0x06, 0x21,
    0x05, 0x21, 0x05, 0x21, 0x06, 0x21, 0x05, 0x21, 0x05, 0x21, 0x06, 0x21,
    0x05, 0x21, 0x06, 0x21, 0x05, 0x21, 0x05, 0x21, 0x06, 0x21, 0x06, 0x21,
    0x05, 0x21, 0x06, 0x21, 0x06, 0x21, 0x05, 0x21, 0x06, 0x21, 0x05, 0x21,
    0x05, 0x21, 0x06, 0x19, 0x05, 0x21, 0x05, 0x21, 0x06, 0x19, 0x05, 0x21,
    0x05, 0x21, 0x06, 0x19, 0x05, 0x21, 0x06, 0x21, 0x06, 0x21, 0x05, 0x21,
    0x06, 0x19, 0x05, 0x21, 0x05, 0x21, 0x06, 0x21, 0x05, 0x19, 0x05, 0x21,
    0x06, 0x21, 0x05, 0x21, 0x05, 0x19, 0x06, 0x21, 0x05, 0x21, 0x05, 0x21,
    0x06, 0x19, 0x06, 0x21, 0x05, 0x21, 0x06, 0x21, 0x06, 0x21, 0x05, 0x21,
    0x05, 0x21, 0x06, 0x21, 0x05, 0x21, 0x06, 0x21, 0x06, 0x21, 0x05, 0x21,
    0x06, 0x21, 0x06, 0x21, 0x05, 0x21, 0x06, 0x21, 0x05, 0x19, 0x06, 0x21,
    0x05, 0x21, 0x06, 0x21, 0x05, 0x19, 0x06, 0x21, 0x06, 0x19, 0x05, 0x21,
    0x06, 0x21, 0x06, 0x21, 0x05, 0x21, 0x06, 0x21, 0x06, 0x19, 0x05, 0x21,
    0x06, 0x21, 0x06, 0x21, 0x06, 0x21, 0x05, 0x19, 0x06, 0x21, 0x05, 0x21,
    0x06, 0x19, 0x05, 0x21, 0x06, 0x21, 0x05, 0x21, 0x06, 0x19, 0x06, 0x21,
    0x05, 0x21, 0x06, 0x21, 0x06, 0x21, 0x05, 0x21, 0x06, 0x19, 0x05, 0x21,
    0x06, 0x21, 0x05, 0x19, 0x06, 0x21, 0x06, 0x21, 0x05, 0x21, 0x06, 0x21,
    0x06, 0x19, 0x05, 0x21, 0x05, 0x21, 0x06, 0x19, 0x05, 0x21, 0x06, 0x21,
    0x05, 0x21, 0x05, 0x21, 0x06, 0x19, 0x06, 0x21, 0x05, 0x21, 0x06, 0x19,
    0x06, 0x21, 0x05, 0x19, 0x06, 0x21, 0x05, 0x19, 0x06, 0x21, 0x05, 0x21,
    0x06, 0x21, 0x05, 0x21, 0x05, 0x21, 0x06, 0x21, 0x06, 0x21, 0x05, 0x21,
    0x06, 0x19, 0x06, 0x21, 0x06, 0x21, 0x06, 0x19, 0x06, 0x21, 0x06, 0x21,
    0x06, 0x21, 0x06, 0x21, 0x06, 0x21, 0x05, 0x21, 0x06, 0x21, 0x06, 0x19,
    0x05, 0x21, 0x06, 0x21, 0x05, 0x21, 0x06, 0x19, 0x06, 0x21, 0x05, 0x19,
    0x06, 0x21, 0x06, 0x21, 0x05, 0x19, 0x06, 0x21, 0x06, 0x21, 0x05, 0x19,
    0x06, 0x21, 0x06, 0x21, 0x05, 0x19, 0x06, 0x21, 0x05, 0x19, 0x06, 0x21,
    0x06, 0x19, 0x05, 0x21, 0x06, 0x19, 0x05, 0x21, 0x06, 0x19, 0x06, 0x21,
    0x06, 0x19, 0x06, 0x21, 0x05, 0x19, 0x05, 0x19, 0x06, 0x21, 0x05, 0x19,
    0x06, 0x21, 0x06, 0x19, 0x05, 0x21, 0x05, 0x19, 0x06, 0x19, 0x05, 0x21,
    0x06, 0x19, 0x05, 0x21, 0x06, 0x21, 0x05, 0x21, 0x05, 0x21, 0x06, 0x19,
    0x05, 0x21, 0x05, 0x21, 0x06, 0x21, 0x06, 0x21, 0x06, 0x21, 0x05, 0x21,
    0x06, 0x19, 0x05, 0x21, 0x05, 0x19, 0x06, 0x21, 0x06, 0x21, 0x05, 0x21,
    0x06, 0x21, 0x06, 0x21, 0x05, 0x21, 0x06, 0x21, 0x06, 0x21, 0x05, 0x21,
    0x06, 0x21, 0x05, 0x21, 0x06, 0x21, 0x06, 0x21, 0x05, 0x21, 0x06, 0x21,
    0x06, 0x21, 0x05, 0x21, 0x06, 0x21, 0x06, 0x21, 0x05, 0x21, 0x06, 0x21,
    0x06, 0x21, 0x05, 0x21, 0x06, 0x21, 0x06, 0x19, 0x05, 0x21, 0x05, 0x21,
    0x06, 0x19, 0x06, 0x21, 0x05, 0x21, 0x05, 0x19, 0x06, 0x21, 0x05, 0x21,
    0x05, 0x19, 0x06, 0x21, 0x05, 0x21, 0x06, 0x21, 0x06, 0x21, 0x05, 0x19,
    0x06, 0x21, 0x05, 0x21, 0x06, 0x21, 0x06, 0x21, 0x05, 0x21, 0x06, 0x19,
    0x06, 0x21, 0x05, 0x19, 0x06, 0x19, 0x06, 0x21, 0x05, 0x19, 0x06, 0x19,
    0x06, 0x21, 0x05, 0x19, 0x06, 0x21, 0x06, 0x19, 0x05, 0x21, 0x06, 0x19,
    0x05, 0x21, 0x06, 0x21, 0x05, 0x19, 0x06, 0x19, 0x06, 0x21, 0x05, 0x19,
    0x06, 0x21, 0x06, 0x21, 0x05, 0x21, 0x06, 0x19, 0x06, 0x21, 0x05, 0x21,
    0x06, 0x21, 0x06, 0x21, 0x05, 0x21, 0x06, 0x19, 0x06, 0x21, 0x05, 0x21,
    0x06, 0x19, 0x06, 0x21, 0x05, 0x19, 0x06, 0x21, 0x06, 0x21, 0x05, 0x21,
    0x06, 0x21, 0x06, 0x19, 0x05, 0x21, 0x06, 0x21, 0x06, 0x19, 0x05, 0x21,
    0x06, 0x21, 0x06, 0x19, 0x05, 0x21, 0x06, 0x19, 0x05, 0x19, 0x06, 0x21,
    0x05, 0x21, 0x06, 0x19, 0x06, 0x19, 0x05, 0x21, 0x06, 0x19, 0x06, 0x21,
    0x05, 0x19, 0x06, 0x21, 0x06, 0x19, 0x05, 0x21, 0x06, 0x21, 0x06, 0x21,
    0x05, 0x19, 0x06, 0x21, 0x06, 0x21, 0x05, 0x21, 0x06, 0x19, 0x06, 0x21,
    0x05, 0x21, 0x06, 0x19, 0x05, 0x19, 0x06, 0x21, 0x06, 0x21, 0x05, 0x19,
    0x06, 0x21, 0x05, 0x21, 0x06, 0x21, 0x06, 0x21, 0x06, 0x21, 0x05, 0x21,
    0x06, 0x21, 0x06, 0x19, 0x06, 0x21, 0x05, 0x21, 0x06, 0x19, 0x05, 0x21,
    0x06, 0x21, 0x06, 0x19, 0x05, 0x21, 0x06, 0x21, 0x06, 0x21, 0x05, 0x21,
    0x06, 0x21, 0x06, 0x21, 0x05, 0x19, 0x06, 0x21, 0x06, 0x19, 0x05, 0x21,
    0x06, 0x21, 0x06, 0x21, 0x06, 0x21, 0x06, 0x21, 0x05, 0x21, 0x06, 0x19,
    0x06, 0x21, 0x06, 0x21, 0x06, 0x19, 0x05, 0x21, 0x06, 0x21, 0x05, 0x19,
    0x06, 0x21, 0x06, 0x21, 0x05, 0x21, 0x06, 0x19, 0x06, 0x21, 0x05, 0x21,
    0x06, 0x19, 0x06, 0x21, 0x06, 0x19, 0x06, 0x19, 0x05, 0x21, 0x06, 0x21,
    0x05, 0x19, 0x05, 0x21, 0x06, 0x21, 0x05, 0x21, 0x05, 0x21, 0x06, 0x19,
    0x05, 0x21, 0x05, 0x21, 0x06, 0x19, 0x06, 0x21, 0x05, 0x21, 0x06, 0x21,
    0x06, 0x21, 0x06, 0x19, 0x05, 0x21, 0x06, 0x21, 0x06, 0x21, 0x05, 0x21,
    0x06, 0x21, 0x05, 0x19, 0x06, 0x21, 0x06, 0x21, 0x05, 0x21, 0x06, 0x21,
    0x06, 0x21, 0x05, 0x21, 0x06, 0x21, 0x06, 0x21, 0x05, 0x19, 0x06, 0x21,
    0x05, 0x21, 0x06, 0x21, 0x06, 0x21, 0x05, 0x21, 0x06, 0x19, 0x05, 0x21,
    0x06, 0x21, 0x06, 0x21, 0x05, 0x21, 0x06, 0x21, 0x06, 0x21, 0x06, 0x21,
    0x05, 0x21, 0x06, 0x19, 0x06, 0x21, 0x05, 0x21, 0x06, 0x21, 0x06, 0x21,
    0x06, 0x21, 0x05, 0x21, 0x06, 0x19, 0x06, 0x21, 0x06, 0x21, 0x06, 0x21,
    0x06, 0x21, 0x06, 0x19, 0x05, 0x21, 0x06, 0x19, 0x06, 0x21, 0x05, 0x21,
    0x06, 0x19, 0x06, 0x21, 0x06, 0x21, 0x06, 0x21, 0x05, 0x19, 0x06, 0x21,
    0x06, 0x21, 0x05, 0x19, 0x06, 0x19, 0x05, 0x21, 0x06, 0x21, 0x06, 0x19,
    0x05, 0x19, 0x06, 0x21, 0x06, 0x21, 0x05, 0x19, 0x06, 0x19, 0x06, 0x21,
    0x05, 0x21, 0x06, 0x19, 0x06, 0x19, 0x06, 0x21, 0x05, 0x21, 0x06, 0x19,
    0x06, 0x19, 0x06, 0x21, 0x05, 0x21, 0x06, 0x21, 0x06, 0x21, 0x06, 0x21,
    0x05, 0x19, 0x06, 0x21, 0x06, 0x21, 0x06, 0x21, 0x06, 0x19, 0x06, 0x21,
    0x06, 0x21, 0x06, 0x19, 0x05, 0x21, 0x06, 0x21, 0x06, 0x19, 0x05, 0x21,
    0x06, 0x21, 0x06, 0x19, 0x05, 0x21, 0x06, 0x19, 0x06, 0x21, 0x05, 0x21,
    0x06, 0x21, 0x06, 0x21, 0x06, 0x21, 0x06, 0x21, 0x05, 0x21, 0x06, 0x21,
    0x06, 0x21, 0x05, 0x21, 0x06, 0x21, 0x06, 0x19, 0x05, 0x21, 0x06, 0x21,
    0x06, 0x21, 0x06, 0x19, 0x05, 0x21, 0x06, 0x21, 0x05, 0x21, 0x06, 0x21,
    0x06, 0x21, 0x06, 0x19, 0x05, 0x21, 0x06, 0x21, 0x06, 0x21, 0x05, 0x19,
    0x06, 0x21, 0x06, 0x21, 0x05, 0x19, 0x06, 0x21, 0x06, 0x21, 0x05, 0x21,
    0x05, 0x19, 0x06, 0x21, 0x06, 0x21, 0x05, 0x21, 0x06, 0x19, 0x06, 0x21,
    0x06, 0x21, 0x06, 0x19, 0x05, 0x21, 0x06, 0x21, 0x06, 0x21, 0x06, 0x19,
    0x05, 0x21, 0x06, 0x21, 0x06, 0x21, 0x05, 0x21, 0x06, 0x21, 0x06, 0x21,
    0x05, 0x21, 0x06, 0x21, 0x06, 0x21, 0x05, 0x21, 0x06, 0x21, 0x06, 0x21,
    0x05, 0x19, 0x06, 0x21, 0x06, 0x21, 0x05, 0x21, 0x06, 0x19, 0x06, 0x21,
    0x05, 0x21, 0x06, 0x21, 0x06, 0x19, 0x05, 0x21, 0x06, 0x21, 0x05, 0x21,
    0x06, 0x21, 0x06, 0x21, 0x05, 0x21, 0x06, 0x21, 0x06, 0x21, 0x05, 0x21,
    0x06, 0x21, 0x06, 0x19, 0x06, 0x21, 0x05, 0x21, 0x05, 0x19, 0x06, 0x21,
    0x06, 0x21, 0x05, 0x19, 0x06, 0x21, 0x05, 0x21, 0x06, 0x21, 0x06, 0x21,
    0x05, 0x21, 0x06, 0x21, 0x06, 0x19, 0x05, 0x21, 0x06, 0x19, 0x06, 0x19,
    0x05, 0x21, 0x06, 0x21, 0x06, 0x19, 0x05, 0x21, 0x06, 0x21, 0x05, 0x21,
    0x06, 0x19, 0x05, 0x21, 0x05, 0x19, 0x06, 0x21, 0x06, 0x21, 0x05, 0x21,
    0x06, 0x21, 0x05, 0x19, 0x06, 0x21, 0x06, 0x21, 0x05, 0x21, 0x06, 0x21,
    0x06, 0x21, 0x05, 0x21, 0x06, 0x21, 0x06, 0x21, 0x05, 0x21, 0x06, 0x21,
    0x06, 0x21, 0x05, 0x21, 0x06, 0x21, 0x05, 0x21, 0x06, 0x21, 0x06, 0x21,
    0x05, 0x19, 0x06, 0x21, 0x06, 0x21, 0x06, 0x21, 0x05, 0x19, 0x06, 0x21,
    0x06, 0x21, 0x05, 0x21, 0x06, 0x19, 0x06, 0x21, 0x05, 0x21, 0x06, 0x19,
    0x05, 0x21, 0x06, 0x21, 0x05, 0x21, 0x06, 0x19, 0x06, 0x21, 0x05, 0x21,
    0x06, 0x19, 0x06, 0x21, 0x05, 0x21, 0x06, 0x19, 0x06, 0x21, 0x05, 0x19,
    0x06, 0x21, 0x06, 0x19, 0x05, 0x19, 0x06, 0x21, 0x06, 0x21, 0x05, 0x21,
    0x06, 0x21, 0x06, 0x21, 0x05, 0x19, 0x06, 0x21, 0x06, 0x21, 0x05, 0x21,
    0x06, 0x21, 0x05, 0x19, 0x05, 0x21, 0x06, 0x21, 0x06, 0x19, 0x06, 0x21,
    0x05, 0x21, 0x06, 0x21, 0x06, 0x21, 0x05, 0x21, 0x06, 0x21, 0x06, 0x21,
    0x05, 0x19, 0x06, 0x21, 0x06, 0x21, 0x05, 0x21, 0x06, 0x19, 0x05, 0x21,
    0x05, 0x19, 0x06, 0x21, 0x06, 0x21, 0x05, 0x21, 0x06, 0x21, 0x05, 0x19,
    0x06, 0x21, 0x06, 0x21, 0x05, 0x21, 0x06, 0x21, 0x06, 0x21, 0x05, 0x21,
    0x06, 0x19, 0x06, 0x21, 0x05, 0x21, 0x06, 0x21, 0x06, 0x21, 0x05, 0x19,
    0x06, 0x21, 0x06, 0x21, 0x05, 0x21, 0x06, 0x21, 0x05, 0x21, 0x06, 0x21,
    0x06, 0x19, 0x05, 0x21, 0x05, 0x21, 0x06, 0x21, 0x05, 0x21, 0x06, 0x19,
    0x05, 0x21, 0x06, 0x21, 0x05, 0x19, 0x06, 0x21, 0x05, 0x19, 0x06, 0x21,
    0x06, 0x21, 0x05, 0x21, 0x06, 0x19, 0x05, 0x21, 0x05, 0x21, 0x06, 0x21,
    0x05, 0x21, 0x06, 0x21, 0x06, 0x21, 0x05, 0x21, 0x06, 0x21, 0x05, 0x19,
    0x05, 0x21, 0x06, 0x21, 0x06, 0x21, 0x05, 0x21, 0x06, 0x19, 0x06, 0x21,
    0x05, 0x21, 0x05, 0x19, 0x06, 0x21, 0x05, 0x21, 0x05, 0x21, 0x06, 0x21,
    0x06, 0x21, 0x05, 0x19, 0x06, 0x21, 0x06, 0x21, 0x05, 0x21, 0x06, 0x21,
    0x05, 0x21, 0x06, 0x21, 0x05, 0x21, 0x06, 0x19, 0x06, 0x21, 0x05, 0x21,
    0x05, 0x21, 0x06, 0x21, 0x05, 0x19, 0x06, 0x21, 0x06, 0x21, 0x05, 0x21,
    0x06, 0x21, 0x06, 0x19, 0x05, 0x21, 0x06, 0x21, 0x05, 0x19, 0x06, 0x21,
    0x06, 0x21, 0x06, 0x21, 0x05, 0x21, 0x06, 0x21, 0x06, 0x21, 0x05, 0x21,
    0x05, 0x19, 0x06, 0x21, 0x05, 0x21, 0x06, 0x21, 0x05, 0x21, 0x06, 0x19,
    0x05, 0x21, 0x06, 0x21, 0x05, 0x19, 0x06, 0x21, 0x06, 0x21, 0x05, 0x21,
    0x06, 0x19, 0x06, 0x21, 0x05, 0x19, 0x06, 0x21, 0x05, 0x21, 0x06, 0x19,
    0x05, 0x21, 0x06, 0x21, 0x05, 0x21, 0x06, 0x21, 0x05, 0x21, 0x06, 0x21,
    0x06, 0x19, 0x05, 0x21, 0x06, 0x21, 0x06, 0x21, 0x05, 0x19, 0x06, 0x21,
    0x06, 0x21, 0x05, 0x19, 0x06, 0x21, 0x05, 0x21, 0x06, 0x19, 0x05, 0x21,
    0x06, 0x21, 0x05, 0x19, 0x05, 0x21, 0x06, 0x21
};
